date,sector,benchmark,benchmark_price,ret_1w,ret_4w,ret_12w,ret_26w,ret_52w,rel_spy_4w,rel_spy_12w,rel_spy_26w,vs_10w_ma,vs_40w_ma,breadth_above_10w,breadth_above_40w,breadth_positive_4w,breadth_positive_12w,basket_rel_spy_4w,basket_rel_spy_12w,basket_rel_spy_26w,volatility_12w_ann,volume_ratio_4w_vs_prev12,score,delta_4w,signal
2024-01-05,AI_SOFTWARE,IGV,77.31199645996094,,,,,,,,,,,,,,,,,,,,,,N/A
2024-01-05,COMMUNICATION_SERVICES,XLC,72.04000091552734,,,,,,,,,,,,,,,,,,,,,,N/A
2024-01-05,CONSUMER_DISCRETIONARY,XLY,86.30999755859375,,,,,,,,,,,,,,,,,,,,,,N/A
2024-01-05,CONSUMER_STAPLES,XLP,72.01000213623047,,,,,,,,,,,,,,,,,,,,,,N/A
2024-01-05,DEFENSIVE,XLU,32.26499938964844,,,,,,,,,,,,,,,,,,,,,,N/A
2024-01-05,ENERGY,XLE,42.34000015258789,,,,,,,,,,,,,,,,,,,,,,N/A
2024-01-05,FINANCIALS,XLF,37.75,,,,,,,,,,,,,,,,,,,,,,N/A
2024-01-05,HEALTHCARE,XLV,139.1199951171875,,,,,,,,,,,,,,,,,,,,,,N/A
2024-01-05,MATERIALS,XLB,42.16999816894531,,,,,,,,,,,,,,,,,,,,,,N/A
2024-01-05,NUCLEAR,URA,26.959999084472656,,,,,,,,,,,,,,,,,,,,,,N/A
2024-01-05,POWER_INDUSTRIALS,XLI,111.43000030517578,,,,,,,,,,,,,,,,,,,,,,N/A
2024-01-05,SEMI,SOXX,180.6133270263672,,,,,,,,,,,,,,,,,,,,,,N/A
2024-01-12,AI_SOFTWARE,IGV,81.73600006103516,0.057222731317841,,,,,,,,,,,,,,,,,,,,,N/A
2024-01-12,COMMUNICATION_SERVICES,XLC,73.80999755859375,0.0245696365987262,,,,,,,,,,,,,,,,,,,,,N/A
2024-01-12,CONSUMER_DISCRETIONARY,XLY,86.9800033569336,0.0077627831918891,,,,,,,,,,,,,,,,,,,,,N/A
2024-01-12,CONSUMER_STAPLES,XLP,72.80000305175781,0.0109707109025327,,,,,,,,,,,,,,,,,,,,,N/A
2024-01-12,DEFENSIVE,XLU,31.65999984741211,-0.0187509547088486,,,,,,,,,,,,,,,,,,,,,N/A
2024-01-12,ENERGY,XLE,41.34000015258789,-0.0236183277372727,,,,,,,,,,,,,,,,,,,,,N/A
2024-01-12,FINANCIALS,XLF,37.59999847412109,-0.0039735503544081,,,,,,,,,,,,,,,,,,,,,N/A
2024-01-12,HEALTHCARE,XLV,140.52000427246094,0.0100633209057701,,,,,,,,,,,,,,,,,,,,,N/A
2024-01-12,MATERIALS,XLB,41.72499847412109,-0.0105525187134564,,,,,,,,,,,,,,,,,,,,,N/A
2024-01-12,NUCLEAR,URA,31.479999542236328,0.1676558090228912,,,,,,,,,,,,,,,,,,,,,N/A
2024-01-12,POWER_INDUSTRIALS,XLI,112.11000061035156,0.0061024885875746,,,,,,,,,,,,,,,,,,,,,N/A
2024-01-12,SEMI,SOXX,185.79666137695312,0.0286985154192371,,,,,,,,,,,,,,,,,,,,,N/A
2024-01-19,AI_SOFTWARE,IGV,83.67400360107422,0.0237105258220597,,,,,,,,,,,,,,,,,,,,,N/A
2024-01-19,COMMUNICATION_SERVICES,XLC,74.83000183105469,0.0138193240238384,,,,,,,,,,,,,,,,,,,,,N/A
2024-01-19,CONSUMER_DISCRETIONARY,XLY,87.44499969482422,0.0053460142555117,,,,,,,,,,,,,,,,,,,,,N/A
2024-01-19,CONSUMER_STAPLES,XLP,72.05000305175781,-0.0103021973703322,,,,,,,,,,,,,,,,,,,,,N/A
2024-01-19,DEFENSIVE,XLU,30.489999771118164,-0.0369551510402038,,,,,,,,,,,,,,,,,,,,,N/A
2024-01-19,ENERGY,XLE,40.084999084472656,-0.0303580324983784,,,,,,,,,,,,,,,,,,,,,N/A
2024-01-19,FINANCIALS,XLF,37.93000030517578,0.0087766447991166,,,,,,,,,,,,,,,,,,,,,N/A
2024-01-19,HEALTHCARE,XLV,139.4600067138672,-0.0075433925872822,,,,,,,,,,,,,,,,,,,,,N/A
2024-01-19,MATERIALS,XLB,41.1150016784668,-0.0146194563921345,,,,,,,,,,,,,,,,,,,,,N/A
2024-01-19,NUCLEAR,URA,30.43000030517578,-0.0333544870498417,,,,,,,,,,,,,,,,,,,,,N/A
2024-01-19,POWER_INDUSTRIALS,XLI,112.4499969482422,0.0030327030241692,,,,,,,,,,,,,,,,,,,,,N/A
2024-01-19,SEMI,SOXX,200.41000366210935,0.0786523405579824,,,,,,,,,,,,,,,,,,,,,N/A
2024-01-26,AI_SOFTWARE,IGV,84.66200256347656,0.0118077170911141,,,,,,,,,,,,,,,,,,,,,N/A
2024-01-26,COMMUNICATION_SERVICES,XLC,77.68000030517578,0.0380863076892019,,,,,,,,,,,,,,,,,,,,,N/A
2024-01-26,CONSUMER_DISCRETIONARY,XLY,85.83999633789062,-0.0183544326437752,,,,,,,,,,,,,,,,,,,,,N/A
2024-01-26,CONSUMER_STAPLES,XLP,72.62999725341797,0.0080498844843006,,,,,,,,,,,,,,,,,,,,,N/A
2024-01-26,DEFENSIVE,XLU,30.604999542236328,0.0037717209570824,,,,,,,,,,,,,,,,,,,,,N/A
2024-01-26,ENERGY,XLE,42.125,0.0508918788105339,,,,,,,,,,,,,,,,,,,,,N/A
2024-01-26,FINANCIALS,XLF,38.650001525878906,0.0189823679122109,,,,,,,,,,,,,,,,,,,,,N/A
2024-01-26,HEALTHCARE,XLV,139.27000427246094,-0.001362415260714,,,,,,,,,,,,,,,,,,,,,N/A
2024-01-26,MATERIALS,XLB,41.255001068115234,0.0034050683189381,,,,,,,,,,,,,,,,,,,,,N/A
2024-01-26,NUCLEAR,URA,29.59000015258789,-0.0276043425620674,,,,,,,,,,,,,,,,,,,,,N/A
2024-01-26,POWER_INDUSTRIALS,XLI,113.43000030517578,0.0087150145267203,,,,,,,,,,,,,,,,,,,,,N/A
2024-01-26,SEMI,SOXX,199.2566680908203,-0.0057548802465648,,,,,,,,,,,,,,,,,,,,,N/A
2024-02-02,AI_SOFTWARE,IGV,85.8759994506836,0.0143393358348311,0.1107719808420399,,,,0.0542879837542276,,,,,,,1.0,,0.0391092005199233,,,,,,,N/A
2024-02-02,COMMUNICATION_SERVICES,XLC,79.73999786376953,0.0265190209899688,0.1068850201330653,,,,0.0504010230452529,,,,,,,0.8333333333333334,,0.0694079516403191,,,,,,,N/A
2024-02-02,CONSUMER_DISCRETIONARY,XLY,88.66000366210938,0.032851904060182,0.0272275074729351,,,,-0.0292564896148772,,,,,,,0.6666666666666666,,-0.0468943601467322,,,,,,,N/A
2024-02-02,CONSUMER_STAPLES,XLP,74.16999816894531,0.0212033729005114,0.0299957779285786,,,,-0.0264882191592337,,,,,,,1.0,,-0.00772722965649,,,,,,,N/A
2024-02-02,DEFENSIVE,XLU,30.7450008392334,0.0045744583921285,-0.047109827341348,,,,-0.1035938244291604,,,,,,,0.6666666666666666,,-0.0460802880990176,,,,,,,N/A
2024-02-02,ENERGY,XLE,41.7599983215332,-0.0086647282722088,-0.0136986733340679,,,,-0.0701826704218803,,,,,,,0.1666666666666666,,-0.0825795972213826,,,,,,,N/A
2024-02-02,FINANCIALS,XLF,38.97999954223633,0.0085381113409908,0.0325827693307636,,,,-0.0239012277570487,,,,,,,0.5,,-0.0742050738998058,,,,,,,N/A
2024-02-02,HEALTHCARE,XLV,141.99000549316406,0.0195304167247805,0.0206297475324019,,,,-0.0358542495554103,,,,,,,0.6666666666666666,,-0.0331327242061974,,,,,,,N/A
2024-02-02,MATERIALS,XLB,41.54499816894531,0.0070293805192556,-0.0148209634132794,,,,-0.0713049605010918,,,,,,,0.1666666666666666,,-0.0894674561220039,,,,,,,N/A
2024-02-02,NUCLEAR,URA,31.520000457763672,0.0652247480643215,0.1691395225572283,,,,0.1126555254694159,,,,,,,1.0,,0.0709732531315182,,,,,,,N/A
2024-02-02,POWER_INDUSTRIALS,XLI,115.58000183105467,0.0189544346301195,0.0372431258594023,,,,-0.01924087122841,,,,,,,1.0,,0.0207673929135899,,,,,,,N/A
2024-02-02,SEMI,SOXX,198.8233337402344,-0.0021747545752819,0.1008231619099113,,,,0.0443391648220989,,,,,,,1.0,,0.0951669924029881,,,,,,,N/A
2024-02-09,AI_SOFTWARE,IGV,88.4020004272461,0.0294145161945174,0.0815552554716796,,,,0.0301160931237698,,,,,,,1.0,,0.0896561525446564,,,,,,,N/A
2024-02-09,COMMUNICATION_SERVICES,XLC,79.16999816894531,-0.0071482281175631,0.0726188970009997,,,,0.0211797346530899,,,,,,,0.8333333333333334,,0.0660883264340599,,,,,,,N/A
2024-02-09,CONSUMER_DISCRETIONARY,XLY,89.94999694824219,0.0145498898358844,0.0341457056413396,,,,-0.0172934567065701,,,,,,,0.5,,-0.0433263681533152,,,,,,,N/A
2024-02-09,CONSUMER_STAPLES,XLP,73.11000061035156,-0.0142914599536496,0.0042582080439386,,,,-0.0471809543039711,,,,,,,0.8333333333333334,,-0.0270537087421982,,,,,,,N/A
2024-02-09,DEFENSIVE,XLU,30.13500022888184,-0.0198406438022648,-0.0481680235590692,,,,-0.099607185906979,,,,,,,0.5,,-0.0551394474883961,,,,,,,N/A
2024-02-09,ENERGY,XLE,41.65499877929688,-0.0025143569553781,0.0076197055042648,,,,-0.0438194568436449,,,,,,,0.5,,-0.0543712802878712,,,,,,,N/A
2024-02-09,FINANCIALS,XLF,39.08000183105469,0.0025654769110503,0.0393617930051841,,,,-0.0120773693427256,,,,,,,0.6666666666666666,,-0.0501728077119796,,,,,,,N/A
2024-02-09,HEALTHCARE,XLV,144.00999450683594,0.0142262760442608,0.0248362519802383,,,,-0.0266029103676714,,,,,,,0.6666666666666666,,-0.0073531207815874,,,,,,,N/A
2024-02-09,MATERIALS,XLB,41.56999969482422,0.0006017938856859,-0.0037147701609386,,,,-0.0551539325088484,,,,,,,0.3333333333333333,,-0.1066901467722945,,,,,,,N/A
2024-02-09,NUCLEAR,URA,29.770000457763672,-0.0555203037622088,-0.0543201750107515,,,,-0.1057593373586613,,,,,,,0.3333333333333333,,-0.0759893654787813,,,,,,,N/A
2024-02-09,POWER_INDUSTRIALS,XLI,116.9499969482422,0.0118532193760478,0.0431718518556829,,,,-0.0082673104922268,,,,,,,1.0,,0.0303307100051553,,,,,,,N/A
2024-02-09,SEMI,SOXX,209.80999755859372,0.0552584226995891,0.1292452512530417,,,,0.0778060889051319,,,,,,,1.0,,0.1308122967488249,,,,,,,N/A
2024-02-16,AI_SOFTWARE,IGV,85.55400085449219,-0.0322164607021283,0.0224681164102182,,,,-0.0129360196284844,,,,,,,0.8333333333333334,,0.0557917075362346,,,,,,,N/A
2024-02-16,COMMUNICATION_SERVICES,XLC,78.94999694824219,-0.0027788458480654,0.0550580651660186,,,,0.0196539291273158,,,,,,,0.6666666666666666,,0.0694283914212537,,,,,,,N/A
2024-02-16,CONSUMER_DISCRETIONARY,XLY,89.51000213623047,-0.0048915489376268,0.0236148716177362,,,,-0.0117892644209665,,,,,,,0.5,,-0.0277932692763837,,,,,,,N/A
2024-02-16,CONSUMER_STAPLES,XLP,73.27999877929688,0.0023252382372602,0.0170714181185458,,,,-0.0183327179201568,,,,,,,0.8333333333333334,,-0.0068652077161203,,,,,,,N/A
2024-02-16,DEFENSIVE,XLU,30.614999771118164,0.0159283072371205,0.0040997048520283,,,,-0.0313044311866743,,,,,,,0.6666666666666666,,-0.0198015205241954,,,,,,,N/A
2024-02-16,ENERGY,XLE,42.78499984741211,0.0271276221637259,0.0673568872297998,,,,0.031952751191097,,,,,,,0.8333333333333334,,0.0150954793019592,,,,,,,N/A
2024-02-16,FINANCIALS,XLF,39.630001068115234,0.0140736748027348,0.0448194239193686,,,,0.0094152878806659,,,,,,,0.8333333333333334,,-0.0140626865110798,,,,,,,N/A
2024-02-16,HEALTHCARE,XLV,145.6199951171875,0.0111797838467047,0.0441702861520643,,,,0.0087661501133615,,,,,,,0.8333333333333334,,0.0386614693728783,,,,,,,N/A
2024-02-16,MATERIALS,XLB,42.584999084472656,0.0244166321169063,0.035753310130004,,,,0.0003491740913013,,,,,,,0.6666666666666666,,-0.0436420368046321,,,,,,,N/A
2024-02-16,NUCLEAR,URA,28.959999084472656,-0.0272086449726531,-0.0483076308235559,,,,-0.0837117668622586,,,,,,,0.3333333333333333,,-0.0591400983473979,,,,,,,N/A
2024-02-16,POWER_INDUSTRIALS,XLI,118.02999877929688,0.0092347315881731,0.0496220718762938,,,,0.0142179358375911,,,,,,,1.0,,0.0430962742031816,,,,,,,N/A
2024-02-16,SEMI,SOXX,208.3733367919922,-0.0068474371255847,0.0397352077459614,,,,0.0043310717072586,,,,,,,0.8333333333333334,,0.0571995358346094,,,,,,,N/A
2024-02-23,AI_SOFTWARE,IGV,84.68000030517578,-0.0102157764755254,0.0002125834631152,,,,-0.0417233683799578,,,,,,,0.6666666666666666,,0.0169117870755701,,,,,,,N/A
2024-02-23,COMMUNICATION_SERVICES,XLC,79.72000122070312,0.0097530627260915,0.0262615976765312,,,,-0.0156743541665418,,,,,,,0.8333333333333334,,0.019156300388336,,,,,,,N/A
2024-02-23,CONSUMER_DISCRETIONARY,XLY,90.6449966430664,0.0126800857976578,0.0559762407987756,,,,0.0140402889557025,,,,,,,1.0,,0.0075642771925811,,,,,,,N/A
2024-02-23,CONSUMER_STAPLES,XLP,74.77999877929688,0.0204694326553915,0.0296021149274892,,,,-0.0123338369155838,,,,,,,1.0,,-0.0010760355348952,,,,,,,N/A
2024-02-23,DEFENSIVE,XLU,30.979999542236328,0.0119222529429021,0.0122529000362336,,,,-0.0296830518068393,,,,,,,1.0,,-0.0118782372540211,,,,,,,N/A
2024-02-23,ENERGY,XLE,42.97999954223633,0.0045576649648162,0.020296725038251,,,,-0.0216392268048219,,,,,,,0.6666666666666666,,-0.0391394804558034,,,,,,,N/A
2024-02-23,FINANCIALS,XLF,40.29999923706055,0.0169063373930709,0.0426907541019592,,,,0.0007548022588861,,,,,,,0.6666666666666666,,-0.0310611859241241,,,,,,,N/A
2024-02-23,HEALTHCARE,XLV,147.86000061035156,0.0153825406419043,0.0616787253132093,,,,0.0197427734701363,,,,,,,1.0,,0.0385043415402738,,,,,,,N/A
2024-02-23,MATERIALS,XLB,43.415000915527344,0.0194904743195667,0.0523572849712397,,,,0.0104213331281666,,,,,,,0.5,,-0.0395669728953992,,,,,,,N/A
2024-02-23,NUCLEAR,URA,26.979999542236328,-0.0683701521005204,-0.0882054949946763,,,,-0.1301414468377494,,,,,,,0.3333333333333333,,-0.0974226835966134,,,,,,,N/A
2024-02-23,POWER_INDUSTRIALS,XLI,120.22000122070312,0.0185546256380237,0.0598607149542387,,,,0.0179247631111656,,,,,,,1.0,,0.079877003502895,,,,,,,N/A
2024-02-23,SEMI,SOXX,212.1566619873047,0.0181564745929523,0.0647405882075906,,,,0.0228046363645175,,,,,,,0.8333333333333334,,0.0795476368852977,,,,,,,N/A
2024-03-01,AI_SOFTWARE,IGV,86.91400146484375,0.0263816857772427,0.0120872190227754,,,,-0.025335597309805,,,,,,,0.6666666666666666,,0.0389051639688439,,,,,,,N/A
2024-03-01,COMMUNICATION_SERVICES,XLC,80.0199966430664,0.0037631136197897,0.0035113968748186,,,,-0.0339114194577618,,,,,,,0.8333333333333334,,0.009825079937462,,,,,,,N/A
2024-03-01,CONSUMER_DISCRETIONARY,XLY,92.51000213623048,0.0205748310688114,0.0434242986137667,,,,0.0060014822811862,,,,,,,0.8333333333333334,,0.0001872912639011,,,,,,,N/A
2024-03-01,CONSUMER_STAPLES,XLP,74.45999908447266,-0.004279215031397,0.0039099490722216,,,,-0.0335128672603588,,,,,,,0.6666666666666666,,-0.0289876057138087,,,,,,,N/A
2024-03-01,DEFENSIVE,XLU,30.86000061035156,-0.0038734323324042,0.0037404380542873,,,,-0.0336823782782931,,,,,,,0.8333333333333334,,-0.0271572470968672,,,,,,,N/A
2024-03-01,ENERGY,XLE,43.56999969482422,0.013727318726658,0.0433429465048063,,,,0.0059201301722258,,,,,,,1.0,,-0.0019094608438007,,,,,,,N/A
2024-03-01,FINANCIALS,XLF,40.290000915527344,-0.000248097313213,0.0336070135627266,,,,-0.0038158027698538,,,,,,,0.6666666666666666,,-0.0213912194436606,,,,,,,N/A
2024-03-01,HEALTHCARE,XLV,146.33999633789062,-0.0102800234423543,0.0306358946153852,,,,-0.0067869217171951,,,,,,,0.8333333333333334,,0.0062041961574273,,,,,,,N/A
2024-03-01,MATERIALS,XLB,43.97999954223633,0.0130139033696741,0.0586111801807989,,,,0.0211883638482184,,,,,,,0.5,,-0.032134569924359,,,,,,,N/A
2024-03-01,NUCLEAR,URA,28.290000915527344,0.0485545365277064,-0.1024746032781465,,,,-0.139897419610727,,,,,,,0.3333333333333333,,-0.0411673349075568,,,,,,,N/A
2024-03-01,POWER_INDUSTRIALS,XLI,121.5199966430664,0.0108134703806623,0.0513929288623331,,,,0.0139701125297526,,,,,,,1.0,,0.0579916522526007,,,,,,,N/A
2024-03-01,SEMI,SOXX,226.6133270263672,0.0681414616144722,0.1397722931375893,,,,0.1023494768050088,,,,,,,1.0,,0.1388175767090942,,,,,,,N/A
2024-03-08,AI_SOFTWARE,IGV,84.93000030517578,-0.0228271754404322,-0.0392751307129948,,,,-0.0602647331819714,,,0.0065897047934142,,0.8333333333333334,,0.1666666666666666,,-0.0484184678724353,,,,,,,N/A
2024-03-08,COMMUNICATION_SERVICES,XLC,79.58999633789062,-0.0053736606250287,0.0053050167823556,,,,-0.015684585686621,,,0.0262394119092808,,0.8333333333333334,,0.8333333333333334,,-0.0041008006330853,,,,,,,N/A
2024-03-08,CONSUMER_DISCRETIONARY,XLY,90.15499877929688,-0.0254567430823924,0.0022790643469687,,,,-0.0187105381220078,,,0.0152532818863015,,0.5,,0.6666666666666666,,-0.0375083416269535,,,,,,,N/A
2024-03-08,CONSUMER_STAPLES,XLP,75.16000366210938,0.0094010822756334,0.0280399813246281,,,,0.0070503788556515,,,0.0233508502097696,,0.6666666666666666,,0.6666666666666666,,-0.0065118531609442,,,,,,,N/A
2024-03-08,DEFENSIVE,XLU,31.875,0.0328904526757516,0.0577401612046619,,,,0.0367505587356853,,,0.0274634963425055,,0.6666666666666666,,0.8333333333333334,,0.0020324286078077,,,,,,,N/A
2024-03-08,ENERGY,XLE,44.084999084472656,0.0118200457483503,0.0583363432093899,,,,0.0373467407404133,,,0.0428765661228653,,0.8333333333333334,,0.8333333333333334,,0.0256491215986974,,,,,,,N/A
2024-03-08,FINANCIALS,XLF,40.619998931884766,0.0081905685991245,0.0394062699251547,,,,0.018416667456178,,,0.0393265292218711,,0.8333333333333334,,1.0,,0.0202435099334405,,,,,,,N/A
2024-03-08,HEALTHCARE,XLV,146.42999267578125,0.0006149811407869,0.0168043765103431,,,,-0.0041852259586334,,,0.0235421927245371,,0.5,,0.6666666666666666,,-0.0217240512057579,,,,,,,N/A
2024-03-08,MATERIALS,XLB,44.67499923706055,0.0158026307880421,0.0746932779656219,,,,0.0537036754966453,,,0.0535686831285455,,0.6666666666666666,,1.0,,0.0573810074910015,,,,,,,N/A
2024-03-08,NUCLEAR,URA,28.059999465942383,-0.0081301322778933,-0.0574404086505595,,,,-0.0784300111195361,,,-0.0391727310902862,,0.3333333333333333,,0.3333333333333333,,0.0052907306083367,,,,,,,N/A
2024-03-08,POWER_INDUSTRIALS,XLI,122.3000030517578,0.0064187494259275,0.0457460987013393,,,,0.0247564962323627,,,0.0506692617348543,,1.0,,1.0,,0.0612435533758208,,,,,,,N/A
2024-03-08,SEMI,SOXX,228.1300048828125,0.0066928008001436,0.0873171323454331,,,,0.0663275298764565,,,0.112838345651854,,1.0,,1.0,,0.0958361011308647,,,,,,,N/A
2024-03-15,AI_SOFTWARE,IGV,83.55999755859375,-0.0161309636366331,-0.0233069555600302,,,,-0.0439671557659937,,,-0.0169273341438678,,0.5,,0.3333333333333333,,-0.019016462162717,,,,,,,N/A
2024-03-15,COMMUNICATION_SERVICES,XLC,79.29000091552734,-0.003769260411694,0.0043065735329674,,,,-0.016353626672996,,,0.0129024291259645,,0.6666666666666666,,1.0,,-0.0071273668055175,,,,,,,N/A
2024-03-15,CONSUMER_DISCRETIONARY,XLY,89.0250015258789,-0.0125339389797369,-0.0054183956963089,,,,-0.0260785959022724,,,-0.0005276472530872,,0.3333333333333333,,0.3333333333333333,,-0.0556378563164392,,,,,,,N/A
2024-03-15,CONSUMER_STAPLES,XLP,75.52999877929688,0.0049227660878099,0.0307041489830874,,,,0.010043948777124,,,0.0234833211967957,,0.6666666666666666,,0.8333333333333334,,6.81030903116701e-05,,,,,,,N/A
2024-03-15,DEFENSIVE,XLU,31.729999542236328,-0.0045490339690563,0.0364200483244832,,,,0.0157598481185197,,,0.0245564046401558,,0.6666666666666666,,0.8333333333333334,,-0.0025649969908624,,,,,,,N/A
2024-03-15,ENERGY,XLE,45.77999877929688,0.038448445730403,0.0700011439188055,,,,0.049340943712842,,,0.074231799901959,,1.0,,1.0,,0.0456700368530528,,,,,,,N/A
2024-03-15,FINANCIALS,XLF,40.790000915527344,0.004185179421783,0.0292707498397066,,,,0.0086105496337431,,,0.0356209061641039,,0.8333333333333334,,0.8333333333333334,,0.0030783474280233,,,,,,,N/A
2024-03-15,HEALTHCARE,XLV,145.36000061035156,-0.0073071919616823,-0.0017854313662537,,,,-0.0224456315722172,,,0.0116504081720232,,0.5,,0.3333333333333333,,-0.0427975042382315,,,,,,,N/A
2024-03-15,MATERIALS,XLB,45.400001525878906,0.0162283671225433,0.0661031466930959,,,,0.0454429464871324,,,0.0625724454550029,,0.8333333333333334,,1.0,,0.0583985518358931,,,,,,,N/A
2024-03-15,NUCLEAR,URA,27.88999938964844,-0.0060584490210088,-0.0369475044423573,,,,-0.0576077046483208,,,-0.0480254136937111,,0.3333333333333333,,0.3333333333333333,,-4.296125909995322e-05,,,,,,,N/A
2024-03-15,POWER_INDUSTRIALS,XLI,122.04000091552734,-0.0021259372832593,0.0339744317351788,,,,0.0133142315292154,,,0.0389654716880014,,1.0,,1.0,,0.06021118959804,,,,,,,N/A
2024-03-15,SEMI,SOXX,218.75999450683597,-0.0410731169746383,0.049846385697668,,,,0.0291861854917045,,,0.0476359019498811,,1.0,,0.6666666666666666,,0.06107159093873,,,,,,,N/A
2024-03-22,AI_SOFTWARE,IGV,85.98999786376953,0.0290809044539741,0.0154699758369472,,,,-0.0108370355021791,,,0.0066233856612731,,0.6666666666666666,,0.8333333333333334,,0.0166813745227543,,,,,,,N/A
2024-03-22,COMMUNICATION_SERVICES,XLC,81.81999969482422,0.0319081693792921,0.0263421781480821,,,,3.5166808955766626e-05,,,0.0346353831740229,,0.8333333333333334,,0.8333333333333334,,0.016253986539471,,,,,,,N/A
2024-03-22,CONSUMER_DISCRETIONARY,XLY,91.36000061035156,0.0262285767419379,0.0078879584507089,,,,-0.0184190528884173,,,0.0206680903373159,,0.5,,0.5,,-0.0584762839637486,,,,,,,N/A
2024-03-22,CONSUMER_STAPLES,XLP,75.63999938964844,0.0014563830548044,0.0115004095264796,,,,-0.0148066018126467,,,0.021044527462195,,1.0,,0.6666666666666666,,-0.0173076942867109,,,,,,,N/A
2024-03-22,DEFENSIVE,XLU,31.93000030517578,0.0063032072431399,0.0306649702058348,,,,0.0043579588667084,,,0.0301163127920072,,0.8333333333333334,,0.5,,-0.0300958781678124,,,,,,,N/A
2024-03-22,ENERGY,XLE,46.20000076293945,0.0091743555011303,0.0749185959748286,,,,0.0486115846357022,,,0.0718636138774568,,1.0,,0.8333333333333334,,0.0507541929149884,,,,,,,N/A
2024-03-22,FINANCIALS,XLF,41.41999816894531,0.0154448943191405,0.0277915372974695,,,,0.0014845259583431,,,0.0415146952316944,,0.8333333333333334,,1.0,,0.0243539005673581,,,,,,,N/A
2024-03-22,HEALTHCARE,XLV,145.44000244140625,0.000550370326904,-0.0163668210398741,,,,-0.0426738323790005,,,0.0087530869102432,,0.5,,0.3333333333333333,,-0.0542331508387083,,,,,,,N/A
2024-03-22,MATERIALS,XLB,45.685001373291016,0.0062775294676951,0.0522860856822373,,,,0.0259790743431109,,,0.0594237609324173,,0.8333333333333334,,1.0,,0.0432341530366355,,,,,,,N/A
2024-03-22,NUCLEAR,URA,28.850000381469727,0.034420975719978,0.0693106327265118,,,,0.0430036213873854,,,-0.0063373849174196,,0.3333333333333333,,0.8333333333333334,,0.0826716579211022,,,,,,,N/A
2024-03-22,POWER_INDUSTRIALS,XLI,125.20999908447266,0.0259750749357949,0.0415072185418528,,,,0.0152002072027264,,,0.0541958149989787,,1.0,,1.0,,0.0633786086058469,,,,,,,N/A
2024-03-22,SEMI,SOXX,225.4499969482422,0.0305814710614156,0.0626581076286587,,,,0.0363510962895323,,,0.059553359022342,,1.0,,1.0,,0.0988996554150783,,,,,,,N/A
2024-03-29,AI_SOFTWARE,IGV,85.2699966430664,-0.0083730810395389,-0.0189153047158038,0.1029335749624165,,,-0.0388432216989423,-0.0149284363084516,,-0.0036666179992693,,0.5,,0.3333333333333333,1.0,-0.0241397941001827,0.0488349527396323,,0.1909356220795044,,,,N/A
2024-03-29,COMMUNICATION_SERVICES,XLC,81.66000366210938,-0.0019554636190614,0.0204949648568257,0.1335369603598735,,,0.0005670478736872,0.0156749490890053,,0.0237701783469987,,1.0,,0.5,0.8333333333333334,0.0068121680990863,0.0907229568084204,,0.1156475097881457,,,,N/A
2024-03-29,CONSUMER_DISCRETIONARY,XLY,91.94499969482422,0.006403229866073,-0.0061074740931713,0.0652879422503169,,,-0.0260353910763099,-0.0525740690205511,,0.0220653607245333,,0.5,,0.1666666666666666,0.5,-0.0593348454667671,-0.1074812246291568,,0.1287203818112054,,,,N/A
2024-03-29,CONSUMER_STAPLES,XLP,76.36000061035156,0.0095187893510435,0.025517076943869,0.0604082536463705,,,0.0055891599607305,-0.0574537576244975,,0.0248013891821834,,1.0,,0.8333333333333334,1.0,0.0033241956136536,-0.0360435486302604,,0.0783539290686872,,,,N/A
2024-03-29,DEFENSIVE,XLU,32.82500076293945,0.0280300798374435,0.063674663438884,0.0173563112934904,,,0.0437467464557455,-0.1005056999773776,,0.0510727070974617,,0.8333333333333334,,0.8333333333333334,0.8333333333333334,0.0006670581754709,-0.0766436329492374,,0.1450929618040088,,,,N/A
2024-03-29,ENERGY,XLE,47.20500183105469,0.0217532695133941,0.0834290144983012,0.1149032040844109,,,0.0635010975151626,-0.0029588071864572,,0.0773831081656768,,1.0,,1.0,1.0,0.0680130959409924,-0.0212551878190319,,0.1714682921313827,,,,N/A
2024-03-29,FINANCIALS,XLF,42.119998931884766,0.0169000674525445,0.0454206496593094,0.1157615611095301,,,0.0254927326761709,-0.0021004501613379,,0.048074022592276,,1.0,,1.0,0.8333333333333334,0.0553203303160122,-0.0441054203290333,,0.0537318468319176,,,,N/A
2024-03-29,HEALTHCARE,XLV,147.72999572753906,0.0157452781056943,0.0094984243845339,0.061889023235653,,,-0.0104294925986045,-0.0559729880352151,,0.0187924345448928,,0.6666666666666666,,0.6666666666666666,0.6666666666666666,-0.0119890153426557,-0.0394118722454972,,0.0754767528847533,,,,N/A
2024-03-29,MATERIALS,XLB,46.44499969482422,0.0166356199778408,0.0560482077818262,0.1013754259308241,,,0.0361202907986877,-0.0164865853400439,,0.0638980119883319,,1.0,,1.0,0.6666666666666666,0.0657559761285018,-0.0632382305623944,,0.0860176142704865,,,,N/A
2024-03-29,NUCLEAR,URA,28.82999992370605,-0.0006932567590716,0.0190879812903195,0.0693620512884367,,,-0.000839935692819,-0.0484999599824313,,-0.0015238641490835,,0.5,,1.0,0.8333333333333334,0.0044452994363991,0.0356151992813809,,0.4649056310352897,,,,N/A
2024-03-29,POWER_INDUSTRIALS,XLI,125.95999908447266,0.0059899369497959,0.0365372166232658,0.1303957528448645,,,0.0166092996401272,0.0125337415739963,,0.0485831250081096,,0.8333333333333334,,1.0,1.0,0.041490755283866,0.134848078474254,,0.0555831823896687,,,,N/A
2024-03-29,SEMI,SOXX,225.9199981689453,0.0020847248927264,-0.0030595237558168,0.2508489926436266,,,-0.0229874407389554,0.1329869813727584,,0.0491835743037341,,1.0,,0.5,1.0,0.034240049136536,0.3103491900628859,,0.2506583028440324,,,,N/A
2024-04-05,AI_SOFTWARE,IGV,84.16999816894531,-0.0129001819799008,-0.0089485709819802,0.0297787768681192,,,-0.0220611939771172,-0.0578061871360164,,-0.0159537911716962,,0.3333333333333333,,0.3333333333333333,0.6666666666666666,-0.0178548807866146,0.0139133033398375,,0.1596022690457808,,,,N/A
2024-04-05,COMMUNICATION_SERVICES,XLC,82.5199966430664,0.0105313855301243,0.0368136755872783,0.1180056817852928,,,0.0237010525921412,0.030420717781157,,0.0283122054998097,,0.8333333333333334,,0.8333333333333334,0.8333333333333334,0.038995397665194,0.1106283092703704,,0.1112489998650111,,,,N/A
2024-04-05,CONSUMER_DISCRETIONARY,XLY,89.41999816894531,-0.0274620864023021,-0.0081526329133548,0.0280523651165991,,,-0.0212652559084919,-0.0595325988875365,,-0.0099426676993383,,0.1666666666666666,,0.1666666666666666,0.5,-0.0541449511446648,-0.1311241759337636,,0.1454950820752374,,,,N/A
2024-04-05,CONSUMER_STAPLES,XLP,74.33000183105469,-0.0265845830679797,-0.0110431318602119,0.0210164658675784,,,-0.024155754855349,-0.0665684981365573,,-0.0047132928760821,,0.3333333333333333,,0.1666666666666666,0.8333333333333334,-0.0166417411053689,-0.0522915172929644,,0.1005715368468502,,,,N/A
2024-04-05,DEFENSIVE,XLU,32.58000183105469,-0.007463790592242,0.0221177045036764,0.0290588120049464,,,0.0090050815085394,-0.0585261519991893,,0.0366717516551327,,0.1666666666666666,,0.1666666666666666,0.6666666666666666,-0.0268153385987304,-0.0826419520862091,,0.1393917064563412,,,,N/A
2024-04-05,ENERGY,XLE,49.040000915527344,0.0388729798388751,0.1123965506171442,0.1862602983676435,,,0.0992839276220072,0.0986753343635078,,0.101873931257348,,1.0,,1.0,1.0,0.1045754921719792,0.0783468812572789,,0.163823162306213,,,,N/A
2024-04-05,FINANCIALS,XLF,41.56999969482422,-0.0130579119422579,0.0233875132427379,0.1055851431333316,,,0.0102748902476008,0.0180001791291959,,0.0269268718669102,,0.8333333333333334,,0.8333333333333334,0.8333333333333334,0.0209311320988012,-0.0087736023350454,,0.0661495393879602,,,,N/A
2024-04-05,HEALTHCARE,XLV,143.22000122070312,-0.0305286308621696,-0.0219216800904001,0.0192143244104023,,,-0.0350343030855372,-0.0683706395937333,,-0.0149931036884156,,0.3333333333333333,,0.3333333333333333,0.6666666666666666,-0.0288618124975998,-0.058088051756564,,0.1044949373201628,,,,N/A
2024-04-05,MATERIALS,XLB,46.3849983215332,-0.0012918801525517,0.038276421123117,0.1116836433272097,,,0.0251637981279799,0.0240986793230739,,0.0501827904032397,,1.0,,0.6666666666666666,0.8333333333333334,0.0561419226925792,-0.0025048655505829,,0.0783177352703651,,,,N/A
2024-04-05,NUCLEAR,URA,30.540000915527344,0.0593132499599906,0.0883820918312934,-0.0298601855266166,,,0.0752694688361563,-0.1174451495307523,,0.0542304138639706,,1.0,,0.8333333333333334,0.3333333333333333,0.0870751211412358,0.0260522816907439,,0.3207141101163499,,,,N/A
2024-04-05,POWER_INDUSTRIALS,XLI,125.66999816894533,-0.0023023254813844,0.0275551515379872,0.1209526133687461,,,0.0144425285428502,0.0333676493646104,,0.0356165623776942,,0.8333333333333334,,1.0,1.0,0.051766619557908,0.160033459876986,,0.0610623524755241,,,,N/A
2024-04-05,SEMI,SOXX,221.6300048828125,-0.0189889930988964,-0.0284925255813629,0.1928632260681959,,,-0.0416051485764999,0.1052782620640602,,0.0186762950163794,,1.0,,0.6666666666666666,1.0,0.0295684741326476,0.2854074249868539,,0.2616815268092339,,,,N/A
2024-04-12,AI_SOFTWARE,IGV,82.76000213623047,-0.0167517650396606,-0.0095739043290697,-0.0109233624006013,,,-0.0115746095800651,-0.0698334920757979,,-0.0289006189511178,,0.3333333333333333,,0.1666666666666666,0.5,-0.0217158704640083,0.008281901915248,,0.1565863566042408,,,,N/A
2024-04-12,COMMUNICATION_SERVICES,XLC,81.33000183105469,-0.014420684202872,0.0257283502581957,0.086863555271256,,,0.0237276450072003,0.0279534255960594,,0.0114791328319663,,0.8333333333333334,,0.8333333333333334,0.8333333333333334,0.0373127562348394,0.1049576972522976,,0.1210973494925157,,,,N/A
2024-04-12,CONSUMER_DISCRETIONARY,XLY,88.55500030517578,-0.0096734274377332,-0.0052794295158365,0.0126937002027029,,,-0.0072801347668319,-0.0462164294724936,,-0.0194059119737635,,0.1666666666666666,,0.3333333333333333,0.3333333333333333,-0.0174217965394242,-0.0994529548540776,,0.1474498163365954,,,,N/A
2024-04-12,CONSUMER_STAPLES,XLP,73.37999725341797,-0.0127809034607048,-0.0284655310555655,0.0184593219337512,,,-0.0304662363065609,-0.0404508077414453,,-0.0163934778294824,,0.5,,0.3333333333333333,0.8333333333333334,-0.0141431700037371,-0.0218235163998925,,0.1021050379950279,,,,N/A
2024-04-12,DEFENSIVE,XLU,32.099998474121094,-0.0147330672178189,0.0116608552544179,0.0528041559556851,,,0.0096601500034225,-0.0061059737195114,,0.01701354007833,,0.1666666666666666,,0.1666666666666666,0.5,-0.0341303842941008,-0.0578405091670054,,0.1151846117864588,,,,N/A
2024-04-12,ENERGY,XLE,48.06499862670898,-0.0198817755019585,0.0499126235985278,0.1990769545839272,,,0.0479119183475325,0.1401668249087306,,0.0648809467768236,,1.0,,0.8333333333333334,1.0,0.0470181594679661,0.1164079803436269,,0.1512071645994624,,,,N/A
2024-04-12,FINANCIALS,XLF,40.060001373291016,-0.0363242322015511,-0.0178965316462751,0.0561561046922687,,,-0.0198972368972705,-0.0027540249829278,,-0.0130087398278068,,0.1666666666666666,,0.3333333333333333,0.8333333333333334,-0.0175871194299291,-0.0287618706084184,,0.1142181833986354,,,,N/A
2024-04-12,HEALTHCARE,XLV,138.91000366210938,-0.0300935450485858,-0.0443725710041229,-0.0039438048564436,,,-0.0463732762551183,-0.0628539345316402,,-0.0426074125501174,,0.0,,0.1666666666666666,0.3333333333333333,-0.0475444462405389,-0.0557526711991547,,0.1228414662321164,,,,N/A
2024-04-12,MATERIALS,XLB,44.959999084472656,-0.030721122962702,-0.0096916834056809,0.0935181138036922,,,-0.0116923886566763,0.0346079841284956,,0.0101100705145633,,0.5,,0.3333333333333333,0.8333333333333334,0.0134489362222117,0.0278057212285457,,0.10411538885898,,,,N/A
2024-04-12,NUCLEAR,URA,30.21999931335449,-0.0104781137059545,0.0835424874398114,-0.0069011169804547,,,0.081541782188816,-0.0658112466556513,,0.047886520937356,,0.8333333333333334,,0.8333333333333334,0.5,0.1034567615193959,0.0531358210846833,,0.3134666382296972,,,,N/A
2024-04-12,POWER_INDUSTRIALS,XLI,122.9000015258789,-0.0220418292625622,0.0070468748271055,0.0929302344262987,,,0.0050461695761101,0.0340201047511021,,0.0067169232201618,,1.0,,1.0,1.0,0.0275651929266235,0.1420732826053549,,0.0894891611311666,,,,N/A
2024-04-12,SEMI,SOXX,218.07000732421875,-0.0160627960121018,-0.0031540830130877,0.0881193719844648,,,-0.0051547882640831,0.0292092423092682,,-0.0064755435402233,,0.8333333333333334,,0.8333333333333334,1.0,0.068948444358322,0.1986567113951964,,0.2251761237683945,,,,N/A
2024-04-19,AI_SOFTWARE,IGV,78.52999877929688,-0.0511116873821562,-0.0867542652610741,-0.072429231514836,,,-0.0367743776680579,-0.0883296027459783,,-0.0677360536584756,,0.0,,0.0,0.3333333333333333,-0.048544295200585,-0.0241054238103803,,0.1850249273957089,1.11598794633087,,,N/A
2024-04-19,COMMUNICATION_SERVICES,XLC,79.47000122070312,-0.0228697967352233,-0.028721565422711,0.023043266072285,,,0.0212583221703051,0.0071428948411427,,-0.0120218095762603,,0.3333333333333333,,0.3333333333333333,0.8333333333333334,0.017268635905784,0.0526101245653965,,0.1135950192696017,0.8673690420303523,,,N/A
2024-04-19,CONSUMER_DISCRETIONARY,XLY,84.87999725341797,-0.04149966731515,-0.070928232417277,-0.0111835872020989,,,-0.0209483448242608,-0.0270839584332412,,-0.054793709244084,,0.0,,0.1666666666666666,0.1666666666666666,-0.0175306029146126,-0.0686890320820048,,0.1683784130194925,0.9961223233071133,,,N/A
2024-04-19,CONSUMER_STAPLES,XLP,74.44000244140625,0.0144454241981988,-0.0158645816753723,0.0249209039850692,,,0.0341153059176438,0.009020532753927,,-0.0039605761532216,,0.3333333333333333,,0.1666666666666666,1.0,0.035464137318356,0.0188791114301539,,0.1048409620425598,1.0096799805462862,,,N/A
2024-04-19,DEFENSIVE,XLU,32.71500015258789,0.0191589317040812,0.0245850247387835,0.068943004146746,,,0.0745649123317997,0.0530426329156037,,0.0280946560642114,,0.3333333333333333,,0.1666666666666666,0.6666666666666666,0.0316260712722394,-0.008369466136565,,0.1191643172918872,0.8839362933167725,,,N/A
2024-04-19,ENERGY,XLE,47.48500061035156,-0.0120669516889391,0.0278138490517712,0.1272403705721438,,,0.0777937366447873,0.1113399993410015,,0.0386159219161978,,0.8333333333333334,,0.8333333333333334,0.8333333333333334,0.0684530577928311,0.0843747564946724,,0.1376195100610339,1.0869668212644403,,,N/A
2024-04-19,FINANCIALS,XLF,40.380001068115234,0.007988010081237,-0.0251085742830818,0.0447606590928066,,,0.0248713133099343,0.0288602878616643,,-0.0083009716132673,,0.5,,0.0,0.8333333333333334,0.0288157372816592,0.0240390019421435,,0.1099221307196614,1.0538554445143915,,,N/A
2024-04-19,HEALTHCARE,XLV,138.9499969482422,0.0002879078905655,-0.0446232493414506,-0.0022977476441568,,,0.0053566382515655,-0.018198118875299,,-0.0389802722532891,,0.1666666666666666,,0.3333333333333333,0.5,0.0202158512278301,0.0024986274312014,,0.1228153716396237,1.1151674036980517,,,N/A
2024-04-19,MATERIALS,XLB,44.47999954223633,-0.0106761466194535,-0.0263763115865675,0.0781723037358881,,,0.0236035760064486,0.0622719325047458,,-0.0071650251360375,,0.3333333333333333,,0.3333333333333333,0.8333333333333334,0.0588402311119718,0.0631892970107813,,0.1106989189936824,0.8189873620448503,,,N/A
2024-04-19,NUCLEAR,URA,28.82999992370605,-0.045996009967948,-0.0006932567590716,-0.0256843604245594,,,0.0492866308339445,-0.0415847316557017,,0.0029570373451166,,0.5,,0.6666666666666666,0.5,0.0581155596654499,0.0451258114133425,,0.3233837794742136,0.9532073703320976,,,N/A
2024-04-19,POWER_INDUSTRIALS,XLI,120.47000122070312,-0.0197721747356048,-0.0378563844615292,0.0620647174167918,,,0.0121235031314869,0.0461643461856495,,-0.0160252119484149,,0.1666666666666666,,0.0,1.0,-0.0009222538372821,0.1447946284341834,,0.1058231139240582,0.9737486230790824,,,N/A
2024-04-19,SEMI,SOXX,198.38999938964844,-0.0902462845581087,-0.1200266042354663,-0.0043495091505637,,,-0.0700467166424501,-0.020249880381706,,-0.0914100973407494,,0.1666666666666666,,0.0,0.8333333333333334,-0.0625979376180875,0.098955673230182,,0.3036911805119934,0.7533922707267983,,,N/A
2024-04-26,AI_SOFTWARE,IGV,81.08999633789062,0.0325989761669096,-0.0490207631023247,-0.0557315564698778,,,-0.0207071581331643,-0.083869522466376,,-0.0322165172686833,,0.0,,0.0,0.3333333333333333,-0.0186889747468855,-0.011039014664099,,0.1979404362081424,1.3787324369700609,,,N/A
2024-04-26,COMMUNICATION_SERVICES,XLC,80.11000061035156,0.0080533456627367,-0.0189811778379459,0.0046401148293753,,,0.0093324271312144,-0.0234978511671228,,-0.0054994757271542,,0.3333333333333333,,0.3333333333333333,0.6666666666666666,0.0088340443799963,0.0241338614893295,,0.1005140851652147,1.0997919348422034,,,N/A
2024-04-26,CONSUMER_DISCRETIONARY,XLY,87.95500183105469,0.0362276705600728,-0.0433954850944888,-0.0079517460177591,,,-0.0150818801253285,-0.0360897120142573,,-0.0188521152269813,,0.1666666666666666,,0.1666666666666666,0.1666666666666666,-0.0127976754833439,-0.0739676983010044,,0.1716714029341189,1.1770971176485707,,,N/A
2024-04-26,CONSUMER_STAPLES,XLP,75.58999633789062,0.015448601004407,-0.0100838693858856,0.0191451827423647,,,0.0182297355832746,-0.0089927832541334,,0.0083102768220384,,1.0,,0.3333333333333333,1.0,0.0269026694608157,0.001575072967977,,0.1004912657484968,1.1549341195786411,,,N/A
2024-04-26,DEFENSIVE,XLU,33.095001220703125,0.0116154995061241,0.0082254516828073,0.0764352030353798,,,0.0365390566519676,0.0482972370388816,,0.0319935441938188,,0.6666666666666666,,0.3333333333333333,0.6666666666666666,0.0070815996539498,-0.0190558208292849,,0.1197511079612719,0.9056641092018144,,,N/A
2024-04-26,ENERGY,XLE,47.869998931884766,0.0081077880716984,0.0140874287688852,0.1463122810328512,,,0.0424010337380456,0.118174315036353,,0.035519578140758,,0.8333333333333334,,0.8333333333333334,1.0,0.0308042688680418,0.1010508631582963,,0.1310239581533628,1.0953149416760477,,,N/A
2024-04-26,FINANCIALS,XLF,40.81999969482422,0.010896449110211,-0.0308641802000723,0.0472036986710115,,,-0.0025505752309119,0.0190657326745133,,-0.0004162940080986,,0.6666666666666666,,0.1666666666666666,0.8333333333333334,0.0117678194723837,0.0463964937758954,,0.1105144116719083,1.1392492634667022,,,N/A
2024-04-26,HEALTHCARE,XLV,139.9600067138672,0.0072688721684623,-0.0525958792282252,-0.014296772313278,,,-0.0242822742590649,-0.0424347383097762,,-0.0281904804163315,,0.3333333333333333,,0.1666666666666666,0.3333333333333333,-0.0239739805061596,-0.0327099941854282,,0.1160358562396154,1.2185150092762238,,,N/A
2024-04-26,MATERIALS,XLB,44.7599983215332,0.0062949366496958,-0.0362795001477583,0.0773859741072533,,,-0.007965895178598,0.0492480081107551,,-0.0057421157019459,,0.3333333333333333,,0.3333333333333333,0.6666666666666666,0.035179945754663,0.0668950256642544,,0.1106897553649817,0.962334339659621,,,N/A
2024-04-26,NUCLEAR,URA,29.5,0.0232396835958026,0.0232396835958026,-0.0640863080084799,,,0.0515532885649629,-0.0922242740049781,,0.0243411237697597,,0.8333333333333334,,0.8333333333333334,0.5,0.0537686130545881,0.0163026772258901,,0.2929683179626156,0.9833220879191552,,,N/A
2024-04-26,POWER_INDUSTRIALS,XLI,122.66000366210938,0.0181788197826455,-0.0261987571161397,0.0612562875834148,,,0.0021148478530206,0.0331183215869166,,-0.0019121753918301,,0.6666666666666666,,0.5,1.0,0.0411713423201995,0.1260396157249339,,0.105355387196322,1.112614108351932,,,N/A
2024-04-26,SEMI,SOXX,216.8999938964844,0.0933010462411532,-0.0399256566287491,0.090918202688762,,,-0.0116120516595887,0.0627802366922638,,-0.0105017518837435,,0.3333333333333333,,0.0,1.0,-0.0031604345125143,0.1711557198740159,,0.3596538622728401,0.8488413205046115,,,N/A
2024-05-03,AI_SOFTWARE,IGV,80.87000274658203,-0.0027129559901805,-0.0392063145319256,-0.0852016656213884,,,-0.0254339938102643,-0.105333341782886,,-0.0304333433825695,,0.0,,0.1666666666666666,0.0,-0.025662865905891,-0.0927302973108618,,0.1826900038181882,1.3011971684305177,,,N/A
2024-05-03,COMMUNICATION_SERVICES,XLC,80.20999908447266,0.0012482645532294,-0.0279931853194984,0.013136300866245,,,-0.0142208645978371,-0.0069953752952525,,-0.0048634101072753,,0.3333333333333333,,0.3333333333333333,0.8333333333333334,-0.016533747597357,0.0126407881169024,,0.0990124300615722,1.115886822124769,,,N/A
2024-05-03,CONSUMER_DISCRETIONARY,XLY,88.95500183105469,0.0113694500503884,-0.005200138083341,-0.0110616470366311,,,0.0085721826383202,-0.0311933231981287,,-0.0058227723783415,,0.3333333333333333,,0.6666666666666666,0.1666666666666666,0.0318799457506923,-0.0614388163761247,,0.1704852855329196,1.133178395229926,,,N/A
2024-05-03,CONSUMER_STAPLES,XLP,75.87999725341797,0.0038364986053316,0.0208528909482106,0.0378880675686139,,,0.0346252116698719,0.0177563914071163,,0.010695653698227,,0.8333333333333334,,0.8333333333333334,1.0,0.0474949763119312,0.0241152433427257,,0.0937374079376962,1.159847482469794,,,N/A
2024-05-03,DEFENSIVE,XLU,34.20500183105469,0.0335398268442179,0.0498772224884001,0.1350589537501347,,,0.0636495432100614,0.1149272775886371,,0.0559869512541606,,0.6666666666666666,,0.6666666666666666,0.6666666666666666,0.0357427433383794,0.011806285663607,,0.1162069872778755,0.933992778561186,,,N/A
2024-05-03,ENERGY,XLE,46.28499984741211,-0.033110489238322,-0.0561786504217403,0.1111511512134868,,,-0.0424063297000789,0.0910194750519892,,-0.0058743314662836,,0.3333333333333333,,0.0,1.0,-0.0515232151443585,0.0723155404698029,,0.1590752449366747,1.106635105886852,,,N/A
2024-05-03,FINANCIALS,XLF,40.54999923706055,-0.0066144159672276,-0.0245369368595561,0.03761508027458,,,-0.0107646161378948,0.0174834041130824,,-0.0076354720019451,,0.6666666666666666,,0.6666666666666666,1.0,0.0238383025813671,0.0665878915477622,,0.1126926933202733,1.127727096937379,,,N/A
2024-05-03,HEALTHCARE,XLV,140.8300018310547,0.0062160265465414,-0.0166876090579375,-0.0220817498582037,,,-0.0029152883362761,-0.0422134260197013,,-0.0173531262098516,,0.3333333333333333,,0.1666666666666666,0.1666666666666666,0.0038256413570978,-0.0483469176954468,,0.11217491618234,1.1733560432162662,,,N/A
2024-05-03,MATERIALS,XLB,44.76499938964844,0.0001117307484979,-0.034925061776551,0.0768583045051602,,,-0.0211527410548897,0.0567266283436627,,-0.0086039889939095,,0.5,,0.5,0.8333333333333334,-0.0045423469105199,0.1122356856180126,,0.1108144702174508,0.9882859068221388,,,N/A
2024-05-03,NUCLEAR,URA,30.82999992370605,0.0450847431764764,0.0094957105266904,0.0356062965953347,,,0.0232680312483517,0.0154746204338371,,0.0564007643772841,,0.8333333333333334,,0.6666666666666666,0.8333333333333334,0.0125987763481524,0.1031481608674772,,0.2852936543369531,0.9862619481663696,,,N/A
2024-05-03,POWER_INDUSTRIALS,XLI,122.7699966430664,0.0008967306185643,-0.023076323451364,0.0497648554655365,,,-0.0093040027297026,0.0296331793040389,,-0.003085695143594,,0.5,,0.1666666666666666,1.0,0.0388353062160164,0.0858002521814604,,0.10448319186459,1.1715011550886278,,,N/A
2024-05-03,SEMI,SOXX,216.1699981689453,-0.00336558666704,-0.0246356837683335,0.0303131437222166,,,-0.0108633630466722,0.010181467560719,,-0.0156342543220767,,0.3333333333333333,,0.1666666666666666,0.8333333333333334,-0.0178542515442979,0.1073259507664828,,0.3439197843670398,0.9501806681236392,,,N/A
2024-05-10,AI_SOFTWARE,IGV,81.38999938964844,0.0064300312279683,-0.0165539235285044,-0.0486710314334191,,,-0.0361096064737814,-0.091372912622651,,-0.0176933429213346,,0.1666666666666666,,0.0,0.3333333333333333,-0.0601462279995005,-0.1000038815619877,,0.1751281237172307,1.1373152325765952,,,N/A
2024-05-10,COMMUNICATION_SERVICES,XLC,81.79000091552734,0.0196983150366416,0.0056559581226642,0.0359721859032748,,,-0.0138997248226127,-0.006729695285957,,0.0125156392481804,,0.6666666666666666,,0.5,0.8333333333333334,-0.0295930521591194,0.0006160662153607,,0.105606375318132,1.0635058319799202,,,N/A
2024-05-10,CONSUMER_DISCRETIONARY,XLY,89.05000305175781,0.001067969408663,0.0055897774815218,-0.0051390802535403,,,-0.013965905463755,-0.0478409614427722,,-0.0008975345354433,,0.1666666666666666,,0.6666666666666666,0.1666666666666666,-0.0153755373770224,-0.0894058152214722,,0.1702387829418264,1.0117998119914793,,,N/A
2024-05-10,CONSUMER_STAPLES,XLP,77.62000274658203,0.022931016817949,0.0577814888507175,0.059224945954984,,,0.0382258059054405,0.0165230647657521,,0.0295385873378564,,1.0,,1.0,1.0,0.0419446361632186,0.0267991939818256,,0.1022730990075334,1.131852163519767,,,N/A
2024-05-10,DEFENSIVE,XLU,35.6349983215332,0.0418066485580546,0.1101246110731755,0.1639718630718674,,,0.0905689281278985,0.1212699818826354,,0.0841521815950474,,0.8333333333333334,,1.0,0.6666666666666666,0.0433463786943375,0.0058484906162498,,0.1329575817124977,0.956538532665833,,,N/A
2024-05-10,ENERGY,XLE,46.915000915527344,0.0136113442841561,-0.0239258866959085,0.0965291827239551,,,-0.0434815696411855,0.0538273015347232,,0.0004691720511686,,0.5,,0.1666666666666666,0.8333333333333334,-0.0504083454249399,0.0403464710196639,,0.1542261410503284,0.9603903468328524,,,N/A
2024-05-10,FINANCIALS,XLF,41.83000183105469,0.0315660325049842,0.0441837343256752,0.0555135176291854,,,0.0246280513803982,0.0128116364399535,,0.0198459588115929,,1.0,,1.0,1.0,0.0797829313813475,0.0650251440846775,,0.1257962661449095,0.9696809027627232,,,N/A
2024-05-10,HEALTHCARE,XLV,143.58999633789062,0.0195980577359284,0.0336908253718362,-0.0139403848878255,,,0.0141351424265592,-0.0566422660770574,,0.0038310183141845,,0.6666666666666666,,0.8333333333333334,0.1666666666666666,0.0227014753323411,-0.0723472024274415,,0.1179794736564937,0.9855823278577313,,,N/A
2024-05-10,MATERIALS,XLB,45.91999816894531,0.0258013804321408,0.0213522932389071,0.0783139404995001,,,0.0017966102936302,0.0356120593102682,,0.0126247027894645,,0.6666666666666666,,0.8333333333333334,1.0,0.017959937365205,0.0951183986911076,,0.1119167590317196,0.8765710416072746,,,N/A
2024-05-10,NUCLEAR,URA,31.21999931335449,0.0126499964519479,0.0330906691833738,0.0780386844036045,,,0.0135349862380969,0.0353368032143726,,0.0591308296938122,,0.8333333333333334,,0.8333333333333334,0.8333333333333334,0.0103816544118301,0.1232369329492264,,0.2768605535397582,0.9813644983139468,,,N/A
2024-05-10,POWER_INDUSTRIALS,XLI,125.68000030517578,0.0237028894817821,0.0226200060600609,0.0648140439294893,,,0.0030643231147839,0.0221121627402574,,0.0171082654832204,,1.0,,1.0,1.0,0.0496240959219805,0.1086247986756157,,0.111888948477969,1.0434827053112838,,,N/A
2024-05-10,SEMI,SOXX,220.2400054931641,0.0188278084780195,0.0099509244557369,0.0569490745978586,,,-0.00960475848954,0.0142471934086267,,0.0058182782935358,,0.8333333333333334,,0.6666666666666666,0.8333333333333334,-0.0202105209216915,0.1183006399697536,,0.3444097156035949,0.9541696609982264,,,N/A
2024-05-17,AI_SOFTWARE,IGV,84.2699966430664,0.035385148974264,0.0730930593785108,-0.0048418004325906,,,0.0038426993104125,-0.0473740557125342,,0.0178765314761095,,0.6666666666666666,,1.0,0.3333333333333333,-0.0112576438945283,-0.0478609551333225,,0.1922191395857705,1.0374387054892742,,,N/A
2024-05-17,COMMUNICATION_SERVICES,XLC,82.61000061035156,0.0100256716670183,0.0395117571588814,0.0362518733742556,,,-0.0297386029092168,-0.006280381905688,,0.0188576865328422,,0.6666666666666666,,0.6666666666666666,0.5,-0.0343774844415868,-6.946850617602547e-05,,0.1056896972562533,0.9284935326526108,,,N/A
2024-05-17,CONSUMER_DISCRETIONARY,XLY,89.3499984741211,0.0033688423591509,0.0526625985549631,-0.01428648261795,,,-0.0165877615131351,-0.0568187378978937,,0.0033745074204354,,0.5,,0.8333333333333334,0.1666666666666666,-0.0159017865521201,-0.096119598917497,,0.168004319021953,0.8441306894152393,,,N/A
2024-05-17,CONSUMER_STAPLES,XLP,78.20999908447266,0.0076010862794848,0.0506447678589729,0.0458678839417872,,,-0.0186055922091252,0.0033356286618435,,0.0331844900247919,,1.0,,1.0,1.0,-0.00055407830928,0.0198406939986174,,0.0963481602489268,1.1378702882938243,,,N/A
2024-05-17,DEFENSIVE,XLU,36.16999816894531,0.0150133260168787,0.1056089867107679,0.1675273952032583,,,0.0363586266426696,0.1249951399233146,,0.0862350587157616,,1.0,,1.0,0.6666666666666666,-0.0088622895004771,-0.0043032240183458,,0.1330072149742791,0.946481185930039,,,N/A
2024-05-17,ENERGY,XLE,47.47999954223633,0.0120430270847973,-0.0001053189017785,0.1046998615153045,,,-0.0693556789698768,0.0621676062353608,,0.0052400246767077,,0.5,,0.1666666666666666,0.8333333333333334,-0.0817726916469529,0.0397608378855131,,0.1542423437904317,0.8997294923912378,,,N/A
2024-05-17,FINANCIALS,XLF,42.4900016784668,0.0157781453148808,0.0522536046195811,0.0543424933713718,,,-0.016996755448517,0.0118102380914282,,0.0312356238857578,,1.0,,1.0,1.0,0.0244444817705915,0.0823120106121352,,0.1252976958775637,0.8187242423487159,,,N/A
2024-05-17,HEALTHCARE,XLV,146.30999755859375,0.0189428323008138,0.0529686993306888,-0.0104829098157686,,,-0.0162816607374094,-0.0530151650957122,,0.0229322327233421,,0.8333333333333334,,1.0,0.3333333333333333,-0.0278189585863373,-0.0611007381550413,,0.1205282772276868,0.8929648942604674,,,N/A
2024-05-17,MATERIALS,XLB,46.07500076293945,0.0033754921640865,0.0358588407625448,0.0612691418016477,,,-0.0333915193055534,0.0187368865217041,,0.0129156614308572,,0.6666666666666666,,0.8333333333333334,0.6666666666666666,-0.0068822440625566,0.1102216955923115,,0.1079738812070853,0.7907348599776043,,,N/A
2024-05-17,NUCLEAR,URA,32.650001525878906,0.0458040436891593,0.1325009230760274,0.2101557479556799,,,0.0632505630079292,0.1676234926757362,,0.0906601235739676,,0.8333333333333334,,0.8333333333333334,0.8333333333333334,0.0412719243352489,0.2016188153993092,,0.2276448887843535,0.9798095549330174,,,N/A
2024-05-17,POWER_INDUSTRIALS,XLI,125.33000183105467,-0.0027848382660027,0.0403419985150323,0.042505411399643,,,-0.0289083615530658,-2.68438803006088e-05,,0.0117947314020012,,0.8333333333333334,,1.0,1.0,0.0104552185109555,0.0483066619550129,,0.1087648853469708,0.9225617515580644,,,N/A
2024-05-17,SEMI,SOXX,228.2400054931641,0.0363240092647396,0.1504612439908759,0.075808807299305,,,0.0812108839227776,0.0332765520193614,,0.0423012693015474,,0.8333333333333334,,1.0,0.8333333333333334,0.073914198732685,0.1020791114531847,,0.3495610523826501,0.8329709712001484,,,N/A
2024-05-24,AI_SOFTWARE,IGV,82.9000015258789,-0.0162572110093969,0.0223209430229376,-0.0461835822918414,,,-0.019350627175056,-0.0785322761501465,,0.0021275869701553,,0.5,,0.5,0.3333333333333333,-0.0403208629462856,-0.0810422686812575,,0.1848241349207066,0.9287542420741748,,,N/A
2024-05-24,COMMUNICATION_SERVICES,XLC,82.94999694824219,0.0041156801280548,0.0354512085414171,0.0366158513883123,,,-0.0062203616565765,0.0042671575300072,,0.0184536793733254,,0.6666666666666666,,0.8333333333333334,0.6666666666666666,-0.0084319954201289,0.0066520346877737,,0.1057031755165183,0.6530160358770993,,,N/A
2024-05-24,CONSUMER_DISCRETIONARY,XLY,87.7699966430664,-0.0176832888420508,-0.0021034072438954,-0.0512377622279579,,,-0.0437749774418891,-0.083586456086263,,-0.0129774093167516,,0.1666666666666666,,0.3333333333333333,0.1666666666666666,-0.0484371117939832,-0.1187695273370122,,0.1636542390302431,0.785193283108061,,,N/A
2024-05-24,CONSUMER_STAPLES,XLP,77.0999984741211,-0.0141925664665035,0.0199762165549088,0.0354552702405144,,,-0.0216953536430848,0.0031065763822093,,0.016412879037611,,1.0,,1.0,1.0,0.0016945246743739,0.0330284717944335,,0.1023158550914232,1.057982507570583,,,N/A
2024-05-24,DEFENSIVE,XLU,35.75,-0.0116117829750379,0.0802235588870743,0.1584575273147646,,,0.0385519886890806,0.1261088334564595,,0.0608151180751834,,0.8333333333333334,,1.0,0.6666666666666666,-0.01383744629002,-0.0040773112841054,,0.1385478708538476,0.9445925747804168,,,N/A
2024-05-24,ENERGY,XLE,45.685001373291016,-0.0378053535436232,-0.0456444037465475,0.0485426140298559,,,-0.0873159739445412,0.0161939201715508,,-0.0325688531323548,,0.0,,0.0,0.8333333333333334,-0.099650301046831,-0.0058535064894712,,0.18102983801354,0.9004973690318341,,,N/A
2024-05-24,FINANCIALS,XLF,41.61000061035156,-0.0207107797917834,0.0193532807798504,0.0327624637584831,,,-0.0223182894181432,0.000413769900178,,0.0078721177102565,,1.0,,1.0,1.0,0.0026613055263022,0.0729807553528442,,0.1358084140483685,0.8133199918707403,,,N/A
2024-05-24,HEALTHCARE,XLV,144.4199981689453,-0.0129177733660444,0.0318661849180679,-0.0131201190173064,,,-0.0098053852799258,-0.0454688128756115,,0.0103822557457637,,0.6666666666666666,,0.6666666666666666,0.5,-0.0191498138752898,-0.0554040506232434,,0.1216343431701776,0.7974478625639664,,,N/A
2024-05-24,MATERIALS,XLB,45.68000030517578,-0.0085729886320781,0.0205541112185427,0.0386539513559305,,,-0.0211174589794509,0.0063052574976254,,0.0036141712281685,,0.6666666666666666,,0.5,0.6666666666666666,-0.0213679424975674,0.0862777464515338,,0.109802424978839,0.7512072299170597,,,N/A
2024-05-24,NUCLEAR,URA,32.0,-0.0199081621899375,0.0847457627118644,0.1311417095938083,,,0.0430741925138706,0.0987930157355032,,0.0544699598405287,,0.8333333333333334,,0.8333333333333334,0.8333333333333334,0.0529285929743981,0.121472166692768,,0.2266477156076391,1.1836434442518429,,,N/A
2024-05-24,POWER_INDUSTRIALS,XLI,124.45999908447266,-0.0069416957940748,0.0146746728242541,0.0241935691460044,,,-0.0269968973737395,-0.0081551247123006,,0.0028119910665924,,1.0,,1.0,1.0,0.0162113061318378,0.0606765965258944,,0.1094597865145399,0.8578916994139888,,,N/A
2024-05-24,SEMI,SOXX,238.55999755859372,0.0452155267133429,0.0998617071075005,0.0527183051808621,,,0.0581901369095068,0.0203696113225571,,0.0796670699177757,,1.0,,1.0,0.8333333333333334,0.0746971430930839,0.1100873491267144,,0.3335534224372327,0.7805548281939104,,,N/A
2024-05-31,AI_SOFTWARE,IGV,78.08999633789062,-0.0580217744204352,-0.0343762373472764,-0.0805369591746995,,,-0.0658260726726871,-0.1111200785742764,,-0.0469158418475117,,0.0,,0.3333333333333333,0.3333333333333333,-0.0589656973737492,-0.1009918433258769,,0.2142779739853325,1.0817716434214972,,,N/A
2024-05-31,COMMUNICATION_SERVICES,XLC,83.26000213623047,0.0037372537600177,0.0380252223734065,0.0461113954919565,,,0.0065753870479958,0.0155282760923796,,0.02045570911655,,0.6666666666666666,,0.8333333333333334,0.6666666666666666,-0.0002768095649809,0.0214728093169077,,0.1039375113433133,0.4742131178803284,,,N/A
2024-05-31,CONSUMER_DISCRETIONARY,XLY,87.98500061035156,0.0024496294349822,-0.0109044033582886,-0.0240696378273772,,,-0.0423542386836993,-0.0546527572269541,,-0.0067899643565992,,0.3333333333333333,,0.1666666666666666,0.3333333333333333,-0.0505539416201021,-0.0742162691273539,,0.1566279126033724,0.6252785737026425,,,N/A
2024-05-31,CONSUMER_STAPLES,XLP,77.33999633789062,0.003112812821262,0.019240895325769,0.0290046909202088,,,-0.0122089399996416,-0.001578428479368,,0.0172969038346146,,0.8333333333333334,,0.8333333333333334,1.0,0.0021347860031332,0.0332297794327115,,0.1012884016496076,0.8410180232279544,,,N/A
2024-05-31,DEFENSIVE,XLU,36.36000061035156,0.0170629541357081,0.0630024459563207,0.1407059015012255,,,0.03155261063091,0.1101227821016486,,0.064917201344544,,0.8333333333333334,,0.8333333333333334,0.6666666666666666,-0.0151306212876148,-0.0049273487093899,,0.1312623105692084,0.8221144290115027,,,N/A
2024-05-31,ENERGY,XLE,46.59999847412109,0.0200283916674022,0.0068056309332924,0.0570488701798397,,,-0.0246442043921182,0.0264657507802628,,-0.014027921020504,,0.1666666666666666,,0.6666666666666666,0.8333333333333334,-0.0384395550641914,0.0069761604734251,,0.1834433612369803,0.7840734995869416,,,N/A
2024-05-31,FINANCIALS,XLF,41.63999938964844,0.0007209511861774,0.0268803988433048,0.0251107947952953,,,-0.0045694364821058,-0.0054723246042815,,0.0080615642837065,,0.8333333333333334,,0.8333333333333334,0.8333333333333334,0.0076586541656715,0.0551184601647646,,0.1353099808155907,0.7433938508766993,,,N/A
2024-05-31,HEALTHCARE,XLV,143.6999969482422,-0.0049854675933512,0.0203791456356754,-0.0186436923041012,,,-0.0110706896897352,-0.0492268117036781,,0.006570357936507,,0.5,,0.5,0.5,-0.015778740868207,-0.0414713849169643,,0.1218481846731341,0.7158120230923246,,,N/A
2024-05-31,MATERIALS,XLB,45.76499938964844,0.0018607505233099,0.0223388811266518,0.0243984369603227,,,-0.0091109541987588,-0.0061846824392541,,0.0053049544801324,,0.6666666666666666,,0.8333333333333334,0.6666666666666666,-0.0001532530661315,0.0563404897437789,,0.106052681843523,0.626553530091919,,,N/A
2024-05-31,NUCLEAR,URA,32.2400016784668,0.0075000524520874,0.0457347310493034,0.148966582041381,,,0.0142848957238927,0.1183834626418041,,0.0506420326515881,,0.8333333333333334,,0.8333333333333334,0.8333333333333334,0.0357609599404371,0.1472192591032532,,0.2227885430786204,1.1445699810144936,,,N/A
2024-05-31,POWER_INDUSTRIALS,XLI,123.51000213623048,-0.0076329499857814,0.0060275760641705,0.0098936962737488,,,-0.02542225926124,-0.0206894231258281,,-0.0034774467585947,,0.5,,1.0,0.8,0.0041242381309551,0.0231932110457441,,0.1107394835520534,0.7522350233176655,,,N/A
2024-05-31,SEMI,SOXX,234.00999450683597,-0.0190727829406531,0.0825276240412786,0.0257747315047134,,,0.0510777887158679,-0.0048083878948634,,0.0549877328727586,,0.8333333333333334,,1.0,0.8333333333333334,0.067173380863622,0.0775253405230428,,0.3373263489812727,0.6262322668704593,,,N/A
2024-06-07,AI_SOFTWARE,IGV,80.37999725341797,0.0293251507609073,-0.0124094132424692,-0.038056491121196,,,-0.0376954554648172,-0.0854841117598499,,-0.0130763299457772,,0.5,,0.5,0.3333333333333333,0.0007264272383149,-0.0835699943813409,,0.2252934724858775,1.3293948817496908,,,N/A
2024-06-07,COMMUNICATION_SERVICES,XLC,84.4000015258789,0.0136920413211516,0.0319109986689836,0.0644469737841921,,,0.0066249564466356,0.0170193531455382,,0.0309656308381607,,0.8333333333333334,,0.8333333333333334,0.8333333333333334,0.0091477765575464,0.0184945574546345,,0.1042351087900447,0.5021314414350178,,,N/A
2024-06-07,CONSUMER_DISCRETIONARY,XLY,88.83000183105469,0.0096039235647138,-0.00247053580195,-0.0021903924906705,,,-0.0277565780242979,-0.0496180131293244,,0.0062871915157709,,0.6666666666666666,,0.3333333333333333,0.3333333333333333,-0.0300508810621866,-0.0636687288807539,,0.1562425823040798,0.6428962135144056,,,N/A
2024-06-07,CONSUMER_STAPLES,XLP,77.66000366210938,0.0041376692445223,0.0005153428769892,0.0282007800508046,,,-0.0247706993453586,-0.0192268405878492,,0.0197623810507459,,0.8333333333333334,,0.8333333333333334,1.0,-0.0041457053710657,0.0226465301041226,,0.101211914513557,0.7961472292155433,,,N/A
2024-06-07,DEFENSIVE,XLU,34.970001220703125,-0.0382288054542196,-0.0186613478925924,0.102111620712568,,,-0.0439473901149404,0.0546840000739141,,0.0178124755322224,,0.8333333333333334,,0.6666666666666666,0.8333333333333334,-0.0262380180785137,-0.0190946461352366,,0.1647850079462924,0.7427264395805048,,,N/A
2024-06-07,ENERGY,XLE,44.994998931884766,-0.0344420513903589,-0.0409251187503892,-0.0171472229869763,,,-0.0662111609727372,-0.0645748436256302,,-0.0435143253470829,,0.0,,0.0,0.3333333333333333,-0.0818994323226336,-0.0880233083952381,,0.1832384139234909,0.851180746414045,,,N/A
2024-06-07,FINANCIALS,XLF,41.47999954223633,-0.0038424555657387,-0.0083672549246344,0.0169158767154213,,,-0.0336532971469824,-0.0305117439232325,,0.0057464085513074,,0.8333333333333334,,0.5,0.8333333333333334,-0.0321873064668703,0.0278079479414919,,0.1357929616519251,0.7557484663090396,,,N/A
2024-06-07,HEALTHCARE,XLV,146.42999267578125,0.0189978829889769,0.0197785111102561,0.0073609800559775,,,-0.0055075311120917,-0.0400666405826763,,0.0266279200345391,,0.6666666666666666,,0.6666666666666666,0.5,-0.0028196538196957,-0.0321421858105241,,0.1280042927670208,0.7435264848287935,,,N/A
2024-06-07,MATERIALS,XLB,44.89500045776367,-0.0190101375174834,-0.0223213796178856,-0.0111233711705356,,,-0.0476074218402335,-0.0585509918091895,,-0.010436733045071,,0.1666666666666666,,0.1666666666666666,0.5,-0.0408602487705905,-0.009778065235064,,0.1091992085139798,0.6609656197291499,,,N/A
2024-06-07,NUCLEAR,URA,29.959999084472656,-0.0707196797547613,-0.0403587526135167,0.0742201412737395,,,-0.0656447948358647,0.0267925206350856,,-0.0272411792201591,,0.1666666666666666,,0.1666666666666666,0.8333333333333334,-0.0476415377969397,0.067364074944727,,0.2807799708269841,1.1323861362233216,,,N/A
2024-06-07,POWER_INDUSTRIALS,XLI,122.33000183105467,-0.0095538845823535,-0.0266549846116059,0.0023762775594213,,,-0.0519410268339539,-0.0450513430792325,,-0.0100988752313712,,0.3333333333333333,,0.0,0.6,-0.0695330786248335,-0.0324573935899337,,0.1127689103829371,0.884119705890333,,,N/A
2024-06-07,SEMI,SOXX,240.0200042724609,0.0256827054685881,0.0898111073644647,0.0971841758066995,,,0.0645250651421167,0.0497565551680456,,0.0752476361806739,,1.0,,1.0,1.0,0.100246434234937,0.1541445730846567,,0.3243502620738093,0.6293304788693566,,,N/A
2024-06-14,AI_SOFTWARE,IGV,83.04000091552734,0.0330928558472458,-0.0145958914980004,-0.0343062800503349,,,-0.0397729937409054,-0.0756907631087792,,0.021000365485261,,0.6666666666666666,,0.5,0.3333333333333333,-0.0103344527153894,-0.073820926625516,,0.2281123750505441,1.438941009296096,,,N/A
2024-06-14,COMMUNICATION_SERVICES,XLC,84.12999725341797,-0.0031991026964395,0.0183996687064051,0.0282326762064248,,,-0.0067774335364998,-0.0131518068520193,,0.0256503673751664,,0.8333333333333334,,0.8333333333333334,0.6666666666666666,0.0098163323085267,-0.0056196188416057,,0.0858984880791533,0.5641774642562046,,,N/A
2024-06-14,CONSUMER_DISCRETIONARY,XLY,89.16500091552734,0.0037712380678522,-0.0020704819446341,-0.0240258283730299,,,-0.0272475841875391,-0.0654103114314741,,0.0103740036829651,,0.8333333333333334,,0.5,0.3333333333333333,-0.0339864400748009,-0.0704366930276051,,0.1450355852474883,0.6143031554039597,,,N/A
2024-06-14,CONSUMER_STAPLES,XLP,76.94999694824219,-0.0091425016789382,-0.0161104993092964,0.0173188467631455,,,-0.0412876015522014,-0.0240656362952986,,0.0069748603175423,,0.8333333333333334,,0.3333333333333333,0.8333333333333334,-0.0281441455144029,0.0087669952701887,,0.1040494480382709,0.701797436877819,,,N/A
2024-06-14,DEFENSIVE,XLU,34.970001220703125,0.0,-0.0331765830519857,0.0952082958494231,,,-0.0583536852948908,0.0538238127909789,,0.0107813133311192,,0.8333333333333334,,0.0,0.8333333333333334,-0.0458034738347246,-0.0215649296081564,,0.1656794969550555,0.7199831352552298,,,N/A
2024-06-14,ENERGY,XLE,44.02000045776367,-0.0216690409437965,-0.0728727699627456,-0.0471861530124589,,,-0.0980498722056506,-0.0885706360709032,,-0.0541469558605015,,0.0,,0.0,0.0,-0.1089897156468767,-0.1190672879154422,,0.1862526448475042,0.8269110431459263,,,N/A
2024-06-14,FINANCIALS,XLF,40.650001525878906,-0.0200095956007012,-0.0433043087762543,-0.0185899728900449,,,-0.0684814110191593,-0.0599744559484891,,-0.012174650967627,,0.5,,0.0,0.5,-0.0734992668614391,-0.0224447700221815,,0.1386838462468235,0.8052051102881449,,,N/A
2024-06-14,HEALTHCARE,XLV,145.8800048828125,-0.0037559777400693,-0.0029389152003029,0.0030253192658156,,,-0.028116017443208,-0.0383591637926286,,0.0208680689650966,,0.8333333333333334,,0.3333333333333333,0.6666666666666666,-0.020739336146501,-0.0271956136581399,,0.1283505530047931,0.6967027268564746,,,N/A
2024-06-14,MATERIALS,XLB,44.4900016784668,-0.0090210218324396,-0.0344004136348827,-0.0261573746066001,,,-0.0595775158777878,-0.0675418576650443,,-0.0152504047463989,,0.3333333333333333,,0.3333333333333333,0.5,-0.0594674784786164,-0.0062073727070268,,0.1091383082992002,0.6521441188855872,,,N/A
2024-06-14,NUCLEAR,URA,29.559999465942383,-0.0133511225218154,-0.094640181180002,0.024610019933611,,,-0.1198172834229071,-0.0167744631248332,,-0.0371649313082689,,0.3333333333333333,,0.3333333333333333,0.8333333333333334,-0.0785739067072582,0.0186824401449424,,0.2760423691325879,1.0434240628302076,,,N/A
2024-06-14,POWER_INDUSTRIALS,XLI,121.1500015258789,-0.0096460417519279,-0.0333519527974669,-0.0324255058564026,,,-0.0585290550403719,-0.0738099889148469,,-0.0160485960317977,,0.3333333333333333,,0.3333333333333333,0.4,-0.0387334953630225,-0.0649494234561958,,0.0978342513042726,1.0027962381925732,,,N/A
2024-06-14,SEMI,SOXX,252.0399932861328,0.0500791134060112,0.1042761444977338,0.1179418793427398,,,0.0790990422548287,0.0765573962842955,,0.1139199932562011,,1.0,,1.0,1.0,0.1540840259720562,0.1524224756794801,,0.332995396792523,0.6690784284772768,,,N/A
2024-06-21,AI_SOFTWARE,IGV,84.7699966430664,0.0208332816530061,0.0225572386341119,-0.0058637272157164,,,-0.0059068125420862,-0.0468525091018798,,0.0397016918198793,,0.6666666666666666,,0.6666666666666666,0.5,0.0153265717623431,-0.0443756256407684,,0.2325805239288666,1.447224807926843,,,N/A
2024-06-21,COMMUNICATION_SERVICES,XLC,84.94000244140625,0.0096280187142805,0.0239904227411333,0.0401665274577842,,,-0.0044736284350648,-0.0008222544283791,,0.0309879247725606,,0.8333333333333334,,1.0,0.8333333333333334,0.007479021462306,0.0086084149875568,,0.0865118182100221,0.6030528286441723,,,N/A
2024-06-21,CONSUMER_DISCRETIONARY,XLY,91.30500030517578,0.0240004415148924,0.0402757638978288,-0.0069606764018996,,,0.0118117127216306,-0.047949458288063,,0.0314093840901752,,0.8333333333333334,,1.0,0.5,0.0158641064891217,-0.0470043190638722,,0.1541048980133343,0.617416568189048,,,N/A
2024-06-21,CONSUMER_STAPLES,XLP,77.66999816894531,0.0093567413808659,0.0073929922970821,0.0171555467276431,,,-0.021071058879116,-0.0238332351585202,,0.0107227316008637,,0.8333333333333334,,0.8333333333333334,0.8333333333333334,-0.0178465564359636,0.0127694898114874,,0.1039911449416559,0.6877318058519528,,,N/A
2024-06-21,DEFENSIVE,XLU,34.69499969482422,-0.0078639266880007,-0.029510498046875,0.056968739936666,,,-0.0579745492230732,0.0159799580505026,,-0.004633297898103,,0.8333333333333334,,0.8333333333333334,0.6666666666666666,-0.0223500177228721,-0.0291134337225238,,0.1618148449854091,0.7360031985312574,,,N/A
2024-06-21,ENERGY,XLE,44.875,0.0194229789492319,-0.0177301378776923,-0.0493592149279793,,,-0.0461941890538906,-0.0903479968141427,,-0.0291209604100597,,0.0,,0.0,0.0,-0.0540884735346212,-0.1207928069516804,,0.1848039632518621,0.8481371940804308,,,N/A
2024-06-21,FINANCIALS,XLF,41.33000183105469,0.0167281741611466,-0.0067291222107604,-0.0187558670670348,,,-0.0351931733869587,-0.0597446489531982,,0.0012597797707785,,0.6666666666666666,,0.0,0.5,-0.0493437842924194,-0.0348776646339308,,0.1385770857623702,0.7839994231373479,,,N/A
2024-06-21,HEALTHCARE,XLV,146.80999755859375,0.0063750524037089,0.0165489504220361,-0.0062275651225366,,,-0.011915100754162,-0.0472163470087,,0.0217276224788147,,0.8333333333333334,,0.8333333333333334,0.1666666666666666,-0.0005679358639838,-0.0456318280294762,,0.1244777003730263,0.7263440085288118,,,N/A
2024-06-21,MATERIALS,XLB,44.81999969482422,0.0074173523018126,-0.0188266332006595,-0.0349876199952067,,,-0.0472906843768577,-0.0759764018813701,,-0.0076386599810094,,0.5,,0.5,0.5,-0.0308439895937535,-0.0167327107539747,,0.1031814434052485,0.6733035418503193,,,N/A
2024-06-21,NUCLEAR,URA,29.6299991607666,0.0023680546714781,-0.0740625262260437,0.027748846312092,,,-0.1025265774022419,-0.0132399355740713,,-0.0330265924747347,,0.5,,0.1666666666666666,0.8333333333333334,-0.0769055055851919,0.0247369707600145,,0.2759378160131118,0.8706744526386178,,,N/A
2024-06-21,POWER_INDUSTRIALS,XLI,122.97000122070312,0.0150226964251043,-0.0119717007450582,-0.0237376777191332,,,-0.0404357519212564,-0.0647264596052966,,-0.0013237696156955,,0.3333333333333333,,0.0,0.5,-0.0693578758552565,-0.0095226727058772,,0.1032652932624055,1.0205522250108126,,,N/A
2024-06-21,SEMI,SOXX,249.77999877929688,-0.0089668091058479,0.0470321987572428,0.1056126097898992,,,0.0185681475810446,0.0646238279037358,,0.0886743512367687,,1.0,,1.0,1.0,0.0625082017461793,0.140672855313456,,0.3350748238070288,0.6556316504545319,,,N/A
2024-06-28,AI_SOFTWARE,IGV,86.9000015258789,0.025126872327023,0.1128186144338889,0.0324343996236515,,,0.0808676582893452,-0.0173119082514647,,0.0549957830852978,,0.8333333333333334,,1.0,0.6666666666666666,0.0694977920143651,-0.0208518344949509,,0.2360607202504608,1.1864754559572666,,,N/A
2024-06-28,COMMUNICATION_SERVICES,XLC,85.66000366210938,0.0084765858253865,0.0288253839094552,0.0380514680899082,,,-0.0031255722350884,-0.0116948397852081,,0.0319736299390727,,0.8333333333333334,,0.8333333333333334,0.6666666666666666,-0.0020826813300412,-0.0194554815470011,,0.0858087530391707,0.6991690996638649,,,N/A
2024-06-28,CONSUMER_DISCRETIONARY,XLY,91.1999969482422,-0.0011500285480821,0.0365402774971665,0.019906048040102,,,0.0045893213526229,-0.0298402598350142,,0.0229203333296592,,0.6666666666666666,,0.6666666666666666,0.5,-0.0239029997243979,-0.0447522007841476,,0.1414536432193415,0.6979870426070884,,,N/A
2024-06-28,CONSUMER_STAPLES,XLP,76.58000183105469,-0.0140336856390764,-0.0098266685133472,0.0302704149680239,,,-0.0417776246578909,-0.0194758929070923,,-0.0062288769675664,,0.5,,0.6666666666666666,0.8333333333333334,-0.0257852530579861,0.0258716458333675,,0.0903465043530641,0.7276878729391903,,,N/A
2024-06-28,DEFENSIVE,XLU,34.06999969482422,-0.0180141232309403,-0.0629813222521066,0.0457335107436762,,,-0.0949322783966503,-0.00401279713144,,-0.0263488939847211,,0.3333333333333333,,0.5,0.8333333333333334,-0.0399957048149328,-0.0199367224461574,,0.1670193555043898,0.7746853752022828,,,N/A
2024-06-28,ENERGY,XLE,45.57500076293945,0.015598902795308,-0.0219956597584625,-0.0706566086439607,,,-0.0539466159030062,-0.120402916519077,,-0.0098848394855693,,0.3333333333333333,,0.1666666666666666,0.0,-0.050176560800589,-0.1388059944718911,,0.1645786929563041,0.8784143665004187,,,N/A
2024-06-28,FINANCIALS,XLF,41.11000061035156,-0.0053230392198487,-0.012728116884378,-0.0110656504173592,,,-0.0446790730289217,-0.0608119582924756,,-0.0058281536425459,,0.8333333333333334,,0.1666666666666666,0.8333333333333334,-0.0370811706661901,-0.005927061071568,,0.1364214875363296,0.8677601316484788,,,N/A
2024-06-28,HEALTHCARE,XLV,145.75,-0.0072202000968679,0.0142658531335682,0.0176651218945189,,,-0.0176851030109754,-0.0320811859805973,,0.0095727636279037,,0.6666666666666666,,0.6666666666666666,0.6666666666666666,0.0001137860044117,-0.0122571254651817,,0.1058569315266508,0.732063572067135,,,N/A
2024-06-28,MATERIALS,XLB,44.15499877929688,-0.0148371468106934,-0.0351797363011814,-0.0480758784721374,,,-0.0671306924457251,-0.0978221863472538,,-0.0216584705508665,,0.1666666666666666,,0.1666666666666666,0.3333333333333333,-0.0582389147005186,-0.0639028783237971,,0.1060162889609449,0.7985274348417515,,,N/A
2024-06-28,NUCLEAR,URA,28.950000762939453,-0.0229496597059489,-0.1020471694864937,-0.0520628718049412,,,-0.1339981256310374,-0.1018091796800576,,-0.0555881556574683,,0.1666666666666666,,0.1666666666666666,0.1666666666666666,-0.1203361789405746,-0.0810540645680423,,0.2482661435536215,0.8279144264511767,,,N/A
2024-06-28,POWER_INDUSTRIALS,XLI,121.87000274658205,-0.0089452587070146,-0.0132782718912071,-0.0302378887382073,,,-0.0452292280357508,-0.0799841966133236,,-0.0113812297871147,,0.1666666666666666,,0.0,0.1666666666666666,-0.0784528731470316,-0.0347560869090533,,0.104306387715043,1.0314306207603408,,,N/A
2024-06-28,SEMI,SOXX,246.6300048828125,-0.0126110733921001,0.0539293648656868,0.1128006111501862,,,0.0219784087211432,0.0630543032750698,,0.0528090927920066,,1.0,,1.0,1.0,0.0607698980672838,0.1146861991698327,,0.3327760652670519,0.827442616024687,,,N/A
2024-07-05,AI_SOFTWARE,IGV,88.93000030517578,0.0233601696622793,0.1063697853186258,0.0745529000686699,0.1502742701933934,,0.0677375415300367,-0.0111669942676893,-0.0350565528792046,0.0694614934121993,,1.0,,1.0,0.6666666666666666,0.0598454302376949,-0.0033744106486424,0.0556343984463972,0.2348296840549157,0.9153933393615228,,,N/A
2024-07-05,COMMUNICATION_SERVICES,XLC,87.76000213623047,0.0245155076388352,0.0398104330521997,0.0790606192107643,0.2182121185580783,,0.0011781892636106,-0.0066592751255949,0.0328812954854802,0.0476179278374819,,0.8333333333333334,,0.6666666666666666,0.8333333333333334,0.0057087540176219,-0.0139784662937179,0.1127602016858401,0.0863282877872012,0.6522356694509703,,,N/A
2024-07-05,CONSUMER_DISCRETIONARY,XLY,94.6500015258789,0.0378289988276498,0.0655184011579022,0.068827296027313,0.0966284810936686,,0.0268861573693131,-0.0168925983090462,-0.0887023419789294,0.053703841880786,,0.5,,0.6666666666666666,0.5,0.020073682593611,-0.0276289568888847,-0.1659738101431909,0.1569231679373703,0.6774219411876324,,,N/A
2024-07-05,CONSUMER_STAPLES,XLP,77.37999725341797,0.0104465317737674,-0.0036055420485129,0.0545107679165752,0.0745729059558752,,-0.042237785837102,-0.031209126419784,-0.1107579171167227,0.0018254777883806,,0.6666666666666666,,0.3333333333333333,0.8333333333333334,-0.029523879460048,0.0085742860303088,-0.0307031083322855,0.0844478746747237,0.6647221033828379,,,N/A
2024-07-05,DEFENSIVE,XLU,34.275001525878906,0.0060170775723791,-0.0198741684462041,0.0677571076369767,0.0622966736170258,,-0.0585064122347932,-0.0179627866993825,-0.1230341494555722,-0.0237823610811614,,0.3333333333333333,,0.0,0.8333333333333334,-0.0477614042872499,-0.0336453487894026,-0.1397986094319684,0.1615249521880077,0.6760094471269227,,,N/A
2024-07-05,ENERGY,XLE,45.04999923706055,-0.0115195066832741,0.001222364851237,-0.0627275455277563,0.0640056465447844,,-0.037409878937352,-0.1484474398641156,-0.1213251765278136,-0.0152575132871713,,0.0,,0.6666666666666666,0.0,-0.0346029106390065,-0.1679962299313297,-0.1679720384175245,0.1621096873320455,0.8008317476111038,,,N/A
2024-07-05,FINANCIALS,XLF,41.540000915527344,0.0104597494232949,0.0014465133547052,0.0369445704318691,0.1003973752457574,,-0.0371857304338838,-0.0487753239044901,-0.0849334478268406,0.0028245225198226,,0.8333333333333334,,1.0,1.0,-0.0213315042250844,0.0252150232426532,-0.075274178183184,0.1112004308016525,0.8209072603140383,,,N/A
2024-07-05,HEALTHCARE,XLV,144.41000366210938,-0.0091937999169168,-0.0137949130281284,0.0395939806709562,0.0380247896103349,,-0.0524271568167175,-0.046125913665403,-0.1473060334622631,-0.0027828668916496,,0.3333333333333333,,0.1666666666666666,0.8333333333333334,-0.0373759374964457,-0.0196004701995107,-0.1113207632695817,0.0827280312593548,0.7031708070427073,,,N/A
2024-07-05,MATERIALS,XLB,43.95000076293945,-0.0046426910208304,-0.0210491075885667,-0.0224643759363868,0.0422101653138073,,-0.0596813513771558,-0.1081842702727461,-0.1431206577587906,-0.0244497780876926,,0.5,,0.6666666666666666,0.5,-0.0304898245051933,-0.0581846875512448,-0.1208749757516314,0.0871645573670692,0.8574988344357793,,,N/A
2024-07-05,NUCLEAR,URA,29.690000534057617,0.0255613040282016,-0.0090119679127417,-0.0175380142733049,0.1012611848031284,,-0.0476442117013308,-0.1032579086096642,-0.0840696382694696,-0.0320477164364519,,0.1666666666666666,,0.3333333333333333,0.5,-0.0436133758333728,-0.0859545455839856,0.0227360304601377,0.2549936008183491,0.6891103215997062,,,N/A
2024-07-05,POWER_INDUSTRIALS,XLI,121.22000122070312,-0.0053335645460723,-0.0090738215788187,-0.013669652435456,0.0878578559518554,,-0.0477060653674078,-0.0993895467718153,-0.0974729671207426,-0.0155040617607628,,0.1666666666666666,,0.5,0.1666666666666666,-0.0350524953049413,-0.0571518105113968,0.0097442545362273,0.0948482312443897,0.9199764313908292,,,N/A
2024-07-05,SEMI,SOXX,254.75999450683597,0.0329643168433071,0.0614115072577148,0.1682486630454769,0.4105271117100031,,0.0227792634691257,0.0825287687091176,0.225196288637405,0.0702177942550379,,1.0,,1.0,1.0,0.0281612519204845,0.1134742835403695,0.5293052712136106,0.3303172306111802,0.7822285982541782,,,N/A
2024-07-12,AI_SOFTWARE,IGV,87.31999969482422,-0.0181041336424898,0.0515414105504492,0.1119317592278466,0.0683175055008722,,0.0198343468992792,-0.0189955896953204,-0.106453827130363,0.042017216344099,,1.0,,1.0,0.8333333333333334,0.0347681719286302,0.0167564725077185,0.0062648074012665,0.2046604739780262,0.9136089712028446,,,N/A
2024-07-12,COMMUNICATION_SERVICES,XLC,86.30999755859375,-0.0165223853958648,0.0259122830898133,0.0860701677717943,0.1693537517065615,,-0.0057947805613567,-0.0448571811513727,-0.0054175809246737,0.0228605613578281,,0.6666666666666666,,0.5,0.8333333333333334,-0.0281270215931028,-0.0543543329041526,0.0409487020501651,0.0766095074734385,0.6442606889412485,,,N/A
2024-07-12,CONSUMER_DISCRETIONARY,XLY,95.74500274658205,0.0115689509038594,0.0737957916614435,0.1280043101406502,0.1007702811148458,,0.0420887280102735,-0.0029230387825167,-0.0740010515163893,0.0578973805175113,,0.6666666666666666,,0.8333333333333334,0.6666666666666666,0.0269500263509304,-0.0121343465029535,-0.1634236900599734,0.1144852402048736,0.6758230147372593,,,N/A
2024-07-12,CONSUMER_STAPLES,XLP,77.44999694824219,0.0009046226067308,0.0064977260536644,0.040435174746336,0.0638735398565633,,-0.0252093375975055,-0.0904921741768309,-0.1108977927746719,0.0006976820937842,,0.8333333333333334,,0.6666666666666666,0.8333333333333334,-0.022091502219911,-0.0543824275618639,-0.0512748247436422,0.0815609065569857,0.6249214188730001,,,N/A
2024-07-12,DEFENSIVE,XLU,35.630001068115234,0.0395331723388328,0.0188733149663538,0.0891028855855515,0.1253948591230846,,-0.0128337486848162,-0.0418244633376154,-0.0493764735081505,0.010708486317094,,1.0,,0.8333333333333334,1.0,-0.0168936326958102,-0.0772342124100569,-0.1200209257154929,0.1745857004550073,0.6599063076631059,,,N/A
2024-07-12,ENERGY,XLE,45.2599983215332,0.0046614669928761,0.0281689652629442,-0.0468569497782277,0.0948233709355688,,-0.0035380983882258,-0.1777842987013947,-0.0799479616956664,-0.0084455528316665,,0.1666666666666666,,1.0,0.0,0.0054169784056739,-0.1927723622964637,-0.1217055688024106,0.1624752937377624,0.7535841517103549,,,N/A
2024-07-12,FINANCIALS,XLF,42.380001068115234,0.0202214765063692,0.0425584127256419,0.0495294687245373,0.1271277337227572,,0.0108513490744719,-0.0813978801986297,-0.047643598908478,0.0186030897250133,,1.0,,1.0,1.0,0.0440071806468416,-0.0118823045322375,0.0038860221567132,0.1165126374201203,0.7897503446534325,,,N/A
2024-07-12,HEALTHCARE,XLV,148.27000427246094,0.0267294544177367,0.0163833240310649,0.0670745414099605,0.0551522898118701,,-0.0153237396201051,-0.0638528075132065,-0.119619042819365,0.0186387812383261,,0.8333333333333334,,0.8333333333333334,1.0,-0.0064471067734871,-0.0566069006380247,-0.0815033732301778,0.0955003648904367,0.757467725601993,,,N/A
2024-07-12,MATERIALS,XLB,45.25,0.0295790492489993,0.0170824520759917,0.0173111615487431,0.0844817652435674,,-0.0146246115751782,-0.1136161873744239,-0.0902895673876678,0.0033259423503324,,0.8333333333333334,,0.8333333333333334,0.8333333333333334,0.0144877881856793,-0.060151623450446,-0.0549820307283805,0.1060707178128116,0.9734576808170062,,,N/A
2024-07-12,NUCLEAR,URA,31.18000030517578,0.0501852389463237,0.0548038182849051,0.0815123270096642,-0.009529836131606,,0.023096754633735,-0.0494150219135027,-0.1843011687628413,0.0153705913526076,,0.8333333333333334,,1.0,1.0,0.0320079704098886,-0.0169726734051619,-0.0046241002124979,0.2531685477175852,0.6746498943220647,,,N/A
2024-07-12,POWER_INDUSTRIALS,XLI,124.18000030517578,0.0244184050046611,0.0250103073968979,0.0307960408971514,0.107662114254861,,-0.0066967562542721,-0.1001313080260155,-0.0671092183763741,0.0073821617219211,,0.8333333333333334,,0.8333333333333334,0.8333333333333334,-0.0064108547533352,-0.0361067610786377,0.0447497591634934,0.0982012176340158,0.8370251850813641,,,N/A
2024-07-12,SEMI,SOXX,259.8900146484375,0.0201366786474157,0.0311459354523662,0.3099955413478266,0.3987873233155694,,-0.0005611281988038,0.1790681924246595,0.2240159906843342,0.0720783328268199,,1.0,,0.6666666666666666,1.0,-0.0250561691637989,0.2268226955372531,0.4896304834559252,0.2304419002818349,0.8465776896780534,,,N/A
2024-07-19,AI_SOFTWARE,IGV,84.8499984741211,-0.0282867754161195,0.0009437517308339,0.0463682612657061,0.0140544831421425,,-0.0072837930128859,-0.033767849555863,-0.1239137165326351,0.0083783891043485,,0.8333333333333334,,0.6666666666666666,0.6666666666666666,0.0292364883348014,0.0029512948116801,0.009940186807756,0.2109782825655915,1.0390614453577962,,,N/A
2024-07-19,COMMUNICATION_SERVICES,XLC,85.11000061035156,-0.0139033366027793,0.0020013911473875,0.0624141800262814,0.1373780372544457,,-0.0062261535963323,-0.0177219307952878,-0.0005901624203319,0.0046864131807635,,0.3333333333333333,,0.3333333333333333,0.8333333333333334,-0.0342273145707867,-0.0369200970117817,0.0348570999560765,0.087921850913484,0.7291705191244499,,,N/A
2024-07-19,CONSUMER_DISCRETIONARY,XLY,93.90499877929688,-0.0192177546033945,0.0284759702692176,0.0676481931030033,0.0738749969354166,,0.0202484255254977,-0.0124879177185659,-0.064093202739361,0.0320308043727333,,0.5,,0.5,0.6666666666666666,0.0026474366727072,-0.0288967715036505,-0.1457916881242093,0.1130726464660945,0.6590976997024336,,,N/A
2024-07-19,CONSUMER_STAPLES,XLP,78.08999633789062,0.0082633881842,0.0054074697933137,0.0330731594274047,0.0838305764094684,,-0.0028200749504061,-0.0470629513941645,-0.0541376232653092,0.0083545039028054,,0.6666666666666666,,0.6666666666666666,0.8333333333333334,0.0061099706724794,-0.0098117663704077,0.0033600303805351,0.0778150194965073,0.7338182531168905,,,N/A
2024-07-19,DEFENSIVE,XLU,35.064998626708984,-0.0158574915652153,0.0106643301668616,0.0595255275220687,0.1500491600503228,,0.0024367854231417,-0.0206105832995004,0.0120809603755451,-0.00370790458205,,0.8333333333333334,,0.8333333333333334,1.0,0.008703868747959,-0.0290571680678001,-0.0579047925261327,0.1807135165011739,0.682225764906687,,,N/A
2024-07-19,ENERGY,XLE,46.185001373291016,0.0204375405669807,0.0291922311596883,-0.0351994484267979,0.1521766852473562,,0.0209646864159684,-0.1153355592483671,0.0142084855725785,0.0134401564085733,,0.8333333333333334,,1.0,0.1666666666666666,0.0315282099466241,-0.1253743164410387,-0.0264152396985911,0.1686415717782768,0.774659529664705,,,N/A
2024-07-19,FINANCIALS,XLF,42.84999847412109,0.0110900753695228,0.0367770765963118,0.0497304947200738,0.1297125792080193,,0.0285495318525919,-0.0304056161014953,-0.0082556204667583,0.0273807877166822,,1.0,,1.0,1.0,0.0787192902661841,0.0304816297510783,0.0712309707258128,0.1165662761315694,0.9071139542067324,,,N/A
2024-07-19,HEALTHCARE,XLV,147.8699951171875,-0.0026978427446348,0.0072202000968679,0.0565160619025362,0.0603039437720325,,-0.0010073446468519,-0.023620048919033,-0.0776642559027451,0.0129122584137846,,0.6666666666666666,,0.6666666666666666,0.8333333333333334,0.0188029601614689,-0.0028914552664524,-0.0367073162054591,0.0968737453041964,0.8763371810037442,,,N/A
2024-07-19,MATERIALS,XLB,45.05500030517578,-0.0043093855209772,0.0052432086557712,0.0065907505519422,0.0958287356406089,,-0.0029843360879486,-0.0735453602696269,-0.0421394640341687,0.0009219476680504,,0.6666666666666666,,0.6666666666666666,0.8333333333333334,0.0050687138003367,-0.0496569662280303,-0.0049698255812795,0.1061156545162141,1.0460658672726058,,,N/A
2024-07-19,NUCLEAR,URA,28.200000762939453,-0.0955740703357741,-0.0482618440205906,-0.044067770747815,-0.0732829286845926,,-0.0564893887643105,-0.1242038815693843,-0.2112511283593703,-0.0725514550195025,,0.1666666666666666,,0.3333333333333333,0.5,-0.0493778340347836,-0.0875610341800478,-0.0500307206714708,0.3273549807829516,0.7925147487061877,,,N/A
2024-07-19,POWER_INDUSTRIALS,XLI,124.87000274658205,0.005556469960626,0.015450935244514,0.0180172755461553,0.1104491430449432,,0.0072233905007941,-0.0621188352754138,-0.0275190566298344,0.0136457091278396,,0.3333333333333333,,0.3333333333333333,0.5,-0.0297576253202818,-0.0882903137670774,0.0461732161157809,0.0920680767709635,0.9612956612609532,,,N/A
2024-07-19,SEMI,SOXX,236.44000244140625,-0.0902305240112935,-0.0534069837580458,0.0900876399021355,0.1797814386553444,,-0.0616345285017657,0.0099515290805662,0.0418132389805667,-0.0311305194043954,,0.0,,0.0,0.6666666666666666,-0.1081872122279245,0.0189039395681527,0.2212519003856864,0.2782867589719335,1.04406119253431,,,N/A
2024-07-26,AI_SOFTWARE,IGV,84.7699966430664,-0.0009428619032808,-0.0245109878643463,0.0482254700634248,0.0012755908946149,,-0.0249152944868999,-0.0166105199666284,-0.1157306222540839,0.0068293570696142,,0.8333333333333334,,0.5,0.6666666666666666,0.0027356430805829,0.0091138839363892,0.0050490368899229,0.2107369013108391,1.0639509211876357,,,N/A
2024-07-26,COMMUNICATION_SERVICES,XLC,83.69999694824219,-0.016566838820324,-0.0228812354666542,0.0435107580551654,0.0774973818153461,,-0.0232855420892078,-0.0213252319748877,-0.0395088313333527,-0.01322773775923,,0.0,,0.0,0.6666666666666666,-0.0578841396889386,-0.061517900998795,-0.0355515180502305,0.0987861564070571,0.926804605836925,,,N/A
2024-07-26,CONSUMER_DISCRETIONARY,XLY,91.30500030517578,-0.0276875406838758,0.001151352636483,0.0264178340256151,0.063665006994797,,0.0007470460139293,-0.0384181560044381,-0.0533412061539018,0.0013050275706902,,0.5,,0.5,0.5,0.0083006479653088,-0.0668662883773351,-0.1186182741853915,0.1313712984801013,0.7393403292315183,,,N/A
2024-07-26,CONSUMER_STAPLES,XLP,78.48999786376953,0.005122314568285,0.0249411855190149,0.0343964246813939,0.0806829248513538,,0.0245368788964612,-0.0304395653486593,-0.0363232882973449,0.0131533025580636,,0.8333333333333334,,0.8333333333333334,0.8333333333333334,0.02353634495629,-0.0002634160267383,0.0141461604946383,0.0779443743958982,0.8196612186249508,,,N/A
2024-07-26,DEFENSIVE,XLU,35.584999084472656,0.0148296158029102,0.044467255744607,0.0403448963468573,0.1627184975240301,,0.0440629491220534,-0.0244910936831959,0.0457122843753312,0.0127500585227122,,1.0,,1.0,1.0,0.0456267710313013,-0.0110841900511517,-0.027051051929491,0.1707230181593171,0.7125158906218999,,,N/A
2024-07-26,ENERGY,XLE,46.095001220703125,-0.0019486878837668,0.011409773978249,-0.0041049719636027,0.0942433524202521,,0.0110054673556954,-0.0689409619936559,-0.0227628607284466,0.0145486024832139,,0.6666666666666666,,0.6666666666666666,0.3333333333333333,0.0065429126063145,-0.0831636129011895,-0.0695305793974128,0.1539375021842717,0.8364834002992652,,,N/A
2024-07-26,FINANCIALS,XLF,43.40999984741211,0.0130688773216463,0.0559474386502782,0.0705302259965932,0.1231564846988699,,0.0555431320277246,0.0056942359665399,0.0061502715501711,0.0385167332834788,,1.0,,1.0,1.0,0.0887073086501447,0.0597867210574182,0.090715064667273,0.1151488111243849,0.9085113061324012,,,N/A
2024-07-26,HEALTHCARE,XLV,149.9600067138672,0.0141341155453704,0.0288851232512328,0.064829970632005,0.0767573929307336,,0.0284808166286791,-6.019398048229263e-06,-0.0402488202179651,0.0246669403065746,,0.6666666666666666,,0.8333333333333334,0.8333333333333334,0.037379520962528,0.0194143475594829,-0.010703094660387,0.0988516228139389,0.9512639469158806,,,N/A
2024-07-26,MATERIALS,XLB,45.665000915527344,0.0135390213343642,0.0341977619290179,0.0201050271004141,0.1068961273357103,,0.0337934553064642,-0.044730962929639,-0.0101100858129885,0.0153983141502276,,0.6666666666666666,,0.8333333333333334,0.8333333333333334,0.0473308525743373,-0.0131300735159925,0.0296825472280038,0.1094256325920876,1.015762716044944,,,N/A
2024-07-26,NUCLEAR,URA,27.540000915527344,-0.0234042492750384,-0.0487046566581487,-0.106714207470657,-0.0692801360760134,,-0.0491089632807023,-0.1715501975007103,-0.1862863492247123,-0.078775692606325,,0.1666666666666666,,0.1666666666666666,0.1666666666666666,-0.0487322871396693,-0.14241338300125,-0.0757052482427929,0.3106355502863398,0.8078967864654454,,,N/A
2024-07-26,POWER_INDUSTRIALS,XLI,126.3000030517578,0.0114519121784428,0.0363502109242384,0.0287530056627298,0.1134620709861249,,0.0359459043016847,-0.0360829843673233,-0.0035441421625739,0.0244472318515329,,0.5,,0.8333333333333334,0.6666666666666666,0.0117423798000146,-0.0657719198508561,0.0626962881455577,0.0943016484307673,1.041818380902883,,,N/A
2024-07-26,SEMI,SOXX,229.3699951171875,-0.0299019085231604,-0.0699834141179464,0.0610630386272468,0.1511283276735395,,-0.0703877207405,-0.0037729514028064,0.0341221145248407,-0.0605365753955048,,0.0,,0.0,0.6666666666666666,-0.1147602320076099,-0.0001062873103481,0.1873245818564352,0.2886610390317572,1.2145591830625178,,,N/A
2024-08-02,AI_SOFTWARE,IGV,80.20999908447266,-0.0537925886418768,-0.0980546631145756,-0.0144980994474102,-0.0659788579166962,,-0.0588580857667349,-0.0376529971832948,-0.1439600814113604,-0.0442770972210562,,0.0,,0.0,0.3333333333333333,-0.0461895189850216,0.0090941385457674,-0.0441533451344919,0.2427537743411881,1.3010617722344358,,,N/A
2024-08-02,COMMUNICATION_SERVICES,XLC,84.73999786376953,0.0124253399455971,-0.0344120806625889,0.0360679412546889,0.0627037889885846,,0.0047844966852518,0.0129130435188042,-0.0152774345060795,-0.0030705797484449,,0.1666666666666666,,0.1666666666666666,0.6666666666666666,-0.0275066683351538,-0.0148003268023254,-0.0052087303467036,0.0942539575358951,1.2103604091349114,,,N/A
2024-08-02,CONSUMER_DISCRETIONARY,XLY,88.08000183105469,-0.0353211594473679,-0.0694136248167716,-0.0108927702129256,-0.0065418656338558,,-0.0302170474689308,-0.0340476679488103,-0.08452308912852,-0.0343905053755166,,0.3333333333333333,,0.3333333333333333,0.5,-0.0039378577704235,-0.0292699303307496,-0.1217878824287276,0.1530671996227074,0.9099961394995668,,,N/A
2024-08-02,CONSUMER_STAPLES,XLP,79.26000213623047,0.0098102216004309,0.0242957476032923,0.0211285664985454,0.0686261843460085,,0.0634923249511331,-0.0020263312373391,-0.0093550391486556,0.0202479618570139,,0.8333333333333334,,0.6666666666666666,0.8333333333333334,0.0608314419390227,0.0273407022485308,0.0388360481493712,0.0658288418413539,1.0572023356896765,,,N/A
2024-08-02,DEFENSIVE,XLU,37.11000061035156,0.042855179573247,0.0827133175277068,0.0413919561749229,0.2070255195113168,,0.1219098948755476,0.0182370584390383,0.1290442960166526,0.0520795015217152,,1.0,,1.0,1.0,0.104042012218201,0.0307428283612602,0.0232251518895809,0.1718438079458703,0.9178845222339058,,,N/A
2024-08-02,ENERGY,XLE,44.20000076293945,-0.0411107583811615,-0.0188678909770511,-0.0578706191965417,0.0584291795851936,,0.0203286863707896,-0.0810255169324264,-0.0195520439094705,-0.0239701271352076,,0.1666666666666666,,0.1666666666666666,0.0,0.0099065136576339,-0.1036377497255206,-0.0639661183692697,0.1719379485759191,1.055644203491743,,,N/A
2024-08-02,FINANCIALS,XLF,42.060001373291016,-0.0310987901144066,0.0125180656307906,0.0054984349072051,0.0790149273274718,,0.0517146429786313,-0.0176564628286794,0.0010337038328076,0.0051380311429163,,0.5,,0.5,0.6666666666666666,0.0413429568639619,-0.0124695847552119,0.0497080941391812,0.1225458361424509,1.1543072373551089,,,N/A
2024-08-02,HEALTHCARE,XLV,150.86000061035156,0.0060015594571265,0.0446644746532511,0.0506302977775237,0.0624691511658159,,0.0838610520010919,0.027475400041639,-0.0155120723288482,0.0263003956609788,,0.6666666666666666,,0.6666666666666666,0.8333333333333334,0.0885775296867099,0.0464340680756325,0.0061924376992946,0.0934830460569702,1.1999336690578468,,,N/A
2024-08-02,MATERIALS,XLB,45.02000045776367,-0.0141246128289106,0.0243458401877092,-0.0195992540738011,0.0836442999633084,,0.06354241753555,-0.0427541518096857,0.0056630764686442,0.0025274784943378,,0.8333333333333334,,0.8333333333333334,0.6666666666666666,0.0825607791580053,0.0080931685807818,0.0664802199032614,0.0990371467416506,1.2459132814111418,,,N/A
2024-08-02,NUCLEAR,URA,24.520000457763672,-0.1096586912624597,-0.1741327040517699,-0.2146059898446207,-0.2220812150488352,,-0.1349361267039291,-0.2377608875805054,-0.3000624385434994,-0.1587470341848084,,0.0,,0.0,0.1666666666666666,-0.1124803379945944,-0.1969151977012637,-0.1726219305898817,0.3699687526161274,1.122453437880765,,,N/A
2024-08-02,POWER_INDUSTRIALS,XLI,122.7300033569336,-0.0282660301548942,0.0124567078124444,-0.0234722862912079,0.0618619260478139,,0.0516532851602852,-0.0466271840270925,-0.0161192974468502,-0.0031109521412086,,0.0,,0.3333333333333333,0.0,0.0040469203053876,-0.098830807650341,-0.0039460699179105,0.1007480413099953,1.2814051357901426,,,N/A
2024-08-02,SEMI,SOXX,206.80999755859372,-0.0983563588910904,-0.1882163525755436,-0.0609789665801073,0.0401696504535733,,-0.1490197752277028,-0.084133864315992,-0.0378115730410908,-0.1417782028899522,,0.0,,0.0,0.1666666666666666,-0.1892368220019638,-0.0938730103351684,0.0664434794938091,0.3581770954280908,1.8365576277321067,,,N/A
2024-08-09,AI_SOFTWARE,IGV,82.47000122070312,0.0281760648550857,-0.0555428136861133,-0.0213598610901497,-0.0671025449409931,,-0.0073276661462446,-0.0280460032107008,-0.1305302729000502,-0.0224503102486931,,0.1666666666666666,,0.1666666666666666,0.3333333333333333,-0.0002050934923498,0.0286362365386589,-0.0850686369876328,0.2381087134701214,1.2249606445460213,,,N/A
2024-08-09,COMMUNICATION_SERVICES,XLC,85.20999908447266,0.0055463916987432,-0.0127447399517574,0.0314731685620552,0.0762915378959367,,0.0354704075881112,0.0247870264415042,0.0128638099368796,0.0001643172923662,,0.5,,0.3333333333333333,0.6666666666666666,0.0244888453159333,0.0096575270001621,0.0037285132564897,0.0931381559944297,1.5607860943741805,,,N/A
2024-08-09,CONSUMER_DISCRETIONARY,XLY,87.16999816894531,-0.0103315581652103,-0.0895608578166011,-0.0243984369603228,-0.0309060463992734,,-0.0413457102767325,-0.0310845790808739,-0.0943337743583305,-0.043512156647424,,0.1666666666666666,,0.3333333333333333,0.3333333333333333,-0.0165741010981127,-0.038455318103225,-0.1373922247696414,0.1539972913559226,1.1640912439724498,,,N/A
2024-08-09,CONSUMER_STAPLES,XLP,79.1500015258789,-0.0013878451600656,0.0219497049015093,0.0120189547680595,0.0826152491465326,,0.070164852441378,0.0053328126475085,0.0191875211874754,0.016463788338717,,0.8333333333333334,,0.8333333333333334,0.8333333333333334,0.0741284787246566,0.0250639998174897,0.0587843189383338,0.0647228698063101,1.320711445570313,,,N/A
2024-08-09,DEFENSIVE,XLU,36.80500030517578,-0.0082188170347456,0.0329778052718621,0.0175560455730314,0.2213373162646044,,0.0811929528117307,0.0108699034524804,0.1579095883055472,0.0421179298406348,,1.0,,1.0,1.0,0.088195923594339,0.0266918520722233,0.0376553443192168,0.171382617688923,1.0456222419687635,,,N/A
2024-08-09,ENERGY,XLE,44.70500183105469,0.0114253633348049,-0.0122624063424781,-0.0584456136886251,0.0732205771489233,,0.0359527411973905,-0.0651317558091761,0.0097928491898662,-0.0086703578221709,,0.1666666666666666,,0.1666666666666666,0.0,0.0151364187570985,-0.0883615246693065,-0.0417446164380985,0.1716583343936011,1.210824638443847,,,N/A
2024-08-09,FINANCIALS,XLF,42.400001525878906,0.0080836933306378,0.0004719315068333,-0.002118148953463,0.0849539288451619,,0.048687079046702,-0.0088042910740141,0.0215262008861047,0.0114262743450952,,0.6666666666666666,,0.6666666666666666,0.5,0.0266345266772059,-0.0063417622519893,0.0866203374107666,0.1190342463000464,1.360207367775068,,,N/A
2024-08-09,HEALTHCARE,XLV,149.97999572753906,-0.0058332551985428,0.0115329561327579,0.0250837142381576,0.0414554645401346,,0.0597481036726266,0.0183975721176066,-0.0219722634189225,0.0159731991405001,,0.8333333333333334,,0.6666666666666666,0.8333333333333334,0.0695011830504799,0.0435247929895385,-0.0045637432454741,0.0891394923945543,1.4908509929722291,,,N/A
2024-08-09,MATERIALS,XLB,44.27999877929688,-0.0164371761648701,-0.0214364910652624,-0.038958262700375,0.0651912221401838,,0.0267786564746062,-0.0456444048209261,0.0017634941811266,-0.0106796863544635,,0.6666666666666666,,0.6666666666666666,0.6666666666666666,0.0395529487785703,-0.0053845093126624,0.1130937053647642,0.1028807314780142,1.3463131468699725,,,N/A
2024-08-09,NUCLEAR,URA,24.71999931335449,0.0081565600267963,-0.2071841221486117,-0.242879076322216,-0.1696338954234781,,-0.158968974608743,-0.2495652184427671,-0.2330616233825353,-0.129424220921471,,0.1666666666666666,,0.0,0.1666666666666666,-0.1190600099629331,-0.1645102729518661,-0.0746228743634958,0.3465062786624141,1.2749680519103437,,,N/A
2024-08-09,POWER_INDUSTRIALS,XLI,124.27999877929688,0.0126293113335576,0.0008052703645944,-0.008377906617868,0.0626763747099428,,0.0490204179044631,-0.0150640487384191,-0.0007513532491143,0.0088480971343358,,0.5,,0.1666666666666666,0.1666666666666666,0.0162558723535741,-0.0273676981041517,0.0205986822384519,0.1051143952378114,1.405185887385909,,,N/A
2024-08-09,SEMI,SOXX,211.77999877929688,0.0240317261224038,-0.1851168308032948,-0.0721170974312834,0.0093894535228378,,-0.1369016832634262,-0.0788032395518345,-0.0540382744362193,-0.1129707880967819,,0.0,,0.0,0.1666666666666666,-0.1714077138388406,-0.0788068503784125,0.0311513285952257,0.3524940948424582,2.19100181615161,,,N/A
2024-08-16,AI_SOFTWARE,IGV,85.5199966430664,0.0369830893320954,0.0078962661283918,0.0316042830996765,-0.0003974590444182,,-0.0017942699812873,-0.015369868839173,-0.1101049458246761,0.0075637684060674,,0.6666666666666666,,0.3333333333333333,0.5,-0.0007098739165468,0.0535541615973521,-0.0538215481801205,0.2478815088440359,1.0635611273716656,,,N/A
2024-08-16,COMMUNICATION_SERVICES,XLC,86.26000213623047,0.0123225333064127,0.0135119435745725,0.0399036203708795,0.0925903162831096,,0.0038214074648932,-0.0070705315679699,-0.0171171704971482,0.0102832232444995,,0.6666666666666666,,0.6666666666666666,0.6666666666666666,0.00926056475387,-0.017318879884962,-0.0186326043585702,0.0952856927607738,1.7124503487106846,,,N/A
2024-08-16,CONSUMER_DISCRETIONARY,XLY,91.56500244140624,0.0504187721094466,-0.0249187622417234,0.0432380761477406,0.0229583315398447,,-0.0346092983514026,-0.0037360757911089,-0.0867491552404131,0.0017066376833863,,0.8333333333333334,,0.3333333333333333,0.6666666666666666,0.0018345638773313,0.0077535780171178,-0.1254886822678017,0.1833475922164674,1.2624686166484798,,,N/A
2024-08-16,CONSUMER_STAPLES,XLP,80.51000213623047,0.01718257213055,0.0309899591731139,0.0442283233410691,0.0986627112086717,,0.0212994230634346,-0.0027458285977803,-0.0110447755715861,0.030158830088814,,1.0,,0.8333333333333334,0.8333333333333334,0.0213584606463274,0.0103494837979208,0.0341610172999788,0.0627555698364177,1.2246463746597376,,,N/A
2024-08-16,DEFENSIVE,XLU,37.220001220703125,0.0112756666780677,0.0614573699812632,0.0411189152644231,0.2157439653426371,,0.0517668338715839,-0.0058552366744264,0.1060364785623793,0.0471970430083408,,1.0,,0.8333333333333334,1.0,0.0262774066311575,0.012968310349546,-0.0075277976432724,0.1695864206111893,1.0268627490534632,,,N/A
2024-08-16,ENERGY,XLE,45.23500061035156,0.0118554693566461,-0.0205694648628687,-0.0098500765987179,0.0572630775196238,,-0.0302600009725479,-0.0568242285375675,-0.0524444092606339,0.0025487622212136,,0.5,,0.1666666666666666,0.1666666666666666,-0.0517311605373859,-0.0768289169778498,-0.0955208302882585,0.1569400263945671,1.1566412910559585,,,N/A
2024-08-16,FINANCIALS,XLF,43.77000045776367,0.0323112944005103,0.0214702920981013,0.0519105939853015,0.1044662951820942,,0.011779755988422,0.0049364420464519,-0.0052411915981636,0.038434155765155,,0.8333333333333334,,0.5,0.8333333333333334,-0.0143653920738784,0.0111766533787916,0.0677069978388085,0.1264708385651905,1.1514018028977866,,,N/A
2024-08-16,HEALTHCARE,XLV,152.8699951171875,0.0192692323774867,0.0338134859342997,0.058509881286366,0.0497871188236587,,0.0241229498246204,0.0115357293475164,-0.0599203679565991,0.0310522624175797,,0.8333333333333334,,0.8333333333333334,0.8333333333333334,0.0220533575015041,0.0420647565534386,-0.0536069951583077,0.0886232812460383,1.3633277906361962,,,N/A
2024-08-16,MATERIALS,XLB,45.28499984741211,0.0226965017123064,0.0051048616286415,-0.0086471202960766,0.0634026258303697,,-0.0045856744810377,-0.0556212722349261,-0.0463048609498881,0.0108935804632455,,0.8333333333333334,,0.8333333333333334,0.6666666666666666,0.0233131024805706,0.0005195384294016,0.0746088016132555,0.1150519400474282,1.3013418735927258,,,N/A
2024-08-16,NUCLEAR,URA,25.31999969482422,0.024271860766015,-0.1021276946878718,-0.2087500095367431,-0.1256905906326523,,-0.1118182307975511,-0.2557241614755927,-0.2353980774129102,-0.0934803777046043,,0.1666666666666666,,0.1666666666666666,0.1666666666666666,-0.1019277659682888,-0.2156764970473617,-0.103777531201197,0.3596132864890958,1.0938078754455929,,,N/A
2024-08-16,POWER_INDUSTRIALS,XLI,126.97000122070312,0.0216446931753138,0.0168174776001481,0.0201671392792386,0.0757434765217872,,0.0071269414904688,-0.0268070126596109,-0.0339640102584706,0.0268167593437915,,0.8333333333333334,,0.6666666666666666,0.3333333333333333,0.0109970861423291,-0.0895106944561174,-0.0116845548379999,0.1134772803452814,1.2058097901864755,,,N/A
2024-08-16,SEMI,SOXX,231.22999572753903,0.0918405754101061,-0.0220352167994851,-0.0307260307933828,0.1096909004167046,,-0.0317257529091644,-0.0777001827322324,-1.658636355328369e-05,-0.0279266829658952,,0.1666666666666666,,0.1666666666666666,0.3333333333333333,-0.0242959698801969,-0.0766205543392712,0.1217994624265651,0.394773421220114,2.050929991218967,,,N/A
2024-08-23,AI_SOFTWARE,IGV,86.37000274658203,0.0099392672694234,0.0188746746122054,0.1060315891534213,0.0199575157689619,,-0.0136174317026864,0.0401195917181085,-0.0869244338755024,0.0136015709008616,,0.8333333333333334,,0.6666666666666666,1.0,-0.0047237657999892,0.0743370050274203,-0.0227713225362326,0.2053216419421168,0.9390377006590688,,,N/A
2024-08-23,COMMUNICATION_SERVICES,XLC,87.5,0.0143751197897166,0.0454002770646171,0.0509247868722368,0.0975915536899969,,0.0129081707497251,-0.0149872105630759,-0.0092903959544674,0.0207771876805238,,0.6666666666666666,,0.8333333333333334,0.6666666666666666,0.0336609176607862,-0.029427765652539,-0.012785924572203,0.0980259769462531,1.5205617629918484,,,N/A
2024-08-23,CONSUMER_DISCRETIONARY,XLY,93.93499755859376,0.025883198318092,0.0288045259802587,0.067625128226028,0.0362954496924128,,-0.0036875803346332,0.0017131307907152,-0.0705864999520515,0.0222993437106582,,0.8333333333333334,,0.8333333333333334,0.8333333333333334,0.0263779986808188,0.0061556730186743,-0.1112969211679602,0.1889194738499491,1.26378290586386,,,N/A
2024-08-23,CONSUMER_STAPLES,XLP,81.83999633789062,0.0165196145369574,0.0426805779754955,0.0581846420103249,0.0944102390189973,,0.0101884716606035,-0.0077273554249879,-0.012471710625467,0.040665259306817,,1.0,,1.0,1.0,0.0112002105458065,0.0089644736255554,0.0276710292837555,0.0681860731980831,1.2118623249720228,,,N/A
2024-08-23,DEFENSIVE,XLU,37.709999084472656,0.0131649072460797,0.0597161740809832,0.0371286702821658,0.2172369154835214,,0.0272240677660913,-0.028783327153147,0.110354965839057,0.0528666672645243,,1.0,,1.0,1.0,0.0011665364151502,0.0063001337478199,-0.012208889128108,0.1683146336262704,1.0239055106157515,,,N/A
2024-08-23,ENERGY,XLE,45.19499969482422,-0.0008842912564963,-0.0195249268260064,-0.0301501893841719,0.0515356020516291,,-0.0520170331408984,-0.0960621868194847,-0.0553463475928353,-0.000939501216626,,0.3333333333333333,,0.1666666666666666,0.0,-0.066724538825105,-0.1115142640025022,-0.0982239447943373,0.149818830499314,1.134364426871762,,,N/A
2024-08-23,FINANCIALS,XLF,44.43000030517578,0.0150788174665199,0.0234969007451972,0.0670029048132245,0.1024814180223907,,-0.0089952055696946,0.0010909073779117,-0.0044005316220736,0.0447234677305481,,0.8333333333333334,,0.5,0.8333333333333334,-0.0358386739326171,0.0137439535238204,0.084349543475426,0.1280358127092567,1.086847564735291,,,N/A
2024-08-23,HEALTHCARE,XLV,155.4499969482422,0.0168770976219165,0.0366096958427737,0.0817675730656564,0.0513323164247252,,0.0041175895278817,0.0158555756303435,-0.0555496332197391,0.0417294746340513,,0.8333333333333334,,0.8333333333333334,0.8333333333333334,0.011868107463206,0.05011016978559,-0.036519735764619,0.0888753748059539,1.329403600402845,,,N/A
2024-08-23,MATERIALS,XLB,46.3650016784668,0.0238489971225297,0.0153290430067949,0.0131105057756009,0.0679488817397304,,-0.017163063308097,-0.0528014916597119,-0.0389330679047339,0.0306883827240569,,0.8333333333333334,,0.8333333333333334,0.8333333333333334,0.0070818200759799,-0.0016735412147671,0.096040881164314,0.1258775395644798,1.2509913839761764,,,N/A
2024-08-23,NUCLEAR,URA,26.809999465942383,0.0588467531230951,-0.026506950810353,-0.1684243774761069,-0.006300966611501,,-0.058999057125245,-0.2343363749114198,-0.1131829162559654,-0.0305901311536666,,0.1666666666666666,,0.3333333333333333,0.1666666666666666,-0.041364942572049,-0.2034136378604716,-0.0172336643191327,0.3913962661916785,1.1968050960009762,,,N/A
2024-08-23,POWER_INDUSTRIALS,XLI,129.27999877929688,0.0181932545986074,0.0235945815956779,0.0467168370437087,0.0753618155598014,,-0.008897524719214,-0.019195160391604,-0.0315201340846629,0.0386688631090965,,0.8333333333333334,,0.8333333333333334,0.5,0.0012129918459324,-0.0682529645012971,-0.025618191007795,0.1160572184897061,1.051296370674164,,,N/A
2024-08-23,SEMI,SOXX,233.38999938964844,0.009341364451066,0.0175262866026006,-0.0026494386211756,0.1000832931827251,,-0.0149658197122912,-0.0685614360564884,-0.0067986564617392,-0.0110928476637481,,0.1666666666666666,,0.5,0.3333333333333333,-0.0217904891753306,-0.0852223843847251,0.0712203216163606,0.3931199973492733,1.7933946815250188,,,N/A
2024-08-30,AI_SOFTWARE,IGV,86.80000305175781,0.0049785839006795,0.0821593821531518,0.0798706894465195,-0.0013116231120948,,0.0244000148204854,0.0243099651762417,-0.1004244621675511,0.0162268845128827,,0.8333333333333334,,1.0,0.8333333333333334,0.0378205574874564,0.0465370527079305,-0.0484089183486498,0.2000077596395013,0.752075595646133,,,N/A
2024-08-30,COMMUNICATION_SERVICES,XLC,87.31999969482422,-0.002057146344866,0.0304460927082199,0.0345971340776571,0.0912272351662282,,-0.0273132746244464,-0.0209635901926206,-0.007885603889228,0.0158567624024303,,0.6666666666666666,,0.8333333333333334,0.6666666666666666,-0.0105160743052607,-0.0360370088131981,-0.0196910921160751,0.0963087647836114,1.2229856784338755,,,N/A
2024-08-30,CONSUMER_DISCRETIONARY,XLY,93.55999755859376,-0.0039921223159247,0.0622161173208213,0.0532477274573854,0.0113500745661756,,0.0044567499881549,-0.0023129968128923,-0.0877627644892806,0.0157254824378727,,0.6666666666666666,,1.0,0.6666666666666666,0.0026051819493323,0.0018728092498578,-0.1259893363910375,0.1897370048210188,1.0987766859309769,,,N/A
2024-08-30,CONSUMER_STAPLES,XLP,82.51000213623047,0.0081867769833909,0.0410042885743804,0.0624516900002083,0.1081117801603157,,-0.0167550787582859,0.0068909657299305,0.0089989411048594,0.0427672662467411,,1.0,,0.8333333333333334,1.0,-0.0111734144443981,0.0213716398364521,0.0610195117687992,0.0685300819173553,1.0016452233704465,,,N/A
2024-08-30,DEFENSIVE,XLU,38.14500045776367,0.0115354384474151,0.0278900520180376,0.0907920825344685,0.2360660953768243,,-0.0298693153146287,0.0352313582641907,0.136953256321368,0.0548511616141587,,1.0,,1.0,1.0,-0.0285470878899373,0.030311770847927,0.0240061660205633,0.1397362269455755,0.8901213797798185,,,N/A
2024-08-30,ENERGY,XLE,45.63999938964844,0.0098462152412666,0.0325791538880784,0.014334936616847,0.0475097477466845,,-0.0251802134445879,-0.0412257876534307,-0.0516030913087717,0.0071942240126359,,0.5,,0.6666666666666666,0.5,-0.0364160261009015,-0.0606479947716612,-0.0994094511183204,0.1323124615124685,0.9485483825767344,,,N/A
2024-08-30,FINANCIALS,XLF,45.7400016784668,0.0294846131958816,0.0874940605092955,0.1027001490656429,0.1352693134548697,,0.0297346931766291,0.0471394247953651,0.0361564743994133,0.0644883756315448,,1.0,,1.0,1.0,0.0322625156130169,0.055201465630571,0.1112704537834446,0.1350639318177052,0.92394854480015,,,N/A
2024-08-30,HEALTHCARE,XLV,157.1999969482422,0.0112576393332619,0.0420256947649488,0.0735505348027121,0.0742107481352976,,-0.0157336725677175,0.0179898105324343,-0.0249020909201587,0.0461726681334513,,0.8333333333333334,,1.0,0.8333333333333334,-0.0057924375225585,0.0442194059657261,-0.0056775601897652,0.0851710781676794,1.0686452042017904,,,N/A
2024-08-30,MATERIALS,XLB,47.13999938964844,0.0167151446808115,0.0470901579371079,0.0500055442475564,0.0718508385698684,,-0.0106692093955584,-0.0055551800227213,-0.0272620004855879,0.042539765222896,,0.8333333333333334,,0.8333333333333334,0.6666666666666666,-0.0061619988761714,0.050612883649716,0.11070236885717,0.1205863077359331,1.000693051501015,,,N/A
2024-08-30,NUCLEAR,URA,25.899999618530277,-0.0339425537314207,0.0562805519985076,-0.1355140050069813,-0.0844821922817714,,-0.0014788153341587,-0.1910747292772591,-0.1835950313372277,-0.0506909267783385,,0.3333333333333333,,1.0,0.1666666666666666,0.0230209618984123,-0.140542188930254,-0.1226089552067613,0.3732021777206687,1.0288846464231436,,,N/A
2024-08-30,POWER_INDUSTRIALS,XLI,131.4600067138672,0.0168626852966788,0.0711317780342943,0.0746342250155576,0.081797320156262,,0.0133724107016279,0.0190735007452798,-0.0173155188991942,0.0490280948084185,,1.0,,1.0,0.8333333333333334,0.0545785104404924,0.0208470951622571,-0.0297491275706601,0.1145656640108196,0.8149678964334826,,,N/A
2024-08-30,SEMI,SOXX,231.13999938964844,-0.0096405158999276,0.1176442247389972,-0.0369969366083848,0.019975313997109,,0.0598848574063308,-0.0925576608786626,-0.0791375250583472,-0.0128297152665023,,0.0,,1.0,0.0,0.0329455665012385,-0.1566959303140016,-0.0389746826275347,0.3895676271781801,1.1831562711055492,,,N/A
2024-09-06,AI_SOFTWARE,IGV,83.36000061035156,-0.0396313631389507,0.010791795519278,0.0038535608296745,-0.018485808185362,,-0.0030358471235916,0.0083121698695971,-0.0744538845992972,-0.0199858833777352,,0.3333333333333333,,0.8333333333333334,0.5,0.0031541573495559,0.0393350041571412,-0.0350129610747366,0.2117296898827375,0.6702230207882798,,,N/A
2024-09-06,COMMUNICATION_SERVICES,XLC,83.7699966430664,-0.040655096932716,-0.0168994537833372,-0.0042790992761733,0.0525191669494498,,-0.0307270964262068,0.0001795097637492,-0.0034489094644853,-0.0232954323474232,,0.3333333333333333,,0.3333333333333333,0.1666666666666666,-0.0245778066713121,-0.0267751693227886,-0.0175273787040443,0.1323699706687803,0.8313511028889266,,,N/A
2024-09-06,CONSUMER_DISCRETIONARY,XLY,91.1999969482422,-0.0252244620771132,0.0462314886308277,0.0228228117739015,0.0115911284243208,,0.032403845987958,0.0272814208138241,-0.0443769479896143,-0.0098956464746389,,0.5,,1.0,0.6666666666666666,0.0402557234047284,0.034953747429678,-0.062974812028546,0.199708878087554,0.9535183148277808,,,N/A
2024-09-06,CONSUMER_STAPLES,XLP,82.98999786376953,0.0058174247377493,0.048515429739254,0.0784925426259592,0.1041776719019442,,0.0346877870963844,0.0829511516658818,0.048209595488009,0.0404051656454367,,1.0,,1.0,1.0,0.0355037512770402,0.0910040264272666,0.1048909628637709,0.0604266589466726,0.8606246853520072,,,N/A
2024-09-06,DEFENSIVE,XLU,37.95500183105469,-0.0049809575155035,0.0312457958522875,0.0853588935131168,0.1907451554840686,,0.0174181532094179,0.0898175025530394,0.1347770790701334,0.0384405317351863,,1.0,,1.0,1.0,0.0186841732875998,0.0942437710808533,0.0552011509100925,0.1413647799756876,0.7585497421081612,,,N/A
2024-09-06,ENERGY,XLE,43.005001068115234,-0.0577344074665093,-0.0380270818322288,-0.0230576869398788,-0.0244980841280727,,-0.0518547244750984,-0.0185990778999562,-0.0804661605420079,-0.0455422967985829,,0.0,,0.0,0.1666666666666666,-0.0603945733748426,-0.039559089573539,-0.1250065183998135,0.1760388425340042,0.8978653564284613,,,N/A
2024-09-06,FINANCIALS,XLF,44.290000915527344,-0.0317009337501199,0.0445754556988606,0.0895448770729101,0.0903496326968587,,0.030747813055991,0.0940034861128327,0.0343815562829235,0.0231709345576343,,0.5,,0.8333333333333334,0.8333333333333334,0.0071615170172895,0.0791997334517023,0.0712431637095359,0.1482173340539161,0.7301368650866503,,,N/A
2024-09-06,HEALTHCARE,XLV,153.9499969482422,-0.0206743006558076,0.0264702049192961,0.0553193843934431,0.0513556282769978,,0.0126425622764265,0.0597779934333657,-0.0046124481369373,0.0189830539492557,,0.8333333333333334,,1.0,0.8333333333333334,0.015749507152222,0.0828460856142973,0.0364045957243036,0.1002706347682591,0.7639471312224976,,,N/A
2024-09-06,MATERIALS,XLB,44.94499969482422,-0.0465634222156189,0.015018087937217,0.0102269723351717,0.006043658922767,,0.0011904452943474,0.0146855813750943,-0.0499244174911681,-0.0077380862748918,,0.5,,0.6666666666666666,0.6666666666666666,-0.0011134098312379,0.0564592155591097,0.0529122875331694,0.159191895409978,0.7986886601252778,,,N/A
2024-09-06,NUCLEAR,URA,23.18000030517578,-0.1050192800546783,-0.0622976962360495,-0.215832181191929,-0.1739130168797638,,-0.0761253388789191,-0.2113735721520064,-0.229881093293699,-0.1320302484094108,,0.0,,0.0,0.1666666666666666,-0.0837054608504071,-0.169327797277778,-0.169228669244464,0.4217961578175365,0.9076218551689996,,,N/A
2024-09-06,POWER_INDUSTRIALS,XLI,125.88999938964844,-0.0423703563041975,0.0129546236414974,0.0391250334632229,0.029354016748236,,-0.0008730190013721,0.0435836425031455,-0.0266140596656991,0.0013681241438983,,0.3333333333333333,,0.3333333333333333,0.3333333333333333,-0.0093076276368524,0.00315515958531,-0.0716589241593714,0.1504909147148503,0.665956339074963,,,N/A
2024-09-06,SEMI,SOXX,203.92999267578125,-0.1177208911729614,-0.0370667964338614,-0.1908824071254987,-0.1060799179812514,,-0.050894439076731,-0.1864237980855762,-0.1620479943951867,-0.1128618567470567,,0.0,,0.0,0.0,-0.071962027349444,-0.254197065982096,-0.134901141075446,0.4376174169755706,0.9512366929526384,,,N/A
2024-09-13,AI_SOFTWARE,IGV,87.33000183105469,0.0476247743718243,0.0211647013451448,0.0301994253788575,0.0451173334443595,,0.0072735353172088,-0.0019395613911608,-0.0572305561809265,0.0286219296944014,,0.8333333333333334,,0.8333333333333334,0.8333333333333334,0.0445924195466392,0.0820948717650622,0.0190119069037461,0.2302924004218177,0.7260279308488091,,,N/A
2024-09-13,COMMUNICATION_SERVICES,XLC,86.87000274658203,0.0370061624417197,0.0070716507679675,0.022721924296001,0.0955984581098712,,-0.0068195152599683,-0.0094170624740173,-0.0067494315154148,0.013900762465733,,0.6666666666666666,,0.6666666666666666,0.6666666666666666,-0.0058886755152136,-0.0306989285528383,-0.0177718237897272,0.152689903516398,0.8381550965988893,,,N/A
2024-09-13,CONSUMER_DISCRETIONARY,XLY,96.23999786376952,0.0552631697826442,0.0510565750856051,0.0540495870116546,0.0810446078542697,,0.0371654090576691,0.0219106002416362,-0.0213032817710163,0.0430202336450773,,1.0,,0.8333333333333334,0.6666666666666666,0.0250218405640273,0.0216768942588174,-0.0304296769343685,0.2248405277640418,0.984141174982787,,,N/A
2024-09-13,CONSUMER_STAPLES,XLP,83.93000030517578,0.0113266955729929,0.0424791712607131,0.0805974286572521,0.1112141091174145,,0.0285880052327771,0.0484584418872338,0.0088662194921285,0.0436199171122277,,1.0,,1.0,1.0,0.034200118799193,0.0644858983386454,0.0726890347108773,0.0610263529845597,0.9370270276214938,,,N/A
2024-09-13,DEFENSIVE,XLU,39.27000045776367,0.0346462538076617,0.0550778927949164,0.1318634040403796,0.2376300354335248,,0.0411867267669805,0.0997244172703613,0.1352821458082387,0.0599333369315182,,1.0,,1.0,1.0,0.0238825044461606,0.0613815052767732,0.0211176771232798,0.1477551100949596,0.8018627991990877,,,N/A
2024-09-13,ENERGY,XLE,42.79499816894531,-0.0048832204151628,-0.0539405860171002,-0.0463510157338091,-0.0652031605492631,,-0.0678317520450362,-0.0784900025038275,-0.1675510501745492,-0.0454256954173974,,0.0,,0.0,0.1666666666666666,-0.0826448107208522,-0.1048034043644702,-0.2154355433099191,0.1694232761188617,1.0359563839130503,,,N/A
2024-09-13,FINANCIALS,XLF,44.5099983215332,0.0049672025617124,0.0169065080198844,0.0769416005224834,0.0911987576001691,,0.0030153419919485,0.044802613752465,-0.0111491320251169,0.0212462811209546,,0.3333333333333333,,0.3333333333333333,0.8333333333333334,-0.0322210331711726,0.0294717471572911,0.026218084901326,0.1467203272294169,0.8750077577866883,,,N/A
2024-09-13,HEALTHCARE,XLV,156.16000366210938,0.0143553540609044,0.0215216108458682,0.0636878023227534,0.0742983145735396,,0.0076304448179322,0.031548815552735,-0.0280495750517464,0.0256343187893242,,0.8333333333333334,,1.0,0.8333333333333334,0.0046713558799516,0.0477160992054746,-0.0020807043168208,0.1022995564768082,0.7920538479866571,,,N/A
2024-09-13,MATERIALS,XLB,46.345001220703125,0.0311492164953808,0.0234073396679406,0.0340250231205381,0.0208149705520506,,0.0095161736400046,0.0018860363505197,-0.0815329190732354,0.0177885360217375,,0.8333333333333334,,0.8333333333333334,0.8333333333333334,0.0177701422260983,0.0531632033535732,0.0387931512367885,0.1708976336819032,0.792549586176323,,,N/A
2024-09-13,NUCLEAR,URA,25.43000030517578,0.0970664353053354,0.0043444159430241,-0.1417481935386648,-0.0882036263287155,,-0.0095467500849117,-0.1738871803086832,-0.1905515159540016,-0.0323439804247968,,0.1666666666666666,,0.8333333333333334,0.1666666666666666,0.0008955119751187,-0.1490684582614024,-0.1107684501554658,0.485173601680387,1.0606723803907097,,,N/A
2024-09-13,POWER_INDUSTRIALS,XLI,130.57000732421875,0.0371753749881671,0.0283532020863572,0.0618037409780565,0.0698951683439894,,0.0144620360584213,0.0296647542080381,-0.0324527212812966,0.0309270612655014,,1.0,,1.0,0.6666666666666666,0.0525590457533613,0.033309785585688,-0.0529436112015082,0.164946166741595,0.7055889642787284,,,N/A
2024-09-13,SEMI,SOXX,222.8500061035156,0.0927770024383536,-0.0362409279888482,-0.1078148482960652,0.0186963416501269,,-0.0501320940167842,-0.1399538350660836,-0.0836515479751591,-0.0169090495383142,,0.1666666666666666,,0.0,0.0,-0.0947451906283848,-0.2130252205140662,-0.0631969703284665,0.4928498170104934,0.9547948867813086,,,N/A
2024-09-20,AI_SOFTWARE,IGV,89.19999694824219,0.0214129746705504,0.0327659385396066,0.026467150540594,0.0373299123644372,,0.0218787859876568,-0.0176878430106872,-0.0529215717672542,0.0483264060287422,,1.0,,1.0,0.8333333333333334,0.0666055182823325,0.0726356270319955,0.0354254145027809,0.2287263632468982,0.879516186756294,,,N/A
2024-09-20,COMMUNICATION_SERVICES,XLC,88.9000015258789,0.0233682366192482,0.0160000174386161,0.0378239286160888,0.0865314331149105,,0.0051128648866662,-0.0063310649351924,-0.0037200510167809,0.0344667296190703,,0.8333333333333334,,0.8333333333333334,0.6666666666666666,0.010327056630385,-0.0167868060970476,-0.0168699551536184,0.1586686433634836,0.9068902605774116,,,N/A
2024-09-20,CONSUMER_DISCRETIONARY,XLY,98.34500122070312,0.0218724376938712,0.0469473974208447,0.0783443477143521,0.0764557855044512,,0.0360602448688949,0.0341893541630708,-0.0137956986272402,0.0628387612641181,,1.0,,1.0,0.8333333333333334,0.0396461416502482,0.0756865571106613,-0.0047097014920908,0.2270396416198482,0.9674892514282348,,,N/A
2024-09-20,CONSUMER_STAPLES,XLP,83.05000305175781,-0.0104848951533209,0.0147850289346478,0.0844868250979775,0.0979640893958475,,0.003897876382698,0.0403318315466962,0.007712605264156,0.0255365770548356,,0.8333333333333334,,0.8333333333333334,1.0,0.0091875437785949,0.0456745655255822,0.0577916064875694,0.0555823308361143,1.0445407449433606,,,N/A
2024-09-20,DEFENSIVE,XLU,40.040000915527344,0.0196078545655185,0.0617873743734478,0.1752275102488498,0.2539931266156909,,0.050900221821498,0.1310725166975686,0.1637416424839994,0.068003911350549,,1.0,,0.8333333333333334,1.0,0.0111163992383972,0.0608740350466027,0.0329424161443034,0.1334140072085609,1.093415695277718,,,N/A
2024-09-20,ENERGY,XLE,44.380001068115234,0.0370371063672598,-0.0180329379845602,-0.0262205084985092,-0.0393939321378579,,-0.0289200905365101,-0.0703755020497904,-0.1296454162695494,-0.0081240726914262,,0.1666666666666666,,0.0,0.1666666666666666,-0.0350734393609975,-0.0953867833113469,-0.1749595180618423,0.186024361316193,1.085002287572404,,,N/A
2024-09-20,FINANCIALS,XLF,45.65999984741211,0.0258369258424022,0.0276839868059384,0.1106786467892888,0.102366051808417,,0.0167968342539885,0.0665236532380075,0.0121145676767255,0.0398068765216939,,0.8333333333333334,,0.5,1.0,-0.0124521566996144,0.0388657317178732,0.0418628006239543,0.14927988245883,0.9933776308334924,,,N/A
2024-09-20,HEALTHCARE,XLV,155.27999877929688,-0.0056352770374967,-0.0010935874704578,0.0653859264445755,0.0676567393613383,,-0.0119807400224076,0.0212309328932942,-0.0225947447703531,0.0151806387534778,,0.6666666666666666,,0.3333333333333333,0.8333333333333334,-0.0218447367636098,0.0241517949009932,-0.002832803297925,0.1014357710576784,0.8726938952894235,,,N/A
2024-09-20,MATERIALS,XLB,47.03499984741211,0.0148883074449193,0.0144505153605218,0.0652248023493455,0.0295501462961615,,0.003563362808572,0.0210698087980643,-0.0607013378355298,0.0289083012154742,,1.0,,0.8333333333333334,0.8333333333333334,0.0175435855598097,0.0795448843524167,0.0694633451124436,0.1673547559420505,0.8891589739400375,,,N/A
2024-09-20,NUCLEAR,URA,27.18000030517578,0.0688163578056986,0.0138008521672454,-0.0611399105740111,-0.0578856171304101,,0.0029136996152956,-0.1052949041252924,-0.1481371012621016,0.0502318464059614,,1.0,,0.8333333333333334,0.5,0.071314631807447,-0.023393767489156,-0.0259459340284374,0.5109954175321757,1.0114910635007015,,,N/A
2024-09-20,POWER_INDUSTRIALS,XLI,133.17999267578125,0.019989164472371,0.0301670322811677,0.092803722608568,0.0636530121362883,,0.0192798797292179,0.0486487290572867,-0.0265984719954031,0.0441149264230849,,1.0,,1.0,1.0,0.1011306887087594,0.1195554692810412,-0.0318244752232733,0.1641689442643023,0.8165690361240172,,,N/A
2024-09-20,SEMI,SOXX,223.6699981689453,0.0036795694097886,-0.0416470339180018,-0.0930949448943844,-0.0078953151625259,,-0.0525341864699516,-0.1372499384456657,-0.0981467992942174,0.0027301932556043,,0.5,,0.0,0.0,-0.0846894356260249,-0.2125072550287406,-0.1241101048636437,0.4931835074841818,1.0123670178176616,,,N/A
2024-09-27,AI_SOFTWARE,IGV,89.23999786376953,0.0004484407723752,0.0281105383205664,0.0034858603118177,0.046558008408529,,0.0142906793073613,-0.0268580665780502,-0.0459725567188766,0.0434131702741402,,1.0,,1.0,0.8333333333333334,0.0607609376818656,0.0494689217658908,0.0531449903404442,0.223836524564172,0.8953737990685816,,,N/A
2024-09-27,COMMUNICATION_SERVICES,XLC,90.01000213623047,0.012485945908881,0.0308062580257395,0.0256381032957053,0.1022532218914844,,0.0169863990125345,-0.0047058235941626,0.0097226567640786,0.0414449283028643,,1.0,,1.0,0.6666666666666666,0.0238444169444829,-0.0161182014450064,0.0013613925860199,0.1529454256503478,0.9060971078342056,,,N/A
2024-09-27,CONSUMER_DISCRETIONARY,XLY,100.41999816894533,0.021099160328297,0.0733219408867058,0.0609614004231029,0.0921746533498348,,0.0595020818735008,0.0306174735332349,-0.0003559117775708,0.0776759355244023,,1.0,,1.0,0.8333333333333334,0.0782766131738004,0.0739395865334342,0.0218414362865216,0.218734516604186,0.992175534863618,,,N/A
2024-09-27,CONSUMER_STAPLES,XLP,83.0199966430664,-0.0003613053291846,0.0061810022255712,0.0728870456169383,0.0872183863211231,,-0.0076388567876337,0.0425431187270703,-0.0053121788062826,0.0189628308446323,,0.8333333333333334,,0.5,0.8333333333333334,-0.0109366587489308,0.0400631375437024,0.0468682248154935,0.0567791318317777,1.1054471060621578,,,N/A
2024-09-27,DEFENSIVE,XLU,40.209999084472656,0.0042457084180382,0.0541354988052882,0.1731581996900162,0.224980903271482,,0.0403156397920831,0.1428142728001482,0.1324503381440762,0.0580186491669776,,0.6666666666666666,,0.5,1.0,-0.0122914804116246,0.0669804583605822,0.009364141770677,0.1339461642738291,1.2252021233934087,,,N/A
2024-09-27,ENERGY,XLE,43.595001220703125,-0.0176881439504086,-0.0448071471580504,-0.0322974037957466,-0.0764749596509211,,-0.0586270061712554,-0.0626413306856146,-0.1690055247783268,-0.0199957125013943,,0.0,,0.0,0.1666666666666666,-0.0568133154769442,-0.0820057530477395,-0.2120261060939313,0.1879651428121908,1.2348066038290912,,,N/A
2024-09-27,FINANCIALS,XLF,45.150001525878906,-0.0111694770748473,-0.0128989971783417,0.0869042015115164,0.0719373853473779,,-0.0267188561915467,0.0565602746216484,-0.0205931797800278,0.0228354159939325,,0.5,,0.1666666666666666,0.8333333333333334,-0.0406282473581533,0.0320357573321003,0.0030071678819414,0.1549511225560026,1.0475450980573768,,,N/A
2024-09-27,HEALTHCARE,XLV,153.02000427246094,-0.0145543181646216,-0.0265902847132847,0.0596219125545987,0.0358086285650365,,-0.0404101437264897,0.0292779856647307,-0.0567219365623692,-0.0029516286353563,,0.1666666666666666,,0.0,0.6666666666666666,-0.0473550845631512,0.0325408156029709,-0.043881922557082,0.1056053022287349,0.940111429010736,,,N/A
2024-09-27,MATERIALS,XLB,48.459999084472656,0.0302965715251075,0.0280016909612874,0.1026165698121268,0.0433846356526725,,0.0141818319480824,0.0722726429222588,-0.0491459294747331,0.0522429970933453,,1.0,,1.0,0.8333333333333334,0.038336237428317,0.1185976958319203,0.0763986658489866,0.1730252151999646,0.8892430650197068,,,N/A
2024-09-27,NUCLEAR,URA,29.100000381469727,0.0706401786142851,0.1235521548289906,-0.0198720155599558,0.0093652604397567,,0.1097322958157855,-0.0502159424498238,-0.083165304687649,0.1205236925675992,,1.0,,1.0,0.5,0.191905040779736,0.0745903212680787,0.0581597213647081,0.5310824487125352,1.055002860422191,,,N/A
2024-09-27,POWER_INDUSTRIALS,XLI,134.8300018310547,0.0123893170597348,0.0256351357452959,0.1122752060163081,0.0704192030093104,,0.0118152767320909,0.0819312791264401,-0.0221113621180952,0.0488607492448873,,1.0,,1.0,1.0,0.0742834718545339,0.1379090156468989,0.099497557747535,0.1616628661795357,0.8513814634801009,,,N/A
2024-09-27,SEMI,SOXX,232.67999267578125,0.0402825348978201,0.0066625996807101,-0.0866698159332164,0.0299220722451527,,-0.0071572593324948,-0.1170137428230844,-0.062608492882253,0.0448840075746799,,1.0,,1.0,0.0,0.0202670888123112,-0.1605807446801797,-0.0539555731466527,0.4961377797621227,1.023265851957191,,,N/A
2024-10-04,POWER_INDUSTRIALS,XLI,135.50999450683594,0.005043333579668,0.0764158802432921,0.0912384778049313,0.0783002823367766,,0.0160487250107213,0.0680416520385667,-0.0269212298512413,0.0466516878637277,0.0994123564836286,1.0,1.0,1.0,1.0,0.120391012438589,0.1283777298616966,0.1406315158916105,0.1579960827505012,0.8651783238968811,93.23951164885823,,N/A
2024-10-04,NUCLEAR,URA,30.31999969482422,0.0419243744797805,0.3080241283713085,-0.0275818024994953,-0.0072037070762257,,0.2476569731387377,-0.0507786282658599,-0.1124252192642437,0.1551356197692064,0.0520197998548466,1.0,0.8333333333333334,1.0,0.5,0.4065825921682921,0.1070987334984498,0.0820413655152304,0.527723665336693,1.0601773774329877,83.81094210563064,,N/A
2024-10-04,AI_SOFTWARE,IGV,89.9000015258789,0.0073958278564385,0.0784549048421576,0.0295465167209294,0.068076553185048,,0.0180877496095868,0.0063496909545648,-0.0371449590029699,0.0448628703677995,0.0658004557140881,0.8333333333333334,0.5,1.0,0.8333333333333334,0.0700338711398096,0.0758970559262906,0.0726686568748239,0.219952008613653,0.8925791758472235,62.07230661443357,,N/A
2024-10-04,MATERIALS,XLB,47.584999084472656,-0.0180561291071168,0.0587384449343417,0.0516021897121028,0.0258704496359198,,-0.001628710298229,0.0284053639457382,-0.0793510625520981,0.0289538377086924,0.0627018500913878,1.0,1.0,1.0,0.8333333333333334,0.0226967789966229,0.0570128592415136,0.0140289499877307,0.1739255511911524,1.01318724035681,61.375195017412,,N/A
2024-10-04,CONSUMER_DISCRETIONARY,XLY,99.08499908447266,-0.0132941556344849,0.0864583596500048,0.0348842889140745,0.1080854519507685,,0.0260912044174339,0.0116874631477099,0.0028639397627505,0.0545444875472218,0.0918577539996985,1.0,0.8333333333333334,1.0,0.8333333333333334,0.0337826389975928,0.0523046273751086,0.0344999223659453,0.2215044607669969,0.9772632261181996,58.70722333769308,,N/A
2024-10-04,COMMUNICATION_SERVICES,XLC,90.87999725341795,0.0096655382350814,0.0848752643580301,0.0529486713485509,0.1013087851483085,,0.0245081091254593,0.0297518455821863,-0.0039127270397094,0.0428476045818915,0.0995631926773541,1.0,0.8333333333333334,1.0,0.6666666666666666,0.0438359610427591,0.0436763037103734,-0.0127709335951322,0.1473063721717623,0.9415530633984034,47.35343032537034,,N/A
2024-10-04,FINANCIALS,XLF,45.650001525878906,0.0110741967464478,0.030706718948718,0.0771590461384832,0.0981477474382248,,-0.0296604362838528,0.0539622203721186,-0.0070737647497931,0.0289410980606668,0.0970129789932796,1.0,1.0,0.8333333333333334,0.8333333333333334,-0.0224933247505424,0.0122131030529344,0.0259554016996416,0.1524619972543164,1.0597753355715378,43.14361095763246,,N/A
2024-10-04,SEMI,SOXX,231.0800018310547,-0.0068763576374871,0.1331339681771968,-0.1108546353978052,0.0426386172451644,,0.0727668129446259,-0.1340514611641698,-0.0625828949428535,0.0369027697993002,0.0374179293072549,1.0,0.6666666666666666,1.0,0.0,0.0981746296704817,-0.1704817939667088,-0.0692026931576686,0.4927625199802647,0.8870586865162748,43.10874557450906,,N/A
2024-10-04,HEALTHCARE,XLV,151.63999938964844,-0.0090184606213663,-0.0150048561506004,0.0227287719705922,0.0587906584078994,,-0.0753720113831712,-0.0004680537957724,-0.0464308537801185,-0.0130238638500592,0.0349387355515891,0.3333333333333333,0.8333333333333334,0.1666666666666666,0.6666666666666666,-0.0821186933205456,0.0073953155421926,-0.015276812508929,0.0965622864311499,0.9755654969776124,36.89231004239399,,N/A
2024-10-04,CONSUMER_STAPLES,XLP,81.47000122070312,-0.0186701455677875,-0.0183154197155364,0.0519045116960741,0.0960581086204868,,-0.0786825749481072,0.0287076859297095,-0.0091634035675312,-0.0037053686882756,0.0567242011012385,0.3333333333333333,0.8333333333333334,0.3333333333333333,1.0,-0.0702937946100547,0.0423593823182194,0.0514211452390157,0.0762254083954491,1.0777477332557113,22.439916990694925,,N/A
2024-10-04,DEFENSIVE,XLU,40.65499877929688,0.0110668914438263,0.0711367887758356,0.1410327690300981,0.2478513350034634,,0.0107696335432647,0.1178359432637334,0.1426298228154454,0.0556449545428781,0.178657716336076,0.1666666666666666,1.0,0.1666666666666666,1.0,-0.066852822863248,0.0435225096095091,0.014035301052672,0.1202531498765216,1.3144891188691814,0.0,,N/A
2024-10-04,ENERGY,XLE,46.59000015258789,0.0687005126280957,0.0833623763616331,0.0293858126464383,-0.0499592315905467,,0.0229952211290622,0.0061889868800737,-0.1551807437785647,0.0461669676549068,0.0383734637404207,1.0,0.3333333333333333,1.0,0.5,0.0345301609964458,-0.0138168847530433,-0.1932224893883225,0.2395552767375389,1.3951249057070152,0.0,,N/A
2024-10-11,NUCLEAR,URA,30.0,-0.0105540797508267,0.1797089909548324,0.063829758452564,-0.0072799244987828,,0.1484461895475302,0.0081092036162011,-0.1418204161600496,0.1195700889125133,0.0381790315074843,1.0,0.8333333333333334,1.0,1.0,0.2496083039362932,0.1251122050445688,0.0217943826034419,0.4825434809898198,0.931104415039958,100.0,,N/A
2024-10-11,POWER_INDUSTRIALS,XLI,138.4199981689453,0.0214744578265226,0.0601209343983126,0.1085128143214857,0.1262815008167301,,0.0288581329910104,0.0527922594851228,-0.0082589908445365,0.0563267289388531,0.1169073051099172,1.0,1.0,1.0,1.0,0.088050408697763,0.1703626630612702,0.1375390353095222,0.1605132538732941,0.8248967715624771,96.33338928736576,,N/A
2024-10-11,AI_SOFTWARE,IGV,92.81999969482422,0.0324805130076082,0.0628649690674492,0.093930481603178,0.1215562747573892,,0.031602167660147,0.0382099267668152,-0.0129842169038774,0.063218055551441,0.0953834471369416,0.8333333333333334,0.8333333333333334,0.8333333333333334,0.8333333333333334,0.0455133428492665,0.1020344800099004,0.113452149141592,0.2156071853328241,0.867631806829898,73.12403590154312,,N/A
2024-10-11,SEMI,SOXX,235.4600067138672,0.0189544956210221,0.0565851481489039,-0.0041447966394008,0.0797450305203759,,0.0253223467416017,-0.0598653514757636,-0.0547954611408907,0.043146218585012,0.050614332360438,1.0,0.6666666666666666,1.0,0.3333333333333333,0.0702238378438749,-0.0576856828298485,-0.0517369696150621,0.4573165697764595,0.7334597437073991,67.532825967095,,N/A
2024-10-11,CONSUMER_STAPLES,XLP,81.63999938964844,0.0020866351589314,-0.0272846527725572,0.0454604074559967,0.1125647648596188,,-0.0585474541798594,-0.010260147380366,-0.0219757268016478,-0.0045237915780884,0.0556327757212269,0.5,1.0,0.0,1.0,-0.0513047475145574,0.0033986571033228,0.0313299828833389,0.0757815593560787,1.0047495693639954,55.3980778352097,,N/A
2024-10-11,MATERIALS,XLB,47.94499969482422,0.0075654222397376,0.034523647253813,0.0641438102335656,0.0663923636818413,,0.0032608458465108,0.0084232553972027,-0.0681481279794253,0.0302222862306178,0.0673003572903974,1.0,1.0,1.0,1.0,0.0276503328756394,0.0704922759455881,0.0489683321998067,0.172845154086933,1.043762574024787,55.18347794656589,,N/A
2024-10-11,COMMUNICATION_SERVICES,XLC,90.43000030517578,-0.0049515510766068,0.0409807464721625,0.0625073394039803,0.1118898102698233,,0.0097179450648603,0.0067867845676174,-0.0226506813914433,0.0309525183590595,0.0880662309557627,1.0,0.8333333333333334,1.0,0.6666666666666666,0.0235709756912116,0.0298336359071589,-0.0317903792862587,0.1431389480416861,0.8247578261058189,51.63397687857574,,N/A
2024-10-11,FINANCIALS,XLF,46.5099983215332,0.0188389215094937,0.044933724453376,0.0854142351865552,0.1610084055699148,,0.0136709230460738,0.0296936803501923,0.0264679139086481,0.0379147500000192,0.1118282159909807,1.0,1.0,1.0,0.8333333333333334,0.0454080193652181,-0.0047180799173111,0.0994271198598631,0.1544249805090328,0.9445395693042552,39.50263506229217,,N/A
2024-10-11,CONSUMER_DISCRETIONARY,XLY,98.29000091552734,-0.0080233958347979,0.0213009465633993,0.046696152422476,0.1099316873897924,,-0.0099618548439028,-0.0090244024138868,-0.0246088042714742,0.034838567268113,0.0795345453856204,0.6666666666666666,0.8333333333333334,0.8333333333333334,0.8333333333333334,-0.0092669097497027,0.0171976727443305,-0.0290794683451416,0.2173135795650666,0.9113537793594956,28.056453838008874,,N/A
2024-10-11,HEALTHCARE,XLV,153.88999938964844,0.0148377737342142,-0.0145363999694355,0.0407114659582565,0.1078395747794884,,-0.0457992013767377,-0.0150090888781062,-0.0267009168817782,-0.0003507725475685,0.0476547050816091,0.3333333333333333,0.8333333333333334,0.3333333333333333,0.8333333333333334,-0.0440563264676207,-0.0176000117462125,0.011019489999119,0.0994236762794865,0.9854980699337756,12.985653419742775,,N/A
2024-10-11,DEFENSIVE,XLU,39.625,-0.0253351078643099,0.0090399678660086,0.1300442478790706,0.2344237346910012,,-0.0222228335412935,0.0743236930427078,0.0998832430297345,0.0222245096967323,0.1427005892666506,0.1666666666666666,1.0,0.1666666666666666,1.0,-0.047971571961965,0.001641126544014,0.0062103600473772,0.1314263125237969,1.4404865614409723,0.0,,N/A
2024-10-11,ENERGY,XLE,46.40499877929688,-0.0039708386496053,0.0843556668959317,0.0047633950300818,-0.0345365628802841,,0.0530928654886295,-0.050957159806281,-0.1690770545415508,0.0368789411928891,0.0319130045732638,1.0,0.3333333333333333,1.0,0.3333333333333333,0.061418217314136,-0.0807943965852717,-0.2113850409914384,0.2364870297582205,1.2859679343587136,0.0,,N/A
2024-10-18,NUCLEAR,URA,33.459999084472656,0.1153333028157552,0.2310521967912193,0.2149599844641818,0.1605965720783611,,0.2022972001251943,0.1412144399890889,-0.0200117616560921,0.2092518692757696,0.1559355363243768,1.0,1.0,1.0,1.0,0.3450770585173732,0.3907872974533166,0.2666033259079495,0.5253872693863771,1.0782967494413662,100.0,,N/A
2024-10-18,POWER_INDUSTRIALS,XLI,139.27000427246094,0.0061407752836275,0.0457276763147558,0.102692010350847,0.1560554732403121,,0.0169726796487308,0.0289464658757541,-0.0245528604941411,0.0507930084909868,0.1176426038263414,1.0,1.0,1.0,1.0,0.0399595570189249,0.1589087888188854,0.1414505202026147,0.1604872527809313,0.7596073237130503,100.0,,N/A
2024-10-18,AI_SOFTWARE,IGV,92.30999755859376,-0.0054945285273353,0.0348654788873605,0.0889465756059348,0.1754743281994006,,0.0061104822213355,0.0152010311308419,-0.0051340055350526,0.0455909578992836,0.0859769794401257,0.8333333333333334,0.8333333333333334,0.8333333333333334,0.8333333333333334,0.0165098616165343,0.0926781150103694,0.1456429713272241,0.216697383784687,0.7770034721829118,85.45772175320256,,N/A
2024-10-18,COMMUNICATION_SERVICES,XLC,91.2300033569336,0.0088466554136683,0.0262092439939545,0.0899642375536495,0.1479803945588313,,-0.0025457526720704,0.0162186930785566,-0.0326279391756219,0.032983488546652,0.0919700572866999,1.0,0.8333333333333334,0.8333333333333334,0.8333333333333334,0.0210133857597858,0.0711947038387332,-0.0102714342670338,0.1343358965465569,0.7245399012626385,83.07623810289508,,N/A
2024-10-18,SEMI,SOXX,229.3600006103516,-0.0259067609342609,0.0254392743237221,-4.35737326097696e-05,0.1561066652350575,,-0.0033157223423028,-0.0737891182077027,-0.0245016684993957,0.0082689008097007,0.0184472221361922,0.6666666666666666,0.6666666666666666,0.6666666666666666,0.5,0.0390722614972963,-0.0737721621328611,0.0010119633992115,0.4560923078891687,0.6959642944930562,76.75040488168031,,N/A
2024-10-18,CONSUMER_DISCRETIONARY,XLY,99.75499725341795,0.0149048359369705,0.0143372414989406,0.0925469242648169,0.1752474137762889,,-0.0144177551670843,0.0188013797897239,-0.0053609199581643,0.0365286435630105,0.0917950927677608,0.6666666666666666,0.8333333333333334,0.5,1.0,-0.0260220123593197,0.0405079581100523,-0.0077995326889181,0.2055156694533847,0.888568041251839,57.03124985963196,,N/A
2024-10-18,MATERIALS,XLB,48.81499862670898,0.018145769890967,0.0378441327749852,0.0689805682257318,0.0974595127942015,,0.0090891361089602,-0.0047649762493611,-0.0831488209402517,0.0387938120726465,0.0823964778533548,1.0,1.0,1.0,1.0,0.0358538951943685,0.0654125993672008,0.0424386159774016,0.1741243726673519,1.0030838136044238,52.354870009166156,,N/A
2024-10-18,CONSUMER_STAPLES,XLP,82.23999786376953,0.0073493199241396,-0.0097532228563974,0.0477767881521498,0.1047823101363123,,-0.0385082195224224,-0.0259687563229431,-0.0758260235981409,-0.0009718395450833,0.0601558316395263,0.5,1.0,0.3333333333333333,1.0,-0.0306649599945464,-0.0107810194761814,-0.0166867045815631,0.0761115685450106,0.9054677718932452,43.13024263827558,,N/A
2024-10-18,FINANCIALS,XLF,47.619998931884766,0.0238658492885315,0.0429259546873113,0.0969822414022338,0.1792966238796451,,0.0141709580212863,0.0232366969271409,-0.0013117098548081,0.0504488725551326,0.1315867289681456,1.0,1.0,1.0,1.0,0.0440834887845581,-0.0066893241568517,0.059528571419763,0.1580036373703452,0.9394436888431332,33.075613067325875,,N/A
2024-10-18,DEFENSIVE,XLU,40.97499847412109,0.0340693621229297,0.0233515868435247,0.1514683020464187,0.2524835177443765,,-0.0054034098225002,0.0777227575713257,0.0718751840099232,0.0458008050485774,0.1737492181452373,0.3333333333333333,1.0,0.3333333333333333,1.0,-0.0334258728192737,-0.0218016088802506,-0.0423674114992332,0.1403008354657982,1.1339321756159948,0.0,,N/A
2024-10-18,ENERGY,XLE,45.16999816894531,-0.0266135253278477,0.0178007454217401,-0.0200673180878961,-0.0487522883363212,,-0.0109542512442848,-0.0938128625629891,-0.2293606220707745,0.0082363862006302,0.0023160283371996,0.5,0.3333333333333333,0.6666666666666666,0.1666666666666666,-0.0213569804157648,-0.1239614082858977,-0.2752143539768887,0.2433589750681305,1.2296284555498578,0.0,,N/A
2024-10-18,HEALTHCARE,XLV,153.1300048828125,-0.004938556825331,-0.0138459164952738,0.0211389572354039,0.1020511568622217,,-0.0426009131612988,-0.052606587239689,-0.0785571768722315,-0.0073188258296553,0.0402482595222215,0.1666666666666666,0.8333333333333334,0.1666666666666666,0.6666666666666666,-0.0483063303618277,-0.0608312283362923,-0.0775993989722179,0.0976168063193505,0.9757407224261604,0.0,,N/A
2024-10-25,AI_SOFTWARE,IGV,92.1999969482422,-0.0011916435192378,0.0331689730538908,0.1494825832268411,0.1370082761387452,,0.0199224199324647,0.0628998256748718,-0.0022510928884533,0.0365023897425422,0.0819697433244628,1.0,1.0,0.8333333333333334,1.0,0.0382082104255518,0.1655096827169772,0.1384929320942678,0.1686534224267753,0.7637750824727016,100.0,,N/A
2024-10-25,NUCLEAR,URA,31.559999465942383,-0.0567842101170882,0.0845360499046292,0.2871125153649687,0.0698304903709281,,0.0712894967832031,0.2005297578129994,-0.0694288786562704,0.1154308199308509,0.0892336166791132,1.0,1.0,1.0,1.0,0.1391374784999522,0.4291815463404547,0.1745657305055651,0.4731995106268524,0.9860171363387908,100.0,,N/A
2024-10-25,POWER_INDUSTRIALS,XLI,135.39999389648438,-0.0277878240630011,0.0042274868923009,0.1032346630245162,0.1038642577369373,,-0.0090190662291251,0.0166519054725469,-0.0353951112902612,0.0151370445889638,0.0816056605333066,1.0,1.0,1.0,1.0,0.0382869692605821,0.1981984743976571,0.0995903717059733,0.1599729167454858,0.7695024003045154,100.0,,N/A
2024-10-25,SEMI,SOXX,229.5800018310547,0.0009591961114303,-0.0133229798104993,0.110101080901612,0.0584601580976615,,-0.0265695329319254,0.0235183233496427,-0.080799210929537,0.00996859803047,0.0161337171217481,0.6666666666666666,0.5,0.5,1.0,-0.0087747881161205,0.0460386505752856,-0.0508897215033467,0.3957955422439097,0.6077414835583859,100.0,,N/A
2024-10-25,COMMUNICATION_SERVICES,XLC,90.8499984741211,-0.0041653498720782,0.0093322555044415,0.0721029120177012,0.134065632030238,,-0.0039142976169845,-0.014479845534268,-0.0051937369969605,0.0233621503053453,0.0822336612939713,1.0,0.8333333333333334,0.8333333333333334,0.8333333333333334,0.0180360946132735,0.0347693454400832,0.0201816689609199,0.1358127792386268,0.7279211602406442,78.87532914085678,,N/A
2024-10-25,CONSUMER_DISCRETIONARY,XLY,100.40499877929688,0.0065159795877458,-0.0001493665596687,0.1399295718894584,0.141549618430528,,-0.0133959196810948,0.0533468143374891,0.0022902494033294,0.0337868826147444,0.0950261308700723,0.6666666666666666,0.8333333333333334,0.1666666666666666,1.0,-0.0338826160138679,0.0467730728513896,0.0084927035933663,0.1810422099257732,0.89094524580211,78.74457832748281,,N/A
2024-10-25,FINANCIALS,XLF,46.630001068115234,-0.020789539814682,0.0327796122307555,0.1086542925727593,0.1423322248095875,,0.0195330591093294,0.02207153502079,0.0030728557823889,0.022161836484009,0.1023640815034683,1.0,1.0,1.0,1.0,0.0431555576702116,0.0340609076098594,0.0370806939945417,0.1470314319477723,0.8679716047303507,62.8072029100477,,N/A
2024-10-25,MATERIALS,XLB,46.97999954223633,-0.0375908867375988,-0.0305406432149633,0.0435361853519185,0.0495978843599536,,-0.0437871963363893,-0.0430465722000508,-0.089661484667245,-0.0038484832959669,0.0383324292785856,0.5,1.0,0.1666666666666666,0.8333333333333334,-0.0531846985978637,-0.0268751432916165,-0.0237211695366212,0.1927063800786695,0.9549510472177468,53.81583894537458,,N/A
2024-10-25,CONSUMER_STAPLES,XLP,81.05999755859375,-0.0143482531107362,-0.0236087588981653,0.02271000976343,0.0723640889761652,,-0.0368553120195914,-0.0638727477885392,-0.0668952800510334,-0.0159636017073876,0.0419190312733392,0.3333333333333333,1.0,0.5,0.5,-0.0250941229908055,-0.0480425538082411,-0.0106966548776889,0.0835646453014126,0.8659369522150948,5.529432525450282,,N/A
2024-10-25,DEFENSIVE,XLU,40.18999862670898,-0.0191580201743728,-0.0004974001049254,0.0829964420830076,0.2143827509988869,,-0.0137439532263515,-0.0035863154689617,0.0751233819716883,0.0180482264510604,0.1433203948524739,0.1666666666666666,1.0,0.0,0.3333333333333333,-0.0390510229910937,-0.0823992696835373,-0.043236741226394,0.1351105156030927,1.0469473874946111,0.0,,N/A
2024-10-25,ENERGY,XLE,44.8849983215332,-0.0063094943317497,0.0295904820440162,0.015497682053619,-0.062356396009095,,0.0163439289225901,-0.0710850754983503,-0.2016157650362936,0.002658238826706,-0.0066531461009395,0.5,0.1666666666666666,0.6666666666666666,0.5,0.0047308102475132,-0.0919646700673725,-0.2448265141689292,0.2265602895229746,1.0469226708546568,0.0,,N/A
2024-10-25,HEALTHCARE,XLV,148.58999633789062,-0.0296480663498721,-0.0289505150364681,-0.0150470917624083,0.0616603973281202,,-0.0421970681578942,-0.1016298493143776,-0.0775989716990783,-0.034069878153861,0.0078441929047576,0.0,0.8333333333333334,0.1666666666666666,0.1666666666666666,-0.0409028245896131,-0.0987603664970647,-0.0578168479893911,0.1167467005360182,0.9225858172449348,0.0,,N/A
2024-11-01,AI_SOFTWARE,IGV,92.26000213623048,0.0006508155094837,0.0262513967774762,0.1187098432232067,0.1408433164685385,,0.0296372086863305,0.0473201576941468,0.0239821056413134,0.0303544964920821,0.0802659189044254,0.8333333333333334,0.8333333333333334,0.6666666666666666,1.0,0.0262412922657954,0.1060567272617423,0.1339000352289639,0.1658264199140975,0.7802651868087965,100.0,37.92769338556643,LEADER
2024-11-01,NUCLEAR,URA,30.559999465942383,-0.031685678609695,0.0079155598131201,0.2362459674273918,-0.0087577184051843,,0.0113013717219745,0.1648562818983319,-0.1256189292324094,0.0659597339401332,0.0538385084130179,1.0,0.8333333333333334,0.6666666666666666,1.0,0.0927222637753252,0.4409227489261007,0.2079525086986943,0.4862863460942959,0.9760623486237932,100.0,16.189057894369355,LEADER
2024-11-01,POWER_INDUSTRIALS,XLI,134.00999450683594,-0.0102658748323956,-0.0110692942277724,0.0782909222973047,0.0915532961725817,,-0.0076834823189181,0.0069012367682448,-0.0253079146546433,0.0011654129051437,0.0661203407470785,1.0,1.0,0.5,1.0,0.0231218293720683,0.1472736510256842,0.1049240404213539,0.1641885142563593,0.9080499988877646,100.0,6.760488351141774,LEADER
2024-11-01,SEMI,SOXX,220.5800018310547,-0.0392020207693133,-0.0454388087103992,0.0415525691872753,0.0204006277442014,,-0.0420529968015449,-0.0298371163417845,-0.0964605830830236,-0.0241247886265871,-0.0259988909196677,0.3333333333333333,0.3333333333333333,0.1666666666666666,0.6666666666666666,-0.0254943199472685,-0.0081964692591843,-0.073397577648808,0.407035558276363,0.6588270810312027,98.84770083257823,55.73895525806917,LEADER
2024-11-01,CONSUMER_DISCRETIONARY,XLY,100.04499816894533,-0.0035854849333039,0.0096886420078001,0.1476998998559893,0.1246697331191448,,0.0130744539166545,0.0763102143269294,0.0078085222919197,0.0236405732463025,0.0868903761218078,0.6666666666666666,0.8333333333333334,0.3333333333333333,1.0,-0.0051454284944143,0.0713164482367084,-0.0091948737258194,0.1777540627187219,0.8009985228427072,90.48787009319354,31.780646755500456,LEADER
2024-11-01,COMMUNICATION_SERVICES,XLC,92.4000015258789,0.017061123586032,0.0167253996302665,0.0843797971911544,0.151976095007412,,0.0201112115391208,0.0129901116620945,0.0351148841801869,0.0351085648153925,0.0958936796493017,1.0,0.8333333333333334,0.8333333333333334,1.0,0.0239330700186416,0.0419644396993164,0.0390790431055297,0.1377396427316305,0.7161499192115973,83.8971203365752,36.54369001120486,LEADER
2024-11-01,FINANCIALS,XLF,46.63999938964844,0.000214418213686,0.0216866994672124,0.0999999460184368,0.1501849634320573,,0.0250725113760668,0.0286102604893769,0.0333237526048322,0.0174519902791794,0.0974181972746914,1.0,1.0,1.0,1.0,0.0534616015499409,0.0415371850556615,0.0590823096041986,0.1481270569332244,0.9058405739090812,57.61993617959122,14.47632522195876,IMPROVING
2024-11-01,MATERIALS,XLB,46.56499862670898,-0.0088335657635383,-0.0214353362906022,0.05160343067761,0.0402099689847597,,-0.0180495243817478,-0.0197862548514498,-0.0766512418424654,-0.0130665803603343,0.0261495451410593,0.1666666666666666,0.8333333333333334,0.1666666666666666,0.8333333333333334,-0.037798895608044,-0.0245751781264901,-0.0261736218553353,0.1895392206105252,0.8564963965361531,43.344266706787295,-18.030928310624702,WATCH
2024-11-01,CONSUMER_STAPLES,XLP,80.1500015258789,-0.0112262035544358,-0.0162022790603417,0.0126342385435462,0.0562731210730058,,-0.0128164671514874,-0.0587554469855136,-0.0605880897542192,-0.0250103184206323,0.027738713083846,0.1666666666666666,0.6666666666666666,0.1666666666666666,0.5,-0.0161831955900137,-0.0507901001150705,-0.0169960719931874,0.0878153912421089,0.7633751505985019,30.00273150002468,7.562814509329755,LAGGARD
2024-11-01,HEALTHCARE,XLV,147.74000549316406,-0.0057203773179568,-0.0257187675559342,-0.0149352600225717,0.0490662754545647,,-0.0223329556470799,-0.0863249455516316,-0.0677949353726603,-0.0347575793543261,0.0006417811338526,0.1666666666666666,0.6666666666666666,0.1666666666666666,0.3333333333333333,-0.0245856028819913,-0.0918430836826059,-0.0451403013886544,0.1167254935736605,0.8970903434434914,1.4529948781213662,-35.43931516427262,LAGGARD
2024-11-01,DEFENSIVE,XLU,39.06499862670898,-0.0279920387768404,-0.0391095855449289,0.0614046543348454,0.1420843892849002,,-0.0357237736360745,-0.0099850311942144,0.025223178457675,-0.0138338702555321,0.1046700283837944,0.0,0.8333333333333334,0.0,0.3333333333333333,-0.0262720454483618,-0.0762699830342261,-0.0552361042592855,0.1508701163317509,1.065235098642119,0.0,0.0,LAGGARD
2024-11-01,ENERGY,XLE,44.01499938964844,-0.0193828442557252,-0.0552693873042715,-0.0154345691342067,-0.0490439767796735,,-0.0518835753954172,-0.0868242546632666,-0.1659051876068986,-0.0141775709810691,-0.0269245650236462,0.1666666666666666,0.1666666666666666,0.1666666666666666,0.1666666666666666,-0.0606419578588698,-0.0945021333597025,-0.2044346328469636,0.2293882967776254,0.8374909567117743,0.0,0.0,LAGGARD
2024-11-08,AI_SOFTWARE,IGV,101.23999786376952,0.0973335738089324,0.0907131889315748,0.1838166725650547,0.2438874385425502,,0.0586037565791519,0.1046551833693378,0.0953773940036695,0.1126986420413853,0.1801046592343855,1.0,1.0,1.0,1.0,0.0860660725518771,0.208259778996209,0.3527652882506625,0.2426658999860836,0.8426456005539252,100.0,26.875964098456876,LEADER
2024-11-08,NUCLEAR,URA,31.0,0.0143979234864835,0.0333333333333334,0.2243286087533744,-0.0070467430555126,,0.0012239009809105,0.1451671195576576,-0.1555567875943934,0.0624078997008765,0.069491042731012,0.8333333333333334,0.8333333333333334,0.6666666666666666,1.0,0.056180760379136,0.3618395163348424,0.0957869806265952,0.4863020058879762,1.157638160208292,100.0,0.0,HOLD
2024-11-08,SEMI,SOXX,231.3600006103516,0.0488711519168152,-0.0174127494547216,0.0005622319128772,0.0504903507075722,,-0.0495221818071445,-0.0785992572828395,-0.0980196938313084,0.0234677414700581,0.0179454572587918,1.0,0.6666666666666666,0.5,0.6666666666666666,-0.0296856798431004,-0.0634407856686361,-0.0572985876832314,0.371951837893563,0.6856588673554415,100.0,32.46717403290501,LEADER
2024-11-08,COMMUNICATION_SERVICES,XLC,96.18000030517578,0.040909077022452,0.0635850932278598,0.1150011352107163,0.1759383693430987,,0.0314756608754369,0.0358396460149994,0.0274283248042179,0.0668648488038194,0.1351920796194674,1.0,0.8333333333333334,0.8333333333333334,1.0,0.0364835505356872,0.0562206232577185,0.0417576124197938,0.154814795172057,0.8087199629521638,71.90329099046238,20.269314111886644,IMPROVING
2024-11-08,POWER_INDUSTRIALS,XLI,142.08999633789062,0.0602940240449194,0.026513496730913,0.1190832084100359,0.1305696689438904,,-0.0055959356215098,0.039921719214319,-0.0179403755949902,0.0531660067873942,0.124472217796969,1.0,1.0,1.0,1.0,0.0596638715013345,0.2357108367379151,0.1502533886884499,0.1973576316757479,1.0929856307542232,68.66174510390962,-27.671644183456138,DECELERATING
2024-11-08,ENERGY,XLE,46.875,0.0649778632286925,0.0101282455137745,0.0362550982097951,-0.000852625274363,,-0.0219811868386483,-0.0429063909859217,-0.1493626698132437,0.04698302231144,0.0333823865493172,1.0,0.5,0.5,0.8333333333333334,-0.032828614804497,-0.0625191442442649,-0.1973073804856729,0.2668739118249638,0.8133958593158765,67.6369681025902,67.6369681025902,IMPROVING
2024-11-08,CONSUMER_DISCRETIONARY,XLY,107.55999755859376,0.0751161929850596,0.0943127129588008,0.1746845922646365,0.2078606835765915,,0.0622032806063779,0.0955231030689196,0.0593506390377107,0.0849905843244567,0.1625657081756393,0.6666666666666666,0.8333333333333334,0.5,0.8333333333333334,0.061372881936312,0.0780156688332274,0.0711878272817452,0.2079726978807365,0.888620254286094,56.2226243643757,28.166170526366823,IMPROVING
2024-11-08,MATERIALS,XLB,47.23500061035156,0.0143885322324111,-0.0148086158930417,0.0430606330906477,0.0286368138902834,,-0.0469180482454646,-0.036100856105069,-0.1198732306485972,0.0009324025227264,0.0376615169162981,0.5,0.8333333333333334,0.1666666666666666,0.8333333333333334,-0.078899202715707,-0.0394868383275459,-0.0652849376668426,0.1865385411572372,1.0178557836476831,43.40359105428555,-11.779886892280338,WATCH
2024-11-08,CONSUMER_STAPLES,XLP,80.81999969482422,0.0083593032587652,-0.0100440923683812,0.0038504229334039,0.041226447243112,,-0.0421535247208041,-0.0753110662623128,-0.1072835972957686,-0.0148347675334065,0.0341253722256056,0.3333333333333333,0.6666666666666666,0.3333333333333333,0.5,-0.0397501081205186,-0.0587837248303712,-0.0523894199283881,0.0819055809137603,0.8557315489214679,15.900515195408978,-39.49756263980072,LAGGARD
2024-11-08,FINANCIALS,XLF,49.18999862670898,0.0546740838428594,0.0576220254115769,0.1238290635654755,0.175950190616301,,0.0255125930591539,0.0446675743697586,0.0274401460774202,0.0650643886375428,0.150508672099207,1.0,1.0,1.0,1.0,0.0734292430302471,0.0888845057556644,0.0925392201277499,0.1709192290835081,1.2086349320056056,12.245615789276783,-27.257019273015388,LAGGARD
2024-11-08,DEFENSIVE,XLU,39.59000015258789,0.0134391794274877,-0.0008832769062993,0.0636754125243415,0.1109864463965695,,-0.0329927092587222,-0.0154860766713753,-0.0375235981423112,-0.0042130300829288,0.1125591485977672,0.0,0.6666666666666666,0.0,0.3333333333333333,-0.0609599922433198,-0.0877898620861501,-0.1067127449208559,0.1513498807126399,1.0425858670956616,0.0,0.0,LAGGARD
2024-11-08,HEALTHCARE,XLV,150.17999267578125,0.0165154128326472,-0.0241081729065023,-0.0175966672815298,0.0458945365691303,,-0.0562176052589252,-0.0967581564772467,-0.1026155079697503,-0.0142953274833397,0.0157591711244098,0.3333333333333333,0.5,0.3333333333333333,0.3333333333333333,-0.0611219207736579,-0.1025125397173977,-0.0801177559970571,0.1145710089224876,0.970559160783777,0.0,-12.985653419742775,LAGGARD
2024-11-15,NUCLEAR,URA,30.299999237060547,-0.0225806697722403,-0.0944411217536024,0.1301753017769218,-0.0719755644408074,,-0.0964253724100338,0.0881565607169929,-0.1783123035000441,0.0136830298709582,0.0448635905022787,0.5,0.8333333333333334,0.1666666666666666,1.0,-0.1289152046355607,0.2232943568107661,0.0135352788384644,0.4843674036392835,1.0316106334584083,100.0,0.0,HOLD
2024-11-15,POWER_INDUSTRIALS,XLI,139.11000061035156,-0.0209725934572664,-0.0011488738220784,0.0760365247824312,0.1099497213593945,,-0.0031331244785097,0.0340177837225024,0.0036129823001578,0.0210732773340021,0.0960836172573729,0.8333333333333334,1.0,0.6666666666666666,1.0,0.0408348752620069,0.2090182327887909,0.1746370816390085,0.2060945943915312,1.18201666677448,71.08027880897927,-28.919721191020727,DECELERATING
2024-11-15,COMMUNICATION_SERVICES,XLC,95.1500015258789,-0.0107090744024612,0.0429683001721317,0.0874285888671875,0.1517976131567295,,0.0409840495157003,0.0454098478072586,0.0454608740974928,0.0422828411834863,0.117764722760683,0.8333333333333334,1.0,0.8333333333333334,1.0,0.0608152197247005,0.0972092672139746,0.0909098349320064,0.1596756688856367,0.8665549433514158,68.49530236918639,-14.580935733708685,DECELERATING
2024-11-15,ENERGY,XLE,47.3650016784668,0.010453369140625,0.0485942793557729,0.0480142050734673,-0.0024220274826927,,0.0466100286993416,0.0059954640135384,-0.1087587665419294,0.0477244262170417,0.0409089783060601,1.0,0.5,0.8333333333333334,0.8333333333333334,0.0398272464524266,-0.0178930168219973,-0.1525675478031095,0.2670186491359303,0.7948168661607629,66.21638834251753,66.21638834251753,IMPROVING
2024-11-15,AI_SOFTWARE,IGV,101.12999725341795,-0.0010865331160869,0.0955476105307631,0.1708926020315548,0.2000712149279382,,0.0935633598743317,0.128873860971626,0.0937344758687015,0.0901975829221177,0.1744662245471402,0.8333333333333334,0.8333333333333334,0.8333333333333334,0.8333333333333334,0.1382105472659684,0.2624190786106471,0.3771391947819578,0.2447567756082168,1.214497810488974,61.74347342774164,-23.71424832546092,DECELERATING
2024-11-15,SEMI,SOXX,211.2100067138672,-0.0870936801665223,-0.0791332134992383,-0.0950340320227319,-0.0746144337952486,,-0.0811174641556696,-0.1370527730826608,-0.1809511728544853,-0.0686691457373908,-0.0708542427870008,0.1666666666666666,0.3333333333333333,0.1666666666666666,0.1666666666666666,-0.0622506542730524,-0.1144996170403888,-0.1336611273360521,0.4138949926658226,0.7289230015972443,53.34590628082169,-23.404498600858624,WATCH
2024-11-15,CONSUMER_DISCRETIONARY,XLY,106.72000122070312,-0.0078095607749808,0.0698211032936149,0.1361047958098309,0.1944040631585797,,0.0678368526371835,0.094086054749902,0.088067324099343,0.0599236467230939,0.1482831603731633,0.6666666666666666,0.8333333333333334,0.5,0.8333333333333334,0.0692758802526447,0.0822853428843335,0.0920760797095003,0.2105886560407698,1.049414671015357,39.78145546635511,-17.24979439327685,LAGGARD
2024-11-15,MATERIALS,XLB,45.63999938964844,-0.0337673589519035,-0.0650414693512529,-0.0156368437953723,-0.0094411582439063,,-0.0670257200076843,-0.0576555848553012,-0.115777897303143,-0.0342886807747522,0.0003863141497668,0.3333333333333333,0.5,0.0,0.3333333333333333,-0.1044030714413615,-0.05914682380684,-0.0776246306662345,0.1956435575001512,1.038427352271571,17.88701615789482,-34.467853851271336,LAGGARD
2024-11-15,FINANCIALS,XLF,49.869998931884766,0.013823954546861,0.0472490560786946,0.1224397611826093,0.1736878550691614,,0.0452648054222633,0.0804210201226804,0.0673511160099247,0.0668977024648569,0.1591002542063848,1.0,1.0,1.0,1.0,0.0938176620341601,0.1318094751350616,0.1360419455477836,0.1707639347888024,1.2356487358730663,13.893889063814086,-19.18172400351179,LAGGARD
2024-11-15,CONSUMER_STAPLES,XLP,79.95999908447266,-0.0106409380549234,-0.0277237212855195,-0.0229716194714387,0.0223756555489773,,-0.0297079719419509,-0.0649903605313676,-0.0839610835102593,-0.0217045606144916,0.0208843319594178,0.3333333333333333,0.6666666666666666,0.3333333333333333,0.5,-0.0352277112310657,-0.0569488970033784,-0.0518616227992284,0.0758985831434148,0.906393415066492,6.68389508591283,-36.44634755236275,LAGGARD
2024-11-15,DEFENSIVE,XLU,39.625,0.0008840577741149,-0.0329468828406113,0.0507823113768215,0.0955212055836118,,-0.0349311334970426,0.0087635703168926,-0.0108155334756248,-0.007501647243714,0.1061676684219854,0.0,0.5,0.0,0.3333333333333333,-0.0578862521061079,-0.0811220549838872,-0.0939910693495281,0.1505124847089305,1.0408913979227468,0.0,0.0,LAGGARD
2024-11-15,HEALTHCARE,XLV,141.83999633789062,-0.0555333382915763,-0.0737282582441103,-0.0875522732553225,-0.0305515774403112,,-0.0757125089005417,-0.1295710143152514,-0.1368883164995479,-0.0615758419066413,-0.0402971869884346,0.1666666666666666,0.1666666666666666,0.1666666666666666,0.1666666666666666,-0.0901266696497243,-0.1572990873790476,-0.1415389481495673,0.1528417865709792,1.024196276147688,0.0,0.0,LAGGARD
2024-11-22,NUCLEAR,URA,33.119998931884766,0.0930692992023254,0.0494296417091464,0.2787644563588685,0.0349999666213989,,0.0209859549806568,0.2222962163939423,-0.0897922799401569,0.0802348109182633,0.1380269718679643,0.8333333333333334,1.0,0.6666666666666666,1.0,0.0049788146895775,0.3908391129996882,0.1140823504444834,0.498985043192566,1.1300729696546423,100.0,0.0,HOLD
2024-11-22,POWER_INDUSTRIALS,XLI,142.64999389648438,0.0254474392250803,0.0535450541123565,0.0851208474906977,0.1461513333265085,,0.0251013673838669,0.0286526075257715,0.0213590867649526,0.0378545689398381,0.118551518790527,1.0,1.0,1.0,1.0,0.0692129148029329,0.209876761903799,0.1591414403200591,0.2088913898281044,1.2612888993309816,55.4353208687526,-44.5646791312474,DECELERATING
2024-11-22,COMMUNICATION_SERVICES,XLC,96.87999725341795,0.0181817729878706,0.0663731302209602,0.109482336142981,0.1679324993088016,,0.0379294434924706,0.0530140961780549,0.0431402527472457,0.0497231243457962,0.1321261510200992,0.6666666666666666,0.8333333333333334,0.6666666666666666,1.0,0.0545474474634896,0.1017410572093383,0.0816674547087096,0.1596668696255746,0.9659819699968868,51.54586308742415,-27.329466053432625,WATCH
2024-11-22,ENERGY,XLE,48.6349983215332,0.0268129757851096,0.0835468450535947,0.0656222386489351,0.0645725480916119,,0.0551031583251051,0.009153998684009,-0.0602196984699439,0.0620966474007853,0.0653946270994125,1.0,0.6666666666666666,1.0,0.8333333333333334,0.0406073159823463,-0.0150314047549615,-0.1116422913004443,0.2709210577182573,0.8780376791708266,49.139120960657145,49.139120960657145,EARLY TURN
2024-11-22,SEMI,SOXX,216.1699981689453,0.0234836953620174,-0.05841102689762,-0.0647659481709488,-0.0938547938413234,,-0.0868547136261096,-0.1212341881358749,-0.2186470404028793,-0.0439820565036165,-0.0498491910117145,0.1666666666666666,0.3333333333333333,0.1666666666666666,0.5,-0.0725451463807562,-0.0619735047897288,-0.1958503368759034,0.4185167090435629,0.8907802156684569,43.80312688624417,-56.19687311375583,WATCH
2024-11-22,CONSUMER_DISCRETIONARY,XLY,109.0500030517578,0.021832850491035,0.0861013333754803,0.1655622691039848,0.2424519451132105,,0.0576576466469906,0.1090940291390587,0.1176596985516547,0.069458440594474,0.167218379875776,0.6666666666666666,0.8333333333333334,0.6666666666666666,0.8333333333333334,0.0501871083605563,0.1086688816879751,0.1352301417518951,0.2087101751147891,1.1034194362342962,29.16920528490354,-49.57537304257927,LAGGARD
2024-11-22,AI_SOFTWARE,IGV,106.04000091552734,0.0485514070548778,0.1501085078674617,0.2216589537709687,0.2791314712150496,,0.1216648211389721,0.1651907138060426,0.1543392246534938,0.1205275290146399,0.2242068520025992,0.8333333333333334,0.8333333333333334,0.8333333333333334,0.8333333333333334,0.1478940054781733,0.2914338440838869,0.4315811256594272,0.2540124410586668,1.5734987692005753,16.84792194322972,-83.15207805677028,LAGGARD
2024-11-22,CONSUMER_STAPLES,XLP,81.83999633789062,0.0235117217976936,0.0096224870810421,-0.0081202979153195,0.0614785727312372,,-0.0188211996474474,-0.0645885378802456,-0.0633136738303186,0.0038638099206125,0.0420399864518399,0.6666666666666666,0.6666666666666666,0.6666666666666666,0.5,-0.0061933046266053,-0.0414825685099833,-0.0176803579527142,0.0907602606996408,0.9754363270586028,6.0633399173935345,0.5339073919432522,LAGGARD
2024-11-22,DEFENSIVE,XLU,40.72499847412109,0.0277602138579455,0.0133117657549897,0.0676365968120551,0.1391607964789116,,-0.0151319209734999,0.011168356847129,0.0143685499173558,0.0163463731467623,0.1289098211525496,0.5,0.5,0.5,0.3333333333333333,-0.0349916582950491,-0.0861740895372383,-0.0661536385700913,0.1577946479987138,1.0697909090198414,0.0,0.0,LAGGARD
2024-11-22,FINANCIALS,XLF,50.72999954223633,0.0172448491832974,0.0879261930132058,0.1090948334205832,0.2191780533071159,,0.0594825062847161,0.0526265934556571,0.09438580674556,0.0710440153568847,0.1715326412441655,1.0,1.0,1.0,1.0,0.1094001154712995,0.1138086024852555,0.1577242246792688,0.1659705847740965,1.385981661880882,0.0,-62.8072029100477,LAGGARD
2024-11-22,HEALTHCARE,XLV,144.16000366210938,0.0163565100403135,-0.0298135324379948,-0.0829516128452992,-0.0018002666537344,,-0.0582572191664845,-0.1394198528102254,-0.1265925132152903,-0.0385936127781803,-0.0243588529761504,0.1666666666666666,0.1666666666666666,0.1666666666666666,0.1666666666666666,-0.0759390785105683,-0.1612035295970679,-0.1188405752876072,0.1561170565992616,1.1853902883844367,0.0,0.0,LAGGARD
2024-11-22,MATERIALS,XLB,47.04499816894531,0.0307843733147714,0.0013835382576057,-0.0020152995743141,0.0298817393750077,,-0.0270601484708838,-0.0584835395392402,-0.0949105071865481,-0.0060320745196191,0.0286685389532472,0.3333333333333333,0.6666666666666666,0.5,0.3333333333333333,-0.041718798500075,-0.0581317573747588,-0.0441940553951621,0.2036832078215472,1.157178091855429,0.0,-53.81583894537458,LAGGARD
2024-11-29,NUCLEAR,URA,32.349998474121094,-0.0232488068416689,0.0585732669980434,0.3955995706737663,0.0034118111019754,,0.0033932253580932,0.2805096229957475,-0.1391446357415267,0.0376238579836283,0.1064651611629927,0.6666666666666666,0.8333333333333334,0.6666666666666666,1.0,-0.0351438219436403,0.5029299630781604,0.0838243067475058,0.4231750519773909,1.1209444355462086,100.0,0.0,HOLD
2024-11-29,POWER_INDUSTRIALS,XLI,143.99000549316406,0.0093937024466477,0.0744721393583747,0.1437763618339007,0.1658165573857275,,0.0192920977184245,0.028686414155882,0.0232601105422254,0.0394289039478668,0.123822238152069,1.0,1.0,1.0,1.0,0.0495371896063082,0.2202103358095235,0.1585221359674018,0.1760125888284061,1.053095041839346,91.48422537284827,-8.515774627151728,DECELERATING
2024-11-29,SEMI,SOXX,215.3999938964844,-0.0035620311744608,-0.0234835791620754,0.0562447978848248,-0.079526520435895,,-0.0786636208020256,-0.0588451497931938,-0.2220829672793971,-0.0438905160078031,-0.0535709580036189,0.1666666666666666,0.3333333333333333,0.1666666666666666,0.8333333333333334,-0.0702744131059134,-0.0038616746130688,-0.2131243931628108,0.3299535562209702,0.861100119708892,70.93615998522363,-27.9115408473546,DECELERATING
2024-11-29,COMMUNICATION_SERVICES,XLC,98.4000015258789,0.0156895573446902,0.0649350638627375,0.1746449262156371,0.1818400072207096,,0.0097550222227873,0.0595549785376183,0.0392835603772074,0.0553297491383146,0.1436474851651357,0.8333333333333334,1.0,0.8333333333333334,1.0,0.0396217003488685,0.1164796791045513,0.0767040987974283,0.1133189018265121,0.9103871187076285,60.385804061900984,-23.511316274674215,DECELERATING
2024-11-29,ENERGY,XLE,47.76499938964844,-0.0178883306653589,0.0851982290582953,0.1106847623138966,0.0250000204651148,,0.0300181874183451,-0.004405185364122,-0.1175564263783872,0.0354433094219981,0.0436017413251503,0.6666666666666666,0.6666666666666666,1.0,1.0,0.0121233148590296,-0.0222736344214314,-0.163653306565195,0.2372482013460497,0.8236455119117115,44.11967172104917,44.11967172104917,EARLY TURN
2024-11-29,CONSUMER_DISCRETIONARY,XLY,111.1500015258789,0.0192572069266645,0.1110000855633046,0.2187500575132557,0.2632835228144778,,0.0558200439233544,0.1036601098352369,0.1207270759709757,0.0765341893869511,0.1832036365329268,0.6666666666666666,0.8333333333333334,1.0,0.8333333333333334,0.0535694323645264,0.0950576653169158,0.129667964911189,0.1896444446085651,1.0762100473561724,8.964489946413629,-81.52338014677991,LAGGARD
2024-11-29,CONSUMER_STAPLES,XLP,83.22000122070312,0.0168622305054231,0.0383031769978565,0.0027714587643579,0.0760279953612015,,-0.0168768646420935,-0.1123184889136608,-0.0665284514823005,0.0205783790711058,0.0567719920271341,0.6666666666666666,0.6666666666666666,0.6666666666666666,0.6666666666666666,-0.000167245904042,-0.0881498704031916,-0.0199309628850207,0.0971435580886783,0.964566163865233,3.9841127887032215,-26.01861871132146,LAGGARD
2024-11-29,AI_SOFTWARE,IGV,104.76000213623048,-0.012070905019291,0.1354866649747372,0.2567178667129408,0.341529095262604,,0.0803066233347871,0.1416279190349221,0.1989726484191019,0.0890945295868699,0.2024607393733843,1.0,1.0,1.0,1.0,0.1430867420379501,0.2901347482712054,0.4560053234174344,0.2301297758957381,1.7846249607526674,3.6319244652618607,-96.36807553473814,LAGGARD
2024-11-29,FINANCIALS,XLF,51.34000015258789,0.0120244552701738,0.1007718873165894,0.1591781235341751,0.2329491091527451,,0.0455918456766393,0.0440881758561564,0.090392662309243,0.071078387854955,0.1781106376787085,1.0,1.0,1.0,1.0,0.0801044110171704,0.1227094877623345,0.1437932236332621,0.1379993836845168,1.3620920487120136,3.4615786075415826,-54.15835757204964,LAGGARD
2024-11-29,DEFENSIVE,XLU,41.46500015258789,0.0181706987401617,0.0614361093113673,0.0924778857120574,0.1404015252074268,,0.0062560676714171,-0.0226120619659613,-0.0021549216360752,0.0311470547538863,0.1411312271395579,0.5,0.5,0.5,0.5,-0.0323480135472787,-0.1288522835270212,-0.0747488800648568,0.1577547167789053,0.9275752255779464,0.0,0.0,LAGGARD
2024-11-29,HEALTHCARE,XLV,147.41000366210938,0.0225443945438399,-0.0022336660267009,-0.0424812823369626,0.0258177229829967,,-0.0574137076666511,-0.1575712300149814,-0.1167387238605053,-0.0117323474194244,-0.0022876513497436,0.1666666666666666,0.3333333333333333,0.1666666666666666,0.1666666666666666,-0.0704351128996366,-0.1797081498499538,-0.1045288011400154,0.1639128431571784,1.1692977933551842,0.0,-1.4529948781213662,LAGGARD
2024-11-29,MATERIALS,XLB,47.38999938964844,0.0073334304204706,0.0177171864548546,0.0543998155840632,0.0355074843586156,,-0.0374628551850955,-0.0606901320939554,-0.1070489624848864,0.0005066961162223,0.033965508405735,0.5,0.6666666666666666,0.6666666666666666,0.8333333333333334,-0.0362951588902504,-0.0572316180605937,-0.0602397818258035,0.1739111376919523,1.1452374870860158,0.0,-43.344266706787295,LAGGARD
2024-12-06,NUCLEAR,URA,31.799999237060547,-0.0170015228130698,0.0258064270019531,0.2504915004105712,0.0614152272635251,,0.0097245883254035,0.1689983116823692,-0.0767844065324019,0.0112252324585362,0.0843989544919654,0.5,0.8333333333333334,0.8333333333333334,1.0,0.0071499208406392,0.3337971042243587,0.1306304728681515,0.4034944035862298,0.9572013110987022,100.0,0.0,HOLD
2024-12-06,POWER_INDUSTRIALS,XLI,140.55999755859375,-0.0238211528836503,-0.0107678148971059,0.0765106048402741,0.1490230969890429,,-0.0268496535736555,-0.0049825838879278,0.0108234631931158,0.010488779056623,0.0929909100163,1.0,1.0,0.5,1.0,-0.0157599478865237,0.1446228768754897,0.2218551581191927,0.1797540650578422,0.8467167338895735,100.0,31.338254896090376,LEADER
2024-12-06,COMMUNICATION_SERVICES,XLC,100.93000030517578,0.025711369309598,0.0493865666971138,0.1618510085651741,0.1958530625645593,,0.0333047280205642,0.0803578198369721,0.0576534287686323,0.0699331104625653,0.1659682384657175,1.0,1.0,0.8333333333333334,1.0,0.0635783095677129,0.1339046039286914,0.0993189873095179,0.104384787410751,0.8690537824159806,68.07488635828896,-3.8284046321734166,HOLD
2024-12-06,FINANCIALS,XLF,50.400001525878906,-0.0183092836757929,0.024598555254135,0.1323298905067857,0.2150434446017757,,0.0085167165775854,0.0508367017785837,0.0768438108058486,0.0400759777991828,0.1498711245079482,1.0,1.0,1.0,1.0,0.0088538316435941,0.1384522823061434,0.1440235199506546,0.1518566762148289,1.0031946066796973,59.54504752219081,47.29943173291403,IMPROVING
2024-12-06,ENERGY,XLE,45.5099983215332,-0.047210323394329,-0.0291200358072917,0.0634419971668105,0.0114457028975167,,-0.0452018744838412,-0.0180511915613914,-0.1267539308984102,-0.0175188831079446,-0.0067195736932202,0.0,0.1666666666666666,0.0,0.8333333333333334,-0.0591869837659488,-0.0368040764671167,-0.1737640371291965,0.2640346659009044,0.7688520247542312,41.67883884714976,-25.95812925544044,WATCH
2024-12-06,SEMI,SOXX,219.8300018310547,0.0205664255343445,-0.0498357483959178,-0.0135517352019193,-0.0841179988418272,,-0.0659175870724674,-0.0950449239301213,-0.2223176326377542,-0.018629212763231,-0.033386054198366,0.3333333333333333,0.3333333333333333,0.0,0.5,-0.0730548123294545,-0.0391695158043089,-0.2334646971646722,0.2681421509903887,0.8985389113857205,41.29354794429015,-58.70645205570985,WATCH
2024-12-06,CONSUMER_STAPLES,XLP,82.37999725341797,-0.0100937749935551,0.0193021227973804,-0.0184678070549492,0.0607776637745833,,0.0032202841208308,-0.0999609957831512,-0.0774219700213436,0.0110704502838212,0.0434815381970259,0.6666666666666666,0.6666666666666666,0.6666666666666666,0.3333333333333333,0.0121696690523578,-0.0787722009818522,-0.033415655193492,0.0958895086214262,0.8864345631779669,2.6811942232960604,-13.219320972112918,LAGGARD
2024-12-06,MATERIALS,XLB,45.95500183105469,-0.030280598798809,-0.0270985236108235,-0.0084151338736877,0.0236106774135851,,-0.0431803622873731,-0.0899083226018897,-0.1145889563823419,-0.0246309108002233,0.0015774383974105,0.3333333333333333,0.5,0.1666666666666666,0.3333333333333333,-0.051151157321173,-0.1058361361805765,-0.0721819198918872,0.1767238485500811,1.0023759621752952,0.6919015377081053,-42.711689516577444,LAGGARD
2024-12-06,AI_SOFTWARE,IGV,110.0500030517578,0.0504963803708995,0.0870209934204384,0.2601626101492174,0.3691217568072036,,0.0709391547438889,0.1786694214210153,0.2309221230112765,0.1198624533614625,0.2548496869923204,1.0,1.0,1.0,1.0,0.1034227133171636,0.2917995298711771,0.5093823704401764,0.2318499044839345,1.8674683360115396,0.0,-100.0,LAGGARD
2024-12-06,CONSUMER_DISCRETIONARY,XLY,116.4000015258789,0.0472334676376737,0.0821867252504309,0.2094763519285032,0.3103681090456291,,0.0661048865738813,0.1279831632003012,0.1721684752497021,0.1101997370192542,0.2312623399742268,0.6666666666666666,0.8333333333333334,1.0,0.8333333333333334,0.0650643574483512,0.1283314872721469,0.2015221202446366,0.1825765523861278,1.0370232153894408,0.0,-56.2226243643757,LAGGARD
2024-12-06,DEFENSIVE,XLU,39.845001220703125,-0.0390690685137657,0.0064410474143068,0.0146422397819396,0.139405199594728,,-0.0096407912622427,-0.0668509489462623,0.001205565798801,-0.0082387055581969,0.0898113424567736,0.3333333333333333,0.5,0.5,0.1666666666666666,-0.0224949689143412,-0.1321067165801978,-0.1016107022487509,0.1720343669418247,0.7591816162915904,0.0,0.0,LAGGARD
2024-12-06,HEALTHCARE,XLV,144.27999877929688,-0.0212333274883232,-0.0392861511800821,-0.0760758491560862,-0.0146827426348699,,-0.0553679898566317,-0.1575690378842882,-0.1528823764307969,-0.0270153708380387,-0.0231319013176571,0.0,0.1666666666666666,0.1666666666666666,0.0,-0.0673137073088637,-0.1743662642816098,-0.1511862125624416,0.162455274725615,1.058231863655329,0.0,0.0,LAGGARD
2024-12-13,FINANCIALS,XLF,49.540000915527344,-0.0170635036570381,-0.0066171650977605,0.0849759325685837,0.2186961637378739,,-0.038132354124916,0.0216938877420878,0.1055195740329091,0.0141871799415911,0.1245290007283506,1.0,1.0,0.0,1.0,-0.0533684770967161,0.0861190048351245,0.1652503932467736,0.1576703301511483,0.8838301432881934,100.0,86.10611093618591,LEADER
2024-12-13,NUCLEAR,URA,29.38999938964844,-0.0757861605418981,-0.0300329990206426,0.0813097520109966,-0.0057510175698687,,-0.061548188047798,0.0180277071845007,-0.1189276072748335,-0.0626395350200993,0.0010814502577101,0.0,0.8333333333333334,0.5,0.8333333333333334,-0.0343374461955961,0.1086656761548945,0.0690148569574309,0.4323690161803626,0.815366880156407,100.0,0.0,HOLD
2024-12-13,POWER_INDUSTRIALS,XLI,137.42999267578125,-0.0222681056999003,-0.0120768307612623,0.0319117002082014,0.1343787944272108,,-0.0435920197884177,-0.0313703446182944,0.0212022047222459,-0.0133747216021057,0.0655181068902577,0.5,1.0,0.5,1.0,-0.0227557991166325,0.0622537139886595,0.1886232435101517,0.1861121729500244,0.8044929819669704,95.74843868418765,24.668159875208374,LEADER
2024-12-13,COMMUNICATION_SERVICES,XLC,100.94000244140624,9.909973447164155e-05,0.0608512960869747,0.1354330788399647,0.1998098863280937,,0.0293361070598192,0.0721510340134687,0.0866332966231289,0.0587482740354554,0.1589377599559631,1.0,1.0,0.6666666666666666,1.0,0.0293873997506981,0.1173072669765153,0.1082150006213691,0.1043544614972237,0.938284739029018,79.55305549120806,11.057753122021666,LEADER
2024-12-13,SEMI,SOXX,223.3000030517578,0.0157849301360144,0.0572415887201278,-0.0016542009219673,-0.1140294834151476,,0.0257263996929724,-0.0649362457484632,-0.2272060731201124,0.0003359907060869,-0.0176065190504817,0.5,0.3333333333333333,0.8333333333333334,0.5,0.0014731268990955,-0.0300146285423697,-0.2780204845357866,0.2702074821169078,0.8143702435011199,33.43071081467287,-19.915195466148816,LAGGARD
2024-12-13,AI_SOFTWARE,IGV,105.7699966430664,-0.0388914701499687,0.045881533824442,0.1857623347727115,0.273723452275262,,0.0143663447972866,0.1224802899462156,0.1605468625702972,0.0592040423123727,0.1989242610484565,0.8333333333333334,1.0,0.8333333333333334,1.0,0.0396752785193874,0.2331460343136788,0.4522363578493211,0.2620237945115,1.5484186972120486,26.360990459142016,-35.382482968599625,LAGGARD
2024-12-13,ENERGY,XLE,44.61000061035156,-0.0197758238711207,-0.058165332428727,0.0051825042068682,0.0134030019639364,,-0.0896805214558824,-0.0580995406196276,-0.0997735877410284,-0.0328140473029249,-0.0266413418355584,0.0,0.0,0.0,0.5,-0.0948156466688689,-0.080063346844304,-0.1383242896254454,0.2586345265608748,0.7819530699598675,22.084519353627954,-44.13186898888958,LAGGARD
2024-12-13,CONSUMER_DISCRETIONARY,XLY,117.74500274658205,0.0115549931535361,0.1033077342557236,0.1972647443700972,0.3205293729333403,,0.0717925452285681,0.1339826995436013,0.2073527832283754,0.1033904569638539,0.2364682012395877,0.6666666666666666,0.8333333333333334,1.0,0.6666666666666666,0.0733077560093133,0.1328925043942105,0.2549332731474563,0.1823403425381385,0.9289174991556316,18.057537500655883,-21.72391796569923,LAGGARD
2024-12-13,CONSUMER_STAPLES,XLP,82.04000091552734,-0.0041271710272667,0.0260130297007294,-0.0121613738605286,0.0661469027829693,,-0.0055021593264259,-0.0754434186870245,-0.0470296869219954,0.0061936816916068,0.0369158149992165,0.5,0.6666666666666666,0.8333333333333334,0.3333333333333333,0.0122575463395948,-0.0538565573779433,-0.0085541234027444,0.0939582665331931,0.8379790484339068,0.0,-6.68389508591283,LAGGARD
2024-12-13,DEFENSIVE,XLU,38.81999969482422,-0.0257247206544525,-0.0203154651148461,-0.0304695602599253,0.1100943191229228,,-0.0518306541420016,-0.0937516050864212,-0.0030822705820419,-0.0293179936446289,0.0567578509462938,0.1666666666666666,0.5,0.5,0.0,-0.0343318447333115,-0.1263772470423118,-0.0823674287896205,0.1752966596158046,0.7019479696417831,0.0,0.0,LAGGARD
2024-12-13,HEALTHCARE,XLV,140.99000549316406,-0.0228028369418374,-0.0059926034029338,-0.0920272629989101,-0.0335206966408908,,-0.0375077924300892,-0.155309307825406,-0.1466972863458556,-0.0423240920100177,-0.044527461367357,0.0,0.0,0.5,0.0,-0.0327948441862488,-0.1750656439889605,-0.1572900269254948,0.1659975366097812,0.9566068605790152,0.0,0.0,LAGGARD
2024-12-13,MATERIALS,XLB,44.6150016784668,-0.0291589620105806,-0.0224583200019524,-0.0514510083298843,0.0028096200333591,,-0.0539735090291079,-0.1147330531563802,-0.1103669696716056,-0.0470646878666122,-0.0275957314218321,0.0,0.3333333333333333,0.0,0.1666666666666666,-0.0564983377546353,-0.1314908617211086,-0.0779791759184942,0.1823748902742611,1.0576166159704412,0.0,-17.88701615789482,LAGGARD
2024-12-20,NUCLEAR,URA,27.96999931335449,-0.0483157572570106,-0.1554951625790165,-0.0388316513162245,-0.0560242961332962,,-0.1481737317381168,-0.0732692503500347,-0.1416793140612732,-0.1021155026215834,-0.047351456208983,0.0,0.6666666666666666,0.0,0.5,-0.1480336760902871,-0.0337145040673909,0.0042879219443012,0.4218692183867243,0.7193443076853733,94.12397082154231,-5.876029178457685,HOLD
2024-12-20,POWER_INDUSTRIALS,XLI,133.82000732421875,-0.0262678130244757,-0.0618996631620832,-0.0074908736417691,0.0882329510922126,,-0.0545782323211836,-0.0419284726755793,0.0025779331642357,-0.036108067833244,0.0351656725286571,0.3333333333333333,1.0,0.0,0.6666666666666666,-0.0581273189137456,0.0486223401088028,0.1679939850707115,0.1940445796070923,0.895488207876019,87.88762202753938,32.45230115878678,LEADER
2024-12-20,AI_SOFTWARE,IGV,103.62000274658205,-0.0203270678332324,-0.022821559298864,0.1611385614863469,0.2223664840153962,,-0.0155001284579644,0.1267009624525368,0.1367114660874193,0.026570796216867,0.1679145133570105,0.8333333333333334,1.0,0.3333333333333333,1.0,0.0309995226981807,0.2621567581556736,0.4694041555095118,0.2708551877241835,1.5230124587230796,69.09228558219318,52.24436363896346,IMPROVING
2024-12-20,COMMUNICATION_SERVICES,XLC,97.95999908447266,-0.0295225211497635,0.0111478309421255,0.0883234836080755,0.1532846276057966,,0.0184692617830252,0.0538858845742653,0.0676296096778197,0.0194396879382974,0.1187277701759017,0.8333333333333334,1.0,0.6666666666666666,1.0,0.0282247738248845,0.1010777600438321,0.0924535409270634,0.1335726353309912,1.060214812197798,52.46116400584064,0.9153009184164844,HOLD
2024-12-20,FINANCIALS,XLF,48.5099983215332,-0.0207913317512941,-0.0437611125711684,0.0744185311650194,0.1737235947829933,,-0.0364396817302687,0.0399809321312092,0.0880685768550164,-0.0109487108672797,0.0963454716285017,0.0,1.0,0.0,1.0,-0.0585737462637857,0.087716560051153,0.1372403505931154,0.1640647649541652,0.9830256716769292,43.09282715291188,43.09282715291188,EARLY TURN
2024-12-20,CONSUMER_STAPLES,XLP,79.94000244140625,-0.0255972507397136,-0.0232159577407594,-0.0370994257552452,0.0292262691641023,,-0.0158945268998598,-0.0715370247890554,-0.0564287487638746,-0.0175136355795693,0.0089676573882753,0.3333333333333333,0.6666666666666666,0.1666666666666666,0.3333333333333333,-0.0157685185417992,-0.0453054484536853,-0.0155131656261262,0.1070019120365118,0.9260044037639616,15.756603616689063,9.693263699295528,LAGGARD
2024-12-20,SEMI,SOXX,214.82000732421875,-0.0379757976338832,-0.0062450425876003,-0.0767577183847035,-0.1399631340617005,,0.0010763882532992,-0.1111953174185137,-0.2256181519896775,-0.0286713942204831,-0.0545039712065713,0.0,0.3333333333333333,0.0,0.1666666666666666,-0.0365730979278893,-0.1149238483788787,-0.2748591480631614,0.2648247667945594,0.8699003212852222,5.877157406118108,-37.925969480126064,LAGGARD
2024-12-20,CONSUMER_DISCRETIONARY,XLY,114.45500183105467,-0.0279417456264219,0.0495644074097965,0.1397630344356017,0.2535458238705752,,0.0568858382506961,0.1053254354017916,0.1678908059425983,0.0565548442388914,0.1939481305987249,0.5,0.8333333333333334,0.6666666666666666,0.5,0.0609839439951579,0.0921591370819987,0.2089014796396902,0.2025520268050386,1.1845767284438204,0.0,-29.16920528490354,LAGGARD
2024-12-20,DEFENSIVE,XLU,38.21500015258789,-0.0155847384593614,-0.0616328647164515,-0.049614498316543,0.1014555552305938,,-0.0543114338755519,-0.0840520973503532,0.0158005373026168,-0.0410649391636114,0.0357175551557096,0.0,0.5,0.0,0.0,-0.0367784273333264,-0.1094555998263039,-0.0794540669466708,0.1766495890282344,0.7835720410604475,0.0,0.0,LAGGARD
2024-12-20,ENERGY,XLE,42.06999969482422,-0.0569379260429319,-0.1349850694618473,-0.0349811098331771,-0.0625069705888753,,-0.1276636386209476,-0.0694187088669873,-0.1481619885168522,-0.0792295850991927,-0.080200931979377,0.0,0.0,0.0,0.0,-0.1347993855599773,-0.1006091779066245,-0.1931840302193401,0.2837353276347023,0.8812281470184847,0.0,-49.139120960657145,LAGGARD
2024-12-20,HEALTHCARE,XLV,138.0,-0.0212072159491406,-0.0427303239846438,-0.0981571288268752,-0.060009520503381,,-0.0354088931437441,-0.1325947278606853,-0.1456645384313579,-0.0524060693668873,-0.0636227617214961,0.0,0.0,0.1666666666666666,0.0,-0.0356767955506513,-0.1519434629498555,-0.1528677313981289,0.167850973698603,1.0768372120456966,0.0,0.0,LAGGARD
2024-12-20,MATERIALS,XLB,42.790000915527344,-0.0409055406092314,-0.0904452634504876,-0.1170036788292484,-0.0452922533047517,,-0.083123832609588,-0.1514412778630586,-0.1309472712327286,-0.0758697918420792,-0.0660442249812612,0.0,0.3333333333333333,0.0,0.0,-0.0939276312525435,-0.1811433092687781,-0.1138823235851767,0.1790970724716208,1.2084413436419503,0.0,0.0,LAGGARD
2024-12-27,AI_SOFTWARE,IGV,102.27999877929688,-0.0129319043791412,-0.0236731892550802,0.1377085321834419,0.1769850055622586,,-0.0111597411095391,0.099260366369948,0.083658700397676,0.0033844992632676,0.1475437361050113,0.8333333333333334,1.0,0.3333333333333333,0.8333333333333334,0.0201421737464363,0.2147266001957881,0.3915992015168394,0.2761517197780463,1.4286231305965358,77.4490639895715,73.81713952430964,LEADER
2024-12-27,NUCLEAR,URA,28.100000381469727,0.0046478752701708,-0.1313755268350699,-0.0732189754518189,-0.0293609795878783,,-0.1188620786895288,-0.1116671412653128,-0.1226872847524608,-0.0821492424732527,-0.0423120673293712,0.0,0.6666666666666666,0.0,0.3333333333333333,-0.1342867576178018,-0.1099883616939002,0.0455901157524149,0.4106042987499647,0.6952252304456066,73.86413764840214,-26.135862351597865,DECELERATING
2024-12-27,FINANCIALS,XLF,48.75,0.0049474682904753,-0.0504479965892118,0.0679079599233685,0.1858428430118941,,-0.0379345484436707,0.0294597941098746,0.0925165378473116,-0.0083401108357344,0.0972254198703537,0.3333333333333333,1.0,0.0,1.0,-0.0453527971376285,0.0846356127766733,0.1241431463848404,0.1637056248011172,0.9910385489650412,63.26083182587679,59.79925321833521,IMPROVING
2024-12-27,POWER_INDUSTRIALS,XLI,133.25999450683594,-0.004184821302737,-0.0745191372802436,-0.0166039413416587,0.0934601748055949,,-0.0620056891347025,-0.0550521071551526,0.0001338696410124,-0.0359685402602236,0.0292314125817021,0.1666666666666666,1.0,0.0,0.5,-0.0592981106002155,0.0090684923325177,0.1804734617333159,0.1937942225425848,0.9147860890244408,53.37020133595166,-38.11402403689661,WATCH
2024-12-27,COMMUNICATION_SERVICES,XLC,98.16000366210938,0.0020416964016531,-0.0024390026427633,0.0801057067419488,0.1459257467383137,,0.0100744455027778,0.0416575409284549,0.0525994415737312,0.0142067783549795,0.1158064418437501,0.8333333333333334,1.0,0.5,1.0,0.0223465933657126,0.0856481062488532,0.0946492266253262,0.133859240044637,1.123792807487238,50.32388103497192,-10.061923026929065,WATCH
2024-12-27,SEMI,SOXX,221.63999938964844,0.031747471524552,0.0289693856544992,-0.0408516633486438,-0.1013258930317022,,0.0414828338000403,-0.0792998291621377,-0.1946521981962847,0.0056763174046334,-0.0240777295730584,0.3333333333333333,0.3333333333333333,0.3333333333333333,0.3333333333333333,-0.0042958301978921,-0.0965726467415541,-0.2548927748014784,0.2761820153205599,0.8577526538703961,15.91120028874569,-55.024959696477936,LAGGARD
2024-12-27,CONSUMER_STAPLES,XLP,79.30000305175781,-0.0080059966237496,-0.0471040388301522,-0.0266355485016719,0.0355184272090225,,-0.0345905906846111,-0.0650837143151658,-0.0578078779555599,-0.021845010653494,-0.0002647026051731,0.1666666666666666,0.5,0.0,0.5,-0.0264230026705325,-0.042791325250842,-0.0215138848504676,0.101817322635939,0.975645615071009,2.226404334343812,-1.7577084543594097,LAGGARD
2024-12-27,CONSUMER_DISCRETIONARY,XLY,114.87000274658205,0.0036258871074932,0.0334682966228929,0.1593077035672396,0.2595395459472771,,0.045981744768434,0.1208595377537458,0.1662132407826946,0.0457938982986991,0.1909751803946315,0.5,0.8333333333333334,0.5,0.5,0.0521700137693267,0.1186923540745239,0.2243625326429973,0.1957840548235782,1.2663784706438954,0.0,-8.964489946413629,LAGGARD
2024-12-27,DEFENSIVE,XLU,38.040000915527344,-0.0045793336742586,-0.0825997642459139,-0.0643216810303088,0.1165248387515023,,-0.0700863161003728,-0.1027698468438027,0.0231985335869198,-0.0383740050993587,0.0267241345626076,0.0,0.3333333333333333,0.0,0.1666666666666666,-0.0426639373155792,-0.1010964234933181,-0.0755107336892373,0.1733308247275679,0.7889374127857978,0.0,0.0,LAGGARD
2024-12-27,ENERGY,XLE,42.27999877929688,0.0049916588066554,-0.1148330509879639,-0.0925091513023231,-0.0722984515300765,,-0.1023196028424228,-0.130957317115817,-0.165624756694659,-0.0687429948491965,-0.0736247313827698,0.0,0.0,0.0,0.0,-0.1015645485068886,-0.1540420644366452,-0.2090922618641428,0.2352668535508685,0.8999779136422217,0.0,-44.11967172104917,LAGGARD
2024-12-27,HEALTHCARE,XLV,138.9499969482422,0.0068840358568273,-0.0573909945301884,-0.0836850599609836,-0.046655252499196,,-0.0448775463846473,-0.1221332257744775,-0.1399815576637785,-0.03650133130591,-0.0561375876623984,0.0,0.0,0.0,0.0,-0.045347595925534,-0.1399271083010596,-0.1507644800989958,0.1707773128714118,1.0962312578152569,0.0,0.0,LAGGARD
2024-12-27,MATERIALS,XLB,42.470001220703125,-0.0074783755077719,-0.1038193338744799,-0.1074918138527104,-0.0381609694298938,,-0.0913058857289388,-0.1459399796662043,-0.1314872745944764,-0.0700373103344278,-0.0713996490304182,0.0,0.1666666666666666,0.0,0.1666666666666666,-0.0983522312615352,-0.167733845462017,-0.1076387799096756,0.1782079305251343,1.213632154664167,0.0,0.0,LAGGARD
2025-01-03,NUCLEAR,URA,28.84000015258789,0.0263345110701902,-0.0930817344493202,-0.0386666615804036,-0.028629180403506,0.0697329796720209,-0.0669880778538911,-0.0600096940391468,-0.0958980333048656,-0.0495336430991275,-0.0171001987117405,0.1666666666666666,0.6666666666666666,0.1666666666666666,0.3333333333333333,-0.0381031374322154,0.0079889544005947,0.1403294925489234,0.4153458019742661,0.7719722498187579,85.52755718461437,-14.472442815385634,DECELERATING
2025-01-03,AI_SOFTWARE,IGV,101.47000122070312,-0.007919413064734,-0.0779645760393065,0.093191139348401,0.1410097927864002,0.3124742066808914,-0.0518709194438774,0.0718481068896579,0.0737409398850406,-0.0135326850560771,0.1333061750592572,0.5,0.8333333333333334,0.1666666666666666,0.8333333333333334,-0.0288972838064077,0.1806343778145032,0.3599231809195819,0.2744145395435465,1.178345419034396,80.84197505353487,80.84197505353487,LEADER
2025-01-03,COMMUNICATION_SERVICES,XLC,97.87999725341795,-0.0028525509193668,-0.0302189937831736,0.0823841305219568,0.1153144356295496,0.3586895614866814,-0.0041253371877445,0.0610410980632136,0.04804558272819,0.0040209745114614,0.1075185442634167,0.8333333333333334,1.0,0.1666666666666666,1.0,-0.0021554448146251,0.0970791225182964,0.0783899341315398,0.133072009917388,1.1704696229393956,66.93675463388834,-1.1381317244006226,HOLD
2025-01-03,FINANCIALS,XLF,48.59000015258789,-0.0032820481520432,-0.0359127245732647,0.0447216062377642,0.1697159143399371,0.287152321922858,-0.0098190679778357,0.023378573779021,0.1024470614385775,-0.0155198883025471,0.0896573338832302,0.1666666666666666,1.0,0.0,1.0,-0.0151950072187072,0.0644104739534168,0.1398033289899496,0.1617929428482294,0.9000991679631892,65.22459405999463,5.679546537803816,HOLD
2025-01-03,POWER_INDUSTRIALS,XLI,132.72000122070312,-0.0040521785111218,-0.0557768673453658,-0.0411789988704174,0.0948688325704778,0.191061660748631,-0.0296832107499367,-0.0625220313291605,0.0275999796691182,-0.0380098957170076,0.0237245470690568,0.1666666666666666,1.0,0.1666666666666666,0.5,-0.0213563244455328,0.0224731276102895,0.2239640881788211,0.1869206940095386,0.9517493584200812,46.05077062440067,-53.94922937559933,WATCH
2025-01-03,CONSUMER_DISCRETIONARY,XLY,112.94000244140624,-0.0168016040657159,-0.0297250776556339,0.1490487474760473,0.1932382527276193,0.3085390526715521,-0.0036314210602048,0.1277057150173042,0.1259693998262596,0.0166211446967106,0.1646270814378767,0.5,0.8333333333333334,0.1666666666666666,0.5,-0.0022895140458133,0.1493984784332686,0.1419165081805407,0.200965597564076,1.193931231902084,25.384956533878373,25.384956533878373,LAGGARD
2025-01-03,SEMI,SOXX,222.47000122070312,0.0037448196775868,0.012009277021602,-0.0551686278891073,-0.1267467184109488,0.2317474290710863,0.0381029336170311,-0.0765116603478505,-0.1940155713123085,0.0127095102789209,-0.0200509169716611,0.6666666666666666,0.3333333333333333,0.5,0.1666666666666666,0.0079752201300429,-0.0923725885278351,-0.2289948355015547,0.2723111569077691,0.8474306103115942,24.567491892155925,-16.726056052134222,LAGGARD
2025-01-03,CONSUMER_STAPLES,XLP,78.33000183105469,-0.0122320451875647,-0.0491623641343984,-0.0405438214519811,0.0122771337730276,0.0877655812711666,-0.0230687075389693,-0.0618868539107242,-0.054991719128332,-0.0305452918931757,-0.0131062675528931,0.1666666666666666,0.3333333333333333,0.0,0.3333333333333333,-0.0224438137937249,-0.0492412937377258,-0.0303321469167782,0.1033483036788636,0.8583963866465263,14.912275284557403,12.231081061261342,LAGGARD
2025-01-03,DEFENSIVE,XLU,38.540000915527344,0.0131440585690392,-0.0327519203211296,-0.0273816803652405,0.1244346958359201,0.19448323708607,-0.0066582637257005,-0.0487247128239837,0.0571658429345605,-0.0216535707950503,0.0362234801250953,0.0,0.1666666666666666,0.0,0.0,-0.0098307216361517,-0.0912004472916155,-0.0587138678569026,0.1707521854919125,0.7385126158788059,0.0,0.0,LAGGARD
2025-01-03,ENERGY,XLE,43.73500061035156,0.0344134785492744,-0.0390023681970077,-0.0575368654063299,-0.0291897591338291,0.0329475780051078,-0.0129087116015786,-0.0788798978650731,-0.0964586120351888,-0.0342489749633092,-0.0399200782253488,0.0,0.0,0.0,0.0,-0.0101098408290164,-0.0994041048090174,-0.1411779778573557,0.251080849190101,0.90050982460915,0.0,-41.67883884714976,LAGGARD
2025-01-03,HEALTHCARE,XLV,138.9600067138672,7.203861709137449e-05,-0.0368726927532596,-0.0970173028461622,-0.0377397466244381,-0.0011500029394447,-0.0107790361578306,-0.1183603353049054,-0.1050085995257977,-0.029954375421065,-0.0546616780043973,0.0,0.1666666666666666,0.1666666666666666,0.0,-0.0075171680534557,-0.1330947956618157,-0.1138667812736008,0.1645043505498669,1.0844259091097432,0.0,0.0,LAGGARD
2025-01-03,MATERIALS,XLB,41.595001220703125,-0.0206027778396544,-0.0948754311093343,-0.1324433937749423,-0.0535836064017128,-0.0136352139722316,-0.0687817745139053,-0.1537864262336854,-0.1208524593030725,-0.0783292501787827,-0.0881138829505143,0.0,0.1666666666666666,0.0,0.0,-0.0722927944488629,-0.1913423947563745,-0.1097132376048382,0.1753418910559784,1.1663883060370928,0.0,-0.6919015377081053,LAGGARD
2025-01-10,AI_SOFTWARE,IGV,97.20999908447266,-0.041982872622271,-0.0809302999931114,0.0530820242170262,0.1132615600574109,0.1893168128105427,-0.0416723749741935,0.0600955489655546,0.0766537628512142,-0.0594734840100307,0.0817878772838154,0.0,0.8333333333333334,0.0,0.8333333333333334,-0.0455639419680461,0.1284671271885377,0.2707551142409464,0.2928485093578862,1.0597288496832633,74.74150179921668,48.38051134007466,IMPROVING
2025-01-10,NUCLEAR,URA,27.170000076293945,-0.0579056888855145,-0.0755358747688986,-0.1879856300144858,-0.1286080881858166,-0.1369123103118127,-0.0362779497499807,-0.1809721052659574,-0.1652158853920132,-0.094454055741025,-0.0713492204539145,0.1666666666666666,0.5,0.1666666666666666,0.1666666666666666,0.0335957997043001,-0.1296480270474022,0.0629453488571739,0.3327283726265544,0.7702738230865447,61.28868102067398,-38.71131897932602,DECELERATING
2025-01-10,POWER_INDUSTRIALS,XLI,131.3300018310547,-0.0104731719172981,-0.0443861687391441,-0.0570115760596432,0.0575777219222708,0.171438775453262,-0.0051282437202262,-0.0499980513111147,0.0209699247160741,-0.0462322605882394,0.0118984682858493,0.1666666666666666,1.0,0.1666666666666666,0.1666666666666666,0.0064838816089134,0.0286788161384467,0.2038314076789603,0.1861959991976433,0.9512912312491054,42.33246044067017,-53.41597824351748,WATCH
2025-01-10,CONSUMER_DISCRETIONARY,XLY,110.41000366210938,-0.0224012637206152,-0.0622956296519817,0.1068117558223513,0.1531672723885411,0.2693722625995745,-0.0230377046330638,0.1138252805708798,0.1165594751823444,-0.015339321687846,0.1324102917550691,0.3333333333333333,0.8333333333333334,0.0,0.5,-0.0251298958424979,0.1309845407278435,0.1358050488402516,0.2130508039145111,1.1261187200821463,39.398547823929285,21.3410103232734,EARLY TURN
2025-01-10,FINANCIALS,XLF,47.31999969482422,-0.0261370745786266,-0.0448122967233799,-0.0062998581224175,0.1165643818358845,0.2585106812542319,-0.005554371704462,0.0007136666261109,0.0799565846296879,-0.0425704131726843,0.0577669846627033,0.0,1.0,0.0,0.6666666666666666,0.0006532720665218,0.0371817862421307,0.1040589110708825,0.1660214548332765,0.9403506163246704,38.340481549420986,-61.659518450579014,LAGGARD
2025-01-10,COMMUNICATION_SERVICES,XLC,95.80999755859376,-0.0211483423877183,-0.0508223178000255,0.0502027187672142,0.1100683613569875,0.2980626030035482,-0.0115643927811076,0.0572162435157427,0.0734605641507908,-0.0206380779837216,0.0800360422882777,0.3333333333333333,1.0,0.1666666666666666,0.8333333333333334,-0.0049222455900612,0.0826461879314689,0.1252705544599181,0.1449798069393024,1.171731492631814,26.05340504674483,-53.49965044446323,LAGGARD
2025-01-10,CONSUMER_STAPLES,XLP,76.33999633789062,-0.0254054059318955,-0.0694783582889734,-0.0717412655536816,-0.0143318354304564,0.0486262793645217,-0.0302204332700555,-0.0647277408051532,-0.0509396326366531,-0.0506982788252116,-0.0387872539805913,0.1666666666666666,0.3333333333333333,0.0,0.3333333333333333,-0.0171271491515444,-0.0375176819160143,-0.0019243909786016,0.1096215762170131,0.8858243377749417,21.71224186897806,21.71224186897806,LAGGARD
2025-01-10,SEMI,SOXX,218.1999969482422,-0.019193618236307,-0.0228392567568999,-0.0486571487286859,-0.1604140803816217,0.174402141196432,0.0164186682620179,-0.0416436239801575,-0.1970218775878184,-0.0056507654124668,-0.0384965088000942,0.3333333333333333,0.3333333333333333,0.3333333333333333,0.1666666666666666,0.0295757238539321,-0.0332123345985026,-0.213495668268148,0.2701135299151879,0.893684037381782,9.868850359930896,-23.561860454741975,LAGGARD
2025-01-10,ENERGY,XLE,44.19499969482422,0.0105178707683333,-0.0093028672909509,-0.0215850899633511,-0.0235306819753524,0.0690614303749006,0.0299550577279669,-0.0145715652148227,-0.0601384791815491,-0.0244790751888506,-0.0272355378268494,0.1666666666666666,0.0,0.3333333333333333,0.3333333333333333,0.0294122069003382,-0.0261965211995323,-0.105226934521945,0.2474028272817112,0.9115096515287736,4.547704922413281,-17.536814431214673,LAGGARD
2025-01-10,DEFENSIVE,XLU,37.790000915527344,-0.0194603005237042,-0.0265326838586812,-0.0777302666797004,0.0606230643463285,0.1936197440827309,0.0127252411602366,-0.0707167419311719,0.0240152671401319,-0.0375775002005448,0.0125124150072548,0.0,0.1666666666666666,0.0,0.0,-0.0011151760208886,-0.0904044852976195,-0.0622231798288391,0.1526154913232532,0.848301670913548,0.0,0.0,LAGGARD
2025-01-10,HEALTHCARE,XLV,139.63999938964844,0.0048934415869843,-0.0095751900909109,-0.0880951156730368,-0.0582046579492505,-0.0062624883009981,0.0296827349280069,-0.0810815909245084,-0.0948124551554472,-0.0196642888589747,-0.049456968182674,0.1666666666666666,0.0,0.5,0.0,0.032059593896498,-0.0932663388834931,-0.1105223976544767,0.1666918196713704,1.1241965810027068,0.0,0.0,LAGGARD
2025-01-10,MATERIALS,XLB,41.650001525878906,0.001322281609849,-0.0664574703808412,-0.1467785988405164,-0.079557977328643,-0.001797410449007,-0.0271995453619233,-0.139765074091988,-0.1161657745348396,-0.0669489124718135,-0.084532354925973,0.0,0.1666666666666666,0.0,0.0,-0.0209756859174226,-0.1721746338006554,-0.1029521192451063,0.1650947681830421,1.331676544597581,0.0,0.0,LAGGARD
2025-01-17,AI_SOFTWARE,IGV,100.31999969482422,0.0319925999345918,-0.0318471623652477,0.0880694470211351,0.1823217619199064,0.1989386831913979,-0.0427242534761794,0.0560508649438464,0.0938137240325041,-0.0285188636363921,0.1109696093255205,0.1666666666666666,1.0,0.0,0.8333333333333334,-0.050701194954474,0.1270627796394848,0.2895874351615958,0.2976122155975238,0.8403168109817338,100.0,30.907714417806815,LEADER
2025-01-17,FINANCIALS,XLF,50.22999954223633,0.0614961932835853,0.0354566332759411,0.0772034825575569,0.1722287358440006,0.324281548592082,0.0245795421650094,0.0451849004802682,0.0837206979565983,0.0141737939354877,0.1164703104112374,0.8333333333333334,1.0,1.0,1.0,0.0623557110730428,0.1086006163426837,0.1214826253668924,0.2023694528821168,0.8206336675142205,83.35651044777853,40.26368329486665,LEADER
2025-01-17,POWER_INDUSTRIALS,XLI,137.75,0.0488844748300858,0.0293677511633942,0.0173560281347742,0.1031472488997804,0.224988917193148,0.0184906600524625,-0.0146625539425144,0.014639211012378,0.0035552482844283,0.0583372375702888,0.6666666666666666,1.0,1.0,0.8333333333333334,0.0426829778368187,0.052944966018061,0.290457535457347,0.2081335449433497,0.8201735625120135,82.33531447010758,-5.552307557431803,HOLD
2025-01-17,CONSUMER_DISCRETIONARY,XLY,114.61000061035156,0.0380400037037906,0.001354233339017,0.1414770380335257,0.2204888142293388,0.3106524216402417,-0.0095228577719146,0.109458455956237,0.1319807763419365,0.0157309207295273,0.1676861417247019,0.6666666666666666,0.8333333333333334,0.6666666666666666,0.6666666666666666,-0.0205122232043359,0.1035762634993211,0.1498839004662264,0.221340131833617,0.7977692495636229,75.74072317527938,75.74072317527938,LEADER
2025-01-17,ENERGY,XLE,46.97999954223633,0.0630161752832474,0.1167102420496613,0.0466748646328469,0.017213340809925,0.1720094952037687,0.1058331509387295,0.0146562825555582,-0.0712946970774772,0.0367542373912952,0.0346821053643202,1.0,0.5,1.0,0.8333333333333334,0.1151308599875341,0.0007004361302981,-0.122589916012446,0.280600420770589,0.8684163753107593,71.54641543618084,71.54641543618084,IMPROVING
2025-01-17,NUCLEAR,URA,28.030000686645508,0.0316525803436387,0.0021452046751522,-0.1118504068134168,-0.0060283713366902,-0.0788695233145319,-0.0087318864357794,-0.1438689888907055,-0.0945364092240925,-0.0564513052352781,-0.0401588629996463,0.5,0.6666666666666666,0.8333333333333334,0.1666666666666666,0.0988654666437474,-0.0668897342507962,0.1812827004727852,0.3327127408682463,0.7585878078446999,65.71872441412623,-28.405246407416087,DECELERATING
2025-01-17,SEMI,SOXX,229.7400054931641,0.052887299295697,0.069453485058434,0.0006969407650196,-0.0283369856160552,0.146349988998079,0.0585763939475023,-0.031321641312269,-0.1168450235034576,0.0477111430347694,0.011054998639679,0.8333333333333334,0.5,1.0,0.6666666666666666,0.0927518536237291,-0.0257003086442838,-0.1060708530313691,0.2946696526784969,0.7760393581620304,48.02964315677342,42.15248575065531,EARLY TURN
2025-01-17,COMMUNICATION_SERVICES,XLC,97.38999938964844,0.0164909912463824,-0.0058186984498918,0.0719868027008308,0.1442838525582539,0.3014833222846624,-0.0166957895608235,0.0399682206235421,0.0557758146708515,-0.0057172088856719,0.0929004584841319,0.3333333333333333,1.0,0.3333333333333333,0.8333333333333334,-0.0178214491948427,0.0608859050064197,0.1128610646061335,0.145670204420604,1.02621775589066,37.85913368780059,-14.602030318040043,LAGGARD
2025-01-17,CONSUMER_STAPLES,XLP,77.23999786376953,0.0117893839278611,-0.0337753877305138,-0.0471255836402283,-0.0108848573950907,0.0720332351448123,-0.0446524788414455,-0.079144165717517,-0.099392895282493,-0.0352115537655276,-0.0286354061121787,0.3333333333333333,0.3333333333333333,0.1666666666666666,0.3333333333333333,-0.0303475455247167,-0.0514533937988957,-0.0536505808855495,0.1137265987922606,0.8118955340682452,35.40726343558496,19.650659818895896,EARLY TURN
2025-01-17,DEFENSIVE,XLU,39.41999816894531,0.0431330302706669,0.0315320688615992,-0.0191590068194715,0.1241979099613916,0.2928828620814272,0.0206549777506674,-0.0511775888967602,0.0356898720739893,0.0043695455276879,0.0510317849102079,0.3333333333333333,0.1666666666666666,0.6666666666666666,0.0,-0.0121110285429288,-0.084356990288462,-0.0999065388910013,0.1807185396149862,0.8328022328626331,0.0,0.0,LAGGARD
2025-01-17,HEALTHCARE,XLV,140.17999267578125,0.003867038731689,0.0157970483752265,-0.0565987204346193,-0.0520051578774443,0.0051626697780911,0.0049199572642948,-0.088617302511908,-0.1405131957648466,-0.0089154324924509,-0.04598736597633,0.0,0.0,0.5,0.0,-0.0152447982311448,-0.1273191999875744,-0.1850607465837424,0.1600186884683385,0.9763769101811174,0.0,0.0,LAGGARD
2025-01-17,MATERIALS,XLB,44.165000915527344,0.0603841367949473,0.0321336754050185,-0.0599190858692585,-0.0197536207661771,0.0741821503720849,0.0212565842940868,-0.0919376679465472,-0.1082616586535795,-0.0037557878197974,-0.0288283733551986,0.3333333333333333,0.3333333333333333,1.0,0.0,0.0366558257859294,-0.1038055568840301,-0.0831699438794613,0.2144299240903341,1.31901132385901,0.0,0.0,LAGGARD
2025-01-24,AI_SOFTWARE,IGV,103.8499984741211,0.0351873882579267,0.0153500167536373,0.1256231960712175,0.2250796577401457,0.2266423581967371,-0.0064310637740749,0.0609517298047823,0.1083910088957655,0.003023056478675,0.1420559100484291,1.0,1.0,0.8333333333333334,1.0,0.0103220649280813,0.1901034754397382,0.3796478528011908,0.3023267705677417,0.8421184423325035,100.0,22.5509360104285,LEADER
2025-01-24,POWER_INDUSTRIALS,XLI,141.07000732421875,0.0241016865642014,0.0586073325778366,0.0526827334286823,0.1169438156419377,0.2436745741398165,0.0368262520501243,-0.0119887328377528,0.0002551667975576,0.026277169290269,0.0795733361892572,1.0,1.0,1.0,1.0,0.0901475192439648,0.0783134042434402,0.3050408684272127,0.2109837760194716,0.9185316674253464,100.0,46.62979866404834,LEADER
2025-01-24,CONSUMER_DISCRETIONARY,XLY,115.00499725341795,0.0034464413311479,0.0011751937286339,0.1495327038660123,0.2595695402116844,0.3397600437996946,-0.0206058867990783,0.0848612375995772,0.1428808913673043,0.0118023419425392,0.1627883162319441,0.6666666666666666,0.8333333333333334,0.5,0.6666666666666666,-0.0246675482365671,0.0910464693646795,0.1659524799663237,0.2195498124813022,0.8335007131417556,79.5064732273571,79.5064732273571,LEADER
2025-01-24,FINANCIALS,XLF,50.84999847412109,0.0123432000305601,0.0430768917768429,0.0902658477608611,0.1713890498240238,0.3156532074150999,0.0212958112491306,0.0255943814944259,0.0547004009796436,0.0246644631061867,0.1237134092794869,0.8333333333333334,1.0,1.0,1.0,0.0496508266814301,0.0816576536270229,0.083958996774792,0.2021435919470382,0.8680665861980202,66.53495048197469,3.2741186560978974,HOLD
2025-01-24,NUCLEAR,URA,30.530000686645508,0.0891901512221899,0.086476878013789,-0.0009816354653509,0.1085693417472752,0.0317675069013274,0.0646957974860766,-0.065653101731786,-0.0081193070971048,0.0269088786027502,0.0439302365465146,0.8333333333333334,0.8333333333333334,1.0,0.5,0.1780134566913609,-0.0248154921577663,0.3396049656663559,0.3846243601966256,0.9785478696480006,63.774606393667284,-10.089531254734851,DECELERATING
2025-01-24,SEMI,SOXX,230.63999938964844,0.0039174452640602,0.0406063888503165,0.0456070245493009,0.0055369241814391,0.1575020379469747,0.0188253083226042,-0.0190644417171341,-0.1111517246629409,0.0425773262469471,0.0114270076854019,1.0,0.5,1.0,1.0,0.0621607007162961,-0.0170378579417565,-0.1010935504655385,0.2802921993106844,0.8719262945594947,54.13651605382643,38.225315765080744,EARLY TURN
2025-01-24,COMMUNICATION_SERVICES,XLC,100.41000366210938,0.0310093879390858,0.0229217595360433,0.0866883333761316,0.1996416645534671,0.2926107526729644,0.001140679008331,0.0220168671096965,0.0829530157090869,0.0196393379533177,0.1202097774944352,0.6666666666666666,1.0,0.8333333333333334,0.8333333333333334,0.0121776984350412,0.0752708133403765,0.1882477214027804,0.1533691024224438,1.131330931863056,19.35677530278079,-30.96710573219113,LAGGARD
2025-01-24,CONSUMER_STAPLES,XLP,77.9000015258789,0.0085448430911849,-0.0176544952333123,-0.02807236378247,-0.0075168346789185,0.0725596099649161,-0.0394355757610246,-0.0927438300489051,-0.1242054835232986,-0.0244574199471067,-0.0213997864318692,0.1666666666666666,0.3333333333333333,0.1666666666666666,0.3333333333333333,-0.029933091145059,-0.0575000256478778,-0.0738593721318801,0.1151444763435975,0.8927004933835219,5.975455650617832,3.74905131627402,LAGGARD
2025-01-24,ENERGY,XLE,45.65499877929688,-0.0282035073616431,0.0798249786528524,0.037260011641262,-0.0095455565626197,0.0837981906064539,0.0580438981251401,-0.0274114546251731,-0.1262342054069999,0.0113305218247525,0.0065145988028409,0.6666666666666666,0.5,1.0,0.6666666666666666,0.0523020030700136,-0.0489330384949481,-0.1740060034110003,0.2847198328676377,1.0627441357324123,4.014074149316315,4.014074149316315,LAGGARD
2025-01-24,DEFENSIVE,XLU,39.744998931884766,0.0082445656528591,0.0448211875741955,0.0174068943832206,0.1169031882658473,0.298643996940265,0.0230401070464831,-0.0472645718832145,0.0002145394214672,0.0123406216993171,0.054754593929795,0.3333333333333333,0.1666666666666666,0.5,0.1666666666666666,-0.0155234415664614,-0.0930829666280538,-0.1367451216830577,0.1709166726086579,0.9506048297923158,0.0,0.0,LAGGARD
2025-01-24,HEALTHCARE,XLV,144.30999755859375,0.0294621565030659,0.0385750322279467,-0.0232165141941125,-0.0376767731549518,0.036188648894365,0.0167939517002344,-0.0878879804605476,-0.154365421999332,0.0185054278504646,-0.0187749285929211,0.3333333333333333,0.0,0.6666666666666666,0.0,-0.0196379580559347,-0.1370891161689376,-0.2050780703262524,0.174933423393483,1.0832238673264731,0.0,0.0,LAGGARD
2025-01-24,MATERIALS,XLB,44.5,0.0075851710070922,0.0477984158452837,-0.0443465840783796,-0.0255118995329136,0.0786571045417503,0.0260173353175714,-0.1090180503448148,-0.1422005483772938,0.0063888575556649,-0.0214726294590628,0.6666666666666666,0.3333333333333333,0.8333333333333334,0.3333333333333333,0.0355245256167505,-0.1071217437582727,-0.1199587515395773,0.2156665270742177,1.409138186658651,0.0,0.0,LAGGARD
2025-01-31,CONSUMER_DISCRETIONARY,XLY,116.08499908447266,0.0093909121937967,0.0278466139107624,0.079258104494051,0.3179495534881351,0.3093277045970155,0.0111729169538385,0.0731897902995688,0.1886195107921611,0.0150217958111025,0.1654213545965834,0.6666666666666666,0.8333333333333334,0.6666666666666666,0.8333333333333334,0.010112896868386,0.0730326017926055,0.1912358509933245,0.1666146380010782,0.8527441351599719,61.57459636866907,36.1896398347907,IMPROVING
2025-01-31,NUCLEAR,URA,28.309999465942383,-0.0727154002873705,-0.0183772775257058,-0.0867742107760521,0.1545676565017639,-0.101840131510234,-0.0350509744826297,-0.0928425249705343,0.0252376138057899,-0.0321036728535216,-0.03099383758541,0.3333333333333333,0.5,0.3333333333333333,0.1666666666666666,-0.0086851995731355,-0.0421648184521871,0.3101696170068215,0.4122548431843252,1.014414696038058,51.39839449561934,-34.129162688995024,WATCH
2025-01-31,FINANCIALS,XLF,51.470001220703125,0.0121927780764352,0.0592714768279711,0.0463509383542888,0.2237279966754271,0.3204207754013286,0.0425977798710472,0.0402826241598066,0.094397953979453,0.0356137066539863,0.1307614783276811,1.0,1.0,1.0,0.8333333333333334,0.0589832617031587,0.0511144759977278,0.1698157014579738,0.1725330760944671,1.0552530391660109,41.296140019306534,-23.928454040688095,WATCH
2025-01-31,AI_SOFTWARE,IGV,102.88999938964844,-0.0092440933902554,0.0139942658112,0.0162979213818157,0.2827577679098398,0.198122875399378,-0.0026794311457238,0.0102296071873335,0.1534277252138658,-0.0032163756953871,0.1247574525059764,0.5,0.8333333333333334,0.8333333333333334,0.6666666666666666,0.0090664324517192,0.084762341110893,0.4756814868248273,0.2309179318095779,1.0955874655057003,40.91886942433642,-39.923105629198446,WATCH
2025-01-31,COMMUNICATION_SERVICES,XLC,102.37999725341795,0.019619495264016,0.045974664142554,0.0644624342750033,0.2081661533436312,0.2839227488860405,0.0293009671856301,0.0583941200805211,0.0788361106476571,0.0338698627891618,0.1351370506600682,1.0,1.0,1.0,0.8333333333333334,0.0564196379090761,0.1169675350105868,0.1927362190413891,0.1367212306828893,1.309823533472469,13.276567403543751,-53.66018723034459,LAGGARD
2025-01-31,POWER_INDUSTRIALS,XLI,138.35000610351562,-0.019281215563077,0.0424201690101722,-0.0263212775759476,0.1272712647220797,0.1970064363361428,0.0257464720532483,-0.0323895917704297,-0.0020587779738943,0.00964769744989,0.055589191628486,0.3333333333333333,0.8333333333333334,0.5,0.1666666666666666,-0.0152643776209713,-0.0513732188372936,0.223628841670008,0.1735158838918261,1.041347297464426,3.490535851937075,-42.560234772463595,LAGGARD
2025-01-31,CONSUMER_STAPLES,XLP,78.9800033569336,0.0138639513465979,0.0082982447425554,-0.0227665966943633,-0.0035326617682348,0.0648510894800347,-0.0083754522143684,-0.0288349108888454,-0.1328627044642089,-0.0073773953853071,-0.008887712237886,0.5,0.3333333333333333,1.0,0.3333333333333333,0.0164644053969716,0.0052857842044631,-0.069295743458037,0.1180756437538956,1.0857624989290495,0.0,-14.912275284557403,LAGGARD
2025-01-31,DEFENSIVE,XLU,38.93999862670898,-0.0202541282377537,0.0103787675578514,-0.0164183259250737,0.0493127994141546,0.266547326842744,-0.0062949293990723,-0.0224866401195559,-0.0800172432818193,-0.0036334205742879,0.0293995811735354,0.5,0.1666666666666666,1.0,0.0,0.0106644476620629,-0.0226881748187237,-0.1563537537651725,0.1743306634802236,1.1657698492080577,0.0,0.0,LAGGARD
2025-01-31,ENERGY,XLE,43.81999969482422,-0.040192730994109,0.0019435025331298,-0.0651733398437499,-0.0085973090849775,0.0493295367837405,-0.014730194423794,-0.0712416540382321,-0.1379273517809516,-0.0188527120617069,-0.0317787401153134,0.0,0.0,0.5,0.0,-0.0145913326833924,-0.0820402127204892,-0.173290279240321,0.2610139924160287,1.256674947845001,0.0,0.0,LAGGARD
2025-01-31,HEALTHCARE,XLV,146.8699951171875,0.0177395717684376,0.0569227692943896,-0.0220402032229393,-0.0264483990257274,0.0343685431032565,0.0402490723374657,-0.0281085174174214,-0.1557784417217015,0.0345944638668016,-0.0025400312768699,0.8333333333333334,0.1666666666666666,0.8333333333333334,0.0,0.0197241600963777,-0.0569174371545875,-0.1863616221788824,0.1755528655346367,1.2058253432171917,0.0,0.0,LAGGARD
2025-01-31,MATERIALS,XLB,44.39500045776367,-0.0023595402749736,0.0673157628293781,-0.0601249098314926,-0.0138827186504886,0.068600371029712,0.0506420658724542,-0.0661932240259748,-0.1432127613464626,0.0100676760825686,-0.0235855847826053,0.8333333333333334,0.3333333333333333,0.8333333333333334,0.1666666666666666,0.0604853536041359,-0.0677341139480461,-0.1418357241795297,0.2119342929715706,1.3730790405882436,0.0,0.0,LAGGARD
2025-01-31,SEMI,SOXX,218.1300048828125,-0.0542403509362713,-0.0195082317349614,-0.0571835913409274,0.0547362673848084,0.0971046545663627,-0.0361819286918853,-0.0632519055354096,-0.0745937753111656,-0.0148452758371177,-0.0435621232016329,0.3333333333333333,0.0,0.5,0.1666666666666666,-0.0277334523808395,-0.0916499509777493,-0.0746869442709797,0.2851537452671781,1.405115073654799,0.0,-24.567491892155925,LAGGARD
2025-02-07,AI_SOFTWARE,IGV,104.62000274658205,0.0168141060083206,0.0762267640355627,0.0345100918416776,0.2685825293806156,0.1834574131914943,0.0412907106357669,0.0088677196158988,0.14141310680465,0.013681134805165,0.1362939378295609,0.8333333333333334,0.8333333333333334,0.8333333333333334,0.6666666666666666,0.1336535068036702,0.1227364179011585,0.5391930241393118,0.2328533072904235,1.1775397887952663,72.25756309464352,-2.4839387045731627,HOLD
2025-02-07,NUCLEAR,URA,29.100000381469727,0.0279053666700959,0.0710342399615862,-0.0396039236239674,0.1771845141496029,-0.0225058806177886,0.0360981865617904,-0.0652462958497462,0.0500150915736372,0.0060849261684823,-0.0024766535232507,0.5,0.5,0.8333333333333334,0.3333333333333333,0.0715141896420652,0.0767409288542586,0.3691972982758531,0.4160660256992313,1.1041605001870411,57.022540364085856,-4.266140656588121,HOLD
2025-02-07,CONSUMER_DISCRETIONARY,XLY,112.79000091552734,-0.0283843579698666,0.0215559928854049,0.0568778075842699,0.2939084924256574,0.253918896522336,-0.0133800605143907,0.0312354353584911,0.1667390698496917,-0.0152011276137209,0.1256079886860324,0.5,0.8333333333333334,0.6666666666666666,0.6666666666666666,-0.0289031671424713,0.0101943347745139,0.1504102972313952,0.1800043010027225,0.8850506216469023,42.1686216635116,2.7700738395823166,WATCH
2025-02-07,FINANCIALS,XLF,51.81999969482422,0.0068000479079124,0.095097211095126,0.0391016804632955,0.2221697601401218,0.3259978829797743,0.0601611576953302,0.0134593082375167,0.0950003375641561,0.0416499103985521,0.13144721164505,1.0,1.0,1.0,0.8333333333333334,0.0832619482061556,0.0257148255055733,0.1795076415431427,0.1712652054582409,1.0918524943325294,38.482812769840685,0.14233122041969892,LAGGARD
2025-02-07,CONSUMER_STAPLES,XLP,79.3499984741211,0.0046846682889514,0.0394289007155281,-0.0076288221277633,0.0025268091520731,0.0853508112662499,0.0044928473157324,-0.0332711943535422,-0.1246426134238924,0.002146983686412,-0.0053274979184138,0.8333333333333334,0.3333333333333333,1.0,0.5,0.0249691654654032,0.0210165818345353,-0.0496377284330096,0.1169520580491805,1.1152525346018771,1.9354952117720359,-19.776746657206026,LAGGARD
2025-02-07,COMMUNICATION_SERVICES,XLC,102.73999786376952,0.0035163178356067,0.0723306594485366,0.0797687463602014,0.2057270152287944,0.297713783503277,0.0373946060487409,0.0541263741344226,0.0785575926528288,0.0329780617473303,0.1320588147674033,0.6666666666666666,1.0,0.8333333333333334,0.8333333333333334,0.0640184257744257,0.0881627706213512,0.1847361522175038,0.1319285102026,1.3501612779462926,0.0,-26.05340504674483,LAGGARD
2025-02-07,DEFENSIVE,XLU,39.06999969482422,0.0033384969876724,0.0338713614259518,-0.0140063168498619,0.0615405344618327,0.2964990674657086,-0.0010646919738439,-0.0396486890756407,-0.0656288881141329,0.0058569806671819,0.0295260755685706,1.0,0.1666666666666666,1.0,0.3333333333333333,0.0158112964993433,-0.0206816723245975,-0.1424757641377371,0.1745382165089232,1.1201826609271497,0.0,0.0,LAGGARD
2025-02-07,ENERGY,XLE,44.27999877929688,0.0104974689109134,0.0019232737879757,-0.0651325406913778,-0.0095068344558836,0.0630176467873204,-0.03301277961182,-0.0907749129171566,-0.1366762570318492,-0.0007559924583252,-0.0205300718082418,0.5,0.0,0.5,0.0,-0.0379308197711328,-0.1015040254203095,-0.1665497340346723,0.2610263510663861,1.3888401700186808,0.0,-4.547704922413281,LAGGARD
2025-02-07,HEALTHCARE,XLV,146.42999267578125,-0.0029958633896267,0.0486249879390658,0.0323603811082759,-0.0236698436650639,0.0168043765103431,0.0136889345392701,0.0067180088824971,-0.1508392662410296,0.0322075425085401,-0.0064729318065582,0.8333333333333334,0.3333333333333333,0.8333333333333334,0.5,-0.0009091070520192,0.0002008358488255,-0.1899492250236815,0.1264117172893194,1.325411010389108,0.0,0.0,LAGGARD
2025-02-07,MATERIALS,XLB,44.14500045776367,-0.0056312647240052,0.0599039337449847,-0.0327563311103777,-0.0030487426660978,0.061943728213692,0.0249678803451889,-0.0583987033361566,-0.1302181652420635,0.0118501747343429,-0.0287529316092401,0.8333333333333334,0.5,0.8333333333333334,0.3333333333333333,0.0379483283172362,-0.0420594382590575,-0.1197057543834357,0.2015707005845844,1.3251768173308829,0.0,0.0,LAGGARD
2025-02-07,POWER_INDUSTRIALS,XLI,137.3300018310547,-0.0073726362664396,0.0456864381051216,-0.012795620526828,0.105004853395056,0.1742625516427498,0.0107503847053258,-0.0384379927526068,-0.0221645691809095,0.0070987576164283,0.0449047393152028,0.3333333333333333,0.6666666666666666,0.5,0.1666666666666666,-0.03770572589154,-0.0524125558651291,0.1514760555020873,0.1687136711443701,1.1500883962448496,0.0,-42.33246044067017,LAGGARD
2025-02-07,SEMI,SOXX,216.8699951171875,-0.0057764165287664,-0.0060953338664352,0.0267979178230322,0.0240343581416064,0.0336494811531662,-0.041031387266231,0.0011555455972533,-0.1031350644343591,-0.0211857807072556,-0.0491598667941318,0.3333333333333333,0.1666666666666666,0.3333333333333333,0.6666666666666666,-0.0314225143330843,0.0012831455530301,-0.0762735421423914,0.2149576353512301,1.4340971331762584,0.0,-9.868850359930896,LAGGARD
2025-02-14,AI_SOFTWARE,IGV,106.76000213623048,0.0204549735563674,0.0641946018839403,0.0067899020604185,0.2483630300152275,0.2478668568382307,0.0439128073617427,-0.0170384168741213,0.148436968980071,0.0377239479507383,0.1516037618090435,0.8333333333333334,0.8333333333333334,0.8333333333333334,0.6666666666666666,0.1259282452759808,0.1119172607394775,0.5360647064152403,0.2135943356483798,1.1606565090058607,55.91069648642739,-44.08930351357261,DECELERATING
2025-02-14,NUCLEAR,URA,28.030000686645508,-0.0367697484810196,0.0,-0.1536835268535922,0.1070300562592523,-0.0321132053600713,-0.0202817945221975,-0.177511845788132,0.0071039952240958,-0.0181104646097332,-0.0365214156840817,0.3333333333333333,0.3333333333333333,0.3333333333333333,0.3333333333333333,0.0074152297365916,-0.0587583781173473,0.4030426683481245,0.3600635264652291,1.0668024314431734,48.019369620794244,-17.699354793331985,WATCH
2025-02-14,FINANCIALS,XLF,51.79999923706055,-0.0003859602061261,0.0312562155909252,0.0210920501572913,0.1834589603681979,0.3070905334579166,0.0109744210687277,-0.0027362687772485,0.0835328993330415,0.0383258403272381,0.1248886848411847,1.0,1.0,1.0,0.6666666666666666,0.0103650405144623,0.0100036772215559,0.1523932303368226,0.1684642384895369,1.02513776443954,27.923735654968866,-55.43277479280967,LAGGARD
2025-02-14,CONSUMER_DISCRETIONARY,XLY,113.5,0.0062948761300605,-0.0096850240331585,0.0408069401532258,0.239556566086811,0.2680147166934234,-0.0299668185553561,0.0169786212186859,0.1396305050516546,-0.006486297579909,0.1258259256448268,0.5,0.8333333333333334,0.6666666666666666,0.6666666666666666,-0.0258892850922775,0.0081423920948781,0.1157613149840653,0.1759570225282806,0.893915338112697,25.623584443869476,-50.11713873140991,LAGGARD
2025-02-14,POWER_INDUSTRIALS,XLI,137.5500030517578,0.0016019894980687,-0.0014518834718125,-0.0357517775179677,0.0833267837232214,0.1653817205315846,-0.0217336779940101,-0.0595800964525076,-0.016599277311935,0.0109436315143731,0.0442209334162067,0.5,0.5,0.0,0.1666666666666666,-0.0998846539957989,-0.1169183706853782,0.1235040404099693,0.1581306755963592,1.1131559676126783,9.773085250701229,-72.56222921940635,LAGGARD
2025-02-14,MATERIALS,XLB,44.92499923706055,0.0176690173566347,0.0172081581745424,-0.0450632163757674,-0.0079496657075098,0.0549489304425299,-0.0030736363476551,-0.0688915353103073,-0.1078757267426663,0.0321653865498183,-0.0110507165897706,1.0,0.6666666666666666,0.6666666666666666,0.3333333333333333,0.0074592451629218,-0.0559713937821045,-0.1032429633613604,0.1930262570706866,1.14368020254525,2.424641000645167,2.424641000645167,LAGGARD
2025-02-14,COMMUNICATION_SERVICES,XLC,105.30999755859376,0.0250145975108153,0.0813224994206862,0.0870148693659089,0.2208439015834664,0.333882224563385,0.0610407048984886,0.0631865504313691,0.12091784054831,0.0541752388334701,0.1529071469451388,0.6666666666666666,1.0,0.8333333333333334,0.8333333333333334,0.1014535837686529,0.1093171344572054,0.2231676427036874,0.1354902187468042,1.2527470165750063,0.0,-37.85913368780059,LAGGARD
2025-02-14,CONSUMER_STAPLES,XLP,80.61000061035156,0.0158790442402012,0.0436302801629513,-0.0150292739806684,0.001242062743358,0.1000273192297809,0.0233484856407537,-0.0388575929152082,-0.0986839982917984,0.0203409991575826,0.0095210197823725,0.6666666666666666,0.6666666666666666,0.8333333333333334,0.5,0.0443878028829402,-0.0015253112269637,-0.0257096401367995,0.1104365543122503,1.074812268172889,0.0,-35.40726343558496,LAGGARD
2025-02-14,DEFENSIVE,XLU,39.54999923706055,0.0122856295363604,0.0032978456152656,-0.0288520388234564,0.0626006969355335,0.2918503848682552,-0.0169839489069318,-0.0526803577579962,-0.0373253640996229,0.0189884707941692,0.0394935084036234,0.8333333333333334,0.6666666666666666,1.0,0.5,0.0215626692043105,-0.0291023612285713,-0.107182245811875,0.1652487018647922,0.977044529185304,0.0,0.0,LAGGARD
2025-02-14,ENERGY,XLE,45.03499984741211,0.0170506117644302,-0.0414005899058302,-0.0740207381178666,-0.0044213719518262,0.0525885242029771,-0.0616823844280278,-0.0978490570524065,-0.1043474329869826,0.0173722552530768,-0.0027927770793491,0.6666666666666666,0.1666666666666666,0.0,0.0,-0.0717226548707244,-0.1078140335655099,-0.1423372326565397,0.2561479208431139,1.291941416921606,0.0,-71.54641543618084,LAGGARD
2025-02-14,HEALTHCARE,XLV,144.8000030517578,-0.0111315284132567,0.032957701650492,0.0044395073070926,-0.0527899020291285,-0.0056310403304834,0.0126759071282944,-0.0193888116274472,-0.152715963064285,0.0203434788247998,-0.0177340140365737,0.8333333333333334,0.3333333333333333,0.8333333333333334,0.6666666666666666,0.0225949324998846,-0.0317659980063182,-0.1876517576851518,0.125421535369568,1.162831956306632,0.0,0.0,LAGGARD
2025-02-14,SEMI,SOXX,223.07000732421875,0.0285886122867344,-0.0290328110449348,0.0319193653778024,-0.0352894890545918,0.0705304755324691,-0.0493146055671324,0.0080910464432626,-0.1352155500897482,0.0053270357086867,-0.0222799507265508,0.8333333333333334,0.3333333333333333,0.3333333333333333,0.5,-0.051963709498708,-0.0040077219794511,-0.1351972488495909,0.2175475063759961,1.357323243007997,0.0,-48.02964315677342,LAGGARD
2025-02-21,NUCLEAR,URA,26.059999465942383,-0.0702818827129642,-0.1464134005951202,-0.1944358363172875,-0.0279746368869849,-0.0340993362454923,-0.1332055636152246,-0.1901042698009186,-0.0952366532002327,-0.0763451000870272,-0.0991349296744662,0.1666666666666666,0.3333333333333333,0.1666666666666666,0.3333333333333333,-0.1300873869972793,-0.1195463893613798,0.2236405203768074,0.3793899242823454,0.8970721052053325,48.41694895812408,-15.357657435543203,WATCH
2025-02-21,FINANCIALS,XLF,50.75,-0.020270255840261,-0.001966538389809,-0.0114920169621025,0.1422462221790257,0.2593052347586513,0.0112412985900864,-0.0071604504457336,0.0749842058657779,0.0148173403114881,0.0971668204188289,0.5,1.0,0.0,0.5,-0.0090205939474964,-0.0081267120524331,0.1100409051744033,0.1727271189963748,1.0713814600224731,35.34496589593382,-31.18998458604087,LAGGARD
2025-02-21,CONSUMER_DISCRETIONARY,XLY,109.19499969482422,-0.0379295181072756,-0.0505195226064063,-0.017588860136898,0.1624527868509471,0.2046445334959008,-0.0373116856265107,-0.0132572936205291,0.0951907705376993,-0.0369622448864449,0.0778197789878623,0.3333333333333333,0.8333333333333334,0.3333333333333333,0.3333333333333333,-0.0301781722454752,-0.0120580433922047,0.0840468499178241,0.1914993155374365,0.975953009202422,13.095121310369606,-66.4113519169875,LAGGARD
2025-02-21,COMMUNICATION_SERVICES,XLC,103.0199966430664,-0.0217453325288817,0.0259933560976648,0.0469511691620498,0.1773713902064733,0.2922728934468745,0.0392011930775604,0.0512827356784187,0.1101093738932255,0.0291091211262231,0.1215716016589354,0.6666666666666666,1.0,0.6666666666666666,0.8333333333333334,0.0444057755508425,0.0760895651058502,0.1915226453347636,0.1463008602584181,1.2242867239689017,10.387289479160629,-8.969485823620161,LAGGARD
2025-02-21,DEFENSIVE,XLU,40.1349983215332,0.0147913804237063,0.0098125399453858,-0.0320752882228478,0.0643065313162274,0.2955131993083306,0.0230203769252814,-0.0277437217064789,-0.0029554849970203,0.0305691110712575,0.0521279384954778,1.0,0.8333333333333334,1.0,0.3333333333333333,0.0756082811752409,0.0141460520241792,-0.0626112145263962,0.163419382945145,0.949023210601787,6.410482197754547,6.410482197754547,LAGGARD
2025-02-21,AI_SOFTWARE,IGV,100.4499969482422,-0.0591045809453659,-0.0327395433397735,-0.0411417058046975,0.1630194946614998,0.1862304745658169,-0.019531706359878,-0.0368101392883286,0.0957574783482519,-0.0185350149155867,0.0788314608380365,0.1666666666666666,0.8333333333333334,0.1666666666666666,0.1666666666666666,0.0147535363021014,0.051912641616176,0.4211178655191803,0.2469925991505307,1.308288806444645,0.0,-100.0,LAGGARD
2025-02-21,CONSUMER_STAPLES,XLP,82.18000030517578,0.0194764878171034,0.0549422168865429,-0.0124970067324226,0.0041544963648505,0.098956962378657,0.0681500538664385,-0.0081654402160536,-0.0631075199483972,0.0400293570007899,0.0279052986380994,0.8333333333333334,0.8333333333333334,1.0,0.5,0.0757942533667119,0.0175535780777267,-0.0114533857396946,0.1125660990417901,1.203120428238351,0.0,-5.975455650617832,LAGGARD
2025-02-21,ENERGY,XLE,45.46500015258789,0.0095481360415834,-0.0041616171676505,-0.0481523974971305,0.0059741223495259,0.0578176043931679,0.009046219812245,-0.0438208309807616,-0.0612878939637218,0.0251062671206705,0.0078529028475755,0.6666666666666666,0.3333333333333333,0.3333333333333333,0.0,0.0021788601152725,-0.0551170077445158,-0.1010437792962556,0.2563993663953426,1.2153596911962066,0.0,-4.014074149316315,LAGGARD
2025-02-21,HEALTHCARE,XLV,146.42999267578125,0.0112568341828058,0.0146905630452021,-0.0066481986431157,-0.0580251170764847,-0.0096713643221113,0.0278984000250976,-0.0023166321267468,-0.1252871333897325,0.0278890827393623,-0.0066970224109804,0.6666666666666666,0.5,0.6666666666666666,0.5,0.0518239694972145,-0.0142547433621551,-0.1612081196941256,0.1180293791123383,1.1787319774040854,0.0,0.0,LAGGARD
2025-02-21,MATERIALS,XLB,44.03499984741211,-0.0198107825211545,-0.0104494416311885,-0.0707955177346799,-0.0502534615918456,0.0142807536291684,0.002758395348707,-0.066463951218311,-0.1175154779050934,0.013067367428192,-0.0295530735928396,0.6666666666666666,0.3333333333333333,0.3333333333333333,0.1666666666666666,0.0109503829558614,-0.056641860311146,-0.114577048025158,0.1940852660620234,1.1376411463982243,0.0,0.0,LAGGARD
2025-02-21,POWER_INDUSTRIALS,XLI,134.83999633789062,-0.0197019749454128,-0.044162548117048,-0.0635461407473023,0.043007407264024,0.1216103391177623,-0.0309547111371524,-0.0592145742309334,-0.0242546090492237,-0.0070838839000799,0.0218034702484855,0.0,0.3333333333333333,0.0,0.0,-0.14531686890307,-0.1295506433470866,0.0691502463794112,0.159110705987467,1.219335718404045,0.0,-100.0,LAGGARD
2025-02-21,SEMI,SOXX,223.97999572753903,0.0040793848273725,-0.0288761866100155,0.0398328787101915,-0.0403187955213077,0.0557292598284839,-0.0156683496301199,0.0441644452265604,-0.1075808118345555,0.0091188993949824,-0.0178329861190061,0.5,0.5,0.1666666666666666,0.6666666666666666,-0.0154760392132166,0.0380723079662775,-0.0956021887369011,0.2170320764590817,1.4132369905272928,0.0,-54.13651605382643,LAGGARD
2025-02-28,DEFENSIVE,XLU,39.61000061035156,-0.0130807956431374,0.0172060094317265,-0.0058978693224247,0.0384060855946253,0.2835385556364809,0.0299008593128499,0.0165269096999021,-0.015702629272505,0.0134582177231359,0.0357451213952744,1.0,1.0,1.0,0.8333333333333334,0.0688271975671291,0.0689204635221257,-0.0568315298178352,0.143672806704722,0.8833436531593797,58.81037084201036,58.81037084201036,IMPROVING
2025-02-28,COMMUNICATION_SERVICES,XLC,102.0,-0.0099009578363741,-0.0037116357063126,0.0106014038599913,0.168117273894653,0.2746813831419739,0.0089832141748107,0.0330261828823181,0.1140085590275226,0.0148244048263803,0.1047390053186849,0.8333333333333334,0.8333333333333334,0.5,0.6666666666666666,0.0074486743309399,0.0535374312587794,0.1969727018819897,0.139985813339879,1.049723114620552,50.87605849426734,37.59949109072359,EARLY TURN
2025-02-28,NUCLEAR,URA,24.799999237060547,-0.0483499714007484,-0.1239844682125286,-0.2201257914447374,-0.0424710578251409,-0.1233652020333185,-0.1112896183314052,-0.1977010124224105,-0.0965797726922713,-0.1110155526206424,-0.1373238141203188,0.1666666666666666,0.3333333333333333,0.1666666666666666,0.1666666666666666,-0.0737292511250925,-0.1108320068099417,0.1860229443278502,0.3851207702983406,1.0272048321220215,43.026198780637486,-8.372195714981856,WATCH
2025-02-28,FINANCIALS,XLF,52.18000030517578,0.0281773459147938,0.0137944252503159,0.0353174350279115,0.1407957671707032,0.2951104273881055,0.0264892751314392,0.0577422140502383,0.0866870523035727,0.0358107130187623,0.1216741313642382,0.6666666666666666,1.0,0.1666666666666666,0.6666666666666666,-0.0039258573124694,0.0367240206352379,0.1170531461660973,0.1773746144195002,1.1196292198275417,42.54209773519536,1.245957715888828,WATCH
2025-02-28,MATERIALS,XLB,44.380001068115234,0.0078347047098581,-0.0003378621352354,-0.0342726732713375,-0.0585489681219486,0.0090950779909573,0.0123569877458878,-0.0118478942490106,-0.112657682989079,0.0172832820505501,-0.0212488904979937,0.8333333333333334,0.5,0.6666666666666666,0.3333333333333333,0.018266365039874,-0.0020707281138358,-0.1093536088956124,0.1874368237772269,1.0778424834452638,9.063524227772263,9.063524227772263,LAGGARD
2025-02-28,AI_SOFTWARE,IGV,97.47000122070312,-0.0296664591147228,-0.05267759938864,-0.1143116899791285,0.1229262418641035,0.1214533858520967,-0.0399827495075166,-0.0918869109568016,0.068817526996973,-0.0418943768927948,0.0427470836798098,0.0,0.8333333333333334,0.1666666666666666,0.1666666666666666,-0.0321416916818212,-0.0507804827276841,0.3235136757592528,0.2198658161150771,1.216104805016809,0.0,-40.91886942433642,LAGGARD
2025-02-28,CONSUMER_DISCRETIONARY,XLY,107.9800033569336,-0.0111268495928043,-0.0698194925396107,-0.0723367530804827,0.1541257607377451,0.1672251741808628,-0.0571246426584873,-0.0499119740581558,0.1000170458706146,-0.0422082747101468,0.0605380095436209,0.3333333333333333,1.0,0.3333333333333333,0.3333333333333333,-0.0521386399790177,-0.0487511558105558,0.0807982166081333,0.1572613675870011,1.0370283707317989,0.0,-61.57459636866907,LAGGARD
2025-02-28,CONSUMER_STAPLES,XLP,83.08000183105469,0.0109515882518465,0.0519118548981569,0.0084972639108418,0.0069082496675143,0.1157668929971769,0.0646067047792803,0.0309220429331686,-0.047200465199616,0.047257708685616,0.0372229462900899,1.0,0.8333333333333334,1.0,0.8333333333333334,0.0650529228975207,0.0569034477443283,0.0029849137597887,0.1129959494465472,1.3624967626901563,0.0,0.0,LAGGARD
2025-02-28,ENERGY,XLE,45.5,0.0007698195819783,0.0383386653782704,-0.0002196950538773,-0.0030674713304267,0.044296541627129,0.0510335152593938,0.0222050839684495,-0.0571761861975571,0.018022361127483,0.008732189238966,0.6666666666666666,0.3333333333333333,0.8333333333333334,0.3333333333333333,0.0388519972724302,0.0129811435136304,-0.0925194880428536,0.2364292987394506,1.113529440685914,0.0,0.0,LAGGARD
2025-02-28,HEALTHCARE,XLV,148.92999267578125,0.0170730050197802,0.0140259932394637,0.032228957137693,-0.0526081706934372,0.0176984857366708,0.026720843120587,0.0546537361600198,-0.1067168855605676,0.0374782016155588,0.0094895514334616,0.6666666666666666,0.6666666666666666,0.6666666666666666,0.6666666666666666,0.042588976935309,0.0551669137700223,-0.1291676847190002,0.1129438638591819,1.1245878776800644,0.0,0.0,LAGGARD
2025-02-28,POWER_INDUSTRIALS,XLI,136.3300018310547,0.011050174530043,-0.0146006807614417,-0.0300938802007003,0.0370454500872452,0.1218729887846266,-0.0019058308803183,-0.0076691011783734,-0.0170632647798851,0.0020359743951841,0.0307766271006422,0.1666666666666666,0.3333333333333333,0.0,0.0,-0.0779521696815798,-0.1091121845982525,0.0380795671918908,0.1563914476874971,1.2385624449372663,0.0,-3.490535851937075,LAGGARD
2025-02-28,SEMI,SOXX,208.5200042724609,-0.0690239831680524,-0.044056298515715,-0.0514488353017701,-0.09786274628761,-0.0798422713762153,-0.0313614486345916,-0.0290240562794432,-0.1519714611547404,-0.0578603356478558,-0.0826049150478728,0.0,0.0,0.3333333333333333,0.1666666666666666,-0.0204251111981922,-0.0437648818819593,-0.118503119266425,0.2599589285838095,0.9079972344859386,0.0,0.0,LAGGARD
2025-03-07,DEFENSIVE,XLU,38.64500045776367,-0.0243625381903099,-0.0108778919984697,-0.0045079659566272,0.0181793859418135,0.2123921712239582,0.030485751015013,0.0423135663478804,-0.047628591189317,-0.0127603912556333,0.0090045535633767,0.8333333333333334,1.0,0.8333333333333334,0.8333333333333334,0.092670742644525,0.1070566311111965,-0.0647316508778137,0.1425574739368725,0.946599867883648,55.11572911737892,55.11572911737892,IMPROVING
2025-03-07,MATERIALS,XLB,43.90999984741211,-0.0105903832670432,-0.0053233799504974,-0.0158019008076145,-0.0230281422725495,-0.0171236575873027,0.0360402630629853,0.0310196314968931,-0.0888361194036801,0.0031985238333165,-0.0306228109798409,0.8333333333333334,0.5,0.5,0.5,0.04092928307142,0.0552846742836813,-0.0685938946765044,0.1787829260074413,1.024829056039665,47.34296750691578,47.34296750691578,EARLY TURN
2025-03-07,HEALTHCARE,XLV,149.27999877929688,0.0023501384591992,0.0194632674046906,0.0587984464369337,-0.0303345129036628,0.0194632674046906,0.0608269104181734,0.1056199787414414,-0.0961424900347934,0.0324865422708189,0.0109061084476307,0.8333333333333334,0.6666666666666666,0.6666666666666666,0.6666666666666666,0.0819004771045873,0.1151111519474179,-0.1183070127598313,0.0970514481335471,0.9854567345293008,36.71179670806413,36.71179670806413,EARLY TURN
2025-03-07,NUCLEAR,URA,23.940000534057617,-0.0346773681233735,-0.1773195800608267,-0.1854371884577305,0.0327868946883549,-0.1468281899607797,-0.1359559370473438,-0.1386156561532228,-0.0330210824427756,-0.1288526467587156,-0.1611846202730595,0.0,0.1666666666666666,0.0,0.1666666666666666,-0.1626143817072119,-0.0911674319943091,0.1979396767497251,0.365578722802177,1.2297652533737362,5.819985133714923,-51.20255523037093,LAGGARD
2025-03-07,COMMUNICATION_SERVICES,XLC,100.29000091552734,-0.0167646969065946,-0.0238465738678602,-0.0064394839524223,0.1972066961259486,0.2600829944727867,0.0175170691456225,0.0403820483520853,0.131398718994818,-0.0042988979617724,0.0812326088310342,0.1666666666666666,0.8333333333333334,0.1666666666666666,0.3333333333333333,-0.0090332343392,0.0405410183434498,0.1862609129031058,0.1448456978423686,1.056426430563794,0.6153565635984819,0.6153565635984819,LAGGARD
2025-03-07,AI_SOFTWARE,IGV,93.41999816894533,-0.0415512773267265,-0.1070541414987931,-0.1167627764591658,0.1206813517866567,0.0999646512806162,-0.0656904984853102,-0.0699412441546581,0.0548733746555261,-0.0736370480360513,-0.0046613379570245,0.0,0.3333333333333333,0.0,0.1666666666666666,-0.0849924058581119,-0.0312945316016565,0.3206748534279328,0.2216017969317014,1.1704578973851787,0.0,-72.25756309464352,LAGGARD
2025-03-07,CONSUMER_DISCRETIONARY,XLY,102.83499908447266,-0.0476477506252139,-0.0882613862066581,-0.1266296090221306,0.1275767820785516,0.1406466693679064,-0.0468977431931753,-0.0798080767176229,0.0617688049474209,-0.0780024340186488,0.0063363805996743,0.3333333333333333,0.3333333333333333,0.3333333333333333,0.3333333333333333,-0.0138720481744555,-0.0605592786043791,0.0454585020158282,0.1734426191165161,1.2961091259883455,0.0,-42.1686216635116,LAGGARD
2025-03-07,CONSUMER_STAPLES,XLP,82.86000061035156,-0.0026480647069616,0.044234432309097,0.0099951204982131,-0.001566420734597,0.1024480651019978,0.0855980753225799,0.0568166528027208,-0.0673743978657276,0.039818293131338,0.0326970995863411,0.6666666666666666,0.8333333333333334,0.6666666666666666,0.5,0.0596036745419791,0.0627776279680416,-0.0371162068676166,0.1127315533175552,1.586230040527455,0.0,-1.9354952117720359,LAGGARD
2025-03-07,ENERGY,XLE,43.71500015258789,-0.0392307658771892,-0.0127596802684003,-0.0200627761828811,0.016509686474559,-0.0083928533416955,0.0286039627450824,0.0267587561216265,-0.0492982906565715,-0.025045710772847,-0.0292889744876215,0.3333333333333333,0.1666666666666666,0.5,0.3333333333333333,0.0220509498452523,0.0146136962281611,-0.076609840521592,0.2475151971605341,1.2318237644348864,0.0,0.0,LAGGARD
2025-03-07,FINANCIALS,XLF,49.119998931884766,-0.0586431842735634,-0.0521034499969155,-0.0084780374622669,0.1090539154778862,0.209256529382326,-0.0107398069834326,0.0383434948422407,0.0432459383467556,-0.025648162190338,0.0516680955012818,0.0,0.6666666666666666,0.0,0.1666666666666666,-0.0756571545897386,-0.0047240460137131,0.0627640081315939,0.2165807621246763,1.3437322753972205,0.0,-38.482812769840685,LAGGARD
2025-03-07,POWER_INDUSTRIALS,XLI,134.25,-0.0152571099766601,-0.0224277418625811,-0.0231390005475976,0.0664071860424442,0.0977105204419734,0.0189359011509017,0.02368253175691,0.0005992089113135,-0.0139696950896088,0.0129934771823079,0.0,0.3333333333333333,0.0,0.0,-0.0825461266529693,-0.1100852175553313,0.0213275700595125,0.152806062832237,1.3683167813390351,0.0,0.0,LAGGARD
2025-03-07,SEMI,SOXX,203.8500061035156,-0.0223959240037386,-0.0600359169401761,-0.0871025377627691,-0.0003922256418299,-0.1064305363591658,-0.0186722739266933,-0.0402810054582614,-0.0662002027729605,-0.0714971984432027,-0.1001658393731497,0.0,0.0,0.1666666666666666,0.1666666666666666,-0.0322485157168847,-0.0337169314285561,-0.0347826483488571,0.2585151191842095,1.026957904195756,0.0,0.0,LAGGARD
2025-03-14,MATERIALS,XLB,42.9900016784668,-0.020951905537288,-0.0430717326979381,0.0046740069796744,-0.0723918319962756,-0.0530836952954365,0.03383496520207,0.0526145054742129,-0.0738152724672066,-0.0209407716901518,-0.0499342200879838,0.5,0.3333333333333333,0.0,0.5,0.0456868904714161,0.0920700993350402,-0.0666425501634468,0.1617699898945017,1.0744258175868295,49.39757596534247,46.9729349646973,EARLY TURN
2025-03-14,DEFENSIVE,XLU,39.435001373291016,0.0204425127744729,-0.0029076577999468,0.031924668738239,0.0042017039369481,0.2428301904258911,0.0739990401000614,0.0798651672327775,0.0027782634660171,0.0051231518932075,0.0266390216501046,0.6666666666666666,0.5,0.6666666666666666,0.6666666666666666,0.087305531036268,0.0994154558270199,-0.0353158373003971,0.143896958111887,1.1097823408994685,12.58089988705023,12.58089988705023,LAGGARD
2025-03-14,HEALTHCARE,XLV,144.92999267578125,-0.0291399125072803,0.0008977183790319,0.0502173382302988,-0.071913490797727,-0.0029582273855582,0.0778044162790402,0.0981578367248373,-0.073336931268658,-0.001722021346708,-0.0183023094267082,0.5,0.3333333333333333,0.6666666666666666,0.6666666666666666,0.1065307675961809,0.1120045988348123,-0.0812165665998268,0.1079183035899642,1.072806190799601,5.910833580043807,5.910833580043807,LAGGARD
2025-03-14,COMMUNICATION_SERVICES,XLC,96.58000183105467,-0.0369927116422855,-0.0828980716924027,-0.0140873546990131,0.1117762032631535,0.2180602940583578,-0.0059913737923944,0.0338531437955254,0.1103527627922225,-0.0398934067553631,0.0378278670089988,0.1666666666666666,0.6666666666666666,0.0,0.5,-0.0328681217496364,0.0380934072943081,0.163458162885943,0.15258512648545,1.171251954561372,4.742087507604687,4.742087507604687,LAGGARD
2025-03-14,ENERGY,XLE,44.880001068115234,0.0266499121917165,-0.003441740420163,0.0667934726331058,0.0487207147652812,-0.0196591903708972,0.0734649574798451,0.1147339711276443,0.0472972742943502,-0.0016127846809869,-0.0033559856704471,0.3333333333333333,0.1666666666666666,0.5,1.0,0.0739561536570181,0.1120162329057417,0.0225997546683873,0.2178289232938755,1.242346056623168,0.932165661648348,0.932165661648348,LAGGARD
2025-03-14,SEMI,SOXX,201.1199951171875,-0.0133922536403644,-0.0983996569970441,-0.0637743773388593,-0.0975095821906074,-0.0806363130032772,-0.0214929590970358,-0.0158338788443208,-0.0989330226615384,-0.0749360929601707,-0.1083891324645064,0.1666666666666666,0.0,0.1666666666666666,0.3333333333333333,0.0033344770723717,0.0377787633055841,-0.0291619975954245,0.249484226565256,1.196037844921264,0.08727720182934462,0.08727720182934462,LAGGARD
2025-03-14,AI_SOFTWARE,IGV,91.66000366210938,-0.0188395904659843,-0.1414387239787877,-0.1154217213612953,0.0495820650437102,0.0969364090495066,-0.0645320260787795,-0.0674812228667568,0.0481586245727791,-0.0821608819700772,-0.0263385316126613,0.0,0.1666666666666666,0.0,0.1666666666666666,-0.0791771842898143,-0.040206597718385,0.2428646859752582,0.2212909690315192,1.408784303278247,0.0,-55.91069648642739,LAGGARD
2025-03-14,CONSUMER_DISCRETIONARY,XLY,98.3499984741211,-0.0436135620195553,-0.1334801896553207,-0.1407103499129374,0.0219243626058505,0.1047458218299661,-0.0565734917553124,-0.0927698514183988,0.0205009221349194,-0.1065264155378598,-0.0397899119695819,0.1666666666666666,0.1666666666666666,0.0,0.1666666666666666,-0.0488613735953817,-0.08810845563297,0.0004937403669638,0.1834771580533737,1.4945251937122868,0.0,-25.623584443869476,LAGGARD
2025-03-14,CONSUMER_STAPLES,XLP,79.51000213623047,-0.0404296216442772,-0.0136459306015664,-0.0053790379289887,-0.0526629113889416,0.0526943389548224,0.0632607672984417,0.0425614605655497,-0.0540863518598726,-0.0036964872854737,-0.0096253256698715,0.3333333333333333,0.3333333333333333,0.5,0.1666666666666666,0.0305235015561897,0.0387757584363945,-0.040712968964188,0.1318460761287186,1.8944132643207536,0.0,0.0,LAGGARD
2025-03-14,FINANCIALS,XLF,48.52000045776367,-0.0122149529146594,-0.0633204406873848,0.0002061871073293,0.0900921655234143,0.1895072166888278,0.0135862572126234,0.0481466856018678,0.0886687250524833,-0.0374161668696287,0.034922233092866,0.0,0.3333333333333333,0.0,0.1666666666666666,-0.0587736522695809,0.0026732253150573,0.0997057240142432,0.2134574609496295,1.4920534963666174,0.0,-27.923735654968866,LAGGARD
2025-03-14,NUCLEAR,URA,23.899999618530277,-0.0016708819814117,-0.1473421679252015,-0.1455130423575293,-0.0601651855400924,-0.1430620243254318,-0.0704354700251932,-0.0975725438629908,-0.0615886260110234,-0.1143884261234375,-0.1581172219672895,0.0,0.1666666666666666,0.0,0.1666666666666666,-0.1065591969581203,-0.0433835155138615,0.139664283525449,0.3587824089612498,1.464259665493742,0.0,-48.019369620794244,LAGGARD
2025-03-14,POWER_INDUSTRIALS,XLI,131.1300048828125,-0.0232401870926443,-0.0466739224028194,-0.0201016461977088,0.0042888682483046,0.0744838077605145,0.0302327754971888,0.0278388522968296,0.0028654277773736,-0.0357591740279713,-0.012188474682853,0.0,0.1666666666666666,0.0,0.0,-0.0134552296314265,-0.0705088898824457,0.0241615228535222,0.1506236475000944,1.5733420471151822,0.0,-9.773085250701229,LAGGARD
2025-03-21,HEALTHCARE,XLV,146.60000610351562,0.0115228973444463,0.0011610560420556,0.0550558425569667,-0.0558989743947533,0.0079758226253929,0.0611004196889535,0.1072062749658228,-0.0483846417396719,0.0049631860104653,-0.0071113656550657,1.0,0.3333333333333333,0.8333333333333334,0.8333333333333334,0.0858932410147829,0.1154386125179428,-0.0543488795445615,0.1088925115502065,1.0543374990315617,48.698661024196205,48.698661024196205,EARLY TURN
2025-03-21,MATERIALS,XLB,42.89500045776367,-0.0022098445451028,-0.0258884840149586,0.0100070455579213,-0.0880195472112077,-0.0610703914120591,0.0340508796319392,0.0621574779667774,-0.0805052145561263,-0.0258663743630584,-0.0511976085489027,0.5,0.3333333333333333,0.5,0.6666666666666666,0.0632218937727704,0.1106682228046449,-0.0670241143681255,0.1608934691441815,1.156284905384884,21.85213758247731,21.85213758247731,LAGGARD
2025-03-21,DEFENSIVE,XLU,39.375,-0.0015215258324209,-0.0189360496652979,0.0350946123118449,-0.0166084140939531,0.2331662894978865,0.0410033139815999,0.087245044720701,-0.0090940814388718,-0.0004442353859157,0.0221465101965958,0.5,0.5,0.3333333333333333,0.8333333333333334,0.042836545063206,0.1023954293414325,-0.0266867934129945,0.1432948414004288,1.1793121439573695,20.70830249660108,14.297820298846531,LAGGARD
2025-03-21,ENERGY,XLE,46.2599983215332,0.0307486011714555,0.0174859378923823,0.0941343343695932,0.0423613611575293,0.0012986484329644,0.0774253015392802,0.1462847667784493,0.0498756938126107,0.0243804932941946,0.0260134905823785,0.6666666666666666,0.5,0.6666666666666666,1.0,0.077325223579725,0.1322940259816038,0.0148189415980263,0.2238811812121219,1.3120242181614783,12.079509252360694,12.079509252360694,LAGGARD
2025-03-21,AI_SOFTWARE,IGV,93.11000061035156,0.0158192983887213,-0.0730711454543162,-0.089655829863008,0.043834123272203,0.0828003596169633,-0.0131317818074183,-0.0375053974541519,0.0513484559272844,-0.0637976941868655,-0.0135738136652682,0.0,0.1666666666666666,0.0,0.1666666666666666,-0.0233297674488163,-0.0035219973338659,0.2490255330016202,0.2273369663995029,1.301619848072825,0.0,0.0,LAGGARD
2025-03-21,COMMUNICATION_SERVICES,XLC,97.5999984741211,0.0105611578352489,-0.0526111274078564,-0.0057050241146684,0.0978627311464062,0.1928623666359545,0.0073282362390414,0.0464454082941876,0.1053770638014875,-0.0314770065611718,0.0450070233699928,0.1666666666666666,0.6666666666666666,0.0,0.3333333333333333,-0.0117481864915927,0.0414836182643399,0.1535152106330683,0.1544014523221255,1.2877517803559526,0.0,-10.387289479160629,LAGGARD
2025-03-21,CONSUMER_DISCRETIONARY,XLY,98.7249984741211,0.0038129131247386,-0.0958835225968629,-0.1405502210013774,0.0038639203691217,0.0806151249405207,-0.035944158949965,-0.0883997885925214,0.0113782530242031,-0.093496786256558,-0.0383725783488811,0.1666666666666666,0.1666666666666666,0.1666666666666666,0.1666666666666666,-0.0487494920482605,-0.0919066611549377,-0.0280199170939876,0.1835540991388995,1.6072183385755816,0.0,-13.095121310369606,LAGGARD
2025-03-21,CONSUMER_STAPLES,XLP,79.33000183105469,-0.0022638699577365,-0.0346799520995085,0.0003782948063355,-0.0447923068513889,0.0487837449918229,0.0252594115473893,0.0525287272151916,-0.0372779741963075,-0.009662426535267,-0.0125991995603772,0.1666666666666666,0.3333333333333333,0.0,0.3333333333333333,-3.390190706165086e-05,0.0421840723475858,-0.0241086690244611,0.1307960349478132,1.8586207177593443,0.0,0.0,LAGGARD
2025-03-21,FINANCIALS,XLF,49.459999084472656,0.0193734257592854,-0.0254187372517703,0.0145640837840543,0.0832238118650787,0.1941091567105703,0.0345206263951275,0.0667145161929104,0.0907381445201601,-0.0229158557357748,0.0500392546625942,0.0,0.6666666666666666,0.0,0.3333333333333333,-0.0092747809071676,0.0268611854650662,0.1044076826418593,0.216987516397174,1.53890850116741,0.0,-35.34496589593382,LAGGARD
2025-03-21,NUCLEAR,URA,25.0,0.0460251212981974,-0.0406753448835518,-0.1103202967752979,-0.0802060441758218,-0.1334488849415257,0.019264018763346,-0.0581698643664418,-0.0726917115207405,-0.0661187923514935,-0.1158188811790941,0.0,0.1666666666666666,0.1666666666666666,0.1666666666666666,-0.0274839198741568,-0.0276223883550811,0.0457174180429967,0.377640296178717,1.5103703596341749,0.0,-48.41694895812408,LAGGARD
2025-03-21,POWER_INDUSTRIALS,XLI,132.25,0.008541104823327,-0.0192079235258983,-0.0075791276337184,-0.006982975874201,0.0562255488140193,0.0407314401209994,0.0445713047751376,0.0005313567808803,-0.0281809315944409,-0.0058297129906274,0.0,0.1666666666666666,0.1666666666666666,0.1666666666666666,0.0316586432050715,-0.0413338634058787,-0.0078061414499668,0.1518732327633664,1.5141149716338165,0.0,0.0,LAGGARD
2025-03-21,SEMI,SOXX,199.3800048828125,-0.008651502966481,-0.1098311961513351,-0.1004331103056102,-0.1085974582419667,-0.115635362245823,-0.0498918325044372,-0.0482826778967541,-0.1010831255868853,-0.0749315492555022,-0.110913894295935,0.0,0.0,0.0,0.3333333333333333,-0.0418395042241261,-0.0016360712750803,-0.0482533325765143,0.2351783809907799,1.2062157120325956,0.0,0.0,LAGGARD
2025-03-28,HEALTHCARE,XLV,144.52000427246094,-0.0141882792936992,-0.0296111503404207,0.0400114946024892,-0.055548292789649,-0.0217287724085388,0.0352177230751618,0.1013174128627083,-0.0278828013918395,-0.0122342513567191,-0.0208190791541967,0.5,0.3333333333333333,0.1666666666666666,0.8333333333333334,0.0467844450552461,0.105640363780078,-0.0354277141605694,0.1155278611532064,0.9828326540654676,61.205411449418584,61.205411449418584,IMPROVING
2025-03-28,DEFENSIVE,XLU,38.9900016784668,-0.0097777351500496,-0.0156525857695325,0.0116762001102639,-0.0303406474454999,0.187814189557852,0.0491762876460499,0.072982118370483,-0.0026751560476904,-0.0091360300816405,0.0093388229041635,0.3333333333333333,0.5,0.0,1.0,0.0430693072230532,0.1231019297751285,0.0018986539316634,0.1436121857460653,1.1327766689444103,53.59465082282863,-5.215720019181724,HOLD
2025-03-28,MATERIALS,XLB,42.525001525878906,-0.0086256889599309,-0.0417980959349063,0.0223584632259341,-0.1224720939067334,-0.0844008654258243,0.0230307774806761,0.0836643814861533,-0.0948066025089239,-0.030658739864379,-0.0581864393767864,0.5,0.3333333333333333,0.3333333333333333,1.0,0.0592838987901434,0.1366532295542884,-0.0829814779028886,0.1551001157544672,1.163413026712473,46.32051060977333,37.25698638200107,EARLY TURN
2025-03-28,NUCLEAR,URA,23.100000381469727,-0.0759999847412109,-0.0685483430600425,-0.1990291172242971,-0.206185564307438,-0.1987512853763388,-0.00371946964446,-0.137723198964078,-0.1785200729096285,-0.1209041998238796,-0.1782722217078199,0.0,0.0,0.0,0.0,-0.0486243064274225,-0.1315684045077605,-0.1022918423868516,0.3928720879951901,1.144363080237915,18.347244115594577,-24.67895466504291,LAGGARD
2025-03-28,ENERGY,XLE,46.21500015258789,-0.0009727230993946,0.0157142890678656,0.056705144795387,0.060098608980897,-0.0209723893669145,0.0805431624834481,0.1180110630556061,0.0877641003787065,0.0251206225349054,0.0242544363783263,0.8333333333333334,0.5,0.8333333333333334,0.8333333333333334,0.0908779836547978,0.1168772804273053,0.0580882704771931,0.2161028394250145,1.2639221381979522,13.15916068106391,13.15916068106391,LAGGARD
2025-03-28,COMMUNICATION_SERVICES,XLC,95.73999786376952,-0.0190573836007256,-0.0613725699630438,-0.0218635007120794,0.0636595444011509,0.1724221598117969,0.0034563034525386,0.0394424175481397,0.0913250357989604,-0.0483763692502311,0.0221370283414803,0.1666666666666666,0.5,0.0,0.3333333333333333,-0.0177424521831139,0.0426359623804391,0.136730311833068,0.1592921924801279,1.1689877607379893,10.998718010704962,-39.87734048356238,LAGGARD
2025-03-28,AI_SOFTWARE,IGV,89.87000274658203,-0.0347975281122414,-0.0779726929202788,-0.1143194868884491,0.0070596694071445,0.0539463619632927,-0.0131438195046963,-0.05301356862823,0.034725160804954,-0.0867797765552622,-0.0491833340307396,0.0,0.1666666666666666,0.1666666666666666,0.1666666666666666,-0.0120061540261549,-0.033607051856481,0.2140194312407229,0.2344370469675181,1.1402070862680138,0.0,0.0,LAGGARD
2025-03-28,CONSUMER_DISCRETIONARY,XLY,98.5199966430664,-0.0020764936360918,-0.087608875900815,-0.1276784618968023,-0.0189205492981823,0.071510108978904,-0.0227800024852324,-0.0663725436365831,0.0087449420996271,-0.0818138437392395,-0.0420524436738557,0.1666666666666666,0.1666666666666666,0.0,0.1666666666666666,-0.0325662002670601,-0.0721251370856579,-0.0334241477962111,0.1843830181990834,1.6357956432616074,0.0,0.0,LAGGARD
2025-03-28,CONSUMER_STAPLES,XLP,80.41000366210938,0.0136140401629476,-0.0321376758557953,0.0265543442159099,-0.0314381243856025,0.0530382794576456,0.0326911975597872,0.0878602624761291,-0.003772632987793,-0.000136752490278,-9.28166345848247e-06,0.3333333333333333,0.5,0.0,0.6666666666666666,0.0057196511045459,0.0835433483366655,0.0130108921390738,0.1302623294294112,1.6040001125482766,0.0,0.0,LAGGARD
2025-03-28,FINANCIALS,XLF,49.209999084472656,-0.0050545896608898,-0.0569183825859144,0.0127598051026502,0.0899224235079296,0.1683285928865676,0.0079104908296681,0.0740657233628694,0.1175879149057391,-0.0258917727079845,0.0403805303271176,0.0,0.3333333333333333,0.0,0.1666666666666666,-0.0345847999093524,0.0138275809874299,0.1104285351529969,0.217208107153305,1.4308606990230424,0.0,-42.54209773519536,LAGGARD
2025-03-28,POWER_INDUSTRIALS,XLI,130.14999389648438,-0.0158790631645794,-0.045331239283843,-0.0193641297512122,-0.0347104344063903,0.0332644874759151,0.0194976341317394,0.0419417885090068,-0.0070449430085808,-0.0382413269613368,-0.0229346225869323,0.0,0.1666666666666666,0.0,0.0,-0.001600912705324,-0.0874640945476763,-0.0453730022852425,0.1551652827813357,1.3818872491049727,0.0,0.0,LAGGARD
2025-03-28,SEMI,SOXX,188.67999267578125,-0.0536664256444385,-0.0951468021780581,-0.1518856850789524,-0.1891009170750235,-0.1648371361322144,-0.0303179287624756,-0.0905797668187332,-0.161435425677214,-0.1075753358863812,-0.1528576479505569,0.0,0.0,0.0,0.0,-0.0180509019120793,-0.063131408110433,-0.1424766020233058,0.2511182105862314,1.1587162913086035,0.0,0.0,LAGGARD
2025-04-04,DEFENSIVE,XLU,37.26499938964844,-0.0442421701605372,-0.0357096921145978,-0.0138926042116921,-0.0833845650334826,0.1437997942077489,0.0869462084046227,0.1156703386819688,0.0347696183536373,-0.0469675217621593,-0.0373071093427768,0.1666666666666666,0.1666666666666666,0.0,0.6666666666666666,0.0637190754951752,0.1694238620020113,0.067154620097468,0.167673314255714,1.2323024285229458,42.23768776084729,-12.878041356531632,WATCH
2025-04-04,NUCLEAR,URA,20.81999969482422,-0.0987013267962744,-0.130325846684707,-0.233713668150121,-0.3133245414122382,-0.3182711502723374,-0.0076699461654864,-0.10415072525646,-0.1951703580251181,-0.1772702229209385,-0.2539840453130255,0.0,0.0,0.0,0.0,-0.0388118628313983,-0.142676481900516,-0.1852867957031957,0.4211303862432099,1.081956333956687,36.80222804436144,30.98224291064652,EARLY TURN
2025-04-04,MATERIALS,XLB,38.93999862670898,-0.0843034161207082,-0.1131860905938044,-0.0650660936347404,-0.1816749106670593,-0.1605044726576618,0.0094698099254161,0.0644968492589205,-0.0635207272799392,-0.1009835540787497,-0.1350871445993764,0.0,0.0,0.1666666666666666,0.5,0.0165165874890449,0.0920449836518717,-0.0525358287977091,0.2375230621958842,1.0434650645030557,34.20632441340405,-13.13664309351173,LAGGARD
2025-04-04,HEALTHCARE,XLV,135.27999877929688,-0.0639358235538386,-0.0937834948719306,-0.0312231497379594,-0.107887105488002,-0.0554392010454646,0.0288724056472899,0.0983397931557015,0.0102670778991179,-0.069645884055784,-0.0817954174360102,0.1666666666666666,0.0,0.1666666666666666,0.5,0.034596202822002,0.1073779286336379,-0.003044978682071,0.181380675925673,1.0449733163097727,31.201657283282604,-5.510139424781524,LAGGARD
2025-04-04,AI_SOFTWARE,IGV,81.30000305175781,-0.0953599580829005,-0.1297366233648292,-0.1636662502063138,-0.0956618278993629,-0.0340976022290848,-0.0070807228456086,-0.0341033073126528,0.022492355487757,-0.1544901237724941,-0.1385772430881194,0.0,0.1666666666666666,0.0,0.1666666666666666,-0.0164597995448203,-0.0013278706736157,0.1503761735375753,0.2892420403543301,1.2388569562560008,30.09232707460282,30.09232707460282,LAGGARD
2025-04-04,ENERGY,XLE,39.380001068115234,-0.1478956845592463,-0.0991650250335416,-0.1089489458073891,-0.1547542189495393,-0.1969820486759718,0.0234908754856789,0.0206139970862718,-0.0366000355624193,-0.1141603613609394,-0.1242222978206571,0.0,0.0,0.0,0.0,0.0289668403324925,0.01609953963128,-0.0638491312961117,0.3836735034184504,1.1978668883199486,13.450999189942564,13.450999189942564,LAGGARD
2025-04-04,COMMUNICATION_SERVICES,XLC,87.2300033569336,-0.0888865123952163,-0.1302223296377669,-0.0895521805687653,-0.0401627861663156,0.0570771559073122,-0.0075664291185463,0.0400107623248956,0.0779913972208043,-0.1214534935306669,-0.0691072484200419,0.0,0.3333333333333333,0.0,0.3333333333333333,-0.0104295382713643,0.0383751439466804,0.1075921817443274,0.2403460089617027,1.2597280071802983,8.943871608488543,8.328515044890061,LAGGARD
2025-04-04,SEMI,SOXX,157.6300048828125,-0.1645642834337161,-0.2267353438156507,-0.2775893350713341,-0.3178552724867223,-0.2887695645444766,-0.1040794432964301,-0.1480263921776731,-0.1997010890996022,-0.2277695113514167,-0.2851255069525789,0.0,0.0,0.0,0.0,-0.09851996138274,-0.1486998185024484,-0.1897021849676239,0.4037923903487428,1.2778426587890208,3.342843388072211,3.342843388072211,LAGGARD
2025-04-04,CONSUMER_DISCRETIONARY,XLY,91.3949966430664,-0.0723203435117193,-0.1112461957821284,-0.1722217769074177,-0.0776101580709539,0.0220867648687448,0.0114097047370921,-0.0426588340137567,0.040544025316166,-0.1290530334003935,-0.111373662157427,0.0,0.1666666666666666,0.0,0.1666666666666666,-0.0006335206571761,-0.0387401565717392,0.0093732107572805,0.223983713038532,1.6515820626413324,0.0,0.0,LAGGARD
2025-04-04,CONSUMER_STAPLES,XLP,78.45999908447266,-0.0242507709094359,-0.0531016352096094,0.0277705377034422,-0.0369461408018927,0.0555629914123381,0.0695542653096111,0.1573334805971032,0.0812080425852272,-0.0250630872905696,-0.0248298126160335,0.1666666666666666,0.1666666666666666,0.0,0.6666666666666666,0.0665327234323086,0.1472451882039087,0.0961003009328113,0.1291169562113634,1.5021167065290386,0.0,0.0,LAGGARD
2025-04-04,FINANCIALS,XLF,44.20000076293945,-0.1018085432786366,-0.1001628313503818,-0.0659340437871141,-0.0317634329566769,0.0632668050859448,0.0224930691688387,0.0636288991065469,0.086390750430443,-0.1133933590522576,-0.0670627619927163,0.0,0.0,0.0,0.0,-0.0222765921951766,-0.0258935903906468,0.0480784684727763,0.3028962888926143,1.254501823786925,0.0,0.0,LAGGARD
2025-04-04,POWER_INDUSTRIALS,XLI,117.94000244140624,-0.0938147677885364,-0.1214897397288174,-0.1019568963904651,-0.1296582745012461,-0.0615102716652162,0.0011661607904031,0.0276060465031958,-0.011504091114126,-0.113313073095796,-0.1139442426641507,0.0,0.0,0.0,0.0,0.0280425783752312,-0.0814437533489563,-0.0502050262312758,0.2476070648444471,1.2826482369784422,0.0,0.0,LAGGARD
2025-04-11,NUCLEAR,URA,22.649999618530277,0.0878962512262182,-0.0523012560649098,-0.1919372435362963,-0.2450000127156575,-0.2504963556196696,-0.0010050899654762,-0.0854410207235621,-0.1662533111340489,-0.0844785912104024,-0.1832613755944069,0.1666666666666666,0.0,0.1666666666666666,0.0,0.0021930353033754,-0.1138745063322512,-0.0965080046545302,0.4676751309723742,1.0968416920068798,28.208762414612295,28.208762414612295,LAGGARD
2025-04-11,AI_SOFTWARE,IGV,87.19999694824219,0.0725706479091798,-0.0486581555277733,-0.1307815269786023,-0.0605473256308942,0.0536490417762807,0.0026380105716603,-0.0242853041658681,0.0181993759507143,-0.0780877065463191,-0.0756396373522582,0.0,0.1666666666666666,0.1666666666666666,0.1666666666666666,-0.000572067128253,0.0143390925404322,0.1661336022222536,0.3293182158434428,1.2359437453737971,13.797890314602292,13.797890314602292,LAGGARD
2025-04-11,COMMUNICATION_SERVICES,XLC,91.2699966430664,0.046314262646554,-0.0549803798645288,-0.0628401559188481,0.0092889122531889,0.1222180571526345,-0.0036842137650952,0.043656066893886,0.0880356138347975,-0.0703620213713347,-0.0269048827409312,0.0,0.3333333333333333,0.3333333333333333,0.3333333333333333,-0.0052687675710899,0.0516008521773949,0.125381133864954,0.2613765810602246,1.8007927200800988,0.0,-4.742087507604687,LAGGARD
2025-04-11,CONSUMER_DISCRETIONARY,XLY,94.86000061035156,0.037912403244757,-0.0354854897602042,-0.1723235310603094,-0.0348967369338372,0.0711986932804207,0.0158106763392293,-0.0658273082475752,0.0438499646477713,-0.0773719673833679,-0.0777307794398414,0.1666666666666666,0.1666666666666666,0.5,0.1666666666666666,0.0025633306380621,-0.0647212496772665,0.0187029868580559,0.2238405103409222,2.135722737212513,0.0,0.0,LAGGARD
2025-04-11,CONSUMER_STAPLES,XLP,80.3499984741211,0.0240887001236591,0.0105646624993342,0.0402641208747411,-0.0158010892353204,0.0949850297299985,0.0618608285987679,0.1467603436874753,0.0629456123462881,-0.0032748930146692,-0.0022599897609683,0.3333333333333333,0.5,0.6666666666666666,0.8333333333333334,0.0783263197856983,0.1431983938889696,0.0879017592025943,0.1357002411526153,1.6256025758096735,0.0,0.0,LAGGARD
2025-04-11,DEFENSIVE,XLU,38.15999984741211,0.0240171869696121,-0.0323317226189436,-0.031963429225266,-0.036971612683606,0.1887850984845549,0.0189644434804899,0.0745327935874681,0.0417750888980025,-0.0221276977275867,-0.0166532468045388,0.1666666666666666,0.1666666666666666,0.3333333333333333,0.6666666666666666,0.0314756416978438,0.13842604054983,0.04185840967363,0.1474333250826189,1.5842343079723382,0.0,-12.58089988705023,LAGGARD
2025-04-11,ENERGY,XLE,39.44499969482422,0.0016505491352465,-0.1211007407295335,-0.1603873972079955,-0.1499838221648179,-0.1793404593398815,-0.0698045746300999,-0.0538911743952613,-0.0712371205832094,-0.1038791443586569,-0.1200345822485177,0.0,0.0,0.0,0.0,-0.0801688387948465,-0.0713653720725078,-0.1071082432804058,0.3495912343856928,1.686549502918643,0.0,-0.932165661648348,LAGGARD
2025-04-11,FINANCIALS,XLF,46.66999816894531,0.0558822932889377,-0.0381286535730512,-0.0708740076793661,0.0034401172476077,0.1650024106105334,0.0131675125263823,0.035622215133368,0.0821868188292163,-0.054746550284545,-0.0175874744470719,0.0,0.1666666666666666,0.1666666666666666,0.0,-0.01941251089726,-0.0654501352093703,0.0301360512001353,0.2972577856301523,1.5863540064753971,0.0,0.0,LAGGARD
2025-04-11,HEALTHCARE,XLV,136.8699951171875,0.0117533733902868,-0.0556130405431299,-0.0236124820340757,-0.1105985076350959,-0.0146858288902221,-0.0043168744436963,0.0828837407786584,-0.0318518060534873,-0.0521927793287663,-0.0698133041247005,0.1666666666666666,0.1666666666666666,0.1666666666666666,0.6666666666666666,-0.0041488879030183,0.1102493834671083,-0.0478639182677012,0.183388965371356,1.5696547045844444,0.0,-5.910833580043807,LAGGARD
2025-04-11,MATERIALS,XLB,40.25,0.0336415361964723,-0.0637357890553242,-0.0886448734149335,-0.1604963967838947,-0.1047597682469547,-0.0124396229558906,0.0178513493978006,-0.0817496952022861,-0.061760632587679,-0.1041495714948832,0.1666666666666666,0.1666666666666666,0.1666666666666666,0.3333333333333333,0.0280197699415381,0.0849875246767566,-0.0564838929565388,0.2072759415185995,1.467466556018037,0.0,-49.39757596534247,LAGGARD
2025-04-11,POWER_INDUSTRIALS,XLI,125.66999816894533,0.0655417633332626,-0.0416381187413715,-0.0876951131111047,-0.0921109678417874,0.0225386217142,0.009658047358062,0.0188011097016294,-0.0133642662601788,-0.0461045820981549,-0.0566590253552161,0.1666666666666666,0.1666666666666666,0.5,0.0,0.0423982823571939,-0.0654674179151623,-0.014895497385711,0.2674462517307886,1.7363604679772016,0.0,0.0,LAGGARD
2025-04-11,SEMI,SOXX,172.25999450683594,0.0928122132261548,-0.1434964265663171,-0.2501959154346692,-0.2684108145967752,-0.210070212678418,-0.0922002604668834,-0.143699692621935,-0.1896641130151666,-0.1366971651524331,-0.2114000715834161,0.0,0.0,0.0,0.0,-0.0927928120203558,-0.1289063401525898,-0.1695599130060653,0.4465717203166245,2.2156024213097942,0.0,-0.08727720182934462,LAGGARD
2025-04-18,AI_SOFTWARE,IGV,86.58999633789062,-0.0069954200883014,-0.0700247473925596,-0.1662012748178477,-0.0619651324015294,0.1026359058179258,-0.003408894657871,-0.0320499162165855,0.0375576973393235,-0.0667471824902522,-0.0819283168565213,0.1666666666666666,0.1666666666666666,0.1666666666666666,0.1666666666666666,-0.0133224575714498,-0.0164508027952512,0.1952103985967662,0.3128627435005658,1.1345838400448451,26.67386334757621,26.67386334757621,LAGGARD
2025-04-18,COMMUNICATION_SERVICES,XLC,90.20999908447266,-0.0116138665232905,-0.0757172080449152,-0.1015835495033029,-0.0111805791398496,0.1351453089064707,-0.0091013553102267,0.0325678090979592,0.0883422506010034,-0.0692803735408266,-0.039205043269426,0.3333333333333333,0.3333333333333333,0.3333333333333333,0.1666666666666666,-0.0038327626754792,0.0305335499906381,0.1167346994437214,0.2485343671026515,1.621139213162164,0.0,0.0,LAGGARD
2025-04-18,CONSUMER_DISCRETIONARY,XLY,92.6999969482422,-0.0227704369408749,-0.0610281247809616,-0.193948096499023,-0.0707232770229367,0.0921300653612984,0.0055877279537268,-0.0597967378977608,0.0287995527179162,-0.0804119013318548,-0.0980637105845166,0.1666666666666666,0.1666666666666666,0.3333333333333333,0.1666666666666666,0.0066532832644496,-0.0592274011204701,0.007467407360892,0.2201462923214617,1.916137411638744,0.0,0.0,LAGGARD
2025-04-18,CONSUMER_STAPLES,XLP,81.87000274658203,0.0189172906201173,0.0320181628249127,0.0509627874575107,-0.0044989679814971,0.0998119298964845,0.0986340155596012,0.1851141460587728,0.0950238617593558,0.0124156209459171,0.0152215349276019,0.8333333333333334,0.8333333333333334,0.8333333333333334,0.6666666666666666,0.1130688402300737,0.1790752331661462,0.1175966306617966,0.1392102597847315,1.518462346499854,0.0,0.0,LAGGARD
2025-04-18,DEFENSIVE,XLU,38.8849983215332,0.0189989118715958,-0.0124444870721726,-0.0216379578176725,-0.0510067170327752,0.1885984453665741,0.0541713656625159,0.1125134007835896,0.0485161127080777,-0.0030765697322797,-6.754113798146388e-05,0.5,0.6666666666666666,0.5,0.6666666666666666,0.0654217231620725,0.1773765212970962,0.0687755312221786,0.1527457056704425,1.496138255181124,0.0,-20.70830249660108,LAGGARD
2025-04-18,ENERGY,XLE,40.75,0.0330840490625485,-0.1191093497936509,-0.1074361824651091,-0.0978525204365425,-0.1418342744821057,-0.0524934970589624,0.026715176136153,0.0016703093043104,-0.0667475876907076,-0.0886293914041205,0.0,0.0,0.0,0.0,-0.0625303896902607,0.011223254246485,-0.0309526232091015,0.3603526274827485,1.5625360299152995,0.0,-12.079509252360694,LAGGARD
2025-04-18,FINANCIALS,XLF,46.650001525878906,-0.00042846890617,-0.0568135384271754,-0.0825958126700766,-0.0203695385922485,0.1552748957878205,0.0098023143075131,0.0515555459311855,0.0791532911486044,-0.0451530669928803,-0.0202101018497271,0.0,0.0,0.0,0.0,-0.0179950445062243,-0.0322641452976446,0.0363429401004662,0.2948533846918953,1.5062439776041394,0.0,0.0,LAGGARD
2025-04-18,HEALTHCARE,XLV,135.49000549316406,-0.0100824846442194,-0.0757844484843109,-0.0611183716627015,-0.1151962308311033,-0.024900982591363,-0.0091685957496224,0.0730329869385606,-0.0156734010902502,-0.0545867683034851,-0.0771881364673339,0.1666666666666666,0.1666666666666666,0.1666666666666666,0.5,-0.0284715622539666,0.0951127698628308,-0.0364332622145235,0.1695944430061004,1.5206731441533758,0.0,-48.698661024196205,LAGGARD
2025-04-18,MATERIALS,XLB,40.375,0.0031055900621117,-0.0587481158846233,-0.0926966292134831,-0.1728976516265036,-0.0922886597230828,0.0078677368500651,0.041454729387779,-0.0733748218856505,-0.0505026801651523,-0.0989231747961856,0.1666666666666666,0.1666666666666666,0.1666666666666666,0.3333333333333333,0.0343564734418648,0.107659904339832,-0.0595832903709406,0.2059594882274861,1.3620814517712394,0.0,-21.85213758247731,LAGGARD
2025-04-18,NUCLEAR,URA,22.8700008392334,0.0097130783403254,-0.085199966430664,-0.250900742716418,-0.316497266437572,-0.2067290704212567,-0.0185841136959755,-0.1167493841151559,-0.216974436696719,-0.0517062307916202,-0.1691038555475056,0.1666666666666666,0.0,0.1666666666666666,0.0,0.0023573239204023,-0.1414624059279756,-0.1902754797994489,0.409012399962844,1.030004770804727,0.0,0.0,LAGGARD
2025-04-18,POWER_INDUSTRIALS,XLI,125.3000030517578,-0.0029441801748901,-0.0525519618014531,-0.1117884982894841,-0.1003087584701506,0.0400929839969541,0.0140638909332353,0.022362860311778,-0.0007859287292976,-0.0401482852111626,-0.0596340394523682,0.3333333333333333,0.1666666666666666,0.1666666666666666,0.0,0.0281964745236882,-0.0817512797890459,-0.016938105907938,0.2583612092910664,1.6068648125535765,0.0,0.0,LAGGARD
2025-04-18,SEMI,SOXX,166.5500030517578,-0.0331475190825664,-0.164660452538111,-0.2778789304001667,-0.2738489596767074,-0.1604919423148704,-0.0980445998034225,-0.1437275717989046,-0.1743261299358544,-0.1437193974413239,-0.2293071386007386,0.0,0.0,0.0,0.0,-0.0959044017609157,-0.1370325338010667,-0.1573082528238782,0.44310994506519,2.3305718834127944,0.0,0.0,LAGGARD
2025-04-25,NUCLEAR,URA,24.450000762939453,0.0690861331756302,0.0584415739903045,-0.1363475371183458,-0.2252851338186999,-0.1711864148156118,0.0674758012852549,-0.0513055111755142,-0.1762384972191711,0.0290837470952851,-0.1086645148913407,0.8333333333333334,0.0,1.0,0.0,0.0741389114622727,-0.0576567118398604,-0.1480167028824527,0.4322464840118217,1.0197359953666465,18.169869799085248,-0.17737431650932933,LAGGARD
2025-04-25,AI_SOFTWARE,IGV,94.76000213623048,0.0943527675698117,0.0544119198865209,-0.0790163990829599,0.0277657838690101,0.1685782021912893,0.0634461471814713,0.0060256268598715,0.0768124204685389,0.0346898654419827,0.0020620967002178,0.5,0.3333333333333333,0.6666666666666666,0.1666666666666666,0.0730167151877668,0.0329827982473706,0.2632426415806017,0.3862681310335764,1.2053169958254426,15.402701671347039,15.402701671347039,LAGGARD
2025-04-25,COMMUNICATION_SERVICES,XLC,94.36000061035156,0.0460037863651106,-0.0144140096533279,-0.0783355817368773,0.038635136986054,0.1778804130749021,-0.0053797823583775,0.0067064442059541,0.0876817735855828,-0.0153396529156495,0.0025259788930411,0.1666666666666666,0.5,0.3333333333333333,0.1666666666666666,0.0028112554820897,-0.009126130983812,0.1175831466197824,0.2678757825224488,1.6355500522811073,0.0,-10.998718010704962,LAGGARD
2025-04-25,CONSUMER_DISCRETIONARY,XLY,98.8000030517578,0.0658037357533192,0.0028421276718659,-0.1488994802863108,-0.0159852173402944,0.1233016996751859,0.0118763549668163,-0.0638574543434793,0.0330614192592343,-0.0053957905505075,-0.0398561420620492,0.3333333333333333,0.1666666666666666,0.5,0.1666666666666666,0.009856156270542,-0.0708103796617653,0.0087714040178267,0.2766383273940052,1.8562177967246951,0.0,0.0,LAGGARD
2025-04-25,CONSUMER_STAPLES,XLP,80.83999633789062,-0.0125809988290785,0.0053475022534275,0.0235501760179874,-0.0027140541244662,0.06945363479755,0.0143817295483779,0.1085922019608189,0.0463325824750625,-0.0006058223440571,0.0015951459464096,0.5,0.6666666666666666,0.6666666666666666,0.3333333333333333,0.016849360986165,0.0812892604704248,0.058106742492251,0.1415084049570318,1.5227611175797433,0.0,0.0,LAGGARD
2025-04-25,DEFENSIVE,XLU,39.10499954223633,0.0056577402648696,0.0029494193080028,0.004237311796261,-0.0269967435070177,0.1815983713508235,0.0119836466029532,0.0892793377390925,0.022049893092511,0.0037088740694413,0.0029848368287268,0.3333333333333333,0.5,0.5,0.6666666666666666,-0.0096450596895204,0.0994689915979155,0.0310402733407445,0.1472214050660325,1.5223088146440331,0.0,-53.59465082282863,LAGGARD
2025-04-25,ENERGY,XLE,41.19499969482422,0.0109202379097967,-0.1086227510805832,-0.0599041537718233,-0.0822100649369689,-0.1394401375809209,-0.0995885237856328,0.0251378721710081,-0.0331634283374401,-0.0481856802537598,-0.0760993014216167,0.0,0.0,0.0,0.1666666666666666,-0.1181852628197058,0.004448856595215,-0.0685571635533144,0.3545563442528551,1.588933027671989,0.0,-13.15916068106391,LAGGARD
2025-04-25,FINANCIALS,XLF,48.02000045776367,0.0293676074399431,-0.0241820493568036,-0.0670293507114146,0.0298091219774578,0.1763841454377173,-0.0151478220618532,0.0180126752314168,0.0788557585769866,-0.0094475725343307,0.0058335088256677,0.1666666666666666,0.3333333333333333,0.5,0.0,-0.0065703213309184,-0.0431122971067843,0.059063703267484,0.3020433066869014,1.4721383240316128,0.0,0.0,LAGGARD
2025-04-25,HEALTHCARE,XLV,138.0500030517578,0.0188943645642032,-0.0447688972421101,-0.0600530561629842,-0.070933397576544,-0.0136467817268268,-0.0357346699471597,0.0249889697798472,-0.0218867609770152,-0.0321653131985809,-0.0581773899363768,0.1666666666666666,0.1666666666666666,0.1666666666666666,0.5,-0.0543447067480349,0.0295778500573565,-0.0495366381639654,0.1703411971821094,1.5197793124155532,0.0,-61.205411449418584,LAGGARD
2025-04-25,MATERIALS,XLB,41.310001373291016,0.0231579287502419,-0.0285714311344231,-0.069489786071917,-0.1206896173731936,-0.0770776826991626,-0.0195372038394727,0.0155522398709144,-0.0716429807736648,-0.0201845084386548,-0.0761256726233776,0.3333333333333333,0.1666666666666666,0.1666666666666666,0.5,-0.002279651661794,0.0788297276767996,-0.0334815094469338,0.215698778537337,1.4257496776250724,0.0,-46.32051060977333,LAGGARD
2025-04-25,POWER_INDUSTRIALS,XLI,129.00999450683594,0.0296088696306386,-0.008759119808758,-0.0675100194046348,-0.0471934983581587,0.051769041701799,0.0002751074861923,0.0175320065381966,0.00185313824137,-0.0052202997018342,-0.0325423460482142,0.8333333333333334,0.1666666666666666,0.8333333333333334,0.0,0.0918509740597708,0.0014018191714272,0.002834623422218,0.2691877857571519,1.5774833591110338,0.0,0.0,LAGGARD
2025-04-25,SEMI,SOXX,184.80999755859372,0.1096367107310192,-0.0205108928737214,-0.1527529756491753,-0.1950082930368067,-0.147948350580432,-0.011476665578771,-0.0677109497063438,-0.145961656437278,-0.0307744067123243,-0.1396723326289645,0.1666666666666666,0.0,0.3333333333333333,0.0,-0.004099665282888,-0.0419966846810124,-0.134537082172238,0.51704576951091,2.413142193474504,0.0,0.0,LAGGARD
2025-05-02,AI_SOFTWARE,IGV,99.47000122070312,0.0497045058916461,0.2234932040208879,-0.0492257827439902,0.0781486984340886,0.229998736767784,0.1018180711542449,0.0073849146276283,0.0856437398084314,0.0872820741878865,0.047797131022174,1.0,0.5,1.0,0.3333333333333333,0.1463476556652685,0.0048940591079192,0.3447406973638016,0.4010455168820703,1.0196943465849506,96.27049086480093,66.17816379019811,LEADER
2025-05-02,NUCLEAR,URA,25.84000015258789,0.0568506890091944,0.2411143386813605,-0.1120274978057298,-0.1544502420104653,-0.1618553286885093,0.1194392058147175,-0.0554168004341112,-0.1469552006361225,0.0885958655781813,-0.0565297063026423,1.0,0.5,1.0,0.0,0.1735944862684734,-0.0807823896249764,-0.1482268321962393,0.4483010599449725,0.884683697471202,71.99861175139148,35.19638370703004,IMPROVING
2025-05-02,POWER_INDUSTRIALS,XLI,134.5800018310547,0.0431750062893274,0.1410886810682861,-0.0200247576154778,0.0042534687529569,0.0961961840100389,0.019413548201643,0.0365859397561407,0.0117485101272997,0.0379374042133255,0.0076634366522008,1.0,0.5,1.0,0.3333333333333333,0.1178523473691089,0.0321068835808781,0.0191446534638799,0.2871836154048182,1.2949817892696218,23.099558263615172,23.099558263615172,LAGGARD
2025-05-02,MATERIALS,XLB,42.46500015258789,0.0279593014016126,0.090523925274643,-0.038056411547286,-0.0880489336419607,-0.0513794095480855,-0.0311512075919999,0.0185542858243326,-0.080553892267618,0.0109751374720012,-0.0485925772295298,0.8333333333333334,0.5,1.0,0.1666666666666666,-0.0012874972754933,0.0543438459413879,-0.0304104058010845,0.2266993570116542,1.264779578310894,19.44427220140315,-14.762052212000896,LAGGARD
2025-05-02,FINANCIALS,XLF,49.7599983215332,0.0362348572924309,0.125791797796883,-0.0397530178584074,0.0668953467563131,0.2271269853947422,0.0041166649302399,0.0168576795132111,0.0743903881306559,0.0285454147404038,0.0388254417278417,1.0,0.6666666666666666,1.0,0.0,0.0565252000523265,-0.0543280642608794,0.0509847196834455,0.3134486083069218,1.224740878943649,12.699207615057425,12.699207615057425,LAGGARD
2025-05-02,CONSUMER_STAPLES,XLP,81.55999755859375,0.008906497443341,0.0395105596519766,0.0278512807431674,0.0175919651387601,0.0748550409959316,-0.0821645732146663,0.084461978114786,0.0250870065131029,0.0090687162392899,0.0095558430801796,0.6666666666666666,0.6666666666666666,0.6666666666666666,0.3333333333333333,-0.0810259518126274,0.0521409969129717,0.0492450727548132,0.1421416205247491,1.310228146448798,6.177286114924144,6.177286114924144,LAGGARD
2025-05-02,COMMUNICATION_SERVICES,XLC,97.41999816894533,0.0324289692539283,0.1168175446504984,-0.0517811933564413,0.0543289671013742,0.2145617663746393,-0.0048575882161445,0.0048295040151772,0.061824008475717,0.0225674239635575,0.0312786802544855,0.6666666666666666,0.6666666666666666,1.0,0.3333333333333333,0.0263046166154859,-0.0009871228376391,0.1198520140506672,0.2793143909560499,1.2764839885246222,4.594325439739386,-4.349546168749157,LAGGARD
2025-05-02,DEFENSIVE,XLU,39.875,0.0196905885891141,0.0700389280316633,0.0206040519954859,0.0207347088638372,0.1657651765946559,-0.0516362048349796,0.0772147493671046,0.0282297502381799,0.0241559510198143,0.019928576112244,0.5,0.5,0.8333333333333334,0.6666666666666666,-0.095468700987961,0.0719575523402345,0.0117187946070947,0.1525274522842863,1.2565537596304843,3.257142782299283,-38.980544978548004,LAGGARD
2025-05-02,CONSUMER_DISCRETIONARY,XLY,100.71499633789062,0.0193825225403041,0.1019749443311706,-0.1070574029579106,0.0066969681763988,0.1322016105308028,-0.0197001885354723,-0.050446705586292,0.0141920095507416,0.0226118653942641,-0.0234786273870251,0.6666666666666666,0.1666666666666666,1.0,0.1666666666666666,-0.0374373864648785,-0.0560318568595176,-0.0165226334611393,0.28163699737731,1.416058006779841,0.0,0.0,LAGGARD
2025-05-02,ENERGY,XLE,40.9900016784668,-0.0049762839634922,0.0408837116984013,-0.0742998462404727,-0.068726519439486,-0.1143998743956216,-0.0807914211682416,-0.017689148868854,-0.0612314780651432,-0.0430275371036372,-0.0780580108502335,0.0,0.0,0.6666666666666666,0.0,-0.094915044403825,-0.0324947992075247,-0.0975160037911012,0.3530394039157527,1.2791074151950674,0.0,-13.450999189942564,LAGGARD
2025-05-02,HEALTHCARE,XLV,138.52999877929688,0.0034769700610517,0.0240242462250626,-0.0539506541803644,-0.062339287744871,-0.0163317689544376,-0.0976508866415803,0.0026600431912541,-0.0548442463705283,-0.023391241353074,-0.0530566518952371,0.1666666666666666,0.1666666666666666,0.8333333333333334,0.3333333333333333,-0.1212167822421992,-0.0006379398032878,-0.09009336014566,0.1712112938446378,1.3719733807255092,0.0,-31.201657283282604,LAGGARD
2025-05-02,SEMI,SOXX,190.02999877929688,0.0282452318038051,0.2055445847417922,-0.1237607642467433,-0.1384985166296103,-0.1209233455662937,0.0838694518751492,-0.0671500668751247,-0.1310034752552675,0.0146676345077005,-0.111303378814534,0.8333333333333334,0.0,1.0,0.0,0.105185144463132,-0.0611496568478637,-0.1169243122380689,0.5235705400661167,2.0055645018126307,0.0,-3.342843388072211,LAGGARD
2025-05-09,AI_SOFTWARE,IGV,99.69000244140624,0.0022117343722052,0.1432340129619218,-0.0662233004248405,-0.0153101091966535,0.2248433860301182,0.086298731329041,0.0081739186064753,0.0412772216644187,0.0870489891199994,0.0447550267400105,1.0,0.5,1.0,0.1666666666666666,0.1072057110923315,0.0032549315275853,0.181124907462772,0.3978333169553532,0.7241849851734948,100.0,86.20210968539772,LEADER
2025-05-09,POWER_INDUSTRIALS,XLI,136.11000061035156,0.0113686934052621,0.0830747401410092,-0.0104689379095426,-0.0420859728458195,0.0829885445564106,0.0261394585081284,0.0639282811217732,0.0145013580152527,0.0499155398794599,0.0165731873379335,1.0,0.5,1.0,0.5,0.0706814606031854,0.0897265028754492,-0.0082693545081772,0.2883102514757352,0.5926230659509857,100.0,100.0,LEADER
2025-05-09,COMMUNICATION_SERVICES,XLC,97.18000030517578,-0.0024635379622295,0.0647529733700098,-0.0772006214214798,0.0103971719362345,0.1881648027555742,0.007817691737129,-0.0028034023901639,0.0669845027973068,0.0252352680377796,0.0253623710847306,0.6666666666666666,0.8333333333333334,0.6666666666666666,0.1666666666666666,0.0362332807029376,-0.010790394958001,0.1253170748613756,0.2717045755992359,0.618994565406562,99.00292848460731,99.00292848460731,LEADER
2025-05-09,MATERIALS,XLB,42.27999877929688,-0.0043565612298659,0.0504347522806676,-0.0588759154742889,-0.104901064190286,-0.0792682825521122,-0.0065005293522131,0.0155213035570269,-0.0483137333292137,0.0116284282987337,-0.0512814343195763,0.6666666666666666,0.1666666666666666,0.8333333333333334,0.1666666666666666,-0.0161256430671314,0.0567920351991884,0.0018591866431684,0.2219021567421758,0.6323920032678112,94.66330281502678,94.66330281502678,LEADER
2025-05-09,NUCLEAR,URA,27.15999984741211,0.0510835792194073,0.1991170112511677,-0.0310382025658635,-0.1238709726641255,-0.1300448288032376,0.142181729618287,0.0433590164654523,-0.0672836418030532,0.132941212329815,-0.0107178310446232,1.0,0.5,1.0,0.3333333333333333,0.1858060892549501,0.0291429233535859,0.0033017559910656,0.4588940768687898,0.7883697844951808,93.92295614326329,65.714193728651,LEADER
2025-05-09,FINANCIALS,XLF,49.86000061035156,0.0020096923671937,0.0683523155466696,-0.0374517114919377,0.0136206953109931,0.1919674498635901,0.0114170339137888,0.0369455075393782,0.0702080261720654,0.0355785589752224,0.0366928267058861,1.0,0.6666666666666666,1.0,0.0,0.0636346500141187,-0.0276992125478542,0.0199580114022358,0.3135639471911817,0.6428161064960664,79.83795669330115,79.83795669330115,LEADER
2025-05-09,SEMI,SOXX,193.94000244140625,0.0205757179772994,0.1258563138622994,-0.1305868289163312,-0.1617392724335559,-0.1194151943143414,0.0689210322294187,-0.0561896098850153,-0.1051519415724836,0.0436701328745123,-0.0916510155775353,1.0,0.0,1.0,0.0,0.0617398967116332,-0.0444165261815805,-0.1048882574031317,0.5211505096974972,0.9036721878126488,79.33442167171773,79.33442167171773,LEADER
2025-05-09,CONSUMER_STAPLES,XLP,80.91000366210938,-0.0079695183416038,0.006969573100473,0.0037216604575895,0.0011136348382208,0.0423859932892389,-0.0499657085324076,0.0781188794889055,0.057700965699293,0.0037216604575895,0.0009990630496516,0.5,0.6666666666666666,0.5,0.3333333333333333,-0.0685076871103773,0.0369664974337565,0.0637110872552739,0.1401634302959059,0.7914742983755226,66.76176527807313,66.76176527807313,IMPROVING
2025-05-09,DEFENSIVE,XLU,40.119998931884766,0.0061441738403702,0.0513626596517289,0.0144121290978458,0.013387188109476,0.1258594309415586,-0.0055726219811518,0.0888093481291617,0.0699745189705483,0.0291005368404471,0.0242238152716605,0.3333333333333333,0.5,0.5,0.5,-0.0609400972478263,0.0600510123059018,0.0454644987048896,0.151081130070186,0.7641121744639702,64.02999515003427,64.02999515003427,IMPROVING
2025-05-09,CONSUMER_DISCRETIONARY,XLY,101.20500183105467,0.0048652684404628,0.0668880579788941,-0.1083259750567868,-0.059083263962303,0.1364963319791479,0.0099527763460134,-0.0339287560254709,-0.0024959331012307,0.0347048942858436,-0.0218395703844449,0.8333333333333334,0.1666666666666666,1.0,0.1666666666666666,0.0101317786210062,-0.0464938021242797,-0.0254251761732512,0.2812929369971507,0.7088387718749686,57.01554922936606,57.01554922936606,IMPROVING
2025-05-09,ENERGY,XLE,41.21500015258789,0.0054891062431765,0.044872619380345,-0.0848229090211428,-0.1207466634114583,-0.1214963370288018,-0.0120626622525357,-0.0104256899898269,-0.064159332550386,-0.0280512690920067,-0.0714388237740664,0.1666666666666666,0.0,1.0,0.0,-0.0146022672906474,-0.0230164577032486,-0.0949951194303454,0.3504019888083183,0.7020098697251735,30.253834793092693,30.253834793092693,LAGGARD
2025-05-09,HEALTHCARE,XLV,132.67999267578125,-0.042229164477477,-0.0306130093583972,-0.0837017273517898,-0.1165268401482758,-0.0759802489056157,-0.087548290991278,-0.0093045083204739,-0.0599395092872035,-0.0537929363938546,-0.0902187637794609,0.0,0.0,0.5,0.0,-0.1173147419807603,-0.0300347529213709,-0.1033476144975582,0.1884117615001913,0.7728446738911369,14.789243952894317,14.789243952894317,LAGGARD
2025-05-16,AI_SOFTWARE,IGV,105.16000366210938,0.0548701082028577,0.2144590381059152,0.0468890677646716,0.0398497628610901,0.2478937682592368,0.0856810085835004,0.0564566748770771,0.0254237923838707,0.1322014428238653,0.0955679134850622,1.0,0.8333333333333334,1.0,0.5,0.1186747068532227,0.0639709527572235,0.1546015222698882,0.3943489583517928,0.780429404327697,100.0,73.3261366524238,LEADER
2025-05-16,FINANCIALS,XLF,51.59000015258789,0.0346971424199533,0.1058949295846976,0.0165517271445889,0.0344896983665949,0.2141679951670327,-0.0228830999377172,0.0261193342569945,0.0200637278893756,0.0660412509605814,0.0675633782596722,1.0,1.0,1.0,0.5,0.0431738967726914,0.0069282304438747,-0.0127915842226849,0.3194783227595296,0.6323003340539798,100.0,100.0,LEADER
2025-05-16,MATERIALS,XLB,43.525001525878906,0.0294466126425638,0.0780186136440594,-0.0115816583013608,-0.0463408828232638,-0.0553445294592733,-0.0507594158783553,-0.0020140511889552,-0.0607668533004832,0.0423776771067891,-0.0229310647388929,0.8333333333333334,0.5,0.8333333333333334,0.5,-0.0775987872813442,0.0222889901684431,-0.0267283105036859,0.2294967946230254,0.6249564071449095,100.0,100.0,LEADER
2025-05-16,NUCLEAR,URA,27.709999084472656,0.0202503402117268,0.211630873092766,0.0633154125995529,-0.0854785550429984,-0.1513017522370014,0.0828528435703512,0.0728830197119585,-0.0999045255202177,0.137987642072799,0.0065748567802725,1.0,0.6666666666666666,1.0,0.8333333333333334,0.1214611904971817,0.0645675416678008,0.019021118969475,0.4319569879953878,0.8102347837738436,100.0,100.0,LEADER
2025-05-16,POWER_INDUSTRIALS,XLI,143.77999877929688,0.0563514667147977,0.1474859958295891,0.0663008208558817,0.0335705423654337,0.1472113355037914,0.0187079663071743,0.0758684279682873,0.0191445718882143,0.1009862700693264,0.0699628199125843,1.0,0.8333333333333334,1.0,1.0,0.0904271717041946,0.1505227720866216,0.0153717274243679,0.3067794081802835,0.6204411223732945,100.0,100.0,LEADER
2025-05-16,COMMUNICATION_SERVICES,XLC,101.77999877929688,0.0473348267099777,0.1282562887955476,-0.0120364774235603,0.0696794235112516,0.2320542068431264,-0.0005217407268671,-0.0024688703111548,0.0552534530340322,0.0720793716124705,0.0692243334137066,0.8333333333333334,0.8333333333333334,0.8333333333333334,0.3333333333333333,0.036643325499412,0.0089809902389027,0.0939800797941708,0.2902155793562383,0.6805355371939533,96.33324557752246,96.33324557752246,LEADER
2025-05-16,SEMI,SOXX,213.1300048828125,0.0989481396299558,0.279675778910549,-0.0484417852115911,0.0090904697121969,-0.0662022443335601,0.1508977493881342,-0.0388741780991855,-0.0053355007650224,0.1412400605191028,-0.0019293426862293,1.0,0.6666666666666666,1.0,0.1666666666666666,0.1790220762826965,-0.0103925616231495,0.017677817658701,0.5678390670779345,0.8987801614729559,94.16451988206632,94.16451988206632,LEADER
2025-05-16,CONSUMER_DISCRETIONARY,XLY,108.83499908447266,0.0753915035361099,0.1740561237045048,-0.0032968598503382,0.0198181956482139,0.2180749965652781,0.04527809418209,0.0062707472620673,0.0053922251709945,0.1059287413511063,0.0464274914638578,1.0,0.6666666666666666,1.0,0.3333333333333333,0.0450272047321219,-0.017011234131005,-0.019316351729895,0.321827914797823,0.7579461596015958,78.9852521082912,78.9852521082912,LEADER
2025-05-16,CONSUMER_STAPLES,XLP,82.06999969482422,0.0143368678805051,0.0024428599185619,-0.0013385326106483,0.0263882020323997,0.0493543109006109,-0.1263351696038528,0.0082290745017572,0.0119622315551803,0.0191106426855596,0.014434080562784,0.6666666666666666,0.6666666666666666,0.5,0.3333333333333333,-0.1362790800686094,-0.0147047555514721,0.0330202532110566,0.1372493090090703,0.8406307818640336,57.21079531982015,57.21079531982015,IMPROVING
2025-05-16,DEFENSIVE,XLU,41.09000015258789,0.0241774986671854,0.0567057201037253,0.0237947395289239,0.0369716126836061,0.1360243912831262,-0.0720723094186894,0.0333623466413295,0.0225456422063867,0.047412700293121,0.0461260449278166,0.5,0.5,0.3333333333333333,0.3333333333333333,-0.1378331705975725,-0.0184246040444065,0.0045057383115949,0.1561920441764805,0.883557847695835,47.258783829009516,47.258783829009516,EARLY TURN
2025-05-16,ENERGY,XLE,42.7400016784668,0.0370011287209264,0.0488343970175901,-0.0599361809078534,-0.0976459376354805,-0.0998314639736467,-0.0799436325048246,-0.0503685737954479,-0.1120719081126999,0.0102347442248975,-0.0360141004265309,0.3333333333333333,0.0,1.0,0.0,-0.0838190022372053,-0.0652860127672159,-0.1425198014872085,0.3607366895072974,0.7118549853871015,20.026637981015455,20.026637981015455,LAGGARD
2025-05-16,HEALTHCARE,XLV,133.08999633789062,0.0030901694659515,-0.0177135512434127,-0.0911015297762627,-0.0616892288910935,-0.0903561030777053,-0.1464915807658275,-0.0815339226638571,-0.0761151993683129,-0.0397824234324553,-0.0847574373644556,0.0,0.0,0.1666666666666666,0.0,-0.2076614433918029,-0.141346056061555,-0.1254342020225179,0.1854270490962563,1.0459783304233123,0.0,0.0,LAGGARD
2025-05-23,AI_SOFTWARE,IGV,101.93000030517578,-0.0307151316513067,0.0756648164553379,0.0457576590603892,-0.0387589643046649,0.229553660181252,0.0239613987128006,0.0711203564079617,-0.0112195037664331,0.0854240243463377,0.0573980515411911,1.0,0.5,1.0,0.5,0.0427270376354604,0.1058837591906923,0.1224575748707237,0.394792971784313,0.7255441494821241,100.0,84.59729832865295,LEADER
2025-05-23,MATERIALS,XLB,42.84999847412109,-0.015508398118182,0.0372790377544205,-0.034475046353556,-0.0891699406546765,-0.0619527542063967,-0.0144243799881167,-0.0091123490059834,-0.0616304801164446,0.0265562660694287,-0.0367675331352255,0.8333333333333334,0.3333333333333333,0.8333333333333334,0.3333333333333333,-0.0228290910441045,0.0393882203468773,-0.0107690944479817,0.2306350835792949,0.6022026757859038,100.0,100.0,LEADER
2025-05-23,POWER_INDUSTRIALS,XLI,140.8300018310547,-0.0205174361753226,0.0916208652624386,0.033008141565028,-0.0127584447479919,0.131528224867425,0.0399174475199013,0.0583708389126006,0.0147810157902399,0.0704458913191754,0.0453145431883814,1.0,0.6666666666666666,1.0,1.0,0.0796986669003106,0.1721146420901346,0.0115851768834155,0.3114270275129149,0.6272159811983049,100.0,100.0,LEADER
2025-05-23,NUCLEAR,URA,31.82999992370605,0.1486828211965567,0.3018404470544218,0.2834677783433168,-0.0389492466721315,-0.0053125023841857,0.2501370293118845,0.3088304756908894,-0.0114097861338996,0.2659587115726867,0.149439818210924,1.0,1.0,1.0,1.0,0.2658299333049013,0.2559974509606768,0.0549005932269504,0.5020890194015154,1.060333403719831,90.85160143785065,72.6817316387654,LEADER
2025-05-23,SEMI,SOXX,202.55999755859372,-0.0495941776477252,0.0960445876006919,-0.0285824217904753,-0.0629597109942833,-0.150905434139929,0.0443411698581546,-0.0032197244429027,-0.0354202504560514,0.0838055047769266,-0.0482332478728035,1.0,0.3333333333333333,1.0,0.5,0.0722192244904434,0.0407705678019561,-0.0126497213473365,0.5582304877705677,0.9266488175476304,87.3325308811414,87.3325308811414,LEADER
2025-05-23,FINANCIALS,XLF,50.04999923706055,-0.0298507639265841,0.0422740266544223,-0.0408202578700245,-0.0134043033966446,0.2028358207860567,-0.0094293910881149,-0.0154575605224519,0.0141351571415871,0.0309596783424492,0.0323418870305869,1.0,0.8333333333333334,1.0,0.0,0.0202660827529347,-0.0248068130110406,-0.0198577898796451,0.3200944475850661,0.6209089556476367,83.48503181127406,83.48503181127406,LEADER
2025-05-23,CONSUMER_DISCRETIONARY,XLY,105.3249969482422,-0.0322506745601768,0.0660424463050488,-0.0245879452319994,-0.0341586978383452,0.200011404541424,0.0143390285625115,0.000774752115573,-0.0066192373001133,0.0627295311705127,0.0093411111077417,1.0,0.5,0.8333333333333334,0.3333333333333333,0.0098900972679803,-0.0128232591423386,-0.0273435124865577,0.3284139503874728,0.7568938988780433,81.60752489984992,81.60752489984992,LEADER
2025-05-23,COMMUNICATION_SERVICES,XLC,100.19000244140624,-0.0156218938589145,0.0617846735199694,-0.0177450741038602,0.0341660330494228,0.2078361196796814,0.0100812557774321,0.0076176232437122,0.0617054935876547,0.051333741427779,0.0486844611366452,0.8333333333333334,0.8333333333333334,1.0,0.1666666666666666,0.0454082732201449,0.0226435338828295,0.1052940848760455,0.291356744538045,0.6984815492880647,70.71761043223381,70.71761043223381,IMPROVING
2025-05-23,CONSUMER_STAPLES,XLP,81.5999984741211,-0.0057268334647351,0.0094013133431358,-0.0178141950447138,-0.0029325253483475,0.0583657599099751,-0.0423021043994014,0.0075485023028587,0.0246069351898843,0.0106514530580619,0.0082849698370617,0.8333333333333334,0.6666666666666666,0.6666666666666666,0.1666666666666666,-0.0429632115430362,-0.0203630563004104,0.0226310062456189,0.1353687017906615,0.7971935594967581,57.335554152196465,57.335554152196465,IMPROVING
2025-05-23,ENERGY,XLE,40.994998931884766,-0.0408283265805577,-0.0048549766821477,-0.0990110124860491,-0.1570885093721864,-0.1026595666066496,-0.056558394424685,-0.0736483151384765,-0.1295490488339545,-0.022030874254061,-0.0731561386756253,0.1666666666666666,0.0,0.1666666666666666,0.0,-0.0687000273407357,-0.0950565372455832,-0.1614602179306742,0.3685024113346677,0.7043606870057634,54.66219882410523,54.66219882410523,EARLY TURN
2025-05-23,DEFENSIVE,XLU,40.52999877929688,-0.013628653473143,0.0364403338125971,0.0232264113801827,-0.004788206313823,0.1337062595607516,-0.0152630839299401,0.0485891087277553,0.0227512542244088,0.0302621824158682,0.0296994235677034,0.6666666666666666,0.5,0.5,0.3333333333333333,-0.0504543745037962,-0.0130798012421939,0.0184963694894834,0.1564490185045274,0.9206216527269648,43.10969275554508,43.10969275554508,EARLY TURN
2025-05-23,HEALTHCARE,XLV,130.33999633789062,-0.0206627100132925,-0.0558493773518899,-0.1248237242471421,-0.0958657531433676,-0.0974934358784829,-0.1075527950944272,-0.0994610268995696,-0.0683262926051357,-0.0496190409572067,-0.1001834827477915,0.0,0.0,0.0,0.0,-0.1568660848573117,-0.155102162988695,-0.1121254731997538,0.1781704704102079,1.2032994979597753,0.0,0.0,LAGGARD
2025-05-30,AI_SOFTWARE,IGV,103.6500015258789,0.0168743374428872,0.042022722970529,0.1095054972965547,-0.0105956528037114,0.3273147187431244,0.0020939974202369,0.0861167764013075,0.0112448142299595,0.0914892314120621,0.0704437846482552,1.0,1.0,1.0,1.0,0.0217461946793465,0.1365124818902915,0.1510584409323649,0.3806320181234963,0.7265505261070717,100.0,3.7295091351990663,LEADER
2025-05-30,FINANCIALS,XLF,50.959999084472656,0.0181818154102644,0.0241157717728492,0.0374592873086059,-0.0074016569338883,0.2238232428298532,-0.0158129537774427,0.0140705664133586,0.0144388100997826,0.0464710219505641,0.0475842810617181,1.0,0.8333333333333334,1.0,0.8333333333333334,0.0069293260990878,0.0308013392317507,-0.0151761555735025,0.2954372195271795,0.5959541252202487,100.0,87.30079238494258,LEADER
2025-05-30,POWER_INDUSTRIALS,XLI,142.82000732421875,0.0141305507866948,0.061227562647147,0.0638361811859868,-0.0081255512487695,0.1563436552020258,0.0212988370968549,0.0404474602907396,0.0137149157849014,0.0769196499845339,0.0574285954260598,1.0,0.6666666666666666,1.0,1.0,0.0485666211161811,0.2070338808425691,0.0233675658799257,0.3090242294285201,0.6942487819770122,100.0,76.90044173638483,LEADER
2025-05-30,MATERIALS,XLB,43.16999816894531,0.0074679044625283,0.0166018606811297,-0.0168526914379028,-0.0890483493364406,-0.0567027478490491,-0.0233268648691622,-0.04024141233315,-0.0672078823027696,0.0335415813373711,-0.0278286463496856,1.0,0.3333333333333333,0.8333333333333334,0.3333333333333333,-0.0243954702782316,-0.0080078468855839,-0.0131597663951118,0.2306804582157759,0.6020565375520894,99.78747997219564,80.34320777079249,LEADER
2025-05-30,COMMUNICATION_SERVICES,XLC,101.4000015258789,0.0120770441659614,0.0408540693054775,0.0110679090658947,0.0304878044052774,0.2178717141991861,0.0009253437551854,-0.0123208118293525,0.0523282714389484,0.0598047791054328,0.0575030476899449,0.8333333333333334,1.0,0.8333333333333334,0.6666666666666666,0.0286736487546059,0.038780761410895,0.1016430054835913,0.2900360908538196,0.7699506159086742,83.63386179147403,79.03953635173465,LEADER
2025-05-30,NUCLEAR,URA,32.0099983215332,0.0056549920910646,0.2387770175120289,0.3370926318900875,-0.0105100515803695,-0.0071340987890584,0.1988482919617369,0.3137039109948403,0.0113304154533014,0.2385852999391351,0.1505386439329579,1.0,0.8333333333333334,1.0,1.0,0.2405686420523026,0.3483917278020185,0.0817761450890632,0.4868962690458731,1.2016651233096836,79.46234504533409,7.46373329394261,LEADER
2025-05-30,SEMI,SOXX,204.94000244140625,0.0117496293024195,0.0784613153601396,0.0053470507984048,-0.0485607787904809,-0.1242254294595117,0.0385325898098476,-0.0180416700968424,-0.0267203117568098,0.0932873977736508,-0.0338214273303913,1.0,0.6666666666666666,1.0,1.0,0.0631095684738159,0.0291354153673154,0.0008642561223024,0.556160236885633,1.0585693203532776,76.85912215176751,76.85912215176751,LEADER
2025-05-30,CONSUMER_DISCRETIONARY,XLY,106.9000015258789,0.0149537585879133,0.0614109657238937,0.0395293672154077,-0.0382366166590693,0.214979835020902,0.0214822401736016,0.0161406463201605,-0.0163961496253982,0.0697970251427091,0.0212623840326471,1.0,0.6666666666666666,1.0,0.5,0.0262972843778644,-0.0046132547859342,-0.0382644111132183,0.3119343008287142,0.7658409910669859,69.41114201682214,69.41114201682214,IMPROVING
2025-05-30,CONSUMER_STAPLES,XLP,82.83000183105469,0.0150735708325249,0.015571411359454,-0.0003620417460282,-0.0046863660649817,0.0709853342787707,-0.0243573141908379,-0.0237507626412755,0.0171541009686893,0.021457660318074,0.0231705152322136,0.8333333333333334,0.8333333333333334,0.6666666666666666,0.5,-0.0242050212601079,-0.0266032155955399,0.0234971597483872,0.1395184604226118,0.769959195569167,68.32148455102075,62.1441984360966,IMPROVING
2025-05-30,ENERGY,XLE,40.76499938964844,-0.0056104292774463,-0.0054891993072681,-0.0674825746915802,-0.1465508236040515,-0.1252145767282175,-0.0454179248575601,-0.0908712955868275,-0.1247103565703805,-0.0146003251451002,-0.0760426205008519,0.1666666666666666,0.0,0.1666666666666666,0.0,-0.0615870463091894,-0.1131681103053001,-0.1570584471506338,0.3613344362136116,0.6586701395824279,52.25027659509385,52.25027659509385,EARLY TURN
2025-05-30,DEFENSIVE,XLU,40.959999084472656,0.0106094329663644,0.0272100083880288,0.059904220449916,-0.0121789718137433,0.1265126071755755,-0.0127187171622631,0.0365154995546688,0.0096614952199276,0.0370145204195924,0.0384802925340326,0.8333333333333334,0.6666666666666666,0.6666666666666666,0.3333333333333333,-0.0300807211831738,-0.0476984432142861,0.0146927675329609,0.1449673659078662,0.9422885442992208,29.20134112092134,25.94419833862206,LAGGARD
2025-05-30,HEALTHCARE,XLV,132.63999938964844,0.0176461801164651,-0.0425178621349174,-0.1114683783877159,-0.1001967567025945,-0.07696588582794,-0.0824465876852095,-0.1348570992829632,-0.0783562896689235,-0.0229025602851943,-0.0806860185312883,0.1666666666666666,0.0,0.0,0.0,-0.1293076875410418,-0.1967063573693374,-0.1287046122333092,0.1861582641203944,1.2701590018810769,0.0,0.0,LAGGARD
2025-06-06,AI_SOFTWARE,IGV,105.9800033569336,0.0224795156464414,0.0630956039872137,0.1562295343955333,-0.0369831856607041,0.3184872726830934,0.0014306748010348,0.0916784119075901,-0.0227188876975558,0.0974082005455452,0.0891135208248106,1.0,1.0,1.0,1.0,0.0223071643871602,0.1342587279277906,0.0823217318176913,0.3755296496018959,0.7038964050060444,100.0,0.0,HOLD
2025-06-06,FINANCIALS,XLF,51.27999877929688,0.0062794289751413,0.0284797062086377,0.056883724144557,0.0174602624360262,0.236258422015696,-0.0331852229775411,-0.0076673983433861,0.0317245603991745,0.0485849640785922,0.0511696829352092,1.0,0.8333333333333334,1.0,1.0,-0.0040205519287709,0.0352889004755989,0.0081869578800964,0.293178305641441,0.6340110269558547,100.0,20.16204330669885,LEADER
2025-06-06,POWER_INDUSTRIALS,XLI,144.92999267578125,0.0147737378753425,0.0648004703980502,0.1052389787165908,0.0310898918119704,0.1847461007638875,0.0031355412118714,0.0406878562286476,0.0453541897751187,0.080784749426531,0.0703820179266718,1.0,0.8333333333333334,1.0,1.0,0.0429349992263903,0.1751141744125348,0.0506530922378078,0.3020582799760269,0.8354643851958601,100.0,0.0,HOLD
2025-06-06,MATERIALS,XLB,43.88999938964844,0.0166782777679399,0.0380794857340422,0.0209350471282359,-0.0449353140926391,-0.0223855898845733,-0.0235854434521365,-0.0436160753597072,-0.0306710161294908,0.0473565464490453,-0.009802720695151,1.0,0.5,0.8333333333333334,0.8333333333333334,-0.02902270991081,-0.0206984342140009,0.0257809812178609,0.2285318140716801,0.7392331325902026,97.04514926001684,2.3818464449900603,LEADER
2025-06-06,NUCLEAR,URA,33.63999938964844,0.0509216230423457,0.2385861405980001,0.4075313776811318,0.0578616414066923,0.1228304545270499,0.1769212114118212,0.3429802551931886,0.0721259393698406,0.2506505942985109,0.2007745638663101,1.0,1.0,1.0,1.0,0.1652726974010666,0.3787765906148366,0.1741960036056937,0.4847784347251884,1.1805585064260302,95.39082586963131,1.467869726368022,LEADER
2025-06-06,COMMUNICATION_SERVICES,XLC,103.70999908447266,0.022781040668961,0.0671948832968782,0.0738247786109003,0.0275438300890831,0.2287914361313474,0.0055299541106994,0.0092736561229571,0.0418081280522314,0.0749935121479414,0.0769917668758224,0.8333333333333334,1.0,1.0,0.8333333333333334,0.0306932996298622,0.0586409580516978,0.0897007336449426,0.2788401487423019,0.8087645598921098,76.06531171324124,-22.937616771366066,DECELERATING
2025-06-06,CONSUMER_DISCRETIONARY,XLY,106.08499908447266,-0.0076239703439943,0.0482189335025589,0.0786476942588552,-0.0886168583005811,0.1942474040047321,-0.0134459956836199,0.014096571770912,-0.0743525603374328,0.0536640106524479,0.0104536185469832,0.8333333333333334,0.5,0.6666666666666666,0.8333333333333334,-0.0260363977451443,-0.0170033592207943,-0.1047360183801869,0.2944207825060994,0.8759512635398433,72.86145054097634,15.845901311610277,IMPROVING
2025-06-06,SEMI,SOXX,217.33999633789065,0.0605054833061671,0.1206558399603714,0.0806483771603721,-0.0113269593432369,-0.0944921570321484,0.0589909107741926,0.0160972546724289,0.0029373386199114,0.1419773961563877,0.0263069462283072,1.0,0.8333333333333334,1.0,1.0,0.0964356666201671,0.0365347194512616,0.0416594975945779,0.5668804042577882,1.2964852914621177,33.73478155526544,-45.59964011645229,LAGGARD
2025-06-06,ENERGY,XLE,41.70500183105469,0.0230590569233504,0.011888916090081,-0.07074418809041,-0.0836079242103194,-0.0731191727731921,-0.0497760130960978,-0.1352953105783532,-0.0693436262471711,0.0192336236165837,-0.0526246595395162,0.5,0.0,0.5,0.0,-0.0620359535289439,-0.159483373112336,-0.0995880788491612,0.3599428011656894,0.7178294516776391,31.283096365805697,1.0292615727130041,LAGGARD
2025-06-06,CONSUMER_STAPLES,XLP,81.69000244140625,-0.013763121628002,0.0096403255962544,0.0274179379525185,-0.008375756676577,0.0518928481748595,-0.0520246035899243,-0.0371331845354245,0.0058885412865712,0.0058115492958621,0.0093440905356858,0.5,0.6666666666666666,0.8333333333333334,0.6666666666666666,-0.0494722377856369,-0.0353037549387844,0.0044906244832933,0.1109851463855565,0.8191284798142645,26.817165266917947,-39.94460001115518,LAGGARD
2025-06-06,DEFENSIVE,XLU,40.595001220703125,-0.008911080857614,0.0118395389198491,0.0294154889569184,0.0188229383115265,0.1608521533785323,-0.0498253902663297,-0.0351356335310246,0.0330872362746749,0.0236141484144789,0.0276304993833074,0.5,0.5,1.0,0.5,-0.0463891502986165,-0.0738172009065947,0.025066352093991,0.1430969456892934,1.003932363707333,0.0,-64.02999515003427,LAGGARD
2025-06-06,HEALTHCARE,XLV,134.3800048828125,0.0131182561909741,0.0128128753457608,-0.0727936819576733,-0.0686165371516828,-0.0822918008310585,-0.048852053840418,-0.1373448044456164,-0.0543522391885344,-0.0026347586304401,-0.0649288813024547,0.3333333333333333,0.1666666666666666,0.8333333333333334,0.0,-0.0732381799768402,-0.2015862035208574,-0.1030545263027625,0.1858535589826088,1.3439779290948592,0.0,-14.789243952894317,LAGGARD
2025-06-13,AI_SOFTWARE,IGV,106.2699966430664,0.0027363019149577,0.0105552771234542,0.1413381585914388,0.0047272384973908,0.2797446468138871,0.0058430796555195,0.0827899464655306,0.0166602116531763,0.0726758468964809,0.0857033030941567,1.0,0.6666666666666666,0.6666666666666666,1.0,0.0569417312403353,0.1615131256628449,0.1589059664494702,0.3761212498549141,0.6838024634093137,100.0,0.0,HOLD
2025-06-13,FINANCIALS,XLF,49.959999084472656,-0.0257410243027762,-0.0315952910117111,0.0101091793217797,0.0084779604599012,0.229028221626677,-0.0363074884796458,-0.0484390328041284,0.0204109336156866,0.0097008800864397,0.0211443800255151,1.0,0.8333333333333334,0.0,0.8333333333333334,-0.0271798443413286,-0.0101740129614339,0.013699111662753,0.2980201595701275,0.5986978552819424,100.0,0.0,HOLD
2025-06-13,POWER_INDUSTRIALS,XLI,142.64999389648438,-0.0157317249328604,-0.0078592634052464,0.0786388952475189,0.0379829840566019,0.1774658860900868,-0.0125714608731811,0.0200906831216107,0.0499159572123873,0.0445345517363096,0.0502929016686215,1.0,0.6666666666666666,0.3333333333333333,1.0,0.0113089948665512,0.1362771411604131,0.0558553825949954,0.3065000093898501,0.992376958664338,100.0,0.0,HOLD
2025-06-13,CONSUMER_DISCRETIONARY,XLY,105.87000274658205,-0.002026642218467,-0.0272430409595476,0.0723727969905603,-0.1008535370758629,0.1873493148604414,-0.0319552384274823,0.0138245848646521,-0.0889205639200775,0.0366250979040703,0.0048954151596398,0.6666666666666666,0.6666666666666666,0.1666666666666666,0.6666666666666666,-0.0427055287331539,-9.514238230767802e-05,-0.1165077489812927,0.294978466234808,0.8462554371896134,78.6598952230777,-0.3253568852135089,HOLD
2025-06-13,NUCLEAR,URA,36.130001068115234,0.074019076208218,0.3038615034946261,0.4452000427246094,0.2293297658536432,0.2222598687710564,0.2991493060266914,0.3866518305987012,0.2412627390094287,0.2708854055423813,0.2749215310178996,1.0,1.0,1.0,1.0,0.2885937615978242,0.4545608058419065,0.3587265128610969,0.4923357949192667,1.4129473733328577,76.13973036051723,-23.860269639482766,DECELERATING
2025-06-13,MATERIALS,XLB,43.68999862670898,-0.0045568641084698,0.003790858013686,0.0185335857433572,-0.0207330049749669,-0.0179816368077373,-0.0009213394542486,-0.0400146263825509,-0.0088000318191815,0.0308986205567436,-0.0136167052952872,0.8333333333333334,0.5,0.8333333333333334,0.8333333333333334,0.0258494141694858,-0.0184419624788895,0.0607564326244107,0.2287981930247725,0.8002738410175917,64.43907127357332,-35.56092872642668,DECELERATING
2025-06-13,COMMUNICATION_SERVICES,XLC,102.58000183105467,-0.01089574065561,0.0078601204691755,0.051024625356465,0.016247269169628,0.2193035205036471,0.0031479230012407,-0.0075235867694432,0.0281802423254134,0.0466279154245223,0.0600803667664688,0.8333333333333334,0.8333333333333334,0.8333333333333334,0.8333333333333334,0.0156290395868883,0.0415660227432211,0.0752646309561374,0.2809883084666024,0.8967053129456692,63.32983438270126,-33.003411194821204,DECELERATING
2025-06-13,CONSUMER_STAPLES,XLP,80.95999908447266,-0.0089362631303285,-0.0135250470875969,0.020547046713667,-0.0131643322647779,0.0521117907116703,-0.0182372445555316,-0.0380011654122411,-0.0012313591089925,-0.0062355887692667,0.0009519787989178,0.0,0.6666666666666666,0.0,0.6666666666666666,-0.0259580561076598,-0.0413216511828271,-0.0080366342718933,0.1131487770770538,0.7875673434760151,34.45472223573627,-22.75607308408388,LAGGARD
2025-06-13,SEMI,SOXX,220.9600067138672,0.0166559788210756,0.0367381487902651,0.1082355366765015,-0.0104791594532501,-0.1233137097293187,0.0320259513223304,0.0496873245505933,0.0014538137025352,0.1236092500142866,0.041307599254766,1.0,1.0,1.0,1.0,0.0616799948804056,0.1047885353960229,0.0762817142011553,0.5655162058190966,1.3682620249656274,25.339710351968726,-68.82480953009758,LAGGARD
2025-06-13,ENERGY,XLE,44.04999923706055,0.0562282053242761,0.0306503862224636,-0.0477734363307129,-0.0125532697966623,0.0006814806675357,0.0259381887545289,-0.1063216484566211,-0.0006202966408769,0.0643952879893632,5.10680254961482e-05,1.0,0.5,1.0,0.1666666666666666,0.0312951403279475,-0.1158259432669148,-0.0236970742131299,0.3754335135517216,0.8576473066446577,18.463412197675062,-1.5632257833403926,LAGGARD
2025-06-13,DEFENSIVE,XLU,40.709999084472656,0.0028328084816235,-0.0092480181724043,0.0339047386532738,0.0486862288641498,0.1641406252045341,-0.0139602156403391,-0.0246434734726344,0.0606192020199353,0.0176736643979724,0.0287479426500611,0.5,0.6666666666666666,0.3333333333333333,0.5,-0.003676730419513,-0.0687327396117812,0.0343776908235695,0.1427906563705553,0.9560184913865892,10.34351290015033,-36.91527092885919,LAGGARD
2025-06-13,HEALTHCARE,XLV,136.1300048828125,0.0130227707725274,0.0228417509096916,-0.0714188320927501,-0.0344705328108324,-0.0668357531783215,0.0181295534417569,-0.1299670442186583,-0.022537559655047,0.0097166977522147,-0.0498060917577981,0.8333333333333334,0.3333333333333333,1.0,0.0,0.0502050631772549,-0.1817190065751589,-0.0579096602560704,0.1865457107471782,1.1044051625824949,0.0,0.0,LAGGARD
2025-06-20,AI_SOFTWARE,IGV,105.11000061035156,-0.0109155553717665,0.0311978837992243,0.169578250784566,0.0143794424268983,0.2399434324968659,0.00500243849689,0.1000752129216995,0.009084669943526,0.0421272816218869,0.0689976983555138,1.0,0.6666666666666666,0.8333333333333334,1.0,0.0595110699345495,0.1970117259551941,0.1333680627127747,0.365100204254442,0.603044687342661,100.0,0.0,HOLD
2025-06-20,FINANCIALS,XLF,50.36000061035156,0.0080064358128306,0.006193833726604,0.0233692653378196,0.0381365152098378,0.2184853225075804,-0.0200016115757302,-0.0461337725250468,0.0328417427264655,0.0102509744661769,0.026252392333625,1.0,0.8333333333333334,1.0,1.0,0.0150461964908364,0.0303442287155557,0.0562711671217799,0.2978718374872366,0.6114944204389371,100.0,16.514968188725945,LEADER
2025-06-20,NUCLEAR,URA,36.77000045776367,0.0177137938203173,0.15519951448,0.5917748853051836,0.3146228587931194,0.2409720384484932,0.1290040691776657,0.5222718474423171,0.3093280863097472,0.2321973283926648,0.2846537043859296,1.0,1.0,1.0,1.0,0.1931493851031135,0.6654197695341401,0.5248452244953156,0.4285084423774133,1.3415305564690057,100.0,9.148398562149353,LEADER
2025-06-20,POWER_INDUSTRIALS,XLI,142.3699951171875,-0.0019628376535372,0.0109351222474616,0.0938916772475793,0.0638917002317438,0.1577620045857022,-0.0152603230548726,0.0243886393847128,0.0585969277483715,0.0298904511480158,0.0459595209441361,1.0,0.8333333333333334,1.0,1.0,0.0069736490400642,0.2032159526207217,0.0800727878145765,0.3029003165999319,1.0802760218557923,88.80601187939813,-11.193988120601873,DECELERATING
2025-06-20,CONSUMER_DISCRETIONARY,XLY,105.33999633789062,-0.0050062000088926,0.0001424105395968,0.0692245222006326,-0.0796383325092124,0.1537155247336354,-0.0260530347627374,-0.0002785156622338,-0.0849331049925847,0.0209589974658674,-0.0022897288440303,0.6666666666666666,0.3333333333333333,0.3333333333333333,0.5,-0.0484124785924821,-0.0300653747500105,-0.12736912778314,0.2954486650306927,0.7834302974443644,76.23840134558264,-5.369123554267276,HOLD
2025-06-20,COMMUNICATION_SERVICES,XLC,102.83999633789062,0.0025345535406027,0.0264496839196521,0.0741591668324854,0.0498162239590249,0.2107369129031076,0.0002542386173178,0.0046561289696189,0.0445214514756526,0.0370384959490359,0.0584003217920956,0.8333333333333334,0.6666666666666666,0.6666666666666666,0.8333333333333334,-0.0050735966657719,0.0457088538985617,0.0774403843463377,0.2758455386348897,0.9640116808013504,73.68842577371325,2.9708153414794367,HOLD
2025-06-20,SEMI,SOXX,225.1100006103516,0.0187816517486734,0.1113250559021894,0.1930782772350956,0.0479005350307177,-0.0987669080371141,0.0851296105998551,0.1235752393722291,0.0426057625473454,0.114753608569434,0.0605826807628937,1.0,0.8333333333333334,1.0,1.0,0.1103227654638291,0.1877397193239519,0.1373798855477544,0.5458090075855165,1.3200495152788017,69.88893337038749,-17.443597510753904,DECELERATING
2025-06-20,MATERIALS,XLB,43.209999084472656,-0.0109864856334165,0.008401414776455,0.0161081136746552,0.0098153344229752,-0.0359214774947328,-0.0177940305258792,-0.0533949241882112,0.0045205619396029,0.0125010142000701,-0.0227243379020656,0.5,0.3333333333333333,0.6666666666666666,0.5,-0.0151259855461313,-0.0404856130855333,0.0818153085123216,0.2293689823695172,0.8107385335595745,41.6465612812751,-58.3534387187249,WATCH
2025-06-20,CONSUMER_STAPLES,XLP,81.0199966430664,0.0007410765720383,-0.0071078657095641,0.0075860334930499,0.0135100596531976,0.0431311774571474,-0.0333033110118984,-0.0619170043698165,0.0082152871698253,-0.0063163451929785,0.0025955438979095,0.0,0.6666666666666666,0.0,0.5,-0.0463877414771634,-0.0727452909621651,-0.0094719257493495,0.1099271713877414,0.7946498071443641,23.303910291866806,-34.03164386032966,LAGGARD
2025-06-20,ENERGY,XLE,44.4900016784668,0.0099887048587292,0.0852543685240523,-0.0373255105144578,0.0575232232278886,-0.0085793497834697,0.059058923221718,-0.1068285483773243,0.0522284507445163,0.062080025416805,0.0090695316977906,1.0,0.5,1.0,0.1666666666666666,0.0710616301256567,-0.1282157248115564,0.0317197143973674,0.376369351191066,1.0602896905690171,1.1813136003666642,-53.48088522373857,LAGGARD
2025-06-20,DEFENSIVE,XLU,40.38999938964844,-0.0078604692218298,-0.0034542164782879,0.0359065824804727,0.0569148038303293,0.1641446820843695,-0.0296496617806222,-0.0335964553823937,0.051620031346957,0.0040769636852877,0.0199398287773437,0.1666666666666666,0.5,0.1666666666666666,0.3333333333333333,-0.0421157480818934,-0.1026734337122574,0.0139127118692738,0.142035669980675,0.9492427562131304,0.0,-43.10969275554508,LAGGARD
2025-06-20,HEALTHCARE,XLV,132.60000610351562,-0.0259310853792715,0.017339341945094,-0.0824799184649396,-0.0391303905542346,-0.0967917150833459,-0.0088561033572402,-0.1519829563278061,-0.0444251630376069,-0.0133414290874936,-0.0706247594048864,0.1666666666666666,0.0,0.8333333333333334,0.0,-0.0066248646708624,-0.2138851398768283,-0.095846790117437,0.1905873534087695,1.0308932852150237,0.0,0.0,LAGGARD
2025-06-27,AI_SOFTWARE,IGV,107.77999877929688,0.0254019422837141,0.0398456072611519,0.3257071922947059,0.0537739544939581,0.2402761436914346,-0.0034533252993462,0.1087384331312939,0.0203292005363822,0.0466109697164085,0.0909983379387959,1.0,0.8333333333333334,0.6666666666666666,1.0,0.0208548345489207,0.2107758930743528,0.13071659519985,0.2669617384863143,0.6329531683755468,100.0,0.0,HOLD
2025-06-27,FINANCIALS,XLF,51.93999862670898,0.0313740666641821,0.0192307605934578,0.1751130708182999,0.0654358692658252,0.2634395002570351,-0.0240681719670403,-0.041855688345112,0.0319911153082492,0.0310055807269358,0.0550745019591258,1.0,1.0,1.0,1.0,0.034880391078511,0.115378896992218,0.0680504375386402,0.1842559399167859,0.7183748664424245,100.0,0.0,HOLD
2025-06-27,NUCLEAR,URA,38.06999969482422,0.0353548877040077,0.1893158916292239,0.8285302715104406,0.3548042412102283,0.3150258615384838,0.1460169590687257,0.6115615123470286,0.3213594872526524,0.2139281225812423,0.3175403807255297,1.0,1.0,1.0,1.0,0.1445983750522589,0.7749900511915163,0.463128554527847,0.2903571934801291,1.2610199607143149,100.0,20.53765495466591,LEADER
2025-06-27,SEMI,SOXX,238.8600006103516,0.0610812490014613,0.1655118462226195,0.5153206446192031,0.0776935628411996,-0.0315046998282017,0.1222129136621212,0.2983518854557911,0.0442488088836237,0.141952878567759,0.1233545419013726,1.0,1.0,1.0,1.0,0.1545165647214266,0.4069867578429044,0.1632231181476795,0.3605883892369991,1.246646625128462,100.0,23.140877848232492,LEADER
2025-06-27,POWER_INDUSTRIALS,XLI,146.7899932861328,0.0310458546079679,0.0277971275614186,0.2446158237028994,0.1015308369880114,0.2044801015666646,-0.0155018049990796,0.0276470645394875,0.0680860830304355,0.0456096033974513,0.0757431516987034,1.0,1.0,1.0,1.0,0.0298066837912216,0.2397876498397298,0.1200899418745904,0.1967795761483417,1.1843712793508587,67.25219052397549,-32.747809476024514,DECELERATING
2025-06-27,MATERIALS,XLB,43.94499969482422,0.0170099658857822,0.0179523177843543,0.1285311054089841,0.0347303610013098,-0.004755952673044,-0.0253466147761438,-0.0884376537544278,0.0012856070437339,0.0211811769404268,-0.0043613776307173,0.8333333333333334,0.5,0.6666666666666666,1.0,-0.0095651331966722,-0.0352981332255101,0.0884706545564216,0.1208368532896236,0.9064255881384852,61.81265507777387,-37.97482489442177,DECELERATING
2025-06-27,CONSUMER_DISCRETIONARY,XLY,109.29499816894533,0.037545110770353,0.0224040842739055,0.1958531887230707,-0.0485331630916375,0.1984101077434508,-0.0208948482865927,-0.0211155704403411,-0.0819779170492135,0.0425231423828402,0.0324923913671792,0.8333333333333334,0.6666666666666666,0.6666666666666666,0.8333333333333334,-0.0158209210465564,-0.0294487147401285,-0.1045399866356426,0.2405584620226985,0.8833116512422895,56.95484235236387,-12.456299664458271,DECELERATING
2025-06-27,COMMUNICATION_SERVICES,XLC,107.68000030517578,0.0470634397086409,0.0619329258855496,0.2344376494468711,0.096984477260581,0.2570627562651701,0.0186339933250514,0.0174688902834592,0.063539723303005,0.0670471923648172,0.1028831922308846,0.8333333333333334,0.8333333333333334,0.8333333333333334,0.8333333333333334,0.0207142770306163,0.0951746283428077,0.1091777872582464,0.1826556091490356,1.065771573530221,42.95275269268111,-40.68110909879292,WATCH
2025-06-27,CONSUMER_STAPLES,XLP,80.55000305175781,-0.0058009579212789,-0.027526243256004,0.0266378280865768,0.0157629249923754,0.0518412265053409,-0.0708251758165022,-0.190330931076835,-0.0176818289652005,-0.0104786903117946,-0.0024489479839464,0.1666666666666666,0.5,0.0,0.6666666666666666,-0.0736047191350461,-0.1925404071621843,-0.0248529489307423,0.0959187570676261,0.8807706605779101,0.2123907838801955,-68.10909376714055,LAGGARD
2025-06-27,DEFENSIVE,XLU,40.665000915527344,0.0068086538755776,-0.0072021038949959,0.0912384699199369,0.0690063074874562,0.1935720950917709,-0.0505010364554942,-0.125730289243475,0.0355615535298803,0.0064597863408855,0.0264792312416255,0.1666666666666666,0.3333333333333333,0.1666666666666666,0.5,-0.0644039831787925,-0.2028946084089926,-0.0053575634585527,0.0927675716200454,1.0490647860113538,0.0,-29.20134112092134,LAGGARD
2025-06-27,ENERGY,XLE,42.650001525878906,-0.0413576103207578,0.0462407007102552,0.0830370840292151,0.0087512478066391,-0.0641799053888132,0.0029417681497569,-0.1339316751341968,-0.0246935061509367,0.0135576928952034,-0.0317133367980834,0.6666666666666666,0.0,1.0,0.8333333333333334,0.0095051257601915,-0.1586785399013256,-0.0577458235030958,0.2090584598915075,1.4004435258296777,0.0,-52.25027659509385,LAGGARD
2025-06-27,HEALTHCARE,XLV,133.92999267578125,0.0100300641858745,0.0097255224070325,-0.0099793473957529,-0.0361281351760723,-0.0810978204063036,-0.0335734101534657,-0.2269481065591648,-0.0695728891336483,-0.0022870507911695,-0.0577782318374267,0.0,0.0,0.6666666666666666,0.1666666666666666,-0.0306751602712387,-0.2886665374250418,-0.1287111415268731,0.1417359037374985,1.1160273901034683,0.0,0.0,LAGGARD
2025-07-04,AI_SOFTWARE,IGV,111.2699966430664,0.0323807562005642,0.0499150133852748,0.2760321162523782,0.0965802237554696,0.2512087738808928,0.0061856486850973,0.1048517888819962,0.0401734090584888,0.0634515209770432,0.1200813002337297,1.0,1.0,1.0,1.0,0.0445249457066777,0.2061224114060464,0.1613291948797443,0.244861270818522,0.6592573934135647,100.0,0.0,HOLD
2025-07-04,FINANCIALS,XLF,53.18999862670898,0.0240662309020012,0.0372464877706515,0.1397043221249181,0.0946696534199558,0.2804525145503056,-0.0064828769295259,-0.0314760052454639,0.038262838722975,0.0450928253132385,0.0760725872884211,1.0,1.0,1.0,1.0,0.0564551307283062,0.1345393077385011,0.0835160389779972,0.1602761699183441,0.73205678839728,100.0,0.0,HOLD
2025-07-04,NUCLEAR,URA,37.900001525878906,-0.0044654103049132,0.1266350241831852,0.6732892787721019,0.3141470639859909,0.2765241106143981,0.0829056594830077,0.5021089514017198,0.2577402492890102,0.1588088298100034,0.3017457373712418,1.0,1.0,1.0,1.0,0.0970623868979929,0.5939904936093379,0.3525672804726119,0.3002706420868998,1.1908404103606691,100.0,4.609174130368686,LEADER
2025-07-04,SEMI,SOXX,243.33999633789065,0.0187557385752803,0.1196282342785115,0.4126320915924211,0.0938103789395103,-0.044826497154909,0.075898869578334,0.241451764222039,0.0374035642425296,0.1317033944502164,0.1429913230744723,1.0,1.0,1.0,1.0,0.0867288562278305,0.2952573110344664,0.130669539740043,0.3380226663664994,1.0339673901572746,100.0,66.26521844473456,LEADER
2025-07-04,MATERIALS,XLB,45.685001373291016,0.0395949867004261,0.0408977445569509,0.1350310900196525,0.0983291268796062,0.0394766912453523,-0.0028316201432265,-0.0361492373507295,0.0419223121826255,0.0509305484208961,0.0366903814031369,1.0,0.6666666666666666,0.8333333333333334,1.0,0.0110188352599222,-0.036106021197461,0.129355229307222,0.1267734255310572,0.8171487852121616,69.53171000982351,-27.51343925019333,DECELERATING
2025-07-04,COMMUNICATION_SERVICES,XLC,108.04000091552734,0.0033432448860633,0.041751054568305,0.1837406035856901,0.1038006124561328,0.231084757129063,-0.0019783101318724,0.012560276215308,0.047393797759152,0.0562953495997624,0.1014851914494745,1.0,1.0,0.8333333333333334,0.8333333333333334,-0.007274958590991,0.070989730584791,0.0961988248341594,0.172798720543296,1.023221514867675,59.11705159398786,-16.948260119253383,DECELERATING
2025-07-04,POWER_INDUSTRIALS,XLI,149.4199981689453,0.0179167859057389,0.0309805127997799,0.1889870322753688,0.1258287883863968,0.2326348512148499,-0.0127488519003975,0.0178067049049868,0.0694219736894161,0.0490914700606255,0.0920977778017433,1.0,1.0,1.0,1.0,0.0162525644701118,0.1527765822502672,0.0915415716877681,0.1657580895263612,1.1093851195091171,51.800122750612,-48.199877249388,WATCH
2025-07-04,CONSUMER_DISCRETIONARY,XLY,110.6050033569336,0.0119859573625071,0.0426073838098615,0.1659814742280727,-0.0206746859748304,0.1685684265593203,-0.001121980890316,-0.0051988531423092,-0.0770815006718111,0.0432711942321337,0.0423605041342087,0.6666666666666666,0.5,0.8333333333333334,0.8333333333333334,0.0133029760413718,0.000169680619609,-0.0999334314838883,0.2351403175548161,0.8580455653447894,38.48912886137378,-34.37232167960256,LAGGARD
2025-07-04,CONSUMER_STAPLES,XLP,82.18000030517578,0.0202358434719189,0.0059982598742238,0.0227753810305806,0.0491510070742104,0.0620315743361672,-0.0377311048259536,-0.1484049463398014,-0.0072558076227702,0.007885990756977,0.0180020887595999,0.6666666666666666,0.6666666666666666,0.5,0.5,-0.0421767303148936,-0.1700154884081246,-0.015811782349986,0.0920330633520348,0.9044754315847916,5.598170438404431,-21.218994828513516,LAGGARD
2025-07-04,DEFENSIVE,XLU,40.91999816894531,0.0062706811183324,0.0080058366416908,0.0723270003293874,0.0617539490628058,0.193872978767023,-0.0357235280584866,-0.0988533270409945,0.0053471343658251,0.0082418252753495,0.0324533637043569,0.8333333333333334,0.6666666666666666,0.6666666666666666,0.5,-0.0421941811931269,-0.1585546470088813,-0.0068391100852596,0.0847275537743047,0.9720473085506348,1.4058738355583102,1.4058738355583102,LAGGARD
2025-07-04,ENERGY,XLE,43.51499938964844,0.0202813090931468,0.0434000114884536,0.1031816383904868,-0.0050303239426742,-0.0340732491322516,-0.0003293532117238,-0.0679986889798951,-0.0614371386396549,0.0284437759168878,-0.0120303547440144,1.0,0.1666666666666666,1.0,1.0,0.0150161251418033,-0.0678629815404062,-0.0827352556681482,0.21037529257653,1.3549402515809534,0.0,-31.283096365805697,LAGGARD
2025-07-04,HEALTHCARE,XLV,135.5,0.011722596954212,0.0083345369585616,-0.0100094627461228,-0.0248992986952835,-0.0616993520958354,-0.0353948277416158,-0.1811897901165048,-0.0813061133922642,0.0113298861223656,-0.0437864597258003,0.8333333333333334,0.3333333333333333,0.8333333333333334,0.6666666666666666,-0.0323675054491661,-0.2208156878778834,-0.1367969437025168,0.1417231796018463,1.0715128473132074,0.0,0.0,LAGGARD
2025-07-11,AI_SOFTWARE,IGV,107.4800033569336,-0.0340612330410183,0.0113861555668557,0.2412519679239411,0.1056476120685547,0.2308749854851903,-0.0332034509945973,0.056585971966516,0.0313483035388786,0.0194248673105368,0.0771644070595791,0.6666666666666666,0.6666666666666666,0.8333333333333334,1.0,-0.0154812684260751,0.1845817084032629,0.2274931376246092,0.2651482154788789,0.6962969971049594,100.0,0.0,HOLD
2025-07-11,FINANCIALS,XLF,52.15999984741211,-0.0193645197572851,0.0440352442605069,0.1181135721609045,0.1022823369357983,0.2307691961493341,-0.000554362300946,-0.0665524237965204,0.0279830284061222,0.0200449866466196,0.0517719459307417,1.0,1.0,1.0,1.0,0.0475453200031228,0.0676333530116519,0.0630354668146832,0.1712340744825508,0.751697063872003,100.0,0.0,HOLD
2025-07-11,NUCLEAR,URA,37.5099983215332,-0.0102903216001033,0.0381953283316069,0.6401397877163584,0.3805667359662981,0.2030146874407394,-0.006394278229846,0.4554737917589333,0.3062674274366219,0.1073716111191516,0.2804450850425311,1.0,1.0,0.8333333333333334,1.0,0.0440649783972272,0.6141939939693849,0.4510433712888169,0.3138296228902805,0.9449011740960443,100.0,23.860269639482766,LEADER
2025-07-11,SEMI,SOXX,246.1699981689453,0.0116298260608382,0.1140930063770493,0.4780546001698027,0.1281851586246249,-0.0527916260963382,0.0695033998155962,0.2933886042123776,0.0538858500949488,0.1157341196453656,0.1542388263487375,1.0,1.0,1.0,1.0,0.0834669150139767,0.3889535470386489,0.138059048863655,0.3100594115863348,0.8210061540215934,100.0,74.66028964803127,LEADER
2025-07-11,POWER_INDUSTRIALS,XLI,150.1999969482422,0.0052201766085886,0.0529267674363629,0.1987230110936142,0.1436838106608893,0.2095345190781248,0.0083371608749098,0.0140570151361891,0.0693845021312131,0.0431279892812277,0.0948598994783407,1.0,1.0,1.0,1.0,0.0444337259123231,0.1692923565709673,0.0944835249452075,0.1624727351174871,0.9832817476487868,78.86913496675024,-21.130865033249762,DECELERATING
2025-07-11,COMMUNICATION_SERVICES,XLC,106.01000213623048,-0.0187893258246457,0.0334373195939776,0.1751469151104046,0.1064607539667119,0.2282470760616446,-0.0111522869674753,-0.0095190808470204,0.0321614454370358,0.0278163073834158,0.0766371689342622,0.8333333333333334,0.8333333333333334,0.8333333333333334,0.8333333333333334,-0.0182112910927681,0.0420300479280942,0.0719233796383312,0.1784608634772039,0.919891369945685,62.42102736391557,-0.9088070187856871,HOLD
2025-07-11,CONSUMER_DISCRETIONARY,XLY,110.71499633789062,0.0009944665939032,0.0457636107076138,0.1943365693928433,0.0027623645110512,0.156352740737093,0.0011740041461607,0.0096705734354183,-0.0715369440186248,0.0345503942016045,0.0405459207087741,0.6666666666666666,0.5,0.6666666666666666,0.8333333333333334,0.0065990010384028,-0.0004861449681704,-0.0982420075712261,0.2227590714647612,0.8281258468669446,56.69140822656013,-21.96848699651757,DECELERATING
2025-07-11,MATERIALS,XLB,45.7599983215332,0.0016416098497926,0.0473792574934706,0.1333745714311629,0.0986793912384513,0.0112706811388552,0.0027896509320175,-0.0512914245262621,0.0243800827087752,0.0447369095561527,0.0394684146034556,0.8333333333333334,0.6666666666666666,1.0,1.0,0.0046856137308755,-0.0481140058181829,0.092670288536631,0.127226613756244,0.8751381937456713,35.35881504200748,-29.08025623156584,LAGGARD
2025-07-11,CONSUMER_STAPLES,XLP,80.80999755859375,-0.0166707561632334,-0.0018527856666894,-0.0129474184979495,0.0585538568919798,0.0433828372207292,-0.0464423922281425,-0.1976134144553746,-0.0157454516376962,-0.0080037651158351,0.001235871118326,0.1666666666666666,0.6666666666666666,0.1666666666666666,0.1666666666666666,-0.0487554431406636,-0.2180198821579321,-0.0422859624162888,0.0908309678829825,0.9792426381042204,0.0,-34.45472223573627,LAGGARD
2025-07-11,DEFENSIVE,XLU,41.22499847412109,0.0074535757288289,0.0126504397256266,0.0601774528376943,0.0908969959083108,0.157030514686477,-0.0319391668358264,-0.1244885431197306,0.0165976873786346,0.0123893140098678,0.039774990395486,0.5,0.6666666666666666,0.1666666666666666,0.1666666666666666,-0.0502105105025307,-0.1981773379133502,-0.0148626571824034,0.0795390291975747,1.0282704234555269,0.0,-10.34351290015033,LAGGARD
2025-07-11,ENERGY,XLE,44.56499862670898,0.0241295932848002,0.011691246278505,0.0936195982014473,0.0083719636709964,-0.0153557163190074,-0.032898360282948,-0.0910463977559776,-0.0659273448586796,0.0444350317963853,0.0129732591946842,1.0,0.6666666666666666,0.8333333333333334,1.0,-0.0243027693707673,-0.0803747854195876,-0.0800724357000458,0.2062351849069061,1.203447236324008,0.0,-18.463412197675062,LAGGARD
2025-07-11,HEALTHCARE,XLV,135.19000244140625,-0.0022878048604705,-0.0069051818679904,-0.0022142079828386,-0.0318676379811848,-0.0882174509620898,-0.0514947884294435,-0.1868802039402637,-0.106166946510861,0.0115377923618895,-0.0431972947092971,0.8333333333333334,0.3333333333333333,0.3333333333333333,0.3333333333333333,-0.0517648169835878,-0.2198089955460568,-0.1432058661592931,0.1401936190979435,1.1239002259216315,0.0,0.0,LAGGARD
2025-07-18,AI_SOFTWARE,IGV,111.05999755859376,0.0333084675274082,0.0566073343515536,0.1720134556237114,0.1070573952994502,0.3088980501569083,0.0005731650183391,0.0322851387658646,0.0568549133856521,0.0421416857075194,0.1079796019675771,1.0,1.0,1.0,1.0,0.0304997399723699,0.1614249934207493,0.2614884451046709,0.2069610778308287,0.7811777282352294,100.0,0.0,HOLD
2025-07-18,NUCLEAR,URA,40.93000030517578,0.0911757434464952,0.1131357028997197,0.6740285901019765,0.4602211666971629,0.4514184112706174,0.0571015335665052,0.5343002732441298,0.4100186847833649,0.1611347667133238,0.3842784971762147,1.0,1.0,1.0,1.0,0.0646629034933699,0.7360596014125022,0.541917309891386,0.3256858987822504,0.9034938508442522,100.0,0.0,HOLD
2025-07-18,SEMI,SOXX,246.72999572753903,0.0022748408122805,0.096041913102786,0.3350467993448984,0.07395312017123,0.0435205260526201,0.0400077437695716,0.1953184824870517,0.0237506382574319,0.0921412386757707,0.1553382594524048,1.0,1.0,0.8333333333333334,1.0,0.0392457126776061,0.2532005011000457,0.079288054440584,0.2631020019803201,0.8017360883659418,100.0,30.11106662961251,LEADER
2025-07-18,FINANCIALS,XLF,52.540000915527344,0.0072852965726013,0.0432883296019594,0.0941274555326019,0.0459884808748332,0.2261377546432923,-0.0127458397312549,-0.0456008613252447,-0.0042140010389648,0.0221193593799071,0.0562237334674131,1.0,1.0,1.0,1.0,0.0139145202376563,0.0550876206732903,0.0069678322454334,0.1652518681167691,0.8081123554870716,92.56089458162678,-7.439105418373217,HOLD
2025-07-18,POWER_INDUSTRIALS,XLI,151.4600067138672,0.0083888801013702,0.0638478043719641,0.1740176200522329,0.0995281794110141,0.2129414862050445,0.0078136350387496,0.0342893031943862,0.049325697497216,0.040783427603344,0.1014271948661271,1.0,1.0,1.0,1.0,0.0563591067227771,0.164317196795777,0.0935470779354803,0.1597111784061747,0.953544944829286,88.44830954860647,-0.35770233079165337,HOLD
2025-07-18,COMMUNICATION_SERVICES,XLC,106.19000244140624,0.0016979558678289,0.0325749340996557,0.1253709384753534,0.090358384915373,0.2476794933601589,-0.0234592352335587,-0.0143573783824932,0.040155903001575,0.0206455263220746,0.0741670117704331,0.6666666666666666,0.8333333333333334,0.8333333333333334,0.8333333333333334,-0.020175208175864,0.0225580738825013,0.0773428237868216,0.1639256108634904,0.9330940533683828,44.82508222384675,-28.8633435498665,WATCH
2025-07-18,MATERIALS,XLB,45.11000061035156,-0.0142044959576795,0.0439713391838896,0.0919873907222244,0.0213970264968788,0.0012207369837584,-0.0120628301493248,-0.0477409261356223,-0.0288054554169192,0.0232853810243862,0.0263556932811421,0.6666666666666666,0.6666666666666666,0.8333333333333334,1.0,-0.0079259623301582,-0.0500047179064719,0.0311628406817177,0.1334539668822543,0.9822270263377908,27.51894920005417,-14.127612081220928,LAGGARD
2025-07-18,ENERGY,XLE,42.97999954223633,-0.0355660077036942,-0.0339402580189451,0.0433304978913831,-0.0851426147078585,-0.069394862742348,-0.0899744273521596,-0.0963978189664636,-0.1353450966216566,0.003139171174477,-0.0211490407849216,0.6666666666666666,0.0,0.1666666666666666,0.5,-0.0946686086273129,-0.1025223996013986,-0.1629346817473235,0.2248384692213859,1.037906540549166,22.517968984291343,21.33665538392468,LAGGARD
2025-07-18,CONSUMER_DISCRETIONARY,XLY,111.08499908447266,0.0033419388413546,0.0545377154576145,0.1243420612677428,-0.0307564916421484,0.1829508602151586,-0.0014964538755999,-0.0153862555901038,-0.0809589735559465,0.0285124353646588,0.04089410199384,0.6666666666666666,0.6666666666666666,1.0,0.8333333333333334,0.0155771776043579,-0.0266547445270538,-0.0999853372466039,0.1916338704675397,0.9513117643238412,17.077289886511096,-59.16111145907155,LAGGARD
2025-07-18,CONSUMER_STAPLES,XLP,80.88999938964844,0.0009899991767314,-0.0016045082548037,0.0006185434688643,0.0472553291924804,0.0358561042779714,-0.0576386775880182,-0.1391097733889823,-0.0029471527213176,-0.0069973049205913,0.0024599777903555,0.1666666666666666,0.5,0.3333333333333333,0.3333333333333333,-0.0465721755533362,-0.1427471666105297,-0.0282109545974178,0.0869716386308636,1.0540388905936258,0.0,-23.303910291866806,LAGGARD
2025-07-18,DEFENSIVE,XLU,41.875,0.0157671691919392,0.0367665420349609,0.0708349441296338,0.0622780807988143,0.1942107982318255,-0.0192676272982534,-0.0688933727282128,0.0120755988850163,0.0239387833613566,0.0546729972238102,0.3333333333333333,0.6666666666666666,0.5,0.5,-0.0373763842230407,-0.1363857025868378,-0.0102273236591945,0.0826934523253436,1.03448803216631,0.0,0.0,LAGGARD
2025-07-18,HEALTHCARE,XLV,131.83999633789062,-0.0247799840448081,-0.0057315967620068,-0.0449837491965786,-0.0594949120676585,-0.1084060276501195,-0.0617657660952213,-0.1847120660544253,-0.1096973939814566,-0.0129076966986766,-0.0632521719995385,0.6666666666666666,0.3333333333333333,0.6666666666666666,0.3333333333333333,-0.0447748491990773,-0.2155251615272733,-0.1182879197318718,0.1418245948833734,1.1692092588414111,0.0,0.0,LAGGARD
2025-07-25,NUCLEAR,URA,41.83000183105469,0.0219887984160385,0.0987654890037117,0.6188081108376229,0.3701277723636622,0.5188816427188458,0.0626789016811304,0.4946992029960118,0.3222142136575912,0.1409634426736463,0.4047755639488168,1.0,1.0,1.0,1.0,0.0861046619719933,0.6465183668294153,0.3947987789398224,0.3276401632318033,0.9226627010332826,100.0,0.0,HOLD
2025-07-25,SEMI,SOXX,241.5399932861328,-0.0210351498856162,0.0112199307918159,0.2710624366559107,0.0472597724823511,0.0530583704408571,-0.0248666565307653,0.1469535288142995,-0.0006537862237199,0.0558894650392796,0.129425153657547,0.8333333333333334,1.0,0.6666666666666666,1.0,-0.028336998276356,0.2051587407017277,0.060826093972144,0.2796769685769856,0.7892392298949148,100.0,0.0,HOLD
2025-07-25,AI_SOFTWARE,IGV,112.69000244140624,0.0146767955937738,0.0455557962304646,0.1329044039254681,0.0851228126834113,0.3293618839682177,0.0094692089078833,0.0087954960838569,0.0372092539773403,0.050017725286803,0.1185555964218725,1.0,1.0,1.0,1.0,0.0479296985038986,0.1057727289193953,0.194194784392811,0.190322226149705,0.8250759137614148,98.93804509632133,-1.061954903678668,HOLD
2025-07-25,FINANCIALS,XLF,53.43999862670898,0.0171297620003592,0.0288794770824014,0.0739549925503775,0.0509341244898171,0.2310527255137693,-0.0072071102401798,-0.0501539152912335,0.003020565783746,0.0358998082188062,0.0711833620527313,1.0,1.0,1.0,1.0,-0.0009775382492617,0.0450111722649718,0.0154359163152142,0.1541017083547348,0.8195450391523678,77.19048486947338,-22.80951513052662,DECELERATING
2025-07-25,POWER_INDUSTRIALS,XLI,154.99000549316406,0.0233064744673201,0.0558622016628016,0.1516570321326873,0.0986743988532816,0.2271575752032963,0.0197756143402203,0.0275481242910762,0.0507608401472106,0.0568989702840581,0.123885602007129,1.0,1.0,1.0,1.0,0.0761911436000412,0.1799932713787708,0.1048977897079544,0.1472334594445677,0.9702540003113164,74.63442192679483,7.382231402819343,HOLD
2025-07-25,COMMUNICATION_SERVICES,XLC,107.62000274658205,0.0134664306648342,-0.0005571838635188,0.1047013423255041,0.0718055853153345,0.285782636445391,-0.0366437711861001,-0.019407565516107,0.0238920266092634,0.0286162305934853,0.0841386328530262,0.8333333333333334,1.0,0.3333333333333333,0.8333333333333334,-0.0405336990064445,0.0073592969631905,0.0424563427688904,0.1563039717317201,0.9486859550715104,72.64115329814496,29.688400605463848,IMPROVING
2025-07-25,ENERGY,XLE,43.54999923706055,0.0132619753581915,0.0211019385459001,0.0624541950174788,-0.0461066607933167,-0.0552121036174203,-0.0149846487766811,-0.0616547128241322,-0.0940202194993877,0.0145248109904656,-0.0072518629504515,1.0,0.1666666666666666,1.0,1.0,-0.0011429747858593,-0.0585058794321864,-0.106865858981078,0.22460688442695,0.835239244080398,59.23181769961852,59.23181769961852,IMPROVING
2025-07-25,MATERIALS,XLB,46.185001373291016,0.0238306528129987,0.0509728454664346,0.0876015826524474,0.037865199399798,0.011387286704003,0.0148862581438533,-0.0365073251891636,-0.010048359306273,0.0413872057583708,0.0523887523444959,0.8333333333333334,0.8333333333333334,0.8333333333333334,0.8333333333333334,0.0132124048675083,-0.0207060123715644,0.0718936974395424,0.1307127086073178,1.1395166723392405,14.209673563728785,-47.602981514045084,LAGGARD
2025-07-25,CONSUMER_DISCRETIONARY,XLY,112.43499755859376,0.0121528422851631,0.0287295799648097,0.1163679853731363,-0.0223468523646944,0.2314221256535078,-0.0073570073577715,-0.0077409224684747,-0.0702604110707655,0.0375534508384927,0.0504237776190876,0.6666666666666666,0.5,0.8333333333333334,0.8333333333333334,-0.0123960491300137,-0.0035674389037724,-0.0931976166289743,0.1905716550368874,1.0579316815379314,4.154337911146058,-52.80050444121781,LAGGARD
2025-07-25,CONSUMER_STAPLES,XLP,81.5,0.0075411128069513,0.011793878488518,-0.0007356248208645,0.0462130732170158,0.0383488625067203,-0.0242927088340632,-0.1248445326624756,-0.0017004854890552,0.0011916037764674,0.0102512594493262,0.5,0.5,0.5,0.1666666666666666,-0.0307711477490901,-0.1344151878131473,-0.0289229408304383,0.0863637271846257,1.0645527676495992,0.0,-0.2123907838801955,LAGGARD
2025-07-25,DEFENSIVE,XLU,42.2599983215332,0.0091939897679571,0.0392228542996744,0.0598118701324941,0.0632783861425851,0.1875790194968181,0.0031362669770931,-0.0642970377091169,0.0153648274365141,0.0304049690978638,0.0635091570015173,0.6666666666666666,0.6666666666666666,0.6666666666666666,0.3333333333333333,-0.0114094956481157,-0.1118002175871955,-0.0007202977291902,0.0770396415078051,1.0764184334804905,0.0,0.0,LAGGARD
2025-07-25,HEALTHCARE,XLV,136.47999572753906,0.0351941711053802,0.0190398207362774,-0.0147982608086486,-0.0542582077716098,-0.0898907067405565,-0.0170467665863038,-0.1389071686502597,-0.1021717664776808,0.0192452435864667,-0.0274076319939673,0.8333333333333334,0.5,0.8333333333333334,0.3333333333333333,-0.0035504098573062,-0.1691311258284173,-0.1048380635651338,0.1631264432649515,1.1516767944246091,0.0,0.0,LAGGARD
2025-08-01,NUCLEAR,URA,38.220001220703125,-0.0863017081598951,0.0084432633757471,0.4072165476961462,0.3500530533984189,0.5587275900152635,0.0142322037871698,0.305540357603127,0.3169867492930029,0.0246374360423835,0.2764039370437807,0.8333333333333334,1.0,0.6666666666666666,1.0,0.0512732261810608,0.3795894794564572,0.4536083272243596,0.4208716717084634,1.1354230317730565,100.0,0.0,HOLD
2025-08-01,SEMI,SOXX,237.2400054931641,-0.0178023843358929,-0.0250677691153425,0.2232649402221171,0.0876083078099143,0.1471399269561368,-0.0192788287039199,0.1215887501290979,0.0545420037044983,0.0216042593956691,0.1083262512759906,0.8333333333333334,1.0,0.3333333333333333,1.0,-0.0206456942630697,0.171746662492217,0.1396827968549015,0.2910414098621027,1.0029514299798374,100.0,0.0,HOLD
2025-08-01,AI_SOFTWARE,IGV,108.62999725341795,-0.0360280867870181,-0.0237260669479218,0.0896779475681754,0.0557877140423719,0.3543198914516252,-0.0179371265364992,-0.0119982425248437,0.0227214099369559,0.005907821297922,0.0738778868823828,0.6666666666666666,0.6666666666666666,0.5,0.6666666666666666,0.015895847453336,0.0979247870885893,0.1871087197663142,0.2136668249400672,1.028865068692859,61.926108363051256,-38.073891636948744,DECELERATING
2025-08-01,FINANCIALS,XLF,51.400001525878906,-0.0381735994246545,-0.0336528886453334,0.0308865001338893,-0.0013600095815824,0.2220637148746977,-0.0278639482339108,-0.0707896899591298,-0.0344263136869984,-0.0062447663426918,0.0278355828624778,0.5,0.8333333333333334,0.0,1.0,-0.0354044015758491,0.015089410582289,-0.0169108993440234,0.1797942753616125,1.110613124741049,55.55252108526465,-44.44747891473535,DECELERATING
2025-08-01,POWER_INDUSTRIALS,XLI,149.74000549316406,-0.0338731519061179,0.0021416632856394,0.1001396284012352,0.0823274223864238,0.2200766022769325,0.0079306036970621,-0.0015365616917839,0.0492611182810078,0.0149318881957491,0.0830006766711883,1.0,1.0,1.0,1.0,0.0691715808300478,0.1490834184370023,0.1950593475439032,0.1755780729706544,1.3338945441947934,32.44679066891575,-19.353332081696244,LAGGARD
2025-08-01,ENERGY,XLE,42.79499816894531,-0.0173364197782289,-0.0165460468988172,0.0383355091716095,-0.0233911805800394,-0.0317873884557078,-0.0107571064873945,-0.0633406809214096,-0.0564574846854554,-0.0072263276934563,-0.0232992424988716,0.3333333333333333,0.1666666666666666,0.1666666666666666,0.8333333333333334,-0.01821769336134,-0.0687063916382396,-0.0832585125856582,0.2295858656019738,0.9829927365908336,25.723536868687287,25.723536868687287,LAGGARD
2025-08-01,COMMUNICATION_SERVICES,XLC,106.12000274658205,-0.0139379293971225,-0.0177711787548622,0.0919942623310541,0.0365306270120964,0.2523012204600667,-0.0119822383434395,-0.009681927761965,0.0034643229066804,0.0085631086674289,0.0649326153890317,0.6666666666666666,0.8333333333333334,0.3333333333333333,0.8333333333333334,-0.0112975257146944,0.0125836823674483,0.014826627815724,0.1618506108820227,1.3463698301766776,0.6728168226833233,-58.44423477130454,LAGGARD
2025-08-01,CONSUMER_DISCRETIONARY,XLY,108.04499816894533,-0.0390447768486023,-0.0231454736249759,0.0675855561892966,-0.0692596026957522,0.2266688910405028,-0.0173565332135533,-0.0340906339037225,-0.1023259068011682,-0.0054539277162697,0.0076122152192834,0.5,0.6666666666666666,0.3333333333333333,0.8333333333333334,-0.0092327002118381,-0.0232914327691612,-0.1149450142899407,0.2158886630206501,1.4518148760890304,0.0,-38.48912886137378,LAGGARD
2025-08-01,CONSUMER_STAPLES,XLP,80.16000366210938,-0.0164416728575537,-0.024580148887383,-0.0092695583494483,0.014940494492549,0.0113550530106218,-0.0187912084759603,-0.1109457484424675,-0.0181258096128669,-0.0135246154795596,-0.0060817556447562,0.3333333333333333,0.3333333333333333,0.3333333333333333,0.3333333333333333,-0.0154776432224767,-0.1093970233328493,-0.0485666400113077,0.09169749566277,1.3294282796650556,0.0,-5.598170438404431,LAGGARD
2025-08-01,DEFENSIVE,XLU,42.900001525878906,0.0151444209598938,0.0483871809758837,0.0692921901297654,0.1016949932929311,0.1560226575127639,0.0541761213873064,-0.0323839999632538,0.0686286891875151,0.0400000466086651,0.0777777883464396,0.3333333333333333,0.5,0.3333333333333333,0.3333333333333333,0.0001090387699297,-0.0907850704670629,-0.0161376686804561,0.0799473996118075,1.3012936074938226,0.0,-1.4058738355583102,LAGGARD
2025-08-01,HEALTHCARE,XLV,131.1300048828125,-0.0391998169124139,-0.0322508864737084,-0.011682151631982,-0.1071695428451269,-0.1307834790382815,-0.0264619460622858,-0.1133583417250012,-0.1402358469505429,-0.0212864103686969,-0.0626172403570759,0.3333333333333333,0.3333333333333333,0.3333333333333333,0.6666666666666666,-0.0277880303777569,-0.1288417251274146,-0.1606142322947833,0.1595910814489939,1.4137614183616136,0.0,0.0,LAGGARD
2025-08-01,MATERIALS,XLB,43.36000061035156,-0.0611670602779966,-0.0508919928433826,0.0255440364767354,-0.0233134325203303,-0.036872497346362,-0.04510305243196,-0.0761321536162837,-0.0563797366257463,-0.0234344009960852,-0.0099411078109551,0.1666666666666666,0.5,0.1666666666666666,0.8333333333333334,-0.0326203772637064,-0.0562711894270045,0.0315012297449114,0.1930368916893037,1.7166010529388045,0.0,-69.53171000982351,LAGGARD
2025-08-08,NUCLEAR,URA,39.95000076293945,0.0452642461272141,0.065049388178872,0.4417178665778267,0.372852241898209,0.6161003993781364,0.0433053811477222,0.3693853529699762,0.3122467323673903,0.048694061763628,0.3238011081064644,1.0,1.0,1.0,1.0,0.0763755767740092,0.4857788969569969,0.4023901227589053,0.4212432144007191,1.114091127333001,100.0,0.0,HOLD
2025-08-08,SEMI,SOXX,242.8699951171875,0.0237311983378185,-0.0134053827692399,0.1395391993291945,0.1198874929007616,0.1468032699834442,-0.0351493898003898,0.067206685721344,0.0592819833699429,0.0290403884081278,0.1316820167897925,1.0,1.0,0.5,1.0,-0.0210211269462626,0.1301546110913282,0.1520783862773658,0.2267503812414765,1.0348283092097714,100.0,0.0,HOLD
2025-08-08,AI_SOFTWARE,IGV,109.62999725341795,0.0092055603910874,0.0200036642103964,0.0425065941008444,0.04788753943136,0.3293318252782642,-0.0017403428207534,-0.029825919507006,-0.0127179700994586,0.0095772895258774,0.0791309964864634,0.6666666666666666,0.6666666666666666,0.6666666666666666,0.6666666666666666,0.0433278541215005,0.1008946535466388,0.1269763837327253,0.1851335169558877,1.04527245540083,50.20318908874991,-49.79681091125009,WATCH
2025-08-08,POWER_INDUSTRIALS,XLI,150.8300018310547,0.0072792593689359,0.0041944400506852,0.049033266877263,0.0983033555668912,0.2136305384014907,-0.0175495669804646,-0.0232992467305874,0.0376978460360726,0.0167994909334321,0.087576489790091,1.0,1.0,0.8333333333333334,1.0,0.0176861849194706,0.0833942780025127,0.1647982626189378,0.1376503889575877,1.3044410139608824,30.802779961303806,-48.06635500544643,LAGGARD
2025-08-08,FINANCIALS,XLF,51.84999847412109,0.0087548041806111,-0.0059432778795607,0.0050397038333824,0.000578903501998,0.2228772784943031,-0.0276872849107105,-0.067292809774468,-0.0600266060288205,0.0007334008098596,0.0341405773346807,0.6666666666666666,0.8333333333333334,0.5,1.0,-0.0281108241630984,-0.011066792869276,-0.050218330380422,0.1656042291998647,1.1335141024132052,29.120724877597738,-70.87927512240226,LAGGARD
2025-08-08,ENERGY,XLE,42.46500015258789,-0.0077111351904879,-0.0471221482964998,-0.0064342890753197,-0.040989130007781,-0.0501062875901899,-0.0688661553276497,-0.0787668026831702,-0.1015946395385997,-0.018751511502119,-0.0299728393013691,0.3333333333333333,0.1666666666666666,0.0,0.3333333333333333,-0.0778024915943285,-0.074516086298963,-0.1186533391483472,0.2173817315025583,0.9648779543081673,19.72409677774064,19.72409677774064,LAGGARD
2025-08-08,COMMUNICATION_SERVICES,XLC,107.62999725341795,0.014229122387434,0.0152815308418321,0.0574768966818954,0.0475958681265737,0.2631146392422716,-0.0064624761893177,-0.014855616925955,-0.0130096414042448,0.0168930732959393,0.0759744904970753,0.6666666666666666,1.0,0.6666666666666666,0.8333333333333334,0.0102458631943069,0.0090950916124656,0.0085713135623023,0.1360297994599708,1.3461370970849291,0.0,-62.42102736391557,LAGGARD
2025-08-08,CONSUMER_DISCRETIONARY,XLY,111.88999938964844,0.0355870358264143,0.0106128626710317,0.0280700172818912,-0.0079794442643276,0.2835838217272066,-0.011131144360118,-0.0442624963259592,-0.0685849537951462,0.0252298762636651,0.0405964156356783,1.0,0.8333333333333334,0.8333333333333334,0.6666666666666666,0.0015452889105811,-0.0380015877212782,-0.069669111001192,0.1652560015057594,1.576800679344656,0.0,-56.69140822656013,LAGGARD
2025-08-08,CONSUMER_STAPLES,XLP,82.4800033569336,0.0289421106391596,0.0206658315653203,0.0049957799882291,0.0394455569376388,0.0420720374839904,-0.0010781754658295,-0.0673367336196213,-0.0211599525931798,0.0154634442913776,0.0219462326708839,0.8333333333333334,0.8333333333333334,0.8333333333333334,0.5,0.0096267207606629,-0.0665808861521317,-0.0564643671335973,0.106814842849141,1.225545135734337,0.0,0.0,LAGGARD
2025-08-08,DEFENSIVE,XLU,43.09000015258789,0.0044288722599314,0.045239581503867,0.0486736430414453,0.1028922572092116,0.1707648361716836,0.0234955744727172,-0.0236588705664051,0.042286747678393,0.0392398147269525,0.0798213344431475,0.6666666666666666,0.6666666666666666,0.6666666666666666,0.5,-0.0021438397895086,-0.0566424383272503,-0.0307813518820329,0.0679939454876854,1.1222562890941687,0.0,0.0,LAGGARD
2025-08-08,HEALTHCARE,XLV,130.16000366210938,-0.0073972484144264,-0.0372068842995765,-0.022015123272996,-0.1111110416408758,-0.1321509043208378,-0.0589508913307263,-0.0943476368808465,-0.1717165511716945,-0.026724673355817,-0.0666188284387042,0.3333333333333333,0.3333333333333333,0.3333333333333333,0.5,-0.0753175087382964,-0.0813300000024644,-0.1984656920068417,0.1598901010094026,1.3085150058624928,0.0,0.0,LAGGARD
2025-08-08,MATERIALS,XLB,44.17499923706055,0.018796093524833,-0.0346372190255699,0.0149338928982039,0.0006795510020569,-0.0023712634401746,-0.0563812260567198,-0.0573986207096466,-0.0599259585287617,-0.0073256914748515,0.0100461366145936,0.6666666666666666,0.6666666666666666,0.5,0.8333333333333334,-0.0166873111494907,0.0158329075237147,0.0359752530849011,0.1871765334142573,1.6571728492585662,0.0,-35.35881504200748,LAGGARD
2025-08-15,NUCLEAR,URA,39.0099983215332,-0.0235294724269008,-0.0469094055540425,0.2255733086722282,0.3917230597899683,0.5406792571765877,-0.07218106003582,0.1144890263820677,0.3363843857554365,0.0097845818789381,0.2841318169876616,0.8333333333333334,1.0,0.3333333333333333,1.0,-0.0546046013135028,0.1920254553217333,0.3583636489824615,0.3416929292004498,0.9795264177229758,100.0,0.0,HOLD
2025-08-15,FINANCIALS,XLF,52.459999084472656,0.0117647180000597,-0.0015226842341192,0.0481518458371439,0.0127413099832616,0.1985377778347179,-0.0267943387158967,-0.0629324364530166,-0.0425973640512702,0.0102060378761463,0.0446037316459662,1.0,1.0,0.3333333333333333,1.0,-0.0219532484141093,0.0070875276799483,-0.0263922378844418,0.1514063874441763,1.1111142826046525,74.54484858714292,-18.01604599448386,DECELERATING
2025-08-15,SEMI,SOXX,248.32000732421875,0.0224400391839327,0.0064443384436949,0.2259084237616471,0.1131931643472834,0.0739091463584034,-0.0188273160380825,0.1148241414714865,0.0578544903127515,0.0385004951094616,0.154795499345993,0.8333333333333334,0.8333333333333334,0.6666666666666666,1.0,-0.030922235383568,0.1213527456666216,0.1040635139592613,0.1799019511511436,1.0688339318510478,59.58708489580704,-40.41291510419296,DECELERATING
2025-08-15,ENERGY,XLE,42.77999877929688,0.0074178411769012,-0.0046533449294924,0.043541892765456,-0.0500721899801408,-0.0542721741556224,-0.0299249994112699,-0.0675423895247044,-0.1054108640146727,-0.0139222031069207,-0.020486690249579,0.3333333333333333,0.1666666666666666,0.3333333333333333,0.8333333333333334,-0.0220327429825075,-0.0522090258251156,-0.1164774233593242,0.1969095313437621,0.8504077909565715,40.33636976439416,17.81840078010282,EARLY TURN
2025-08-15,POWER_INDUSTRIALS,XLI,150.44000244140625,-0.0025856884234827,-0.0067344792502742,0.0682383049449939,0.0937113711644059,0.1848468220450503,-0.0320061337320517,-0.0428459773451666,0.0383726971298741,0.0104171732168072,0.0831340050284272,0.6666666666666666,1.0,0.3333333333333333,1.0,-0.0329687336893867,0.0302792721189691,0.1861585046450125,0.1271081289703755,1.2590493098069782,36.63926586274535,-51.80904368586113,LAGGARD
2025-08-15,AI_SOFTWARE,IGV,109.11000061035156,-0.0047431967170845,-0.0175580496228031,0.0704405011643192,0.0220119747761187,0.2758419655433619,-0.0428297041045806,-0.0406437811258413,-0.0333266992584131,0.0019007878299361,0.0719364594329703,0.6666666666666666,0.6666666666666666,0.5,0.6666666666666666,-0.0193036622788914,0.0873802518437576,0.0933837174431127,0.1694915587391706,1.3112117764683082,15.552724430382902,-84.44727556961709,LAGGARD
2025-08-15,COMMUNICATION_SERVICES,XLC,111.4800033569336,0.0357707535237659,0.0498163743658097,0.1126859031880953,0.0585889843450704,0.2923719058211147,0.0245447198840322,0.0016016208979348,0.0032503103105385,0.0455922706453677,0.1102176097919993,0.8333333333333334,1.0,0.8333333333333334,1.0,0.0350865541400777,0.0089939060591054,0.0082070902820787,0.1414650409668415,1.3268266535126745,0.0,-44.82508222384675,LAGGARD
2025-08-15,CONSUMER_DISCRETIONARY,XLY,114.5199966430664,0.023505203930328,0.0309222450097124,0.0873012101708652,0.0089867545644617,0.2506961567150001,0.0056505905279349,-0.0237830721192953,-0.0463519194700701,0.041280213803968,0.0633351258052219,1.0,0.8333333333333334,1.0,0.6666666666666666,0.0194967675687959,-0.0150069027264788,-0.058914564907691,0.1497838954671558,1.5513462414832728,0.0,-17.077289886511096,LAGGARD
2025-08-15,CONSUMER_STAPLES,XLP,82.0199966430664,-0.0055771907752779,0.0139695544807059,0.0051470364803807,0.0174915770008539,0.0187553653803274,-0.0113021000010715,-0.1059372458097798,-0.0378470970336779,0.009389919316127,0.0158690389905729,0.6666666666666666,0.6666666666666666,0.8333333333333334,0.5,-0.0028646365768513,-0.0986344329763778,-0.0724540046736025,0.1067739492387873,1.196126799847427,0.0,0.0,LAGGARD
2025-08-15,DEFENSIVE,XLU,42.810001373291016,-0.0064979990323824,0.0223283910039644,0.0562546918989494,0.0824273628095462,0.1501880701035154,-0.002943263477813,-0.054829590391211,0.0270886887750143,0.0270004831458776,0.0706448398242978,0.6666666666666666,0.6666666666666666,0.8333333333333334,0.6666666666666666,-0.0011512696326632,-0.0833695779622705,-0.0328894721455333,0.0604518241384089,1.0828866490295093,0.0,0.0,LAGGARD
2025-08-15,HEALTHCARE,XLV,136.2100067138672,0.0464812759798578,0.0331463174860588,0.0450361404089598,-0.0593231778788028,-0.1089814151596528,0.0078746630042814,-0.0660481418812006,-0.1146618519133346,0.0171225859905912,-0.0207816484289787,0.8333333333333334,0.3333333333333333,0.8333333333333334,0.8333333333333334,0.0150085751301644,-0.0403544455642994,-0.1271223906013009,0.1817050823671354,1.2638903417771157,0.0,0.0,LAGGARD
2025-08-15,MATERIALS,XLB,45.01499938964844,0.0190152839184019,-0.0021059902331573,0.0505251106796393,0.0020033423286882,-0.0059622492806323,-0.0273776447149348,-0.0605591716105211,-0.0533353317058435,0.0089995081983178,0.0305602203334183,0.8333333333333334,0.8333333333333334,0.5,1.0,0.0117950303650285,-0.0136366355875021,0.0372230068146034,0.1860968376948031,1.6397225745801467,0.0,-27.51894920005417,LAGGARD
2025-08-22,NUCLEAR,URA,39.43999862670898,0.0110228229601954,-0.0571361008779913,0.2321149857786029,0.5134305232144314,0.4710928538738279,-0.0700226528906571,0.1372372621654676,0.4378063025714369,0.0122423457790683,0.2885940708817822,0.6666666666666666,1.0,0.1666666666666666,1.0,-0.0677383487324692,0.1539471360137216,0.4513845444163714,0.3409487241622722,0.9771744407478326,100.0,0.0,HOLD
2025-08-22,ENERGY,XLE,44.06999969482422,0.0301542999611217,0.0119403092278622,0.0810744598223893,-0.0306829528886357,-0.0248921342537111,-0.0009462427848034,-0.0138032637907459,-0.1063071735316302,0.0157654547621488,0.0109566155861404,1.0,0.8333333333333334,1.0,1.0,-0.0013217308540426,0.0073278100707017,-0.1132026969602055,0.2027332477152291,0.8505663942950871,69.9486036420086,10.71678594239009,IMPROVING
2025-08-22,POWER_INDUSTRIALS,XLI,153.13999938964844,0.0179473338502091,-0.0119362929088818,0.0722587280226225,0.1357164309460563,0.1845606500281971,-0.0248228449215476,-0.0226189955905127,0.0600922103030618,0.0213554862072302,0.0997960351695119,0.6666666666666666,1.0,0.1666666666666666,1.0,-0.0606169408699542,0.0403154748805199,0.2399024968524986,0.128550794331004,1.113536926021353,67.96003233678181,-6.674389590013021,HOLD
2025-08-22,FINANCIALS,XLF,53.56999969482422,0.0211589902730309,0.0024326547802391,0.0512166533995646,0.0555664964497382,0.2057168428284637,-0.0104538972324266,-0.0436610702135706,-0.0200577241932562,0.0244592779112355,0.0647453416039811,1.0,1.0,0.8333333333333334,1.0,0.006355519199364,0.0428233027605334,0.0321186837344546,0.1528326638353303,1.125022142693938,39.599281932229346,-37.591202937244034,LAGGARD
2025-08-22,SEMI,SOXX,249.08999633789065,0.0031007932947848,0.0312577761928392,0.215428873672953,0.1121082288120796,0.0672693645370416,0.0183712241801734,0.1205511500598177,0.0364840081690851,0.0296080944625933,0.1532972082980919,0.6666666666666666,0.8333333333333334,0.8333333333333334,1.0,-0.0056414828996406,0.1182198059472948,0.0759809386682935,0.1820732644992878,1.081803726846686,38.874989236647494,-61.125010763352506,LAGGARD
2025-08-22,AI_SOFTWARE,IGV,107.45999908447266,-0.0151223674883048,-0.0464105354834202,0.0367582971780515,0.0697859865525176,0.2441819574762631,-0.0592970874960859,-0.0581194264350837,-0.0058382340904767,-0.0143273860674009,0.0540874460878777,0.3333333333333333,0.6666666666666666,0.0,0.6666666666666666,-0.0438644656606144,0.0261259502707747,0.1137652006681315,0.1727915280584996,1.3856045138623911,0.0,-98.93804509632133,LAGGARD
2025-08-22,COMMUNICATION_SERVICES,XLC,111.30999755859376,-0.0015249891749242,0.0342872581103785,0.0977317148282848,0.0804698231960705,0.2721142578125,0.0214007060977128,0.0028539912151495,0.004845602553076,0.0355188940401582,0.1040823832263451,0.6666666666666666,1.0,0.8333333333333334,0.8333333333333334,0.0193921125308634,-0.0027001965384102,0.0204898928643203,0.1429431583190646,1.2784444719230164,0.0,-72.64115329814496,LAGGARD
2025-08-22,CONSUMER_DISCRETIONARY,XLY,116.5500030517578,0.0177262178501322,0.0365989734737139,0.0902712945569301,0.0673565948760401,0.2407516482773901,0.0237124214610482,-0.0046064290562051,-0.0082676257669542,0.0495461809389858,0.079720302505537,1.0,1.0,0.8333333333333334,0.8333333333333334,0.0339216854280175,0.0056281347178427,-0.0328228832594138,0.150571726649401,1.4862144803638653,0.0,-4.154337911146058,LAGGARD
2025-08-22,CONSUMER_STAPLES,XLP,82.47000122070312,0.0054865227512144,0.01190185546875,-0.0043462586308502,0.0035288502610175,0.0076980072214496,-0.0009846965439157,-0.0992239822439855,-0.0720953703819768,0.0130454136597013,0.0206493801928402,0.6666666666666666,0.6666666666666666,0.8333333333333334,0.1666666666666666,0.0020056587990739,-0.1043717370117683,-0.1021070356813862,0.1023743847100696,1.24617691356477,0.0,0.0,LAGGARD
2025-08-22,DEFENSIVE,XLU,43.02000045776367,0.0049053743923417,0.0179839603979163,0.0502930034017488,0.0718824531427129,0.1408114956830493,0.0050974083852506,-0.0445847202113864,-0.0037417675002815,0.0263506479238138,0.0736178301003294,1.0,0.6666666666666666,1.0,0.5,0.0077442381016321,-0.0699748632991371,-0.0691779175183112,0.0589195147607296,0.972955169195312,0.0,0.0,LAGGARD
2025-08-22,HEALTHCARE,XLV,138.1699981689453,0.0143894821119525,0.0123827849817643,0.0416917883349179,-0.0564091710714269,-0.1111611393923046,-0.0005037670309013,-0.0531859352782173,-0.1320333917144214,0.0301891387425534,-0.0060355909837065,0.8333333333333334,0.3333333333333333,0.8333333333333334,0.8333333333333334,0.0180086191316321,-0.0201308464135817,-0.1522377044351327,0.1806697150729901,1.2350453060832278,0.0,0.0,LAGGARD
2025-08-22,MATERIALS,XLB,46.09000015258789,0.023880945851721,-0.0020569712650926,0.0676396133308874,0.0466674307322962,-0.0059312307974448,-0.0149435232777583,-0.0272381102822478,-0.0289567899106981,0.0275675291396952,0.0548992789440661,0.8333333333333334,1.0,0.6666666666666666,1.0,0.0127342643141149,0.018013380809642,0.0707192057337065,0.1904502956445826,1.5181818839117458,0.0,-14.209673563728785,LAGGARD
2025-08-29,NUCLEAR,URA,40.66999816894531,0.0311866020553905,0.0641024822080609,0.2089773753521564,0.6399193314558254,0.5702702227009986,0.0265775221147588,0.1323509240685274,0.5543055515503394,0.0334662743653815,0.3206367208920049,0.6666666666666666,1.0,0.6666666666666666,1.0,0.0006790264177022,0.1578858622629728,0.562375623269559,0.3345114670488398,0.9260362346457696,100.0,0.0,HOLD
2025-08-29,POWER_INDUSTRIALS,XLI,152.00999450683594,-0.007378900922791,0.0151595360651666,0.0488511846329362,0.1150149817735093,0.1563212136273306,-0.0223654240281354,-0.0277752666506927,0.0294012018680234,0.0073424744301122,0.0898492538187361,0.6666666666666666,1.0,0.5,1.0,-0.0601468697881528,0.0222737945159046,0.2321183122260044,0.1296512515411719,0.8637383050824099,96.3940175977009,63.94722692878514,LEADER
2025-08-29,ENERGY,XLE,45.19499969482422,0.0255275699521306,0.056081355966046,0.0836829567328008,-0.0067033034104567,-0.0097502125498526,0.0185563958727439,0.0070565054491718,-0.0923170833159426,0.0400055281575337,0.0388132742666522,1.0,0.8333333333333334,1.0,1.0,0.0318323053658402,0.0278690759846185,-0.0971313484497593,0.2037272505139264,0.8135344932431657,77.725859326873,52.002322458185716,LEADER
2025-08-29,SEMI,SOXX,245.32000732421875,-0.0151350478505684,0.0340583444780249,0.1287384349764533,0.1764818832617776,0.0613481352081606,-0.0034666156152771,0.0521119836928243,0.0908681033562917,0.0056241811938109,0.1320223929001736,0.8333333333333334,0.8333333333333334,0.8333333333333334,0.8333333333333334,-0.0165009550556608,0.0444751069183493,0.1495638741014656,0.1630941852080319,0.9439502434925676,66.37348950235005,-33.626510497649946,DECELERATING
2025-08-29,FINANCIALS,XLF,53.9900016784668,0.0078402461458881,0.0503891065311326,0.0528471716786393,0.0346876458931617,0.1803672867787384,0.0128641464378305,-0.0237792796049896,-0.0509261340123241,0.0253732285436989,0.0713577395675679,1.0,1.0,1.0,1.0,0.0373415014337788,0.0566862879367318,0.0240169629862972,0.152958926450536,1.0033433004832926,62.57664392573536,7.02412284047071,HOLD
2025-08-29,MATERIALS,XLB,46.13999938964844,0.00108481746355,0.0641143620886663,0.0512645256616401,0.0396574646051026,-0.0212134071478072,0.0265894019953643,-0.0253619256219888,-0.0459563153003832,0.0220061217160547,0.0565907929152937,1.0,1.0,1.0,1.0,0.0478453790710683,0.0282023702487857,0.0716291187271632,0.1889983926048713,1.10619187460026,56.29283381197253,56.29283381197253,IMPROVING
2025-08-29,CONSUMER_DISCRETIONARY,XLY,115.87000274658205,-0.0058344083000478,0.0724235708292677,0.0922373921530397,0.0730690789438821,0.2384566670602594,0.0348986107359656,0.0156109408694107,-0.0125447009616037,0.0336214959221352,0.0717279646215542,1.0,1.0,1.0,1.0,0.0295804903936249,0.0325725057575424,-0.0342796995150772,0.1497699872785159,1.230901588550267,20.613066146240264,20.613066146240264,LAGGARD
2025-08-29,HEALTHCARE,XLV,137.42999267578125,-0.0053557610405352,0.048043830995041,0.022696738221051,-0.0772174885218409,-0.1257633883986026,0.0105188709017389,-0.0539297130625779,-0.1628312684273268,0.0209948691068888,-0.0101609699591903,0.8333333333333334,0.3333333333333333,0.8333333333333334,0.8333333333333334,0.0474305196530951,-0.0245323366383237,-0.1917830345884132,0.1802079301208962,1.036530561679941,18.77737064553886,18.77737064553886,LAGGARD
2025-08-29,COMMUNICATION_SERVICES,XLC,111.38999938964844,0.0007187299686406,0.0496607284835011,0.0740526503998939,0.0920588175455729,0.2756527688839529,0.012135768390199,-0.002573800883735,0.006445037640087,0.0280856736207055,0.1009147048685663,0.6666666666666666,1.0,0.8333333333333334,0.8333333333333334,0.0092872722782436,-0.010595753708582,0.0235091625381594,0.1394785591331498,1.0526983667339689,11.712032297475211,11.039215474791888,LAGGARD
2025-08-29,AI_SOFTWARE,IGV,108.0999984741211,0.0059556988191051,-0.0048789357700199,0.0200037275904541,0.1090591681572699,0.2453916437037719,-0.042403895863322,-0.0566227236931748,0.0234453882517839,-0.0111689490667895,0.0598298804533963,0.5,0.6666666666666666,0.5,0.6666666666666666,-0.0374824350172337,0.0188496898912128,0.1718166249633756,0.1674517471644041,1.3444746948108717,0.0,-61.926108363051256,LAGGARD
2025-08-29,CONSUMER_STAPLES,XLP,80.77999877929688,-0.0204923295306317,0.0077344696714449,-0.0111397188751719,-0.0276841959685427,-0.0209671956386235,-0.0297904904218571,-0.0877661701588009,-0.1132979758740286,-0.0074216260504185,6.188050515065768e-05,0.3333333333333333,0.6666666666666666,0.6666666666666666,0.1666666666666666,-0.021804463424389,-0.0798209821399985,-0.1362547607661346,0.1074016815318775,1.1304681279367714,0.0,0.0,LAGGARD
2025-08-29,DEFENSIVE,XLU,42.15999984741211,-0.0199907159739781,-0.017249455760984,0.0385515107685436,0.0643776621501523,0.1052562417476983,-0.0547744158542861,-0.0380749405150853,-0.0212361177553335,0.0016036092849889,0.0512142822471604,0.6666666666666666,0.6666666666666666,0.8333333333333334,0.5,-0.013918490526411,-0.0570785594352465,-0.1013992207438163,0.0732758050064375,0.8453682134051546,0.0,0.0,LAGGARD
2025-09-05,NUCLEAR,URA,40.72999954223633,0.0014753227438508,0.0195243745782467,0.1273179722704354,0.7013366179458875,0.7571181624679215,0.0037360609553602,0.0431638847756699,0.5774999575754056,0.0280420930214397,0.313648483238903,0.6666666666666666,1.0,0.3333333333333333,1.0,-0.043225309855466,0.0706401044870471,0.6593235750325861,0.3091047156958416,0.8809211363347207,100.0,0.0,HOLD
2025-09-05,POWER_INDUSTRIALS,XLI,150.92999267578125,-0.0071048080394879,0.0006629373699706,0.05804415796404,0.1242457554993017,0.1989037525421719,-0.0151253762529157,-0.0261099295307254,0.0004090951288198,-0.0025510037900519,0.0807617013905739,0.3333333333333333,1.0,0.5,1.0,-0.03495362196328,0.0234597342232099,0.2605090250994437,0.1245466645824843,0.8098489632470242,73.28918094378623,42.48640098248243,IMPROVING
2025-09-05,FINANCIALS,XLF,53.06999969482422,-0.0170402288394354,0.0235294360001194,0.0622498131974174,0.0804153267270417,0.1982388484489452,0.007741122377233,-0.021904274297348,-0.0434213336434401,0.0057422229609627,0.0521985229509662,1.0,1.0,1.0,1.0,0.0311090261875546,0.0513396436622305,0.0749266080233659,0.145726109038697,0.9757397572078907,67.32863739297508,38.207912515377345,IMPROVING
2025-09-05,MATERIALS,XLB,45.97999954223633,-0.0034677037175688,0.0408602226677907,0.0524147628177629,0.0471418743342633,0.0230281422725495,0.0250719090449043,-0.0317393246770025,-0.0766947860362186,0.0138919413944063,0.0537774722913444,0.6666666666666666,0.8333333333333334,0.8333333333333334,1.0,0.0354036167154285,0.0241996874489269,0.039462208249011,0.1887652554490189,0.9718448577682984,47.56691843733695,47.56691843733695,EARLY TURN
2025-09-05,SEMI,SOXX,247.0500030517578,0.0070519960699848,0.0172108865590967,0.1180756496431316,0.2119205084855631,0.2114451621862756,0.0014225729362102,0.0339215621483661,0.0880838481150811,0.0093272509634516,0.13585816241935,0.6666666666666666,0.8333333333333334,0.5,0.8333333333333334,-0.0278469181473589,0.0285485858423431,0.169261139720051,0.1625697474220676,1.0532897100164451,46.370119950884344,-53.629880049115656,WATCH
2025-09-05,COMMUNICATION_SERVICES,XLC,114.69000244140624,0.0296256672038772,0.0655951441805327,0.1180542054414881,0.1435836214420598,0.3691059691703959,0.0498068305576462,0.0339001179467226,0.0197469610715779,0.0517386956746717,0.1289858412337468,0.8333333333333334,1.0,0.8333333333333334,0.8333333333333334,0.0371228019268109,0.0324811122926238,0.0701930751922836,0.1415735372179572,1.0212860793875012,30.230885689582646,30.230885689582646,LAGGARD
2025-09-05,ENERGY,XLE,43.68000030517578,-0.0335213939568171,0.0286118014417067,-0.0083995218681746,-0.0008006370190997,0.015695831189294,0.0128234878188202,-0.0925536093629401,-0.1246372973895816,0.0027663528694725,0.0063530748075655,0.5,0.6666666666666666,0.6666666666666666,0.1666666666666666,0.0135866692726193,-0.0940356015464442,-0.1349708849963357,0.1863050618153747,0.7486284083149312,14.481393075485528,-5.242703702255113,LAGGARD
2025-09-05,HEALTHCARE,XLV,137.89999389648438,0.0034199319344498,0.0594651968085966,0.0130021960639432,-0.0762326163978422,-0.1042546500157047,0.0436768831857101,-0.0711518914308222,-0.2000692767683242,0.021473873953502,-0.005072077970857,0.8333333333333334,0.3333333333333333,1.0,0.8333333333333334,0.0894425781601864,-0.0522589126456131,-0.2310871348607686,0.1785721732562905,0.944676893986937,9.960033151019942,9.960033151019942,LAGGARD
2025-09-05,DEFENSIVE,XLU,41.73500061035156,-0.0100806271014878,-0.0314458003582752,0.0251781269695448,0.079958600491286,0.0995915846907979,-0.0472341139811617,-0.0589759605252206,-0.0438780598791959,-0.0110072224555411,0.0404422721761676,0.5,0.5,0.5,0.5,-0.0080391130166226,-0.0627985106558679,-0.138666062479851,0.0783413082023066,0.791986360726409,0.776969220238449,0.776969220238449,LAGGARD
2025-09-05,AI_SOFTWARE,IGV,108.13999938964844,0.0003700362265677,-0.0135911511547819,0.0175967140834951,0.1575679887520737,0.2972648584196353,-0.0293794647776683,-0.0665573734112703,0.0337313283815918,-0.0111286870134025,0.0593444409388839,0.3333333333333333,0.6666666666666666,0.3333333333333333,1.0,-0.0489287519993348,-0.0342361779982965,0.1720969122839002,0.1674683014822232,1.3080758716535072,0.0,-50.20318908874991,LAGGARD
2025-09-05,CONSUMER_DISCRETIONARY,XLY,117.55500030517578,0.0145421379015497,0.0506300915759183,0.1103711840507248,0.1431419395318081,0.2889803096363104,0.0348417779530318,0.0262170965559593,0.0193052791613261,0.0409822332535763,0.0857051861277133,0.8333333333333334,1.0,0.8333333333333334,1.0,0.028186082443222,0.0371547649655374,-0.0112300978884225,0.1487151841945634,1.3411496174510742,0.0,0.0,LAGGARD
2025-09-05,CONSUMER_STAPLES,XLP,80.87000274658203,0.0011141862917212,-0.0195198902136831,-0.0011116148580575,-0.0240163872690211,-0.0255451882366298,-0.0353082038365696,-0.085265702352823,-0.147853047639503,-0.0067062692489558,0.0019048497194309,0.6666666666666666,0.5,0.3333333333333333,0.3333333333333333,-0.0244054993602535,-0.0657839186557057,-0.1438836396365931,0.1058429932475124,1.0807111236168283,0.0,0.0,LAGGARD
2025-09-12,NUCLEAR,URA,42.04999923706055,0.0324085369422948,0.0779287630435321,0.1435952872875761,0.7594142221014146,0.6535587389868056,0.0562173825727521,0.0373660001914764,0.5913291205639482,0.0503571869339269,0.3451049799909524,1.0,1.0,0.8333333333333334,1.0,0.0441661947562955,0.0347127477585094,0.7106339519606687,0.3121385435230969,0.9488614963764768,85.09809018600231,-14.90190981399769,DECELERATING
2025-09-12,MATERIALS,XLB,45.84000015258789,-0.0030447888438936,0.0183272414556372,0.0608655663929489,0.0662944490078636,-0.0108965596032747,-0.0033841390151427,-0.0453637207031507,-0.1017906525296028,0.0104594962236721,0.0506381696863895,1.0,1.0,0.8333333333333334,1.0,0.0145438818885134,0.0193434651839335,0.0062853863966471,0.1863770007857024,0.8694499545949288,84.60612971546138,84.60612971546138,LEADER
2025-09-12,POWER_INDUSTRIALS,XLI,151.5800018310547,0.0043066930816708,0.0075777676890989,0.0646906443052572,0.1559520795146605,0.1609098056850526,-0.0141336127816811,-0.0415386427908424,-0.0121330220228059,0.0003167720243961,0.0832791511392805,0.8333333333333334,1.0,1.0,1.0,-0.006037636268806,0.0150819710206601,0.2253390155748439,0.123605705138018,0.8717307235228257,65.81506056528646,29.17579470254111,IMPROVING
2025-09-12,FINANCIALS,XLF,53.79999923706055,0.0137554088267222,0.0255432744180987,0.068308152998749,0.1088210785136549,0.2087171706549579,0.0038318939473187,-0.0379211340973506,-0.0592640230238115,0.0183993215979569,0.0648773472672563,1.0,1.0,1.0,1.0,0.0388971997055281,0.0325582560048114,0.0998943149037279,0.1467311744238819,0.9532221562146228,60.162503457053035,-14.382345130089888,DECELERATING
2025-09-12,AI_SOFTWARE,IGV,111.66999816894533,0.032642859249311,0.023462538211652,0.0624107841356791,0.2183067172962345,0.2787128801964056,0.0017511577408719,-0.0438185029604205,0.050221615758768,0.0207775242751639,0.0934906423876418,0.8333333333333334,0.8333333333333334,0.6666666666666666,1.0,0.0220280310622172,0.0365347954170072,0.2660435892466214,0.1762697616875719,1.2645935179598322,29.404938756628603,13.8522143262457,LAGGARD
2025-09-12,HEALTHCARE,XLV,138.11000061035156,0.0015228913934892,0.0139490037650145,0.0415535011554561,-0.0470571476580868,-0.1155865947007368,-0.0077623767057655,-0.0646757859406435,-0.2151422491955533,0.0210554413576153,-0.0024467433073135,0.8333333333333334,0.3333333333333333,0.8333333333333334,0.8333333333333334,0.0280381829125119,-0.0039606388528868,-0.2342069935701578,0.1675442536532021,0.9017393855653232,24.434686628948963,24.434686628948963,LAGGARD
2025-09-12,ENERGY,XLE,44.29999923706055,0.0141941146417825,0.0355306335001408,-0.004270677326097,-0.012923391649978,0.0351676862369245,0.0138192530293608,-0.1104999644221967,-0.1810084931874445,0.0151702622288398,0.0213491805653347,0.8333333333333334,0.6666666666666666,0.8333333333333334,0.1666666666666666,0.0091536371113233,-0.112915088396262,-0.198961371812528,0.187614079328207,0.7586416170479648,19.426247974716,-20.910121789678165,LAGGARD
2025-09-12,DEFENSIVE,XLU,42.75,0.0243201000312598,-0.0014015737296483,0.0584303205252438,0.0840623433819429,0.0886172523980282,-0.0231129542004283,-0.0477989665708558,-0.0840227581555235,0.0086710298600722,0.063819864280441,0.6666666666666666,0.3333333333333333,0.5,0.5,-0.024849018027227,-0.0652169631558274,-0.1597815265306354,0.0870960342677929,0.82992487838995,8.576097658920318,8.576097658920318,LAGGARD
2025-09-12,SEMI,SOXX,255.63999938964844,0.0347702741622351,0.029478059961042,0.1356225787238214,0.2710819689543724,0.1471392972316167,0.0077666794902619,0.0293932916277217,0.1029968674169059,0.0391996620397525,0.170534252476086,0.8333333333333334,1.0,0.8333333333333334,0.8333333333333334,0.0712463277663203,0.0764088442562149,0.1985886747344707,0.1700844555022111,1.1882319846116918,7.014355355375152,-52.57272954043189,LAGGARD
2025-09-12,COMMUNICATION_SERVICES,XLC,117.3499984741211,0.0231929198368776,0.0526551394010377,0.1410929857344265,0.2150548379508101,0.3508690544934778,0.0309437589302576,0.0348636986383268,0.0469697364133436,0.0670218638318156,0.1505212002448757,0.5,0.8333333333333334,0.5,0.6666666666666666,-0.0034864148219513,0.016363279581291,0.0532765694436982,0.1432784645394794,1.0699380727277552,0.0,0.0,LAGGARD
2025-09-12,CONSUMER_DISCRETIONARY,XLY,119.31500244140624,0.0149717335005865,0.0418704675069527,0.132665716625707,0.213167303432157,0.2397652232941656,0.0201590870361727,0.0264364295296073,0.0450822018946905,0.0484806665263495,0.1012188957347508,0.6666666666666666,1.0,0.5,1.0,0.0153803694375502,0.0507813829220348,0.0302610297237829,0.1456301277561782,1.425851970039915,0.0,0.0,LAGGARD
2025-09-12,CONSUMER_STAPLES,XLP,80.31999969482422,-0.0068010762096958,-0.0207266156769088,-0.0086398047055719,0.0101873668322371,-0.0430120409534771,-0.0424379961476888,-0.1148690918016716,-0.1578977347052292,-0.0112027650736519,-0.0042738715953796,0.5,0.3333333333333333,0.3333333333333333,0.3333333333333333,-0.0307862826232159,-0.0839914171421239,-0.1400163305991308,0.1067557782294934,1.0839957885047835,0.0,0.0,LAGGARD
2025-09-19,MATERIALS,XLB,45.415000915527344,-0.009271362034159,-0.0146452426735921,0.0334509325500407,0.0587481158846232,-0.0344424138862604,-0.0431431967081066,-0.0458940792294839,-0.1180667271801949,0.0018530537147596,0.0404204012340312,0.6666666666666666,0.6666666666666666,0.3333333333333333,1.0,-0.016451996247294,0.0141805270982969,-0.0138474947811923,0.1865656654601405,0.8669517351132423,77.58152415426923,77.58152415426923,LEADER
2025-09-19,NUCLEAR,URA,49.43000030517578,0.175505379358269,0.25329619742181,0.2983977068929686,0.9772000122070312,0.8186166206835186,0.2247982433872954,0.2190526951134439,0.800385169142213,0.1990006429540596,0.5562377136366148,1.0,1.0,1.0,1.0,0.1926463837957619,0.2055546202633976,0.9527542458310094,0.4618989693501137,1.117153844598089,71.46861321730827,-28.531386782691726,DECELERATING
2025-09-19,POWER_INDUSTRIALS,XLI,153.1199951171875,0.0101596072537935,-0.0001306273510556,0.0431228429768766,0.1578071464437618,0.1497222070731674,-0.0286285813855701,-0.036222168802648,-0.0190076966210563,0.0085361640003032,0.0912258653080886,0.8333333333333334,1.0,0.6666666666666666,1.0,-0.0070875612201538,0.0008499036255775,0.2019088938494485,0.1099954034609684,0.928224994037646,65.25412765956125,-2.705904677220559,HOLD
2025-09-19,ENERGY,XLE,44.2599983215332,-0.0009029552193282,0.0043112917636642,0.0377490442685539,-0.0432338969426429,-0.0027039825077482,-0.0241866622708502,-0.0415959675109707,-0.2200487400074611,0.0149629999071945,0.0206328454379911,0.6666666666666666,0.6666666666666666,0.5,1.0,-0.0395230747591141,-0.044323163627295,-0.2411516078467509,0.162754945626397,0.7710192029597223,57.07904140331481,-12.869562238693796,DECELERATING
2025-09-19,HEALTHCARE,XLV,137.2899932861328,-0.0059373493635137,-0.0063690011903777,0.0250877383267351,-0.0635062239411431,-0.1158552655499031,-0.0348669552248922,-0.0542572734527895,-0.2403210670059613,0.0134197081963807,-0.0077065949552513,0.8333333333333334,0.3333333333333333,0.5,0.8333333333333334,-0.0089171812244204,0.0024611097155475,-0.2606066052000879,0.1679642068356863,0.8534745422958706,54.315784833652316,54.315784833652316,EARLY TURN
2025-09-19,FINANCIALS,XLF,54.25,0.0083643265673034,0.0126936776003283,0.044474421146849,0.096845956413111,0.1881296579346079,-0.0158042764341861,-0.0348705906326756,-0.0799688866517072,0.0228708280870786,0.0712875266067178,1.0,1.0,1.0,1.0,0.0222295606955369,0.0291059186871804,0.0775899299713143,0.1350620105274791,0.9793224996164231,47.94038729496074,8.341105362731398,WATCH
2025-09-19,AI_SOFTWARE,IGV,117.19000244140624,0.0494313993281323,0.0905453511988678,0.0873075131627938,0.2586188559038369,0.3137893099862447,0.0620473971643533,0.0079625013832691,0.0818040128390187,0.0618114237741025,0.1443442136539192,1.0,1.0,1.0,1.0,0.0833229844472381,0.0950140944086856,0.2839729635342453,0.1952760620590757,1.236497675516428,35.57413972716625,35.57413972716625,EARLY TURN
2025-09-19,DEFENSIVE,XLU,42.47499847412109,-0.0064327842310855,-0.0126685722418262,0.0445099598633631,0.0787301199776786,0.0608141234494694,-0.0411665262763407,-0.0348350519161615,-0.0980847230871395,-0.0007646086482271,0.054578601384466,0.3333333333333333,0.3333333333333333,0.0,0.5,-0.052353053576389,-0.057386654643285,-0.1774645454715061,0.0899740439048078,0.8737760237352667,9.886109635455881,9.886109635455881,LAGGARD
2025-09-19,SEMI,SOXX,265.8599853515625,0.0399780393769155,0.0673250201141091,0.1130368612250636,0.3334335381716147,0.1886260451915848,0.0388270660795946,0.0336918494455389,0.1566186951067965,0.0721630650771303,0.211427982658747,1.0,1.0,0.8333333333333334,1.0,0.1308337355494027,0.0897583970515856,0.3032268179917574,0.144386219046307,1.2871298681556167,5.5955130983003585,-33.279476138347135,LAGGARD
2025-09-19,COMMUNICATION_SERVICES,XLC,119.41000366210938,0.0175543691075765,0.0727697985911082,0.1089339090238632,0.2234631714033403,0.343194618813915,0.0442718445565937,0.0295888972443385,0.0466483283385221,0.0726830332812158,0.1654418220393145,0.6666666666666666,0.8333333333333334,0.6666666666666666,0.6666666666666666,0.0149879934137602,-0.0016273783570307,0.0622860392978597,0.1196119076203133,1.0664705120485216,0.0,0.0,LAGGARD
2025-09-19,CONSUMER_DISCRETIONARY,XLY,120.69499969482422,0.0115659994567378,0.0355641058304021,0.1043048786940559,0.2225373670323442,0.227261154066833,0.0070661517958876,0.0249598669145312,0.045722523967526,0.0513868060828037,0.1131978662714499,0.6666666666666666,0.8333333333333334,0.6666666666666666,0.8333333333333334,0.0005778807529022,0.0216516534005526,0.0452871215921751,0.1323634505087765,1.3574696664956631,0.0,0.0,LAGGARD
2025-09-19,CONSUMER_STAPLES,XLP,79.37999725341797,-0.0117032176914565,-0.0374682177949264,-0.0145252110988506,0.0006302208648596,-0.0441903150328922,-0.0659661718294409,-0.0938702228783753,-0.1761846221999585,-0.0210515004311205,-0.0151151312813847,0.1666666666666666,0.1666666666666666,0.1666666666666666,0.3333333333333333,-0.0468914603050249,-0.078434903707638,-0.157649564504288,0.108796644971808,1.032046836817858,0.0,0.0,LAGGARD
2025-09-26,NUCLEAR,URA,48.40999984741211,-0.0206352508894657,0.1903123193247864,0.277308651672659,1.0956709544578822,0.6635738561102764,0.1643143039017827,0.2189724203391394,0.9046188015037688,0.1533330179108645,0.4999922505743182,1.0,1.0,1.0,1.0,0.1700371657260957,0.2391945828960109,1.1502093239039892,0.4677636254200352,1.243475869110927,74.28212909304246,-25.717870906957543,DECELERATING
2025-09-26,FINANCIALS,XLF,53.86000061035156,-0.0071889288414458,-0.002407873014886,0.0125963903166212,0.094493021995323,0.1929124870456602,-0.0284058884378898,-0.0457398410168983,-0.0965591309587903,0.0129963089293654,0.0607843795979528,1.0,1.0,0.6666666666666666,1.0,0.0066373674780433,0.0053818242638975,0.0865212055117932,0.1283928900337858,0.95971027578209,69.3720733459942,6.795429420258834,HOLD
2025-09-26,ENERGY,XLE,45.994998931884766,0.0392001960268366,0.0177010563660244,0.0569918321733053,-0.0047603855885912,0.0550521308402187,-0.0082969590569792,-0.0013443991602142,-0.1958125385427046,0.0475073382469597,0.0582472975871364,1.0,0.8333333333333334,0.5,0.8333333333333334,-0.0207282693692682,-0.009792143098633,-0.2217952633063854,0.1762745430281612,0.8610466937911936,62.77044638256899,-14.955412944304015,DECELERATING
2025-09-26,POWER_INDUSTRIALS,XLI,152.5800018310547,-0.0035266020333891,0.0037498016236894,0.0211484654051223,0.1723396771913041,0.1316472577241465,-0.0222482137993142,-0.0371877659283972,-0.0187124757628092,0.0042386384382953,0.083755227187839,0.6666666666666666,1.0,0.6666666666666666,1.0,-0.0077528871576746,-0.0040789509147937,0.2473047753608346,0.1058085681381436,0.952295379161573,52.20031934034347,-44.193698257357426,WATCH
2025-09-26,HEALTHCARE,XLV,135.5,-0.0130380462791792,-0.0140434605154524,0.0,-0.0624135344990419,-0.1144948620003013,-0.0400414759384561,-0.0583362313335196,-0.2534656874531553,-0.0024882504526284,-0.020201555592423,0.5,0.3333333333333333,0.5,0.5,-0.0123063847897962,-0.0031024746608961,-0.268047698379148,0.1693110239707942,0.8716480895279849,14.756982097789106,-4.020388547749754,LAGGARD
2025-09-26,AI_SOFTWARE,IGV,114.97000122070312,-0.0189436058917491,0.0635522927248393,0.0332524911410363,0.2792922856016682,0.2883236662131263,0.0375542773018355,-0.0250837401924832,0.0882401326475548,0.0380194981973223,0.1195641427710871,0.8333333333333334,1.0,1.0,0.6666666666666666,0.0558569864156242,0.0335226612630042,0.2937636181005509,0.1933753203202993,1.2109381317257542,5.694725437156485,5.694725437156485,LAGGARD
2025-09-26,COMMUNICATION_SERVICES,XLC,118.16999816894533,-0.010384435601165,0.0608672126442884,0.0937615435725351,0.2342803510095321,0.3128540758180917,0.0348691972212846,0.0354253122390155,0.0432281980554187,0.0502412751849028,0.1476798809072217,0.5,0.8333333333333334,0.6666666666666666,0.5,-0.0045792046967506,-0.002312604914227,0.0541290599048872,0.1258137966798984,1.1091897595739226,0.0,-11.712032297475211,LAGGARD
2025-09-26,CONSUMER_DISCRETIONARY,XLY,119.8550033569336,-0.0069596614608272,0.0343919954767508,0.0836309363885583,0.2165550897363808,0.1935371991870691,0.0083939800537471,0.0252947050550387,0.0255029367822674,0.0361536660163019,0.104075661033925,0.5,1.0,0.5,0.6666666666666666,0.0057888814200902,0.0270861674305275,0.0192999543639451,0.1358069005015279,1.3693304557348078,0.0,-20.613066146240264,LAGGARD
2025-09-26,CONSUMER_STAPLES,XLP,77.95999908447266,-0.0178886144882572,-0.0349096278464782,-0.0513507082627419,-0.030468902699369,-0.060949141932016,-0.0609076432694819,-0.1096869395962615,-0.2215210556534824,-0.0350768763906264,-0.0321389371144196,0.1666666666666666,0.1666666666666666,0.1666666666666666,0.3333333333333333,-0.0480751391213887,-0.0864329193365758,-0.1997313997710424,0.1021729195828868,0.9356290407470176,0.0,0.0,LAGGARD
2025-09-26,DEFENSIVE,XLU,43.40499877929688,0.021895240461101,0.0295303353033855,0.0607282678775253,0.113234083374466,0.0794578405264869,0.0035323198803818,0.0023920365440057,-0.0778180695796473,0.0174517135493517,0.0742083335419161,0.3333333333333333,0.3333333333333333,0.3333333333333333,0.3333333333333333,-0.0396844980115521,-0.0533546350941461,-0.1979068884930069,0.0976317083216071,0.9083294397559436,0.0,0.0,LAGGARD
2025-09-26,MATERIALS,XLB,44.41999816894531,-0.0219091209187192,-0.037277876971299,-0.0276896829663939,0.0445619418005944,-0.0833677464270077,-0.0632758923943027,-0.0860259142999135,-0.1464902111535189,-0.0186028396056329,0.0166765889838438,0.1666666666666666,0.5,0.1666666666666666,0.1666666666666666,-0.0681124404478346,-0.0494026130804607,-0.0742817273762822,0.1730674169856591,0.8972209912358237,0.0,-56.29283381197253,LAGGARD
2025-09-26,SEMI,SOXX,268.8299865722656,0.0111712983688603,0.0958339252655235,0.1047505162241424,0.4247932849680056,0.1553635681382204,0.0698359098425198,0.0464142848906228,0.2337411320138922,0.0745634625311568,0.2174705971540316,1.0,1.0,1.0,1.0,0.1571369793587245,0.1099803565076853,0.3952474644870634,0.1428552023687702,1.452779461300166,0.0,-66.37348950235005,LAGGARD
2025-10-03,FINANCIALS,XLF,53.720001220703125,-0.0025993202388031,0.0122480031960938,0.0299080018760471,0.2153846220234896,0.1767798340652704,-0.0216961783590747,-0.0431974585203946,-0.1090494018630623,0.0098314020984771,0.0554442506646144,1.0,1.0,0.8333333333333334,1.0,-0.0028420904975966,-0.0011923072315263,0.1267054589522457,0.1201856370097221,0.9423614048301536,60.530417094622806,-6.798220298352277,HOLD
2025-10-03,NUCLEAR,URA,49.59999847412109,0.0245816697058427,0.2177755716075253,0.3223140680773488,1.382324649430782,0.6358838711528112,0.1838313900523567,0.249208607680907,1.0578906255442302,0.1602067580042969,0.5116881106367894,1.0,1.0,1.0,1.0,0.2138629617521766,0.2490339828023864,1.5349280521335311,0.4618240911992027,1.479909987089301,54.96945317288075,-45.03054682711925,WATCH
2025-10-03,AI_SOFTWARE,IGV,114.83000183105467,-0.0012177036458378,0.0618642729717515,0.068384799446947,0.4124230937353195,0.2773081188213255,0.0279200914165829,-0.0047206609494947,0.0879890698487675,0.0347562224428485,0.1147948564339147,1.0,0.8333333333333334,0.8333333333333334,1.0,0.0449837290458558,0.0281970093468838,0.320940640619274,0.1747632026230502,1.109888467502382,45.73971349144104,45.73971349144104,EARLY TURN
2025-10-03,HEALTHCARE,XLV,144.82000732421875,0.068782341876153,0.0501813903844616,0.0712331142015203,0.0705204659299707,-0.0449748885048811,0.016237208829293,-0.0018723461949214,-0.2539135579565812,0.059617238314146,0.0460812280366715,1.0,0.8333333333333334,1.0,1.0,0.0590108574236194,0.0606392011237549,-0.2459083538972519,0.2210154776830968,0.9897585508582388,24.527149303006915,14.567116151986973,LAGGARD
2025-10-03,POWER_INDUSTRIALS,XLI,154.41000366210938,0.0119937200753279,0.023057120222643,0.0280293395433151,0.3092250336252262,0.1394731748315436,-0.0108870613325255,-0.0450761208531267,-0.0152089902613257,0.01667130055844,0.0926498825008079,0.6666666666666666,1.0,0.8333333333333334,0.8333333333333334,0.0029118472525473,-0.02040048189748,0.2548443603379622,0.1077516732502745,0.9395197952724968,22.847763778658532,-50.4414171651277,LAGGARD
2025-10-03,COMMUNICATION_SERVICES,XLC,116.38999938964844,-0.0150630346693586,0.0148225382514111,0.0979152631284634,0.3342886038121082,0.2806998559330507,-0.0191216433037575,0.0248098027320216,0.0098545799255562,0.02642114343843,0.1254109410021417,0.3333333333333333,0.8333333333333334,0.3333333333333333,0.5,-0.0680576271737905,-0.0188698376138311,0.0171164038960838,0.1223043077742496,1.107707872604739,0.0,-30.230885689582646,LAGGARD
2025-10-03,CONSUMER_DISCRETIONARY,XLY,118.93000030517578,-0.0077176840836848,0.0116966526003186,0.0741995595810147,0.3012747379338987,0.2002825998291095,-0.02224752895485,0.0010940991845729,-0.0231592859526532,0.0224161248351995,0.0945313744936173,0.3333333333333333,0.8333333333333334,0.3333333333333333,0.6666666666666666,-0.0247399571719187,0.0072604089606916,-0.0318001579393893,0.1387700676054516,1.1771459176111043,0.0,0.0,LAGGARD
2025-10-03,CONSUMER_STAPLES,XLP,78.02999877929688,0.000897892453133,-0.0351181386278015,-0.0344016688935197,-0.0054805035711614,-0.0422241609164487,-0.0690623201829702,-0.1075071292899615,-0.3299145274577134,-0.0300446422999722,-0.030887904578416,0.1666666666666666,0.1666666666666666,0.1666666666666666,0.3333333333333333,-0.061836344527197,-0.0792090565005827,-0.312487639940149,0.0985932178592475,0.8867414336188439,0.0,0.0,LAGGARD
2025-10-03,DEFENSIVE,XLU,44.45500183105469,0.024190832422247,0.0651731443853982,0.0783505997935021,0.1929425079610629,0.0934695158247778,0.0312289628302295,0.0052451393970602,-0.131491515925489,0.036730445771214,0.0958448749373004,0.5,0.5,0.5,0.5,-0.0223191312952741,-0.032946330161845,-0.2624370690635818,0.1055117421057922,0.9940045804060672,0.0,-0.776969220238449,LAGGARD
2025-10-03,ENERGY,XLE,44.45500183105469,-0.033481837951789,0.0177427088018375,-0.0024682328967552,0.1288725400022532,-0.045825248219378,-0.016201472753331,-0.075573693293197,-0.1955614838842987,0.0103524431957371,0.0215372337002073,0.5,0.6666666666666666,0.6666666666666666,0.1666666666666666,-0.0254822321749157,-0.0945406652875154,-0.2226936229250434,0.1870384467821952,0.9541936920827674,0.0,-14.481393075485528,LAGGARD
2025-10-03,MATERIALS,XLB,44.93000030517578,0.0114813632880115,-0.0228359992934762,-0.0181380692045797,0.1538264481180091,-0.0557948687691205,-0.0567801808486448,-0.0912435296010215,-0.1706075757685428,-0.0045749998821019,0.026903952302224,0.1666666666666666,0.5,0.1666666666666666,0.3333333333333333,-0.0614725158195648,-0.0382086799065364,-0.0543325930110781,0.1752626232593965,0.9088113825889592,0.0,-47.56691843733695,LAGGARD
2025-10-03,SEMI,SOXX,279.9599914550781,0.0414016495136064,0.1332118518388585,0.1372628408720337,0.7760577477822823,0.2115284284087906,0.0992676702836898,0.0641573804755919,0.4516237238957303,0.1021265971073368,0.2595590781413774,1.0,1.0,1.0,1.0,0.2305922811584548,0.1746690278306481,0.794052238883301,0.1585098330392741,1.430048044094865,0.0,-46.370119950884344,LAGGARD
2025-10-10,HEALTHCARE,XLV,142.11000061035156,-0.0187129303743239,0.0289624211304231,0.0778974860264718,0.0382845450434743,-0.0765481761389185,0.0356400709876091,0.0373608185918166,-0.184736799199995,0.0315017850413075,0.0259224019394144,1.0,0.8333333333333334,1.0,1.0,0.0572095963891461,0.1045511404956993,-0.1517891371388085,0.2173288248723955,0.9179851489946405,62.3473713775755,37.91268474862653,IMPROVING
2025-10-10,AI_SOFTWARE,IGV,112.08999633789062,-0.0238614077285772,0.0037610654234085,0.0092742553749243,0.2854357828065288,0.2076060838873383,0.0104387152805945,-0.0312624120597309,0.0624144385630593,0.0069260131718993,0.0853966382647468,0.5,0.6666666666666666,0.6666666666666666,0.6666666666666666,0.0036264540302597,0.0048806190320128,0.2888174182715127,0.172724019223955,0.8543653833350034,37.352810443773194,7.947871687144591,LAGGARD
2025-10-10,FINANCIALS,XLF,52.15999984741211,-0.0290394887908119,-0.0304832604629241,-0.0072326049009057,0.1176344952616668,0.1214792889653377,-0.0238056106057381,-0.0477692723355609,-0.1053868489818026,-0.0208923865329135,0.0230008501570133,0.1666666666666666,1.0,0.0,0.6666666666666666,-0.0285232989669471,-0.0134114916435526,0.0964996453662242,0.1361948422744241,0.9501842861052078,37.175510647833484,-22.98699280921955,LAGGARD
2025-10-10,POWER_INDUSTRIALS,XLI,149.89999389648438,-0.0292080154048446,-0.0110833085781512,-0.0102998332776382,0.1928065256670514,0.0829359621398595,-0.0044056587209652,-0.0508365007122935,-0.0302148185764179,-0.0131276076645785,0.0575216593026839,0.3333333333333333,1.0,0.3333333333333333,0.5,0.0045744663695928,-0.0366731438270976,0.1747258043023375,0.1249409060402408,0.8959174438174655,25.17703915679721,-40.63802140848925,LAGGARD
2025-10-10,COMMUNICATION_SERVICES,XLC,112.8000030517578,-0.0308445429737661,-0.0387728630722281,0.0622469202220692,0.235893581686978,0.2473736887215478,-0.0320952132150421,0.021710252787414,0.0128722374435086,-0.0110641337155366,0.0867785208886144,0.3333333333333333,0.6666666666666666,0.1666666666666666,0.8333333333333334,-0.0280135667127788,0.0023351335745653,0.0333589296903532,0.1465250978883929,0.9423425804425636,21.654660421836127,21.654660421836127,LAGGARD
2025-10-10,SEMI,SOXX,271.989990234375,-0.0284683578509894,0.0639570915496905,0.1023790983838472,0.5789504174376447,0.1551430496852883,0.0706347414068765,0.061842430949192,0.3559290731941753,0.0563005372247247,0.2169234245700686,1.0,1.0,1.0,1.0,0.1220862666734138,0.1728765447022104,0.5857447640991412,0.1782015782184143,1.4596823866671471,3.698422617703379,-3.3159327376717727,LAGGARD
2025-10-10,CONSUMER_STAPLES,XLP,78.0999984741211,0.0008970869655171,-0.0276394575340889,-0.0344912960388077,-0.0280024896419216,-0.043361109039599,-0.0209618076769029,-0.0750279634734629,-0.251023833885391,-0.0266821343170693,-0.029949251028799,0.3333333333333333,0.3333333333333333,0.3333333333333333,0.3333333333333333,-0.008095981303751,-0.0426088583579103,-0.238149016593414,0.09857639877285,0.8161158952909697,3.1159292996338124,3.1159292996338124,LAGGARD
2025-10-10,MATERIALS,XLB,43.42499923706055,-0.0334965737345401,-0.0526832658701683,-0.03735316671453,0.0788819686226223,-0.0942746998964235,-0.0460056160129823,-0.0778898341491852,-0.1441393756208471,-0.0380568510144083,-0.0085305361840729,0.1666666666666666,0.3333333333333333,0.1666666666666666,0.1666666666666666,-0.0467575316223811,-0.0133008180093275,-0.0855972603058194,0.1862606555161569,0.9224965331764508,0.32529874340416853,-84.2808309720572,LAGGARD
2025-10-10,CONSUMER_DISCRETIONARY,XLY,114.375,-0.0382998427098931,-0.0414030284568129,0.0296169684713731,0.2057242174160272,0.1636483765861032,-0.0347253785996269,-0.010919698963282,-0.0172971268274422,-0.0220639540333736,0.0522635768590595,0.1666666666666666,0.5,0.1666666666666666,0.5,-0.0422905092359149,-0.0095307669819324,-0.0173020598990198,0.1669671870337145,1.0442725433903557,0.0,0.0,LAGGARD
2025-10-10,DEFENSIVE,XLU,45.09999847412109,0.0145089779889702,0.0549707245408443,0.077014888934235,0.1818657928317479,0.1381703084951695,0.0616483743980303,0.0364782214995798,-0.0411555514117214,0.0464036768937607,0.1072681049453876,0.5,0.5,0.6666666666666666,0.5,0.0193186721512094,-0.0054751060131411,-0.175606449414699,0.1050152500127111,0.9534544866657284,0.0,-8.576097658920318,LAGGARD
2025-10-10,ENERGY,XLE,42.61000061035156,-0.0415026688721059,-0.0381489538558538,-0.0086086304286989,0.0802383303337339,-0.0817799432986605,-0.0314713039986678,-0.0491452978633542,-0.1427830139097354,-0.0311725325280982,-0.0202260717075547,0.0,0.1666666666666666,0.0,0.1666666666666666,-0.0450939320155081,-0.0609571947774676,-0.1642642596973529,0.1927126124595938,0.9805839854881662,0.0,-19.426247974716,LAGGARD
2025-10-10,NUCLEAR,URA,51.869998931884766,0.0457661396692996,0.2335315070866734,0.2672855740322477,1.2900662165772934,0.7289999643961589,0.2402091569438594,0.2267489065975925,1.067044872333824,0.1757638917141661,0.5536103126754799,1.0,1.0,1.0,1.0,0.24578190878289,0.2182844283800278,1.3834999908349168,0.4404022407310992,1.7861410333442769,0.0,-85.09809018600231,LAGGARD
2025-10-17,AI_SOFTWARE,IGV,112.68000030517578,0.0052636630079514,-0.0384845297574374,-8.875797332308366e-05,0.3013050591372819,0.22066951885306,-0.0395241597539952,-0.0429235407519623,0.0391898855214081,0.0094603357774292,0.0870388385256979,0.8333333333333334,0.8333333333333334,0.0,0.3333333333333333,-0.0383872220880903,-0.0060401342050084,0.2656624117795176,0.1703028853563429,0.7453835075926445,99.99331362745153,64.41917390028527,LEADER
2025-10-17,HEALTHCARE,XLV,143.27000427246094,0.0081627166077493,0.0435575153235303,0.0497509434164773,0.0574212005599881,-0.0643897361454225,0.0425178853269725,0.006916160637838,-0.2046939730558856,0.0301191717341324,0.0336195456227392,1.0,0.8333333333333334,1.0,0.8333333333333334,0.0554789129162618,0.0674794236202366,-0.1888420684363104,0.2076308677847004,0.8718914613541757,54.94688438789584,0.6310995542435265,HOLD
2025-10-17,COMMUNICATION_SERVICES,XLC,114.94000244140624,0.0189716252814859,-0.0374340598242651,0.0680170926222791,0.2741381621540248,0.2598925595969592,-0.038473689820823,0.0251823098436398,0.012022988538151,0.0012805802351461,0.1023172952583379,0.3333333333333333,0.8333333333333334,0.0,0.6666666666666666,-0.0358311475350606,-0.0005237074761452,0.0365758521430445,0.1484232040699904,0.8637384558296476,32.10368843972463,32.10368843972463,LAGGARD
2025-10-17,SEMI,SOXX,288.1700134277344,0.0594875685660967,0.0839164571782775,0.1930529992453993,0.7302312107324394,0.2564091936731909,0.0828768271817197,0.15021821646676,0.4681160371165656,0.0997890092692619,0.2793028977170744,1.0,1.0,1.0,1.0,0.1237999194342529,0.2791090726702073,0.7568753328649954,0.1934371675486788,1.4052438720880058,22.54050541921019,16.944992320909833,LAGGARD
2025-10-17,FINANCIALS,XLF,52.18000030517578,0.0003834443600878,-0.0381566764022897,-0.0235778135088399,0.1185423065040871,0.0957581158246896,-0.0391963063988475,-0.0664125962874792,-0.1435728671117866,-0.0211233225012656,0.0209602179441883,0.3333333333333333,0.8333333333333334,0.0,0.5,-0.0481240552849351,-0.0220854430083616,0.0458416147131428,0.1303171514280326,1.0739173241413815,18.539249328763084,-29.40113796619766,LAGGARD
2025-10-17,POWER_INDUSTRIALS,XLI,151.72999572753906,0.0122081514714298,-0.0090778437432983,-0.0210336773345606,0.2109336953875713,0.0894664398135725,-0.0101174737398561,-0.0638684601131999,-0.0511814782283024,-0.0016712442331643,0.0665944675569378,0.5,1.0,0.3333333333333333,0.3333333333333333,0.005183305461289,-0.0663149067010029,0.177676595573608,0.116715487062553,0.918036680229756,17.66734941903158,-47.58677824052967,LAGGARD
2025-10-17,CONSUMER_STAPLES,XLP,79.7300033569336,0.020870741544926,0.0044092481182411,-0.0217177502216736,-0.0261389925229699,-0.0305203620140377,0.0033696181216833,-0.0645525330003129,-0.2882541661388437,-0.0029512073569857,-0.0107449120287391,0.5,0.3333333333333333,0.6666666666666666,0.5,0.0200282441502122,-0.0258621973259384,-0.2667891626733237,0.1086045988138725,0.7521745349570554,8.513671410128438,8.513671410128438,LAGGARD
2025-10-17,CONSUMER_DISCRETIONARY,XLY,117.20999908447266,0.0247868772412909,-0.0288744406906942,0.0424689965719125,0.2644013262472415,0.174978720982889,-0.029914070687252,-0.0003657862067267,0.0022861526313677,-0.0023619676703032,0.0766619850263137,0.3333333333333333,0.6666666666666666,0.3333333333333333,0.6666666666666666,-0.028616646558631,0.0092626685813552,0.0079443137613999,0.1723394873273972,1.0138100218202477,0.0,0.0,LAGGARD
2025-10-17,DEFENSIVE,XLU,45.78499984741211,0.0151885010303065,0.0779282281859929,0.0834122495476479,0.1774463629604405,0.1173886895036471,0.0768885981894351,0.0405774667690086,-0.0846688106554331,0.0556958203260216,0.1185966585084932,0.6666666666666666,0.5,0.8333333333333334,0.5,0.0361392841175466,-0.0086060284219221,-0.2186834795744706,0.1065270061645292,0.9475303471763746,0.0,-9.886109635455881,LAGGARD
2025-10-17,ENERGY,XLE,42.9900016784668,0.0089181192835494,-0.0286940056761938,-0.0128587271734599,0.0549693663427435,-0.0482620451372362,-0.0297336356727516,-0.0556935099520992,-0.2071458072731302,-0.0236978262493345,-0.0108031213799156,0.1666666666666666,0.3333333333333333,0.0,0.1666666666666666,-0.0369606514737405,-0.0781000000035916,-0.2253968751851326,0.1914658498949234,1.0137251151803337,0.0,-57.07904140331481,LAGGARD
2025-10-17,MATERIALS,XLB,43.93999862670898,0.0118595140747617,-0.0324783058259073,-0.0486089137128471,0.0882971796088911,-0.0998668470172332,-0.0335179358224652,-0.0914436964914864,-0.1738179940069826,-0.0261417119443646,0.0019181855788144,0.1666666666666666,0.5,0.1666666666666666,0.1666666666666666,-0.0406667730636862,-0.0392720033133699,-0.1053818760323634,0.1797043033611376,0.8836769989462766,0.0,-77.58152415426923,LAGGARD
2025-10-17,NUCLEAR,URA,53.310001373291016,0.0277617596117025,0.078494862313585,0.274444155862158,1.3310012862718357,0.5932457511043354,0.0774552323170272,0.2316093730835187,1.068886112655962,0.1728857303186077,0.5660872496162084,1.0,1.0,1.0,1.0,0.1205057507283714,0.2376525419708146,1.3704999477826874,0.4405926640302539,1.979282302111984,0.0,-71.46861321730827,LAGGARD
2025-10-24,AI_SOFTWARE,IGV,116.0,0.0294639659729547,0.0089588481200379,0.067845005366141,0.2241451813522981,0.258134531882016,-0.0143556369439081,-0.0214717801861616,-0.0057872281773618,0.0328279031249691,0.114851307637918,1.0,1.0,0.6666666666666666,0.8333333333333334,-0.0089171758953582,0.0054760046785943,0.1800510088436685,0.158520579358733,0.68843531590787,99.27267971139418,93.5779542742377,LEADER
2025-10-24,HEALTHCARE,XLV,146.02999877929688,0.0192642871817549,0.077712168112892,0.1136276469279484,0.0578051108376085,-0.0172285996479356,0.0543976830489458,0.0243108613756457,-0.1721272986920514,0.0426022565638215,0.0524210591035028,1.0,0.8333333333333334,1.0,1.0,0.0562070743945639,0.0990432004859816,-0.1680337489473749,0.1838685503767068,0.85235771417587,74.64473446121151,59.88775236342241,IMPROVING
2025-10-24,SEMI,SOXX,295.8599853515625,0.0266855382777588,0.1005468144530477,0.2470914622369098,0.6008873397542278,0.2887010322845214,0.0772323293891015,0.1577746766846071,0.3709549302245678,0.1090161069148112,0.3038735281653717,1.0,1.0,1.0,1.0,0.1322347421486029,0.3255218420997083,0.6556986955555697,0.1792671643447944,1.2803280445833929,49.472631930041715,49.472631930041715,EARLY TURN
2025-10-24,FINANCIALS,XLF,53.11000061035156,0.0178229264035387,-0.0139249905588723,0.0332684636908366,0.1059975032083733,0.1389663176882756,-0.0372394756228184,-0.056048321861466,-0.1239349063212866,-0.0048902901978162,0.0376948524621389,0.5,1.0,0.3333333333333333,1.0,-0.0403999696441704,0.0017622148505345,0.0450674961731084,0.1064506822507379,1.1387684148107076,23.779289914007677,-45.59278343198652,LAGGARD
2025-10-24,ENERGY,XLE,44.03499984741211,0.0243079350580426,-0.0426133086202539,0.0289753880481906,0.0689404096037584,-0.0189372508835166,-0.0659277936842001,-0.060341397504112,-0.1609919999259015,-0.0028080384022245,0.0149616645823196,0.3333333333333333,0.6666666666666666,0.1666666666666666,0.8333333333333334,-0.0646990283419838,-0.0592334273425705,-0.1659667665539861,0.1940236381977788,0.9547356566548842,10.492213096585154,-52.27823328598384,LAGGARD
2025-10-24,COMMUNICATION_SERVICES,XLC,115.5500030517578,0.005307121954017,-0.0221714069373323,0.0888616666143038,0.2245655182740815,0.2718767748209989,-0.0454858920012785,-0.0004551189379988,-0.0053668912555784,0.003038214292538,0.1033633510770515,0.3333333333333333,0.6666666666666666,0.1666666666666666,0.3333333333333333,-0.0515867467844298,-0.0445780115965762,-0.0057715438862462,0.1416425063350401,0.8307811068508025,9.928147942290181,9.928147942290181,LAGGARD
2025-10-24,CONSUMER_DISCRETIONARY,XLY,118.83000183105467,0.0138213698424696,-0.0085520128252502,0.0998195552305469,0.2027327749049143,0.1835068300957638,-0.0318664978891963,0.0105027696782442,-0.0271996346247456,0.0077299197276818,0.090486141540041,0.3333333333333333,1.0,0.3333333333333333,0.8333333333333334,-0.0336031734546347,0.0019528945619509,-0.0370319324630809,0.1429301933785211,0.9704202830736816,9.300423500358129,9.300423500358129,LAGGARD
2025-10-24,POWER_INDUSTRIALS,XLI,154.91000366210938,0.0209583340414813,0.0152706894946468,0.0345264991270575,0.2007597105501857,0.1440916591217924,-0.0080437955692993,-0.0547902864252451,-0.0291726989794742,0.016263131914866,0.0856744638509701,0.8333333333333334,1.0,0.8333333333333334,0.6666666666666666,0.0010351464797347,-0.0694735486869136,0.1180673777910639,0.0997255018352272,0.9964974825105952,7.210835281112551,-44.98948405923092,LAGGARD
2025-10-24,CONSUMER_STAPLES,XLP,79.08999633789062,-0.0080271791307696,0.014494577561418,-0.0133483941533866,-0.0216477001394884,-0.0243030012341058,-0.0088199075025281,-0.1026651797056893,-0.2515801096691484,-0.00731745055401,-0.0192486433480361,0.5,0.5,0.8333333333333334,0.6666666666666666,0.0103373242300199,-0.0633356481311974,-0.2130224213297611,0.1045512193029989,0.7950414056773888,3.3472538741683238,3.3472538741683238,LAGGARD
2025-10-24,DEFENSIVE,XLU,45.69499969482422,-0.0019657126326927,0.052758921320823,0.0651514701522624,0.1685206554080174,0.1369744029913151,0.0294444362568768,-0.0241653154000403,-0.0614117541216425,0.046658113116583,0.1121353444817381,0.6666666666666666,0.6666666666666666,0.8333333333333334,0.8333333333333334,0.0210029343625932,-0.0346735141950924,-0.1711267347491804,0.1061436927729557,0.9868220440790982,0.0,0.0,LAGGARD
2025-10-24,MATERIALS,XLB,44.505001068115234,0.0128584992959652,0.0019136177999519,0.0264068367538334,0.077342037971704,-0.0526819603711575,-0.0214008672639942,-0.0629099487984692,-0.1525903715579559,-0.012503160539993,0.0146047024612441,0.1666666666666666,0.5,0.3333333333333333,0.5,-0.0217227535912219,-0.0493116738254793,-0.1154775013751795,0.1262008924598271,0.9041660001254164,0.0,0.0,LAGGARD
2025-10-24,NUCLEAR,URA,51.5,-0.03395237904079,0.0638297905872247,0.3474620187113788,1.1063394025763014,0.6318124483992986,0.0405153055232785,0.2581452331590761,0.8764069930466414,0.1027601251742837,0.4872787173210129,1.0,1.0,0.8333333333333334,1.0,0.0800447489960886,0.2787514953065836,1.2629383113232917,0.390350567556346,1.9078194778181747,0.0,-74.28212909304246,LAGGARD
2025-10-31,HEALTHCARE,XLV,144.25,-0.0121892679187588,-0.0039359708285515,0.1082513517321936,0.0412907043319628,-0.0236226165114468,-0.0231376790576949,0.0378159874729631,-0.1621463515757912,0.0254423504221372,0.0396040548500324,0.6666666666666666,0.8333333333333334,0.3333333333333333,1.0,-0.0410233342670968,0.1137205600131613,-0.1559294561093202,0.1861815626079711,0.7270097389514757,100.0,75.47285069699308,LEADER
2025-10-31,AI_SOFTWARE,IGV,115.51000213623048,-0.0042241195152545,0.0059218000028968,0.0536349998187122,0.1612546568682344,0.2520051968530112,-0.0132799082262464,-0.0168003644405183,-0.0421823990395195,0.0211460784761714,0.1070406179995828,0.8333333333333334,1.0,0.8333333333333334,0.8333333333333334,0.0026579221062433,-0.0132633863757515,0.1084148535587341,0.1595797193576152,0.7123549115837033,68.26505033343639,22.525336841995355,IMPROVING
2025-10-31,SEMI,SOXX,306.54998779296875,0.0361319643435511,0.094977843797217,0.2621978587558951,0.6131662882816706,0.3897451502777649,0.0757761355680737,0.1917624944966645,0.4097292323739165,0.1248591620624939,0.3397797889097218,1.0,1.0,1.0,1.0,0.0800127147369254,0.3125348261628389,0.7010801430927661,0.1826889014440982,1.129073646269691,67.89032393759604,67.89032393759604,IMPROVING
2025-10-31,ENERGY,XLE,44.06499862670898,0.0006812485386811,-0.0087729881516562,0.0376780517690304,0.0750182196225077,0.0011359590538198,-0.0279746963807996,-0.0327573124902,-0.1284188362852463,-0.0021174016765093,0.0165844972909192,0.5,0.6666666666666666,0.5,0.8333333333333334,-0.0231146595200987,-0.0370416598743394,-0.1360725486884628,0.1926732239574648,0.870096623160912,29.115510295661245,29.115510295661245,LAGGARD
2025-10-31,FINANCIALS,XLF,52.369998931884766,-0.0139333773293642,-0.0251303473220712,0.0100289387283822,0.0524517825239174,0.1228559094601549,-0.0443320555512145,-0.0604064255308482,-0.1509852733838366,-0.0165443142514513,0.0224771031488819,0.6666666666666666,1.0,0.5,1.0,-0.0159675922167544,0.0122951590272895,0.0317996647685306,0.1108681198024887,1.2421303541066664,17.782744446740878,-42.74767264788193,LAGGARD
2025-10-31,POWER_INDUSTRIALS,XLI,155.05999755859375,0.0009682647533308,0.0042095322910991,0.0280447900032323,0.1521771098892439,0.15707785922403,-0.0149921759380442,-0.0423905742559982,-0.0512599460185101,0.0159674462099759,0.0840684228040542,0.8333333333333334,1.0,0.8333333333333334,0.8333333333333334,0.017499921196527,-0.0168133612195745,0.1028393132908627,0.0992859770317245,1.0802979421017542,8.03806147087321,-14.809702307785322,LAGGARD
2025-10-31,CONSUMER_DISCRETIONARY,XLY,119.96499633789062,0.0095514136947469,0.0087025647865048,0.0721690677655795,0.1911334031668712,0.1991103856617253,-0.0104991434426384,0.0017337035063489,-0.0123036527408828,0.0144173492198496,0.0996505002108187,0.5,0.5,0.5,0.5,-0.0135710080843607,-0.0070757638987332,-0.0089948784267857,0.1288816851545255,0.8953130339967778,6.413895114977485,6.413895114977485,LAGGARD
2025-10-31,COMMUNICATION_SERVICES,XLC,114.80999755859376,-0.0064042014160102,-0.0135750652061195,0.0667100296237142,0.1785054374512591,0.242532420591339,-0.0327767734352628,-0.0037253346355163,-0.0249316184564949,-0.0064041817348308,0.0925415075718865,0.1666666666666666,0.5,0.3333333333333333,0.5,-0.0311023682854694,-0.0557586411176407,-0.0354653693628292,0.1433700244608067,0.8733842419110759,0.0,0.0,LAGGARD
2025-10-31,CONSUMER_STAPLES,XLP,76.27999877929688,-0.0355291147895467,-0.0224272719130723,-0.0751697905588836,-0.064737603449579,-0.0482844999738706,-0.0416289801422157,-0.1456051548181142,-0.2681746593573331,-0.035089945769668,-0.0536185801671891,0.1666666666666666,0.3333333333333333,0.3333333333333333,0.1666666666666666,-0.0167370040938334,-0.1046849368719303,-0.2276927490700147,0.1033307863388944,0.9086625875346384,0.0,0.0,LAGGARD
2025-10-31,DEFENSIVE,XLU,44.54999923706055,-0.0250574562952314,0.0021369340252619,0.0338825499954187,0.1172413601770669,0.140407034510976,-0.0170647742038814,-0.0365528142638118,-0.086195695730687,0.0168678999087028,0.0811073040690393,0.6666666666666666,0.5,0.5,0.5,-0.0194894639155515,-0.0511531924193628,-0.1697777341340761,0.1236815996635386,0.9761845594813956,0.0,0.0,LAGGARD
2025-10-31,MATERIALS,XLB,42.834999084472656,-0.0375239173927134,-0.0466281149893913,-0.0303339032423503,0.0087130326281705,-0.0801030742454882,-0.0658298232185347,-0.1007692675015808,-0.1947240232795835,-0.0426435549592347,-0.0225396812975166,0.0,0.3333333333333333,0.1666666666666666,0.1666666666666666,-0.0655690162500449,-0.0963468849596468,-0.129860201116613,0.1445552113884054,1.041442018703342,0.0,0.0,LAGGARD
2025-10-31,NUCLEAR,URA,55.119998931884766,0.0702912413958207,0.1112903352334526,0.3797246027343788,1.1331268810524548,0.803664918034874,0.0920886270043093,0.3092892384751482,0.9296898251447008,0.1419337364419948,0.5640539744093662,1.0,1.0,1.0,1.0,0.0916902410798766,0.2686874922528806,1.2168822432334492,0.3994374739805278,1.977727420124311,0.0,-54.96945317288075,LAGGARD
2025-11-07,SEMI,SOXX,294.3800048828125,-0.0396998316580438,0.0823192597240212,0.1854864537695328,0.5178921376560852,0.272389367678975,0.0548316626596008,0.1427008511379561,0.3289458663065165,0.0611003552352245,0.2759603677435478,1.0,1.0,1.0,1.0,0.105601237868466,0.3568253390632214,0.6532473116191296,0.2204688321333495,0.8460766507247035,100.0,96.30157738229661,LEADER
2025-11-07,HEALTHCARE,XLV,146.13999938964844,0.0131022488017222,0.0283583052704829,0.0729020790421142,0.1014471469467008,-0.0269010086773318,0.0008707082060626,0.0301164764105374,-0.0874991244028677,0.0324850544622945,0.0533637508261892,0.6666666666666666,0.8333333333333334,0.5,1.0,-0.0300934301948582,0.0569958797831258,-0.064901015810019,0.1662266302333138,0.7924382777949045,79.35128422881479,17.003912851239292,LEADER
2025-11-07,AI_SOFTWARE,IGV,109.4800033569336,-0.052203260910559,-0.0232847985210857,0.0033910983824789,0.0982044405233264,0.0813908106186644,-0.0507723955855061,-0.0393945042490977,-0.0907418308262422,-0.0333403717645712,0.0475953822101631,0.3333333333333333,1.0,0.5,0.6666666666666666,-0.0538969608242525,-0.0342297271517188,0.0482182040041642,0.1985241658042084,0.7521429436977756,58.930918631950384,21.57810818817719,IMPROVING
2025-11-07,POWER_INDUSTRIALS,XLI,153.3300018310547,-0.0111569441169721,0.0228819751449687,0.0192103120363484,0.1265153268935734,0.0791048334355311,-0.0046056219194516,-0.0235752905952282,-0.0624309444559951,0.0037642175794756,0.0691741827541474,0.8333333333333334,1.0,0.8333333333333334,0.8333333333333334,0.0080987479393084,0.006630574769459,0.0817744972560418,0.1028575155915048,1.0542331185575489,31.19865043720632,6.021611280409111,LAGGARD
2025-11-07,ENERGY,XLE,44.77000045776367,0.0159991343021934,0.0506923214379717,0.0465171046108081,0.0862550113311733,-0.0449066569010416,0.0232047243735513,0.0037315019792314,-0.1026912600183953,0.0148245641773658,0.0322833650089573,0.6666666666666666,0.8333333333333334,0.8333333333333334,0.6666666666666666,0.0294175167220519,-0.0095490503520476,-0.1174963659436267,0.194336684411762,0.9157851105685918,24.632739990856216,24.632739990856216,LAGGARD
2025-11-07,DEFENSIVE,XLU,44.845001220703125,0.0066218179280499,-0.0056540412870366,0.0475356174289154,0.117771745129914,0.1327355657454254,-0.033141638351457,0.0047500147973387,-0.0711745262196545,0.0173663813561513,0.0843814479592044,0.6666666666666666,0.6666666666666666,0.3333333333333333,0.6666666666666666,-0.024587652495622,-0.0306000165275237,-0.1373197109204247,0.121964700259291,0.9488831307585128,15.677658859232153,15.677658859232153,LAGGARD
2025-11-07,COMMUNICATION_SERVICES,XLC,112.11000061035156,-0.0235170891530089,-0.006117042754774,0.0056512130825907,0.1536324373151973,0.1656269521171807,-0.0336046398191944,-0.0371343895489859,-0.0353138340343712,-0.0303748443010514,0.0643842874775353,0.1666666666666666,0.5,0.3333333333333333,0.3333333333333333,-0.0478980070481995,-0.0713957025532923,-0.0405100972697949,0.1373384781015759,0.9309845901183954,0.0,-21.654660421836127,LAGGARD
2025-11-07,CONSUMER_DISCRETIONARY,XLY,117.93000030517578,-0.0169632484044188,0.0310819698813182,0.0297764911113087,0.1652586153996693,0.0964113330416629,0.0035943728168978,-0.0130091115202679,-0.0236876559498993,-0.0045245054224691,0.0805400013917334,0.3333333333333333,0.5,0.6666666666666666,0.5,-0.0053722945647542,-0.0294595819484406,-0.039339003979353,0.1303787875319672,0.8719218938076768,0.0,0.0,LAGGARD
2025-11-07,CONSUMER_STAPLES,XLP,76.70999908447266,0.0056371304674494,-0.0177976877952055,-0.0647402801258543,-0.0519095833338048,-0.050853756816022,-0.0452852848596259,-0.107525882757431,-0.2408558546833734,-0.0246290423085712,-0.0476131477830864,0.1666666666666666,0.5,0.3333333333333333,0.3333333333333333,-0.0327385397860041,-0.0724344220334465,-0.1968284729365011,0.10634394034824,0.9934656747981327,0.0,-3.1159292996338124,LAGGARD
2025-11-07,FINANCIALS,XLF,52.77999877929688,0.0078289069271393,0.0118864826245876,0.0060998799162947,0.0585639417007766,0.0729823186178868,-0.0156011144398326,-0.0366857227152819,-0.130382329648792,-0.0065876368325197,0.0298234986015151,0.6666666666666666,1.0,1.0,0.8333333333333334,0.01604615701026,0.0256152463341984,0.0397428819162194,0.109343912083898,1.2615334331376586,0.0,-37.175510647833484,LAGGARD
2025-11-07,MATERIALS,XLB,42.90999984741211,0.0017509224826068,-0.0118595140747617,-0.0467621808458891,0.0149006879447624,-0.0915634742680966,-0.0393471111391821,-0.0895477834774658,-0.1740455834048062,-0.033993693331521,-0.0199980025507358,0.1666666666666666,0.1666666666666666,0.3333333333333333,0.1666666666666666,-0.0440801827199585,-0.0762071515729822,-0.1114542969363887,0.1367328778027669,1.1862241696359876,0.0,-0.32529874340416853,LAGGARD
2025-11-07,NUCLEAR,URA,47.81999969482422,-0.1324383051255427,-0.0780798018210675,0.2258395732467377,0.7606774655184934,0.5425806353169103,-0.1055673988854879,0.183053970615161,0.5717311941689247,-0.0237628602741111,0.3383898424571103,0.5,1.0,0.3333333333333333,1.0,-0.0792460866788295,0.1997136289511723,0.6939674481731858,0.5143076304247716,1.9300752825210576,0.0,0.0,LAGGARD
2025-11-14,SEMI,SOXX,288.5199890136719,-0.0199062972074933,0.0012144760718666,0.1582961710846646,0.3537276892210077,0.3660337097784336,-0.0101342466077383,0.1170446869640107,0.2229131842195044,0.0246611779078138,0.2409261812901919,1.0,1.0,1.0,1.0,0.0415326114550957,0.3539761235366831,0.5021732774770026,0.2311378511089528,0.7938490436668757,100.0,77.45949458078981,LEADER
2025-11-14,HEALTHCARE,XLV,151.8300018310547,0.0389352844202166,0.0597473113933531,0.0988637464220474,0.1408070178737301,0.0704315126275518,0.0483985887137481,0.0576122623013934,0.0099925128722269,0.0622310923337201,0.0933128988412872,0.8333333333333334,0.8333333333333334,0.8333333333333334,1.0,0.0488966051955042,0.0997718480383041,0.0985495994371362,0.1793370396675112,0.9490996506574134,58.080496062433426,3.1336116745375833,HOLD
2025-11-14,NUCLEAR,URA,44.75,-0.0641990739108369,-0.1605702711082592,0.1346349279458405,0.6149405080664812,0.4768977269565526,-0.1719189937878642,0.0933834438251866,0.4841260030649779,-0.0938727515823412,0.2389000831818024,0.0,1.0,0.0,1.0,-0.1552723429391811,0.110640445333671,0.5599224843936291,0.5431388633050879,1.4195607632944027,36.53441411571126,36.53441411571126,EARLY TURN
2025-11-14,ENERGY,XLE,46.0099983215332,0.0276970706073447,0.0702488142627613,0.0440208450225341,0.0765090433937416,-0.0286076915215144,0.0589000915831563,0.0027693609018801,-0.0543054616077616,0.0374528973180241,0.0598177021851447,1.0,0.8333333333333334,1.0,0.6666666666666666,0.0612907145809984,-0.018615375648742,-0.067847798868985,0.1928427907015895,0.9906489141501168,27.12058264089712,27.12058264089712,LAGGARD
2025-11-14,CONSUMER_DISCRETIONARY,XLY,115.44499969482422,-0.0210718273884588,-0.0150584370227356,-0.0094809380351785,0.0607341449529594,0.0817559817683781,-0.0264071597023406,-0.0507324221558325,-0.0700803600485437,-0.0237622138860928,0.0571281414578981,0.3333333333333333,0.6666666666666666,0.1666666666666666,0.3333333333333333,-0.0312369720923493,-0.0613461261763918,-0.0825301693259165,0.1340622953591875,0.884752067275125,18.255440540318716,18.255440540318716,LAGGARD
2025-11-14,DEFENSIVE,XLU,44.380001068115234,-0.010369052066682,-0.0306868796326159,0.0316132170125564,0.0800681650842032,0.1200000269555894,-0.0420356023122209,-0.0096382671080974,-0.0507463399173,0.0008118619329746,0.0697037099492703,0.6666666666666666,0.6666666666666666,0.5,0.6666666666666666,-0.0068133158759078,-0.0236725100182717,-0.072528250753099,0.1255264450847616,0.9184306226853012,18.023562296102085,18.023562296102085,LAGGARD
2025-11-14,AI_SOFTWARE,IGV,107.44000244140624,-0.0186335481638267,-0.0465033532976378,-0.0001860845266775,0.0216812352595836,0.0623949902043037,-0.0578520759772428,-0.0414375686473315,-0.1091332697419196,-0.0507659811349325,0.0273818889731207,0.0,0.8333333333333334,0.3333333333333333,0.5,-0.0580119047982072,-0.0283322826795531,0.0062522237610461,0.1999704461890065,0.917255048977462,13.847100887919495,-86.14621273953203,LAGGARD
2025-11-14,COMMUNICATION_SERVICES,XLC,111.33000183105467,-0.0069574415756881,-0.0314076956122552,0.0001797167630912,0.093829860152252,0.1700472942270541,-0.0427564182918601,-0.0410717673575626,-0.0369846448492512,-0.0343146519494605,0.0548282485269067,0.1666666666666666,0.3333333333333333,0.1666666666666666,0.3333333333333333,-0.0554390345438921,-0.0712797239748073,-0.0532313390962936,0.1382054009967085,0.9677648838725348,0.0,-32.10368843972463,LAGGARD
2025-11-14,CONSUMER_STAPLES,XLP,77.26000213623047,0.0071699003822454,-0.0309795700076102,-0.0631744756560612,-0.0586084754048938,-0.0337668456622893,-0.0423282926872151,-0.1044259597767152,-0.1894229804063971,-0.0131057554487931,-0.0401619776299748,0.3333333333333333,0.5,0.1666666666666666,0.3333333333333333,-0.0330152961454858,-0.0615663911895462,-0.1504622667366695,0.1072173365861424,1.0487435377049108,0.0,-8.513671410128438,LAGGARD
2025-11-14,FINANCIALS,XLF,52.45000076293945,-0.0062523308827142,0.0051744050629469,-0.0209072043730658,0.016669909048419,0.0517345475498927,-0.0061743176166579,-0.0621586884937197,-0.1141445959530842,-0.0116454222360506,0.0230703030335928,0.5,1.0,1.0,0.6666666666666666,0.0168072238398615,-0.0112748768299497,0.0149053971065081,0.0994347787448492,1.1080104203042884,0.0,-18.539249328763084,LAGGARD
2025-11-14,MATERIALS,XLB,43.3849983215332,0.0110696452064831,-0.0126308676040427,-0.0586895600368707,-0.0032166157251588,-0.0494084377360155,-0.0239795902836477,-0.0999410441575247,-0.1340311207266621,-0.0175609709745939,-0.0087195782650288,0.1666666666666666,0.1666666666666666,0.3333333333333333,0.1666666666666666,-0.0284332520543072,-0.0835709024437348,-0.0351409491689218,0.1266975121691597,1.251683137609027,0.0,0.0,LAGGARD
2025-11-14,POWER_INDUSTRIALS,XLI,152.00999450683594,-0.0086089304666753,0.0018453752532865,-0.007378900922791,0.0572401988970117,0.0927323257845234,-0.0095033474263184,-0.0486303850434449,-0.0735743061044915,-0.0055801891978857,0.0572640925592877,0.1666666666666666,1.0,0.3333333333333333,0.5,-0.0260021207979285,-0.0290279117103713,0.025182580845815,0.0977316252408202,1.0662312239764669,0.0,-17.66734941903158,LAGGARD
2025-11-21,SEMI,SOXX,270.8299865722656,-0.0613129180473107,-0.0846008247771471,0.1039865420121746,0.3370358897932139,0.2528564965828486,-0.0576979518304878,0.0823137387124817,0.1990309408769988,-0.0433246996129459,0.1588900136033546,0.3333333333333333,1.0,0.0,1.0,-0.0279128052942005,0.2807769457449365,0.4413273354916514,0.2735991558575193,0.9754932425108184,100.0,50.527368069958285,LEADER
2025-11-21,NUCLEAR,URA,41.59000015258789,-0.0706145217298795,-0.1924271815031477,0.0226211464239767,0.3066289743096377,0.2557367600802975,-0.1655243085564884,0.0009483431242838,0.1686240253934225,-0.1570733614609143,0.1407099701224943,0.0,1.0,0.0,0.8333333333333334,-0.1550449408971148,0.0418151382494389,0.2932591215382505,0.5679299092631184,1.2305268595558096,70.39127643008422,70.39127643008422,IMPROVING
2025-11-21,HEALTHCARE,XLV,154.61000061035156,0.0183099436591607,0.0587550633621665,0.1250091599371661,0.1862053472024343,0.0724888782101831,0.0856579363088257,0.1033363566374732,0.0482003982862191,0.0693363762332222,0.111368696330093,0.8333333333333334,0.8333333333333334,0.8333333333333334,1.0,0.1018803605946356,0.1516871931326685,0.1346902414390154,0.1776623649486591,1.267167984140887,11.007422924429264,-63.63731153678225,LAGGARD
2025-11-21,AI_SOFTWARE,IGV,100.91999816894533,-0.0606850718941178,-0.1300000157849542,-0.0664199852592473,-0.009908781842505,-0.0482836920254337,-0.1030971428382949,-0.0880927885589402,-0.1479137307587202,-0.0998207363486146,-0.03361567784191,0.0,0.3333333333333333,0.0,0.0,-0.1119872563519251,-0.083310734020989,-0.0535560334041202,0.2359923112011462,1.1772833150672513,0.0,-99.27267971139418,LAGGARD
2025-11-21,COMMUNICATION_SERVICES,XLC,111.9000015258789,0.0051199109444837,-0.0315880694892234,0.0045785271480831,0.1168779199433693,0.1550372078683253,-0.0046851965425641,-0.0170942761516097,-0.0211270289728457,-0.0247601082029405,0.0585764665885299,0.1666666666666666,0.3333333333333333,0.1666666666666666,0.3333333333333333,-0.0106515794086933,-0.056340970972349,-0.0486491238851633,0.1385891438701043,1.0779360876911843,0.0,-9.928147942290181,LAGGARD
2025-11-21,CONSUMER_DISCRETIONARY,XLY,112.75,-0.0233444471562075,-0.0511655452105341,-0.0269267512956373,0.0704961145681926,0.0339293612535349,-0.0242626722638749,-0.0485995545953302,-0.0675088343480225,-0.0412292678777256,0.0326273647983155,0.1666666666666666,0.6666666666666666,0.1666666666666666,0.1666666666666666,-0.0325888202442703,-0.0632553438442712,-0.0884586179206635,0.1419938097183758,1.1623304016402074,0.0,-9.300423500358129,LAGGARD
2025-11-21,CONSUMER_STAPLES,XLP,77.9000015258789,0.0082837091891343,-0.0150460850564183,-0.0356523557432397,-0.0453431007038023,-0.0481426562599632,0.0118567878902409,-0.0573251590429326,-0.1833480496200175,-0.001845086826399,-0.0313956936135244,0.5,0.5,0.1666666666666666,0.3333333333333333,0.0174269349678801,-0.0206404826236367,-0.1385006158612148,0.1046723443464,1.163187729411138,0.0,-3.3472538741683238,LAGGARD
2025-11-21,DEFENSIVE,XLU,44.07500076293945,-0.0068724717853805,-0.0354524333669764,0.0454222230184588,0.0874661260896312,0.0822591139186201,-0.0085495604203171,0.0237494197187659,-0.0505388228265839,-0.0090272205901176,0.0594633787250482,0.5,0.6666666666666666,0.5,0.6666666666666666,0.0461265964249794,0.029007151152259,-0.0566888976655254,0.1169782332134324,0.997344210736046,0.0,0.0,LAGGARD
2025-11-21,ENERGY,XLE,44.709999084472656,-0.02825471168192,0.0153286985216196,-0.0107312891608915,0.0906208134987525,-0.0807031843840477,0.0422315714682789,-0.0324040924605844,-0.0473841354174626,0.0072088153864486,0.0300656413560747,0.6666666666666666,0.6666666666666666,0.6666666666666666,0.1666666666666666,0.02800594383191,-0.0569865438019436,-0.0547006122839016,0.1968215667101937,1.0558294112166955,0.0,-10.492213096585154,LAGGARD
2025-11-21,FINANCIALS,XLF,51.66999816894531,-0.014871355245914,-0.0271135835973909,-0.0429709842081147,0.0323676115200657,0.0185294428383815,-0.0002107106507316,-0.0646437875078076,-0.1056373373961494,-0.0224198610627421,0.0079197569972941,0.0,1.0,0.1666666666666666,0.5,0.0110193865730255,-0.0229898038029442,0.030193137480921,0.1003993880192843,1.3064964469216431,0.0,-23.779289914007677,LAGGARD
2025-11-21,MATERIALS,XLB,43.17499923706055,-0.0048403617055904,-0.0298843230903221,-0.0642609491072748,0.00758461550788,-0.0822616448615227,-0.0029814501436629,-0.0859337524069677,-0.1304203334083351,-0.0163803766491716,-0.0125306397897211,0.0,0.1666666666666666,0.5,0.1666666666666666,0.0068253585418125,-0.0857934236149562,-0.0721822415865882,0.1259762575332607,1.5035155413312804,0.0,0.0,LAGGARD
2025-11-21,POWER_INDUSTRIALS,XLI,149.6300048828125,-0.0156567969872297,-0.0340842983311371,-0.0156567969872297,0.0624867069327645,0.0489310289868869,-0.0071814253844778,-0.0373296002869226,-0.0755182419834505,-0.019899352839759,0.0385293142635327,0.1666666666666666,0.8333333333333334,0.0,0.1666666666666666,-0.02203876743901,-0.0288758295968142,-0.0075601247822545,0.1019030652228701,1.3472753039256733,0.0,-7.210835281112551,LAGGARD
2025-11-28,NUCLEAR,URA,45.27999877929688,0.088723217436184,-0.178519599841571,0.1117112518585292,0.4145579866787094,0.3996909092752925,-0.1804695999802751,0.0558586701894454,0.2550710634805457,-0.0745018061860721,0.2257631985270536,0.3333333333333333,1.0,0.0,1.0,-0.1585191976861635,0.0967758703766805,0.3349504986742324,0.5940550959411882,0.9779688647078336,100.0,100.0,LEADER
2025-11-28,SEMI,SOXX,296.739990234375,0.0956688880357634,-0.0320012981544106,0.2011333194446751,0.447935916362717,0.3776230206254347,-0.0339512982931147,0.1452807377755913,0.2884489931645533,0.0368889764778133,0.2599528173483216,0.8333333333333334,1.0,0.3333333333333333,1.0,-0.0115814224560108,0.3320454331585949,0.5523173273259783,0.3275719307356612,0.9683115487483276,100.0,32.10967606240396,LEADER
2025-11-28,DEFENSIVE,XLU,45.31499862670898,0.0281338137789026,0.0171717037654188,0.0857792731281157,0.1063232333881385,0.0928493539118149,0.0152217036267148,0.0299266914590319,-0.0531636898100251,0.0123881250891395,0.0858898712027591,0.8333333333333334,0.6666666666666666,0.8333333333333334,0.6666666666666666,0.0468323705537081,0.0061361761536543,-0.0807354811581805,0.1224194864391452,0.943092343028668,14.809925512655852,14.809925512655852,LAGGARD
2025-11-28,FINANCIALS,XLF,53.33000183105469,0.0321270315644615,0.018331161328045,0.0048992300306311,0.0465071190965575,0.0387612324221329,0.0163811611893409,-0.0509533516384526,-0.1129798041016061,0.0107461994787132,0.0389939710897619,1.0,1.0,1.0,0.8333333333333334,0.0245788512097752,0.0063852359434155,0.0499166208363171,0.1195454705400884,1.2055543192446587,13.325060974745014,-4.457683471995864,LAGGARD
2025-11-28,ENERGY,XLE,45.22499847412109,0.0115186624959535,0.0263247448896777,0.0353708369540062,0.1094075592113266,-0.0531770323036538,0.0243747447509736,-0.0204817447150775,-0.0500793639868371,0.0166005123192516,0.0420746698622611,0.6666666666666666,0.8333333333333334,0.6666666666666666,0.6666666666666666,0.0077224960851443,-0.042547080977959,-0.0586876271669353,0.1830064891390391,1.072059590049533,1.1635607945934936,-27.95194950106775,LAGGARD
2025-11-28,HEALTHCARE,XLV,157.64999389648438,0.0196623327995075,0.0928942384504982,0.1432197307769678,0.1885554479939766,0.0694660469437808,0.0909442383117942,0.087367149107884,0.0290685247958129,0.0752211018516801,0.1309404909003635,0.8333333333333334,0.8333333333333334,0.8333333333333334,1.0,0.1086978047124015,0.1335018216238021,0.1171227114370442,0.1779772298541194,1.3515761351683266,0.8933222293658147,-99.10667777063418,LAGGARD
2025-11-28,AI_SOFTWARE,IGV,104.08999633789062,0.0314110010549006,-0.0988659474256722,-0.0374514802535267,0.004245005359714,-0.0063956260469388,-0.1008159475643762,-0.0933040619226105,-0.1552419178384496,-0.0605680802771967,-0.0041283742316423,0.0,0.5,0.0,0.1666666666666666,-0.110494914092411,-0.0783961938240269,-0.0749221184876853,0.2480064809796208,1.2053563511544818,0.0,-68.26505033343639,LAGGARD
2025-11-28,COMMUNICATION_SERVICES,XLC,115.38999938964844,0.0311885416995494,0.0050518408099318,0.0061033824513152,0.1379684186710692,0.1726625772388959,0.0031018406712277,-0.0497491992177685,-0.0215185045270944,0.0091919527133548,0.0884077723957439,0.3333333333333333,0.3333333333333333,0.3333333333333333,0.3333333333333333,0.0025985826598105,-0.0879303229339494,-0.0459385642348339,0.1401683419226872,1.0116563564370376,0.0,0.0,LAGGARD
2025-11-28,CONSUMER_DISCRETIONARY,XLY,118.2300033569336,0.0486031339861072,-0.0144624935099425,0.005742019054957,0.1059869192640925,0.0636977214022462,-0.0164124936486466,-0.0501105626141267,-0.0535000039340711,0.0074817892024927,0.0805809040276142,0.6666666666666666,0.6666666666666666,0.3333333333333333,0.5,-0.0238734045165144,-0.0635316687374246,-0.0737298509075675,0.1747759441005267,1.094206423775003,0.0,-6.413895114977485,LAGGARD
2025-11-28,CONSUMER_STAPLES,XLP,79.37000274658203,0.0188703618987065,0.0405087049912724,-0.0185482867448448,-0.0417722927439974,-0.0462628985538071,0.0385587048525684,-0.0744008684139286,-0.2012592159421611,0.0170034816132844,-0.0122550005084023,0.6666666666666666,0.5,0.8333333333333334,0.5,0.031343214817411,-0.04801463390247,-0.1638652444283621,0.1140188818235735,1.1060365563023369,0.0,0.0,LAGGARD
2025-11-28,MATERIALS,XLB,44.70000076293945,0.0353214024974406,0.0435392020153642,-0.0278381642461977,0.0354413402568722,-0.0567630019277141,0.0415892018766601,-0.0836907459152815,-0.1240455829412914,0.0200239901349998,0.0219595768374394,0.8333333333333334,0.5,0.6666666666666666,0.1666666666666666,0.0394112594104632,-0.0911596002090067,-0.0520320279563451,0.1519553645476933,1.2975913487710706,0.0,0.0,LAGGARD
2025-11-28,POWER_INDUSTRIALS,XLI,153.69000244140625,0.0271335790022426,-0.0088352582146133,0.0182866885281964,0.076109750453319,0.0673657655267101,-0.0107852583533174,-0.0375658931408873,-0.0833771727448446,0.0063185623925765,0.063230735710803,0.6666666666666666,1.0,0.5,0.6666666666666666,-0.0217018955600901,-0.0028781587672909,0.0168903403413457,0.1164467021372022,1.282336654390816,0.0,-8.03806147087321,LAGGARD
2025-12-05,NUCLEAR,URA,47.91999816894531,0.058303875018113,0.0020911433450283,0.1395956965133848,0.424494620641731,0.5069182175670652,-0.0198472926223156,0.0965783550489625,0.2800375894355038,-0.0195597285474008,0.2772450321424209,0.3333333333333333,1.0,0.5,1.0,-0.043269816242284,0.0908447607872825,0.3172006451210332,0.6006831134974937,0.7653525187956367,100.0,100.0,LEADER
2025-12-05,SEMI,SOXX,309.3999938964844,0.0426636249873504,0.0510224497742333,0.2102957073822182,0.4235759598314863,0.4074511728124657,0.0290840138068892,0.1672783659177958,0.2791189286252591,0.0660143365957932,0.2997883612323533,0.8333333333333334,1.0,0.5,1.0,0.0155914747667677,0.2730420846486562,0.486032730850704,0.3300755128933111,0.8640198377461749,100.0,0.0,HOLD
2025-12-05,DEFENSIVE,XLU,43.29999923706055,-0.0444665000709231,-0.0344520446334454,0.0128654792294864,0.0666337710313429,0.0867109527044569,-0.0563904806007894,-0.0301518622349359,-0.0778232601748842,-0.0324022516857978,0.0353154815099086,0.6666666666666666,0.6666666666666666,0.5,0.6666666666666666,-0.0073389377788326,-0.0119230565153227,-0.0901602461612523,0.1556753854315326,0.9242210996710905,38.508564377874166,22.830905518642012,EARLY TURN
2025-12-05,ENERGY,XLE,45.91999816894531,0.0153676001829368,0.0256867924820898,0.0365688252773039,0.1010669260959491,0.0090090059884295,0.0037483565147458,-0.0064485161871183,-0.043390105110278,0.0323972766531357,0.0578329246469953,0.8333333333333334,0.8333333333333334,0.6666666666666666,0.8333333333333334,0.0066102123071946,-0.0137412534736193,-0.0432085189259208,0.1833557834299772,1.0662734434863772,22.056205791042657,-2.5765341998135582,LAGGARD
2025-12-05,FINANCIALS,XLF,53.68000030517578,0.0065628813445359,0.0170519429081899,-0.0022304634495626,0.0468019029448154,0.0650793388887636,-0.0048864930591541,-0.045247804913985,-0.0976551282614117,0.0177268030624586,0.0450492645027702,1.0,1.0,1.0,0.6666666666666666,0.0228131197303769,0.0087976987505462,0.0686007356532674,0.1166882567041051,1.1183860132358396,18.433245385210213,18.433245385210213,LAGGARD
2025-12-05,POWER_INDUSTRIALS,XLI,154.5800018310547,0.0057908736776013,0.0081523510407135,0.0197915289864138,0.0665839346094578,0.0997439137448517,-0.0137860849266304,-0.0232258124780084,-0.0778730965967693,0.0108223104858895,0.0660230316811185,0.8333333333333334,1.0,0.6666666666666666,0.8333333333333334,-0.0199597369488812,-0.0088451044757411,0.0077520043734035,0.1166487332603417,1.2002564089822652,12.401788958960026,-18.796861478246296,LAGGARD
2025-12-05,CONSUMER_DISCRETIONARY,XLY,119.7300033569336,0.0126871348846326,0.0152633176214687,0.0034781955918004,0.1286233151738616,0.0286082627783672,-0.0066751183458753,-0.0395391458726219,-0.0158337160323656,0.0203725337246487,0.0913603257157409,0.8333333333333334,0.6666666666666666,0.6666666666666666,0.6666666666666666,-0.0076159665810914,-0.056532551836359,-0.0158431813007913,0.1739596495687932,1.0465429657231682,9.514164273263951,9.514164273263951,LAGGARD
2025-12-05,AI_SOFTWARE,IGV,109.45999908447266,0.0515899984197352,-0.0001827207877928,-0.0197904461422946,0.0328363428695002,-0.0053612353559651,-0.0221211567551368,-0.062807787606717,-0.111620688336727,-0.0071655411839214,0.0442538981850737,0.3333333333333333,1.0,0.1666666666666666,0.1666666666666666,-0.0421567737151,-0.0900833255857007,-0.0323521610926903,0.2634035934522251,1.178850239201661,0.0,-58.930918631950384,LAGGARD
2025-12-05,COMMUNICATION_SERVICES,XLC,117.12999725341795,0.0150792778661339,0.0447774205310538,-0.0018747441292181,0.1293992699586721,0.1605072515531482,0.0228389845637098,-0.0448920855936405,-0.015057761247555,0.0253424662108687,0.1008923952785596,0.5,0.5,0.6666666666666666,0.1666666666666666,0.003393343586384,-0.0692961854070199,-0.0563018101579013,0.1349276563978,0.9547215499969508,0.0,0.0,LAGGARD
2025-12-05,CONSUMER_STAPLES,XLP,78.45999908447266,-0.0114653348950345,0.0228131928156185,-0.0231573782049132,-0.0395397632562243,-0.0475843444967178,0.0008747568482745,-0.0661747196693356,-0.1839967944624515,0.0046995128092359,-0.0221743235956538,0.5,0.5,0.5,0.5,-0.0057532968276032,-0.0468567740631738,-0.1454740341294313,0.1154592473901384,1.090314855122414,0.0,0.0,LAGGARD
2025-12-05,HEALTHCARE,XLV,153.25999450683594,-0.0278464926077383,0.0487203718826061,0.1096951258383303,0.1404970154636318,0.0622400596306882,0.0267819359152621,0.0666777843739079,-0.0039600157425954,0.0327701663831838,0.098594642450585,0.6666666666666666,0.8333333333333334,1.0,0.8333333333333334,0.0500670239018548,0.0835819857597132,0.072268412128383,0.1953993509887469,1.3673623885051889,0.0,-79.35128422881479,LAGGARD
2025-12-05,MATERIALS,XLB,44.09000015258789,-0.0136465458599569,0.0274994245950095,-0.0381762651434285,0.0045568641084698,-0.0405832141041608,0.0055609886276655,-0.0811936066078509,-0.1399001670977573,0.0068623868869228,0.0081804691459421,0.6666666666666666,0.5,0.6666666666666666,0.3333333333333333,0.0067975453104619,-0.0847819198775388,-0.0582244203138241,0.1538428997823653,1.0426474618916624,0.0,0.0,LAGGARD
2025-12-12,SEMI,SOXX,299.4800109863281,-0.032062000988517,0.0379870455774102,0.1264576374301227,0.3553584444543425,0.3411554271985964,0.0233575198872437,0.0992465522614816,0.2133818786827763,0.024942557858584,0.2456042773046016,0.8333333333333334,1.0,0.6666666666666666,0.8333333333333334,0.0172625118795231,0.1976057153370564,0.4188072543278395,0.3402603034155257,0.838777498029987,100.0,0.0,HOLD
2025-12-12,NUCLEAR,URA,46.04999923706055,-0.0390233514887031,0.0290502622806825,-0.0683795477897521,0.2745640153799973,0.5668594825925717,0.014420736590516,-0.0955906329583933,0.1325874496084311,-0.0509264094723177,0.209582084022831,0.1666666666666666,1.0,0.6666666666666666,0.5,0.0146430111711796,-0.0473032373220056,0.1823384826627669,0.482555132221425,0.7007729062239291,74.06868849471526,37.534274379004,IMPROVING
2025-12-12,ENERGY,XLE,45.5099983215332,-0.0089285684616899,-0.0108672031784446,0.0282422062224041,0.0331441341602638,0.020174797105311,-0.0254967288686112,0.001031121053763,-0.1088324316113023,0.0207583123216748,0.0473053298146988,0.8333333333333334,0.8333333333333334,0.3333333333333333,0.8333333333333334,-0.0090698026954439,0.0126755820161241,-0.111128594138414,0.1849784832651735,0.9904287419441712,54.45159274178768,27.33101010089056,EARLY TURN
2025-12-12,DEFENSIVE,XLU,42.83000183105469,-0.0108544437479709,-0.0349256241495258,0.0083579368966872,0.0520757257248534,0.10329732528991,-0.0495551498396923,-0.0188531482719538,-0.0899008400467127,-0.0394168358608424,0.02152225269533,0.6666666666666666,0.6666666666666666,0.5,0.8333333333333334,-0.0069807184890863,0.0242638511008,-0.0760262613290909,0.1569778047220533,0.9714446130618324,50.95250827124791,32.92894597514582,EARLY TURN
2025-12-12,FINANCIALS,XLF,54.95000076293945,0.0236587267239867,0.0476644416326961,0.0129032398698516,0.0998799393496718,0.1092046779861171,0.0330349159425296,-0.0143078452987894,-0.0420966264218942,0.0393811139294102,0.0667469253879113,1.0,1.0,1.0,1.0,0.0616174138744506,0.0270341711892682,0.1198089723444193,0.125892315677083,1.1265473567084203,28.417540036626974,28.417540036626974,LAGGARD
2025-12-12,HEALTHCARE,XLV,154.05999755859375,0.0052199078717971,0.0146874511008729,0.1221502301155317,0.1317122752711004,0.0927015501539461,5.792541070648305e-05,0.0949391449468906,-0.0102642905004657,0.0317369856899227,0.1033840499874763,0.8333333333333334,0.8333333333333334,0.8333333333333334,1.0,0.0185926034644804,0.1292958142422637,0.0612016056383949,0.1927181715972449,1.279726415338969,16.84819055079371,-41.232305511639716,LAGGARD
2025-12-12,CONSUMER_DISCRETIONARY,XLY,120.6999969482422,0.0081015080941482,0.0455194877847409,4.1403980534537865e-05,0.1400773950781721,0.0250965572443024,0.0308899620945743,-0.0271696811881065,-0.0018991706933939,0.0270897861509602,0.0957411556523046,0.6666666666666666,0.8333333333333334,0.6666666666666666,0.5,0.0220147054931119,-0.0407526946711077,-0.0094556915435348,0.1730702223203282,0.9303940366200524,14.493320507344762,-3.7621200329739537,LAGGARD
2025-12-12,CONSUMER_STAPLES,XLP,79.41999816894531,0.0122355225041372,0.0279574938259279,0.000503916816722,-0.0190217506539313,-0.031935674272843,0.0133279681357614,-0.0267071683519191,-0.1609983164254974,0.0151855787903456,-0.0091481250231062,0.6666666666666666,0.5,0.5,0.6666666666666666,0.0047373236882212,-0.0087937583725375,-0.1177488575937695,0.1165332999708816,1.082515514361563,13.882826847546113,13.882826847546113,LAGGARD
2025-12-12,AI_SOFTWARE,IGV,107.97000122070312,-0.0136122590556543,0.0049329743787553,-0.0786756636967648,0.015997032382965,0.0207998926676806,-0.0096965513114111,-0.1058867488654059,-0.1259795333886011,-0.0145485626588084,0.0264771686624627,0.3333333333333333,0.8333333333333334,0.5,0.1666666666666666,-0.0376194772968233,-0.1255413903947804,-0.0938658544972855,0.2377277282951162,1.1660809084827053,0.0,-13.847100887919495,LAGGARD
2025-12-12,COMMUNICATION_SERVICES,XLC,116.5500030517578,-0.0049517136110343,0.0468876415597707,-0.0239510972501467,0.1361864005784594,0.1546463268555284,0.0322581158696042,-0.0511621824187878,-0.0057901651931067,0.0201223801589882,0.0912717232403534,0.5,0.5,0.6666666666666666,0.1666666666666666,-0.0084977693235074,-0.0948477548306732,-0.0690065888022621,0.1290968417468654,1.0111506690762766,0.0,0.0,LAGGARD
2025-12-12,MATERIALS,XLB,45.150001525878906,0.0240417638834777,0.0406823388873955,-0.0058350629595128,0.0334173253619052,0.0119914788139596,0.026052813197229,-0.0330461481281539,-0.1085592404096609,0.0305513791134388,0.031687583891802,0.5,0.5,0.5,0.3333333333333333,0.0266756229967127,-0.0432734105163675,-0.0379307910874734,0.1628203949305187,0.9658121809404672,0.0,0.0,LAGGARD
2025-12-12,POWER_INDUSTRIALS,XLI,156.74000549316406,0.0139733706593567,0.0311164473209386,0.0236416568143569,0.0987733066915115,0.140507995681395,0.0164869216307721,-0.0035694283542841,-0.0432032590800546,0.0233876474345198,0.0767439779625469,0.6666666666666666,0.8333333333333334,0.8333333333333334,0.8333333333333334,0.0244640644835415,0.0022305458759361,0.0402603206422092,0.1182075165984684,1.130065746440566,0.0,0.0,LAGGARD
2025-12-19,SEMI,SOXX,299.8099975585937,0.0011018651000407,0.1070044397709091,0.1152401611938489,0.3318377537457442,0.395633494724275,0.0742896974979412,0.0868789461753751,0.186603195450538,0.0163946708962723,0.2343104634521737,0.8333333333333334,1.0,1.0,1.0,0.1082382290221443,0.226393861255722,0.4426022256577824,0.3408786335625669,0.6683382681325052,100.0,0.0,HOLD
2025-12-19,FINANCIALS,XLF,54.84000015258789,-0.0020018309158196,0.0613509211530767,0.0181953124977867,0.0889594814920526,0.1304886013208714,0.0286361788801088,-0.010165902520687,-0.0562750768031534,0.0320686557060263,0.0613560222515683,1.0,1.0,1.0,1.0,0.0610058527810394,0.0294188322780445,0.0823583014297657,0.1247142964611272,0.8975287737510453,67.97286758457582,67.97286758457582,IMPROVING
2025-12-19,NUCLEAR,URA,45.88999938964844,-0.0034744810002806,0.1033902193143652,-0.0520553700827657,0.2480282517907652,0.6406864682237552,0.0706754770413973,-0.0804165851012395,0.1027936934955591,-0.0424222231753061,0.1882213492800848,0.1666666666666666,1.0,1.0,0.3333333333333333,0.0515645661819646,-0.0571541363756058,0.1174753083057935,0.4810424959472087,0.6472702202938713,67.28885040152778,-3.1024260285564367,HOLD
2025-12-19,HEALTHCARE,XLV,154.94000244140625,0.005712092021018,0.0021344145252697,0.1434686527041051,0.1684765860451822,0.1227536408797553,-0.0305803277476981,0.1151074376856313,0.023242027749976,0.0287907567669034,0.1077013452596216,0.8333333333333334,0.8333333333333334,0.8333333333333334,0.8333333333333334,-0.0256087397927181,0.1444925726284021,0.1110660075615761,0.185970003897009,0.9570916153301344,64.43546692502133,53.42804400059207,IMPROVING
2025-12-19,POWER_INDUSTRIALS,XLI,155.86000061035156,-0.0056144242182694,0.0416360056421722,0.0214969113903189,0.0947531499320497,0.1646987900152656,0.0089212633692044,-0.0068643036281548,-0.0504814083631564,0.0136972029615829,0.0661705044029394,0.6666666666666666,0.8333333333333334,0.6666666666666666,0.8333333333333334,0.0123370638093371,-0.0111586198258977,-0.0012868334476309,0.1187536412863341,0.8227990163609298,53.17769226801411,53.17769226801411,EARLY TURN
2025-12-19,DEFENSIVE,XLU,42.630001068115234,-0.0046696417088275,-0.0327850180331533,-0.017855033590078,0.0554593144916186,0.1155305743268029,-0.0654997603061212,-0.0462162486085517,-0.0897752438035874,-0.0385764522564578,0.0148188105517355,0.5,0.6666666666666666,0.5,0.6666666666666666,-0.0476581697144338,0.0214071188122426,-0.061928534805538,0.1497668405962743,0.8779055771156442,49.10919603316322,49.10919603316322,EARLY TURN
2025-12-19,MATERIALS,XLB,45.369998931884766,0.004872589115634,0.0508396000836539,0.0213867807766729,0.0499884261323277,0.0602944136750698,0.018124857810686,-0.0069744342418007,-0.0952461321628783,0.0309957547514592,0.0353069840049582,0.5,0.5,0.6666666666666666,0.5,0.0343088121647304,0.023403904638662,-0.0143732245821488,0.1553545316989778,0.7457169609844151,41.81567625931577,41.81567625931577,EARLY TURN
2025-12-19,CONSUMER_DISCRETIONARY,XLY,121.8499984741211,0.0095277676466889,0.0807095208347767,0.0166450716391564,0.1567306123998018,0.0646105152659213,0.0479947785618088,-0.0117161433793173,0.0114960541045956,0.0303219791061266,0.1003126554186761,0.5,0.6666666666666666,0.8333333333333334,0.6666666666666666,0.0176253248319096,-0.0505610131374531,-0.0115566967626203,0.1732191533292956,0.6661797172848718,38.31777429614406,38.31777429614406,EARLY TURN
2025-12-19,CONSUMER_STAPLES,XLP,78.77999877929688,-0.0080584160715668,0.0112964985389072,0.0105182106779622,-0.027647469224639,-0.0145109285299261,-0.0214182437340606,-0.0178430043405115,-0.1728820275198451,0.0061302526091555,-0.0169089818207408,0.5,0.5,0.5,0.6666666666666666,-0.0362227948556246,-0.007974622190916,-0.127124270999285,0.111000289348578,0.990089342381487,15.728997126299191,15.728997126299191,LAGGARD
2025-12-19,ENERGY,XLE,44.130001068115234,-0.0303229466999347,-0.0129724452747495,-0.0405478401365213,-0.008091719414922,0.0489660420307644,-0.0456871875477173,-0.0689090551549951,-0.1533262777101282,-0.0135571254984127,0.0159863310652867,0.5,0.5,0.3333333333333333,0.1666666666666666,-0.0258580287594676,-0.062027554406857,-0.1512571635728526,0.1764144207750238,0.9302606313972702,8.918976883231949,8.918976883231949,LAGGARD
2025-12-19,AI_SOFTWARE,IGV,107.76000213623048,-0.001944976216527,0.0677764971401866,-0.0627120032001384,0.0252116973693359,0.039953669947041,0.0350617548672187,-0.0910732182186122,-0.1200228609258702,-0.0125628682597132,0.0205753705843132,0.3333333333333333,0.8333333333333334,0.8333333333333334,0.1666666666666666,0.0360666426828702,-0.092404219203752,-0.0738312751322359,0.2360832413726203,0.9650992283891944,0.0,0.0,LAGGARD
2025-12-19,COMMUNICATION_SERVICES,XLC,116.5199966430664,-0.0002574552372862,0.0412868190722861,-0.0139629478839453,0.1330221780660982,0.1894650646391813,0.0085720767993182,-0.0423241629024191,-0.0122123802291078,0.0165498748228309,0.0859222121048286,0.6666666666666666,0.5,0.6666666666666666,0.1666666666666666,-0.018437025758213,-0.0773379515340357,-0.0548998436937254,0.1276530732542772,0.9450998770460513,0.0,0.0,LAGGARD
2025-12-26,SEMI,SOXX,306.0400085449219,0.0207798640374243,0.0313406302372707,0.0931562290536378,0.2812526490953166,0.3807977323032572,0.0212146659096881,0.0616265524302359,0.1586330336929493,0.0312676301897716,0.2462777347996549,1.0,1.0,1.0,1.0,0.0782653977167046,0.1579313866162471,0.4352659586930974,0.3345835412426923,0.6265611006270478,100.0,0.0,HOLD
2025-12-26,NUCLEAR,URA,45.880001068115234,-0.0002178758262406,0.0132509342975666,-0.074999950009006,0.205148448539463,0.632740229369191,0.003124969969984,-0.1065296266324079,0.0825288331370956,-0.0275540162512574,0.1721200303634027,0.3333333333333333,1.0,0.5,0.3333333333333333,-0.0063875969894388,-0.0899192131932039,0.1311336288547102,0.4772325243039164,0.6219314375862617,85.10088084072274,-14.899119159277262,DECELERATING
2025-12-26,CONSUMER_DISCRETIONARY,XLY,122.0500030517578,0.0016413999190914,0.0323099009249938,0.0262339421388722,0.1167025490324464,0.0625054420954074,0.0221839365974112,-0.0052957344845296,-0.0059170663699208,0.0278068069081576,0.0963457311365227,0.6666666666666666,0.6666666666666666,0.3333333333333333,0.6666666666666666,-0.0012834160112754,-0.03890992155691,-0.0415726997358889,0.1719197589688379,0.6694191199461733,74.65760793082765,74.65760793082765,IMPROVING
2025-12-26,FINANCIALS,XLF,55.619998931884766,0.0142231724494272,0.0429401279243268,0.035368534400729,0.070850989651036,0.1409230550130209,0.0328141635967442,0.0038388577773271,-0.0517686257513312,0.0400149403745626,0.0732530763621095,1.0,1.0,1.0,1.0,0.0504316181545286,0.0606167766300926,0.0656558211059762,0.1269079618176236,0.8465406440271359,72.49364105114877,59.16858007640376,IMPROVING
2025-12-26,POWER_INDUSTRIALS,XLI,157.2100067138672,0.0086616585283521,0.0229032742308852,0.0181335599077179,0.0709858566954424,0.1797239471280531,0.0127773099033026,-0.0133961167156839,-0.0516337587069248,0.0188461894462368,0.0708344376003993,0.6666666666666666,0.8333333333333334,0.6666666666666666,0.8333333333333334,-3.315079723511157e-05,-0.0061882586948664,-0.0157534658257163,0.1176116728201263,0.7297931033660424,60.38686562563302,60.38686562563302,IMPROVING
2025-12-26,DEFENSIVE,XLU,42.77999877929688,0.0035185950603653,-0.0559417394733839,-0.0376786184403599,0.0520102745887791,0.1246056190770157,-0.0660677038009666,-0.0692082950637618,-0.0706093408135881,-0.0286103853071166,0.0163300323185484,0.5,0.5,0.1666666666666666,0.6666666666666666,-0.0342181575856316,-0.0078700928436527,-0.04769325574214,0.1389231367344606,0.8345257710674591,54.608614322510526,39.798688809854674,EARLY TURN
2025-12-26,MATERIALS,XLB,46.11000061035156,0.0163103746063071,0.0315436202090881,0.0262630825097023,0.0492661492902988,0.0857075414416053,0.0214176558815055,-0.0052665941136995,-0.0733534661120685,0.0426701186731162,0.0502669413777283,0.6666666666666666,0.5,0.6666666666666666,0.5,0.050105159241696,0.0253988792553069,0.0199511190220381,0.1570666126417812,0.6959888398421413,52.944837106447956,52.944837106447956,EARLY TURN
2025-12-26,HEALTHCARE,XLV,156.0500030517578,0.0071640673348467,-0.0101490067026399,0.0775445046235752,0.1651609914556244,0.1230658976544292,-0.0202749710302225,0.0460148280001733,0.0425413760532571,0.0274423820267655,0.1137558536571354,0.8333333333333334,0.8333333333333334,0.8333333333333334,0.6666666666666666,-0.0050819991612939,0.0623208114245366,0.1444182441577651,0.1329890936189007,0.8194400371600589,52.35642646274057,51.46310423337476,EARLY TURN
2025-12-26,CONSUMER_STAPLES,XLP,78.2300033569336,-0.0069814093791001,-0.0143631013002267,0.0025631754551531,-0.0288019814640291,-0.0134930599451029,-0.0244890656278093,-0.0289665011682487,-0.1514215968663964,0.0010237153798284,-0.0234372152117121,0.3333333333333333,0.3333333333333333,0.1666666666666666,0.6666666666666666,-0.0348187047718707,-0.0210421750159929,-0.1221893020266909,0.112233450229513,0.902191673395724,24.72915690782362,24.72915690782362,LAGGARD
2025-12-26,COMMUNICATION_SERVICES,XLC,117.97000122070312,0.0124442552301,0.0223589725686932,0.0135750652061195,0.0955609294796104,0.2018133335323069,0.0122330082411106,-0.0179546114172823,-0.0270586859227568,0.0264866174879656,0.0942424114700162,0.6666666666666666,0.5,0.5,0.5,-0.0181216489539755,-0.0437712500659077,-0.0805559153779211,0.1261899364728705,0.854235542157479,19.96962927228499,19.96962927228499,LAGGARD
2025-12-26,ENERGY,XLE,44.20000076293945,0.0015862155705859,-0.0226644056553848,-0.0057361614579239,0.0363423020306352,0.0454115903282084,-0.0327903699829674,-0.0372658380813258,-0.086277313371732,-0.0146574945210844,0.0188058630780372,0.5,0.6666666666666666,0.5,0.3333333333333333,-0.0093238289120599,-0.0254721965185736,-0.0763941501321377,0.1624807673654722,0.8882727306936601,16.411458969836247,15.247898175242753,LAGGARD
2025-12-26,AI_SOFTWARE,IGV,108.0999984741211,0.0031551255674697,0.038524375802776,-0.0586084059010572,0.002969008150385,0.0569026179535141,0.0283984114751933,-0.0901380825244591,-0.1196506072519822,-0.0052727159441834,0.0201746219433942,0.3333333333333333,0.8333333333333334,0.6666666666666666,0.3333333333333333,0.0220547074909039,-0.0881034639351103,-0.0623084538691695,0.2365795656693759,0.8827748251355868,6.8560679759647485,6.8560679759647485,LAGGARD
2026-01-02,SEMI,SOXX,313.69000244140625,0.0249967118118201,0.0138655741097304,0.1533145104755442,0.2891016978804868,0.4100328166502216,0.0175407327415866,0.1071444659483511,0.1966240799907663,0.0507329083534153,0.2613772031188941,1.0,1.0,1.0,1.0,0.0990977839214135,0.2468334246329008,0.5158548888152129,0.3250925393320928,0.641314666052106,100.0,0.0,HOLD
2026-01-02,HEALTHCARE,XLV,155.50999450683594,-0.0034604840394829,0.0146809348861072,0.0942931098369743,0.1476752362128113,0.1190989277011684,0.0183560935179634,0.0481230653097812,0.0551976183230908,0.0175357963027222,0.1077295320155233,1.0,0.8333333333333334,1.0,0.6666666666666666,0.0385457583076537,0.0637285274124602,0.1538100061046391,0.1227720424177081,0.6532461616220266,90.54950963516393,90.54950963516393,LEADER
2026-01-02,FINANCIALS,XLF,54.93000030517578,-0.0124055850406252,0.0232861399570349,0.0531058371523578,0.0327129483623085,0.1304795252660691,0.0269612985888911,0.0069357926251647,-0.0597646695274118,0.0236293916460659,0.0570220468735851,1.0,1.0,1.0,1.0,0.0373453903409242,0.0809653899911572,0.0463545597123565,0.1107213513151368,0.8025134620774875,85.8784789374466,67.44523355223639,LEADER
2026-01-02,ENERGY,XLE,45.650001525878906,0.0328054465590696,-0.005879718071265,0.0713447752166616,0.0490635910875907,0.0437864613879548,-0.0022045594394088,0.0251747306894685,-0.0434140268021296,0.0140163498067349,0.0525709395050977,0.8333333333333334,1.0,0.6666666666666666,1.0,0.0214584361241916,0.060006248969867,-0.0339453247775795,0.1460868963678395,0.8242176527246526,77.10371360222459,55.04750781118193,LEADER
2026-01-02,POWER_INDUSTRIALS,XLI,157.97999572753906,0.0048978371655012,0.0219950437068847,0.0539026161444307,0.0572881653292163,0.190325454147868,0.0256702023387409,0.0077325716172376,-0.0351894525605041,0.0218033526029302,0.0710036227191279,0.6666666666666666,0.8333333333333334,0.6666666666666666,0.8333333333333334,0.0172003381235712,0.0044242644926427,0.0107473858733276,0.0945101879081371,0.6373017948354731,73.53908237196624,61.13729341300622,IMPROVING
2026-01-02,MATERIALS,XLB,46.119998931884766,0.0002168362914953,0.0460421585908685,0.0620610188180315,0.0095216711287671,0.1087870556168997,0.0497173172227247,0.0158909742908384,-0.0829559467609533,0.0391014701399605,0.0483485827251297,0.6666666666666666,0.5,0.6666666666666666,0.5,0.0605943134606803,0.0248525485770505,-0.0058418679122052,0.1347561663005945,0.622181659600678,67.83449338579938,67.83449338579938,IMPROVING
2026-01-02,NUCLEAR,URA,46.060001373291016,0.003923284677098,-0.0388146257664023,-0.112010751460076,0.2153034173848329,0.5970874178084193,-0.0351394671345461,-0.158180795987269,0.1228257994951125,-0.0123509372637464,0.1597122521927549,0.6666666666666666,1.0,0.8333333333333334,0.1666666666666666,0.0263833681409558,-0.0951998935967612,0.2129941973347207,0.4642012269871208,0.5936112619837876,66.75068455245324,-33.24931544754676,DECELERATING
2026-01-02,CONSUMER_DISCRETIONARY,XLY,118.3499984741211,-0.030315481238191,-0.011525973808741,0.0347540850196379,0.070023912862184,0.0479015044781991,-0.0078508151768849,-0.0114159595075551,-0.0224537050275364,-0.0029486227959469,0.0583962293721209,0.0,0.5,0.0,0.6666666666666666,-0.0215757536470471,-0.0373932354088501,-0.0486391718688211,0.1635810675370273,0.620705927511743,48.2020287246645,38.68786445140055,EARLY TURN
2026-01-02,COMMUNICATION_SERVICES,XLC,116.9000015258789,-0.009070099887703,-0.0019635937243425,0.0363475032198343,0.0820066691528342,0.1943196240925186,0.0017115649075136,-0.0098225413073587,-0.0104709487368861,0.0159828392232661,0.0790229814534633,0.6666666666666666,0.5,0.1666666666666666,0.5,-0.0185246474264924,-0.0573122967810313,-0.0633996090608632,0.1066216062341577,0.8265108520562561,40.945714072219,40.945714072219,EARLY TURN
2026-01-02,DEFENSIVE,XLU,43.18000030517578,0.0093501995627098,-0.0027713379676472,-0.0425720229247242,0.0552297711964613,0.1203943767364839,0.0009038206642089,-0.0887420674519173,-0.037247846693259,-0.0138963404884544,0.0232864126889786,0.3333333333333333,0.5,0.3333333333333333,0.5,0.0044740556704349,-0.0275170686830636,-0.0378592548104165,0.1362344563183653,0.7563545211853167,37.80379833477279,-0.7047660431013725,LAGGARD
2026-01-02,CONSUMER_STAPLES,XLP,77.69000244140625,-0.006902734147454,-0.0098138752491878,-0.0052496292026266,-0.0546361383194926,-0.008170552466331,-0.0061387166173316,-0.0514196737298197,-0.147113756209213,-0.0041020146960857,-0.0293542263885504,0.1666666666666666,0.3333333333333333,0.0,0.3333333333333333,-0.0160783741048359,-0.055048415311646,-0.1160676002811095,0.1132157490807666,0.7362840384112822,31.81876078983093,31.81876078983093,LAGGARD
2026-01-02,AI_SOFTWARE,IGV,102.62000274658205,-0.0506937632274894,-0.0624885473698209,-0.0844856267348042,-0.0777387809602615,0.0113334139355885,-0.0588133887379647,-0.1306556712619972,-0.1702163988499819,-0.0439278691662373,-0.0344463957435156,0.0,0.1666666666666666,0.0,0.0,-0.053060590337041,-0.1426866037247631,-0.1253106300135109,0.2529735107791836,0.8317886728903368,0.0,0.0,LAGGARD
2026-01-09,SEMI,SOXX,328.7799987792969,0.0481048048087195,0.0978362051492858,0.1409237028812036,0.3355811074656494,0.5067827835821861,0.0797800015259233,0.0962511581087082,0.2226116504908251,0.0931385446124526,0.2996939373730762,1.0,1.0,1.0,1.0,0.1830268995910198,0.2673368886548502,0.5952969941924027,0.3181674713000999,0.6599054316706093,100.0,0.0,HOLD
2026-01-09,HEALTHCARE,XLV,157.30999755859375,0.011574838372711,0.0210956773432631,0.0979967394949785,0.163621530569723,0.1265396608864151,0.0030394737199006,0.0533241947224831,0.0506520735948987,0.0205921981471028,0.1161724607704139,0.8333333333333334,1.0,0.6666666666666666,0.6666666666666666,0.0012677985226918,0.0732300760576503,0.121716127371281,0.1230419833560416,0.7016240835181164,94.98900757807534,78.14081702728163,LEADER
2026-01-09,FINANCIALS,XLF,55.72999954223633,0.014563976563189,0.0141947000630968,0.0680337143790399,0.0684432458832022,0.1777261179554061,-0.0038615035602656,0.0233611696065445,-0.044526211091622,0.0320752544442568,0.0665008080626412,1.0,1.0,1.0,1.0,0.0099981912693361,0.0937897949693633,0.0746416124417747,0.1121974481879054,0.7471542176192815,92.16872138481571,63.75118134818874,LEADER
2026-01-09,MATERIALS,XLB,48.2599983215332,0.0464006816827777,0.0688814327917957,0.0983158814255924,0.0546328691367887,0.1587033986432684,0.0508252291684332,0.053643336653097,-0.0583365878380355,0.0741869851566014,0.0912132819779301,1.0,0.6666666666666666,1.0,0.8333333333333334,0.0818640083052334,0.0830593972619958,0.0467498155726828,0.1597093270679488,0.7339988651664,75.8640648111454,75.8640648111454,LEADER
2026-01-09,DEFENSIVE,XLU,42.5099983215332,-0.0155164886268486,-0.0074714801737285,-0.0715300106321615,0.0311704037592328,0.124900695730507,-0.025527683797091,-0.1162025554046569,-0.0817990532155914,-0.0246533010021376,0.0042878563712422,0.5,0.6666666666666666,0.1666666666666666,0.5,-0.0229614165069182,-0.0370799213101926,-0.0478582855600566,0.131276291272539,0.792428321620291,66.33733212843704,15.384823857189133,IMPROVING
2026-01-09,NUCLEAR,URA,50.310001373291016,0.0922709481824823,0.0925081912444867,-0.0562746186966529,0.3412424320053826,0.8516746864931708,0.0744519876211242,-0.1009471634691483,0.2282729750305583,0.0900227809869602,0.2436347840989392,0.8333333333333334,1.0,0.8333333333333334,0.3333333333333333,0.105132675061599,-0.0558523375963216,0.2582178298958136,0.5052443766562904,0.7186104494645634,59.96219087543485,-14.106497619280411,DECELERATING
2026-01-09,CONSUMER_DISCRETIONARY,XLY,124.41000366210938,0.051204100262945,0.0307374217702598,0.0614282453193069,0.1236960464002818,0.1268001044800666,0.0126812181468973,0.0167557005468115,0.0107265894254575,0.0441942590494621,0.104438292435433,0.8333333333333334,0.8333333333333334,0.5,0.5,-0.004214199280839,-0.0167509476750422,-0.0151061675641572,0.1876248208335845,0.8139374205541834,54.64318683253644,40.14986632519168,EARLY TURN
2026-01-09,POWER_INDUSTRIALS,XLI,161.92999267578125,0.0250031463164144,0.033112077330146,0.06722465719012,0.0780958453120417,0.2330007646241485,0.0150558737067836,0.0225521124176246,-0.0348736116627825,0.0427183699239774,0.0896580264386779,0.5,0.8333333333333334,0.5,0.6666666666666666,-0.0224276354966378,-0.0253291202423355,-0.0344791616164037,0.1028520384182951,0.7005123522438695,41.760408376207415,41.760408376207415,EARLY TURN
2026-01-09,ENERGY,XLE,46.66999816894531,0.0223438468559125,0.0254889011249039,0.0856012176506098,0.0472343679367859,0.0560017760201714,0.0074326975015415,0.0409286728781144,-0.0657350890380383,0.0307092337781595,0.0715863903528846,0.8333333333333334,1.0,0.8333333333333334,1.0,0.0300442801066721,0.0884354579800966,-0.05307673599778,0.1499982776351702,1.110651774360576,30.463612369086917,-23.98798037270076,LAGGARD
2026-01-09,CONSUMER_STAPLES,XLP,79.25,0.0200797722946437,-0.0021404957550325,-0.0060203604254815,-0.0193045118886759,0.0381189913768049,-0.0201966993783949,-0.0506929051979769,-0.1322739688635003,0.0120423366845627,-0.0101081395088072,0.5,0.3333333333333333,0.1666666666666666,0.3333333333333333,-0.0269345884290482,-0.0576072258654175,-0.0973064181556889,0.1125256048160556,0.863629528185075,25.71565305487853,11.832826207332417,LAGGARD
2026-01-09,AI_SOFTWARE,IGV,105.0,0.0231923327783893,-0.0275076520063392,-0.0681576170072393,-0.0230740908027112,0.0801357986718842,-0.0455638556297016,-0.1128301617797347,-0.1360435477775355,-0.0120808437011751,-0.0175300711585679,0.1666666666666666,0.1666666666666666,0.3333333333333333,0.1666666666666666,-0.0279793994325705,-0.1213989630733794,-0.106128602029599,0.2596661248679601,0.6520104357380925,14.797225647356449,14.797225647356449,LAGGARD
2026-01-09,COMMUNICATION_SERVICES,XLC,117.91000366210938,0.0086398812921049,0.0116688166000957,0.0258395785420064,0.1122535731164928,0.2306649271126439,-0.0063873870232666,-0.0188329662304889,-0.0007158838583314,0.0220072893183489,0.0806946761207503,0.6666666666666666,0.5,0.8333333333333334,0.5,-0.0024667326460547,-0.0610985564852542,-0.044357151612346,0.1013821695192777,0.7992928059181531,0.0,0.0,LAGGARD
2026-01-16,SEMI,SOXX,342.4700012207031,0.041638793394473,0.142290130447608,0.1575407901604375,0.388035533380743,0.4906850919827863,0.1260249107819468,0.1362636057462163,0.2859291018346381,0.120735933275025,0.3314154222723118,1.0,1.0,1.0,0.8333333333333334,0.1885558665615405,0.2876173754266261,0.7230023862213283,0.3229328824060163,0.6162862674619587,100.0,0.0,HOLD
2026-01-16,FINANCIALS,XLF,54.43999862670898,-0.0231473340413305,-0.0072939738287004,0.0250423272655393,0.0361628792933677,0.0838144360509627,-0.0235591934943616,0.0037651428513181,-0.0659435522527371,0.0050956112557261,0.0379557151533611,0.6666666666666666,1.0,0.5,1.0,-0.0012091989138381,0.072421473726147,0.064839652912641,0.1230097480194796,0.8220447176855318,90.49640367871342,22.523536094137597,LEADER
2026-01-16,MATERIALS,XLB,48.68000030517578,0.0087029009169106,0.072955729583781,0.0938096649109316,0.0791398724566854,0.1022302569014794,0.0566905099181198,0.0725324804967104,-0.0229665590894194,0.0697960754071695,0.0954896698153262,1.0,0.6666666666666666,1.0,0.8333333333333334,0.0947081957473047,0.1431997869720133,0.1067146113915281,0.159354128181446,0.8051342362663713,82.9354085689258,41.11973230961002,LEADER
2026-01-16,POWER_INDUSTRIALS,XLI,166.89999389648438,0.0306922833662701,0.0708327553118177,0.0773997156473356,0.101941017418452,0.211615200700431,0.0545675356461565,0.0561225312331143,-0.0001654141276528,0.0654120510078937,0.1153658148793184,1.0,0.8333333333333334,1.0,0.8333333333333334,0.0586590112148265,0.0469244605818409,0.00216256642696,0.1113960128592266,0.6871180244845115,69.69042082659092,16.51272855857681,IMPROVING
2026-01-16,NUCLEAR,URA,54.400001525878906,0.0812959658307468,0.1854435007499717,0.0563107092403671,0.3290984881571033,0.9407777450322008,0.1691782810843105,0.0350335248261459,0.2269920566109984,0.162070395013274,0.318859856760338,0.8333333333333334,0.8333333333333334,0.8333333333333334,0.6666666666666666,0.1660295081726805,0.026677274597849,0.2357921639594264,0.5278198827389325,0.7902234843485538,65.37785054969889,-1.9109998518288904,HOLD
2026-01-16,HEALTHCARE,XLV,155.74000549316406,-0.0099802434034423,0.0051633086301283,0.0664932328633547,0.1812804142835418,0.111000239908495,-0.0111019110355328,0.0452160484491335,0.0791739827374369,0.0041523079331791,0.1013463151696216,0.5,1.0,0.6666666666666666,0.6666666666666666,-0.0051881188808419,0.0737466848597444,0.1524526829048228,0.1253721445082762,0.7420184374835187,64.67656045070974,0.24109352568841302,HOLD
2026-01-16,CONSUMER_DISCRETIONARY,XLY,122.3000030517578,-0.0169600558495457,0.0036931028582023,0.0292013899455843,0.1009587618464749,0.0670971328893936,-0.0125721168074588,0.007924205531363,-0.0011476696996299,0.0227334664792071,0.0791351300752727,0.6666666666666666,0.8333333333333334,0.6666666666666666,0.6666666666666666,0.0064914154227712,-0.0171934078189742,-0.0243395981638152,0.1918988062466409,0.7532479777983219,45.054070441549534,6.7362961454054755,WATCH
2026-01-16,DEFENSIVE,XLU,43.38999938964844,0.0207010374702714,0.0178277809639004,-0.0504431627217378,0.0361790899020522,0.100710334985014,0.0015625612982392,-0.0717203471359591,-0.0659273416440526,-0.0011280312480778,0.0219210092465749,0.5,0.8333333333333334,1.0,0.6666666666666666,0.0055218633356404,0.0055446015506292,-0.0173439344356586,0.1425729494195036,0.8031270665853809,24.441282189074336,-24.667913844088886,LAGGARD
2026-01-16,ENERGY,XLE,47.68999862670898,0.0218555924101662,0.0806706882489951,0.0830021299412284,0.1095858337514441,0.0151127946230469,0.0644054685833339,0.0617249455270072,0.0074794022053392,0.0464873749854044,0.0898484886499038,0.8333333333333334,1.0,1.0,1.0,0.0923803883964902,0.0972764400147955,0.0485066813507006,0.1487474146112746,1.2034263249605952,15.709253019662498,6.790276136430549,LAGGARD
2026-01-16,AI_SOFTWARE,IGV,98.30999755859376,-0.0637143089657737,-0.0876949182470319,-0.1525000210466056,-0.114802811815958,-0.0200359065225771,-0.1039601379126931,-0.1737772054608268,-0.2169092433620629,-0.0652010827563728,-0.0825118933414685,0.0,0.1666666666666666,0.0,0.0,-0.0875241365106783,-0.169153401078794,-0.1889098873802846,0.2728630045516154,0.7790000068457639,2.9428227711985,2.9428227711985,LAGGARD
2026-01-16,COMMUNICATION_SERVICES,XLC,115.16999816894533,-0.0232381087953826,-0.0115859810591697,-0.003288661815459,0.0845653594602191,0.1825649336762056,-0.0278512007248309,-0.0245658462296802,-0.0175410720858857,-0.0043829132535266,0.0498321393423877,0.3333333333333333,0.3333333333333333,0.1666666666666666,0.1666666666666666,-0.0357106411545694,-0.0610214846708707,-0.0667646110695029,0.1139108790585431,0.8739178424712106,0.03788126885108767,0.03788126885108767,LAGGARD
2026-01-16,CONSUMER_STAPLES,XLP,82.11000061035156,0.0360883357773067,0.0422696354741478,0.0381844027348134,0.0150822256139027,0.0630502703427231,0.0260044158084866,0.0169072183205922,-0.0870242059322021,0.0413839421755628,0.0250520482654965,0.6666666666666666,0.8333333333333334,0.8333333333333334,0.6666666666666666,0.0185125021713513,-0.0007531349229728,-0.0605177970523804,0.1338294287752784,1.10442233511772,0.0,-15.728997126299191,LAGGARD
2026-01-23,SEMI,SOXX,344.7099914550781,0.0065406903565006,0.1263559725214165,0.1244821568477148,0.427134226366928,0.494580265206805,0.1279205117772051,0.1139699102186486,0.3453103260679697,0.1076977248456216,0.3173135304395187,1.0,1.0,0.8333333333333334,0.8333333333333334,0.1787393459840555,0.2739050123821901,0.8309025123430765,0.3188377523532799,0.7513708456244846,100.0,0.0,HOLD
2026-01-23,HEALTHCARE,XLV,157.47999572753906,0.011172403833332,0.00916368245957,0.0917157416120559,0.1538687035272423,0.091261855670103,0.0107282217153585,0.0812034949829898,0.0720448032282841,0.0116856323003222,0.1093382661290516,0.8333333333333334,1.0,0.6666666666666666,1.0,0.017738965086759,0.122413878162671,0.1629098687863663,0.1190475108240083,0.921039799776192,86.72856977053848,34.37214330779791,LEADER
2026-01-23,MATERIALS,XLB,49.970001220703125,0.0264996077945831,0.0837128726796201,0.1665694476182877,0.0819530093074976,0.1229213757461376,0.0852774119354087,0.1560572009892216,0.0001291090085393,0.0824803947078933,0.1184820131878061,1.0,0.6666666666666666,1.0,1.0,0.0995900171112341,0.2091139870931487,0.1134070241400048,0.1255688879694513,0.9995579813349592,66.76099921519776,13.8161621087498,IMPROVING
2026-01-23,FINANCIALS,XLF,53.06999969482422,-0.0251653006326973,-0.0458468048549122,0.0133664460037494,-0.0069236328853466,0.0436578424251663,-0.0442822655991236,0.0028541993746833,-0.0887475331843049,-0.0213181894461566,0.0087483765389491,0.5,1.0,0.3333333333333333,0.6666666666666666,-0.0323486903755467,0.0428700695698363,0.0284149390765425,0.1318745803952546,0.9636722171102956,54.21624077735787,-18.277400273790903,WATCH
2026-01-23,CONSUMER_DISCRETIONARY,XLY,123.12999725341795,0.0067865427714577,0.0088487847165572,0.0263827033896859,0.0951216251794793,0.0706491039002092,0.0104133239723458,0.0158704567606198,0.013297724880521,0.0230992644192369,0.0792143829887477,0.8333333333333334,0.8333333333333334,0.6666666666666666,0.6666666666666666,0.0253051969378501,-0.0032669324714095,-0.00505368129387,0.1915195745355333,0.8421622689756506,51.38838203904958,-23.26922589177807,WATCH
2026-01-23,DEFENSIVE,XLU,42.560001373291016,-0.0191287860804956,-0.0051425295063899,-0.0446688641492518,0.0070989839960535,0.0708265823891609,-0.0035779902506013,-0.055181110778318,-0.0747249163029046,-0.0161129666107944,0.0002086082204468,0.8333333333333334,0.8333333333333334,0.8333333333333334,0.6666666666666666,0.035656762995707,0.0487925792555309,-0.0004170525291902,0.1389458298710749,1.0159300913093416,42.87009071191467,-11.738523610595855,WATCH
2026-01-23,POWER_INDUSTRIALS,XLI,164.22000122070312,-0.0160574761760833,0.0445900019557572,0.0590739314222419,0.059552199499381,0.1641028758386546,0.0461545412115458,0.0485616847931758,-0.0222717007995771,0.0401966166012519,0.0903658575328418,0.8333333333333334,0.8333333333333334,0.8333333333333334,0.8333333333333334,0.0435852555083245,0.0206344733980699,-0.0445118725125085,0.1205402198594725,0.8686352206694882,39.87288324232373,-20.51398238330929,LAGGARD
2026-01-23,NUCLEAR,URA,57.0,0.047794088257226,0.2423713747385398,0.0341074220708617,0.3626583195050943,0.8670160077963265,0.2439359139943284,0.0235951754417955,0.280834419206136,0.1865606368554404,0.3538870849311677,0.8333333333333334,0.8333333333333334,0.8333333333333334,0.5,0.1820674596179291,-0.0150229370972868,0.2437345387597282,0.5170491845738843,0.981540722289014,24.786745545151263,-60.314135295571475,LAGGARD
2026-01-23,COMMUNICATION_SERVICES,XLC,116.95999908447266,0.0155422500997313,-0.0085615167057675,0.0187266054489867,0.0867868063512686,0.1648241690943048,-0.0069969774499789,0.0082143588199206,0.0049629060523104,0.0061940720142774,0.0596890384416046,0.6666666666666666,0.3333333333333333,0.1666666666666666,0.5,-0.0242655339688286,-0.036878754708619,-0.0625471860820414,0.1173339889987506,1.054849333345261,14.39467669298061,-5.57495257930438,LAGGARD
2026-01-23,AI_SOFTWARE,IGV,97.70999908447266,-0.006103127749174,-0.0961147043136709,-0.154099235759383,-0.1329310766917635,-0.0591237311493894,-0.0945501650578823,-0.1646114823884491,-0.2147549769907217,-0.0622300749468626,-0.0904711803104952,0.0,0.1666666666666666,0.0,0.0,-0.0825778440586941,-0.1672342675473014,-0.1884304618099054,0.2726042491581359,1.140532892042059,0.0,-6.8560679759647485,LAGGARD
2026-01-23,CONSUMER_STAPLES,XLP,82.91000366210938,0.0097430647401184,0.059823598419429,0.086916688370634,0.0173006584307899,0.0643132482425705,0.0613881376752176,0.0764044417415679,-0.0645232418681682,0.0440487908478164,0.0347033512995609,0.8333333333333334,0.8333333333333334,1.0,0.6666666666666666,0.0557793471943033,0.0520257278673277,-0.0341150764464622,0.1008860165123747,1.2994629460119285,0.0,-24.72915690782362,LAGGARD
2026-01-23,ENERGY,XLE,49.18999862670898,0.0314531357348355,0.1128958773220998,0.116305461471037,0.1295063028347625,0.0774285388660469,0.1144604165778884,0.1057932148419709,0.0476824025358042,0.0719227578302752,0.1187331842698431,1.0,1.0,1.0,1.0,0.1373107365478513,0.1377590649449308,0.0692615323500988,0.1563034310185168,1.5239074326417144,0.0,-16.411458969836247,LAGGARD
2026-01-30,SEMI,SOXX,346.29998779296875,0.0046125623779542,0.103956087531523,0.1763706163766953,0.4597031688356927,0.5875852933621575,0.0910749773933365,0.1450726434167526,0.3467101763143945,0.0864586080582712,0.3032821623890835,1.0,1.0,1.0,1.0,0.1491988081150552,0.2955351092144004,0.9119852052568848,0.298407808014175,0.9737635361010316,100.0,0.0,HOLD
2026-01-30,MATERIALS,XLB,49.27000045776367,-0.0140084199687678,0.0683001213970362,0.148217213539215,0.1363007325696665,0.1098096621181017,0.0554190112588497,0.1169192405792722,0.0233077400483683,0.0534080289312799,0.0979234435174916,1.0,1.0,1.0,1.0,0.0825715784966469,0.1665080233550071,0.1254232122701078,0.1361195486102395,1.2563592993919552,34.30531901800248,-33.5291743677969,LAGGARD
2026-01-30,HEALTHCARE,XLV,154.74000549316406,-0.0173989732582641,-0.0049513795953354,0.058847722317185,0.1800503296819915,0.0535848753157313,-0.0178324897335219,0.0275497493572423,0.0670573371606932,-0.0059996758362506,0.0868424288611602,0.3333333333333333,0.8333333333333334,0.3333333333333333,0.8333333333333334,-0.0274844002996085,0.0652894672838298,0.1600852178592108,0.1287545519373604,1.086528997338657,29.024326239102287,-61.52518339606164,LAGGARD
2026-01-30,CONSUMER_DISCRETIONARY,XLY,121.16999816894533,-0.0159181282237724,0.0238276276399009,0.0274739070243801,0.1214771643521803,0.0438041015167895,0.0109465175017144,-0.0038240659355626,0.0084841718308821,-0.0001815500262674,0.0568548883656176,0.5,0.6666666666666666,0.6666666666666666,0.8333333333333334,0.0140405722232771,-0.0177991265462597,-0.0248549190389124,0.1910294396678659,0.9343070040259774,23.363710759535884,-24.838317965128617,LAGGARD
2026-01-30,FINANCIALS,XLF,53.43999862670898,0.0069719037876845,-0.0271254627742356,0.0125047340408617,0.0396886583710114,0.0382746718337643,-0.0400065729124221,-0.018793238919081,-0.0733043341502868,-0.0177012527504273,0.013171781000095,0.5,1.0,0.5,0.6666666666666666,-0.0218397385562504,0.0402588748437435,0.0643880517166145,0.1316847112444633,1.1269631543980108,21.98019284273628,-63.89828609471032,LAGGARD
2026-01-30,POWER_INDUSTRIALS,XLI,165.44000244140625,0.0074290659580711,0.0472212110116341,0.0789799808630724,0.1048483796733861,0.1958076988997128,0.0343401008734476,0.0476820079031297,-0.0081446128479121,0.037534113855169,0.0918636741696279,1.0,1.0,1.0,0.8333333333333334,0.0474460476688876,0.0464488058129217,-0.0121671221773527,0.1148978105783597,1.094964685701575,18.806372696225758,-54.73270967574049,LAGGARD
2026-01-30,NUCLEAR,URA,54.9900016784668,-0.0352631284479509,0.193877551865512,0.1499373071810918,0.4387755081671647,0.9424232679559428,0.1809964417273255,0.1186393342211491,0.3257825156458664,0.113653882084848,0.2828798143745674,0.8333333333333334,0.8333333333333334,0.8333333333333334,0.6666666666666666,0.0859776977531152,0.0709363753371857,0.2743464041721695,0.426390781708467,1.3897347787738807,7.895295930664446,-58.85538862178879,LAGGARD
2026-01-30,DEFENSIVE,XLU,43.25,0.0162123732247339,0.001621113810317,-0.0355669790898963,0.0081584723000525,0.110683141378818,-0.0112599963278694,-0.0668649520498391,-0.1048345202212457,0.0017487198924899,0.0139550725654158,0.8333333333333334,0.8333333333333334,0.8333333333333334,0.8333333333333334,0.0404959216212592,0.0391920143823668,0.0006631148007469,0.1436455151003455,1.287740180869212,0.38677853527317296,-37.41701979949962,LAGGARD
2026-01-30,AI_SOFTWARE,IGV,90.30999755859376,-0.0757343321585892,-0.1199571707124933,-0.1751005225661218,-0.1686458635554074,-0.1222665167234935,-0.1328382808506798,-0.2063984955260646,-0.2816388560767057,-0.1243346158229248,-0.1584822906417128,0.0,0.0,0.0,0.0,-0.1250349010397923,-0.2094722875034446,-0.2626322447274462,0.2922202892336106,1.831785664561566,0.0,0.0,LAGGARD
2026-01-30,COMMUNICATION_SERVICES,XLC,120.08000183105467,0.0266758102856059,0.027202739637876,0.0710909033744775,0.1315491775646631,0.1728853785161221,0.0143216294996895,0.0397929304145348,0.0185561850433648,0.0258162760616287,0.0816556434120456,0.6666666666666666,0.5,0.6666666666666666,0.6666666666666666,0.0063710223831856,-0.004038613080612,-0.0474075868765119,0.1128383502641208,1.27499004042052,0.0,-40.945714072219,LAGGARD
2026-01-30,CONSUMER_STAPLES,XLP,83.51000213623047,0.00723674403111,0.0749131099489108,0.0886455890094548,0.0417913962210132,0.0573562748386384,0.0620319998107243,0.0573476160495121,-0.071201596300285,0.0442274391233035,0.0413237796689736,1.0,0.6666666666666666,1.0,1.0,0.064569362239401,0.0414732175442283,-0.0404184386688702,0.1008344320894799,1.5036231653073155,0.0,-31.81876078983093,LAGGARD
2026-01-30,ENERGY,XLE,51.04999923706055,0.0378125769928692,0.1182912931146429,0.1402724752085153,0.1928963996102135,0.1649931445136521,0.1054101829764564,0.1089745022485726,0.0799034070889153,0.0972949156288018,0.1545659530043994,1.0,1.0,1.0,1.0,0.1162336108949573,0.1505156992370109,0.1157079245026261,0.1668776464301011,1.878445155646171,0.0,-77.10371360222459,LAGGARD
2026-02-06,SEMI,SOXX,348.510009765625,0.006381813602539,0.0600097665903711,0.207923274075511,0.4349652767830172,0.6069996662161805,0.0649804643162846,0.1801078727016591,0.3510957217817849,0.0759171567674321,0.2923298156025793,1.0,1.0,1.0,0.8333333333333334,0.066204800520618,0.294070037938285,0.7749346991120921,0.2889891394366938,1.1475476065656618,100.0,0.0,HOLD
2026-02-06,CONSUMER_DISCRETIONARY,XLY,117.98999786376952,-0.0262441227468036,-0.0516036139326562,0.0220451139128845,0.0545178166716966,0.0461033505278243,-0.0466329162067427,-0.0057702874609673,-0.0293517383295356,-0.0262280648846859,0.0252566705419943,0.5,0.6666666666666666,0.3333333333333333,0.6666666666666666,-0.030915950569974,-0.017901203257172,-0.0552419130341158,0.1943314558677562,0.894405010213205,41.22832510448946,-13.414861728046986,WATCH
2026-02-06,FINANCIALS,XLF,54.2599983215332,0.0153443060609359,-0.0263771977889404,0.0345090091947657,0.0464802298618189,0.0470860409316578,-0.0214065000630269,0.0066936078209138,-0.0373893251394132,-0.0043306152285088,0.0265287224670434,0.6666666666666666,1.0,0.3333333333333333,1.0,0.0068507447818091,0.0808641603881698,0.1115296713753248,0.1335763602565791,1.274474525404062,39.71694104328281,-52.4517803415329,LAGGARD
2026-02-06,POWER_INDUSTRIALS,XLI,173.17999267578125,0.0467842729699925,0.0694744674170704,0.1392671464638024,0.1481800077796251,0.2610499553391816,0.0744451651429839,0.1114517450899506,0.0643104527783928,0.0729597370334822,0.1357126375217123,1.0,1.0,1.0,1.0,0.1445529189566193,0.1487097207488078,0.0984237156257557,0.1363842137439446,1.1730441996705352,20.917351423691983,-20.843056952515433,LAGGARD
2026-02-06,HEALTHCARE,XLV,157.7100067138672,0.0191934930546084,0.0025428082224998,0.0387275558973867,0.2116625866366492,0.0770334945181732,0.0075135059484133,0.0109121545235348,0.127793031635417,0.0130396094855602,0.103984676444889,0.6666666666666666,0.8333333333333334,0.6666666666666666,0.6666666666666666,0.0206847198054709,0.0436846317457349,0.2543790468916129,0.1091697904782986,1.07585237083896,19.42980402434182,-75.55920355373352,LAGGARD
2026-02-06,DEFENSIVE,XLU,43.34999847412109,0.0023121034478865,0.0197600608269701,-0.0232087104372367,0.0060338435974127,0.1095469365940093,0.0247307585528836,-0.0510241118110885,-0.0778357114038195,0.008655558593885,0.0142337509244643,1.0,1.0,1.0,0.8333333333333334,0.096455575749682,0.0667015646909692,0.0542791182038074,0.1429230808134348,1.376215810801428,0.9627802995552486,-65.37455182888179,LAGGARD
2026-02-06,NUCLEAR,URA,52.15999984741211,-0.0514639342548496,0.0367719821829151,0.1655865887689855,0.305632011296469,0.7924398338024252,0.0417426799088286,0.1377711873951337,0.2217624562952367,0.041824780607288,0.1984605657564622,0.6666666666666666,0.8333333333333334,0.5,0.8333333333333334,-0.0320168053782461,0.0901233150754858,0.1322826581036145,0.416150736798499,1.510068835606144,0.5713993064519727,-59.39079156898288,LAGGARD
2026-02-06,AI_SOFTWARE,IGV,82.45999908447266,-0.0869228068468052,-0.2146666753859747,-0.2325018874655811,-0.2478336116906015,-0.2118142141114917,-0.2096959776600612,-0.2603172888394329,-0.3317031666918338,-0.1833217853451216,-0.2285725729562647,0.0,0.0,0.0,0.0,-0.2006402192686018,-0.2602031905349863,-0.3277631203300699,0.3284074469903991,3.520281084499739,0.0,-14.797225647356449,LAGGARD
2026-02-06,COMMUNICATION_SERVICES,XLC,115.76000213623048,-0.0359760128993185,-0.0182342588338823,0.039791612613987,0.0755366077327881,0.1267277062797402,-0.0132635611079687,0.0119762112401351,-0.0083329472684441,-0.0114009848098914,0.0384530985269206,0.5,0.3333333333333333,0.1666666666666666,0.6666666666666666,-0.0253076524628862,-0.0322869962401393,-0.0856597537571908,0.141051967465406,1.5134574587058338,0.0,0.0,LAGGARD
2026-02-06,CONSUMER_STAPLES,XLP,87.94000244140625,0.0530475415142379,0.1096530276518139,0.1382345328743845,0.0661978523551267,0.1082546204469891,0.1146237253777274,0.1104191315005327,-0.0176717026461055,0.0879624060291603,0.0943868433465382,1.0,1.0,1.0,1.0,0.1381125098023539,0.1155855563276635,0.0304478488153857,0.1388480349579527,1.6328445216835916,0.0,-25.71565305487853,LAGGARD
2026-02-06,ENERGY,XLE,53.25,0.0430950204861575,0.140989974056461,0.1573571385043584,0.2539738563207059,0.202574558897618,0.1459606717823746,0.1295417371305065,0.1701043013194736,0.1251743358423851,0.1960312059798699,1.0,1.0,1.0,1.0,0.142849379103529,0.1717098108869238,0.1986620161382091,0.1768353611449666,1.7354559509007288,0.0,-30.463612369086917,LAGGARD
2026-02-06,MATERIALS,XLB,51.5099983215332,0.0454637272774078,0.0673435580819297,0.1872767157851274,0.1660441247573123,0.1668365112107337,0.0723142558078432,0.1594613144112755,0.08217456975608,0.0854950889098673,0.1420842574179392,1.0,0.8333333333333334,1.0,1.0,0.0560064759618541,0.1807714415276832,0.1234770596849931,0.1530850602106757,1.4181677994197053,0.0,-75.8640648111454,LAGGARD
2026-02-13,SEMI,SOXX,354.6600036621094,0.0176465344585663,0.0355943656318979,0.3095300418939222,0.4282377303535107,0.5899044784924068,0.0499221763037762,0.2750551777858858,0.3686983833852868,0.0798155013593606,0.2958279322553219,0.8333333333333334,1.0,0.8333333333333334,1.0,0.0663385645350121,0.432571277234953,0.9049836296728156,0.2288506281404213,1.2417224368357067,100.0,0.0,HOLD
2026-02-13,CONSUMER_DISCRETIONARY,XLY,116.18000030517578,-0.0153402626609381,-0.0500409042834776,0.0304212887377008,0.0144953170692385,0.0236123374905354,-0.0357130936115993,-0.0040535753703354,-0.0450440298989853,-0.0383485173838804,0.0062555382085027,0.3333333333333333,0.6666666666666666,0.3333333333333333,0.8333333333333334,-0.0173065676319156,-0.0008461384955415,-0.0599601786830085,0.1900347748389819,0.9739003726737846,31.98228795845809,-13.071782483091443,LAGGARD
2026-02-13,POWER_INDUSTRIALS,XLI,174.1699981689453,0.0057166274109821,0.0435590445675508,0.1640044943215239,0.1577372729489383,0.2662304202451235,0.0578868552394291,0.1295296302134876,0.0981979259807144,0.0661532860879359,0.1351220051134218,1.0,1.0,1.0,1.0,0.1169362298263134,0.2035324664937902,0.1664519509619476,0.1231911227150246,1.230672227141064,25.524767544982872,-44.16565328160805,LAGGARD
2026-02-13,NUCLEAR,URA,51.90999984741211,-0.0047929447992972,-0.0457720883938259,0.2481365630430771,0.3306844932305011,0.8519442945338165,-0.0314442777219476,0.2136616989350408,0.2711451462622771,0.028633692619884,0.1759975073379018,0.6666666666666666,0.6666666666666666,0.0,0.6666666666666666,-0.0900289405119179,0.112865449437788,0.1768247811701917,0.3729318659606531,1.497249844976872,15.132756965142974,-50.24509358455592,LAGGARD
2026-02-13,FINANCIALS,XLF,51.650001525878906,-0.0481016748321297,-0.0512490295960673,-0.000387006846817,-0.015440289224738,-0.0028957087527199,-0.036921218924189,-0.0348618709548533,-0.074979636192962,-0.048680274441519,-0.0236755966288582,0.1666666666666666,0.8333333333333334,0.1666666666666666,0.8333333333333334,-0.0180645165314295,0.0392616291923139,0.0612908665395999,0.1680442629565926,1.2655438061663606,13.252712311479797,-77.24369136723362,LAGGARD
2026-02-13,AI_SOFTWARE,IGV,82.7699966430664,0.0037593689308217,-0.1580714200126528,-0.1798454404992642,-0.2414077886531164,-0.2247096760315886,-0.1437436093407745,-0.2143203046073005,-0.3009471356213403,-0.1579943530015571,-0.2225961198035022,0.0,0.0,0.0,0.0,-0.132382575145643,-0.1916862894395089,-0.2844386770347273,0.3187003819397639,4.46061228850641,0.0,-2.9428227711985,LAGGARD
2026-02-13,COMMUNICATION_SERVICES,XLC,114.58000183105467,-0.010193506249137,-0.0051228301404081,0.0239499577178825,0.0278076639825315,0.0880258711173473,0.0092049805314701,-0.0105249063901537,-0.0317316829856924,-0.019342682871995,0.0238721915103901,0.1666666666666666,0.3333333333333333,0.3333333333333333,0.8333333333333334,0.0064390485799369,-0.0483474972489896,-0.1031622968881712,0.1437623058323693,1.4634954153897113,0.0,-0.03788126885108767,LAGGARD
2026-02-13,CONSUMER_STAPLES,XLP,89.51000213623047,0.017853077680664,0.0901230236374641,0.1490372321301514,0.0913192611523623,0.1104081560413239,0.1044508343093424,0.114562368022115,0.0317799141841383,0.0924513411359841,0.1109525412019485,1.0,1.0,1.0,1.0,0.1183613279767571,0.1032557542136944,0.0643935140921224,0.1393861646018487,1.4773496340203232,0.0,0.0,LAGGARD
2026-02-13,DEFENSIVE,XLU,46.5,0.0726643976183616,0.071675516342448,0.0550198342616845,0.0861947794519615,0.1757269506196834,0.0860033270143263,0.0205449701536482,0.0266554324837375,0.0739526086461648,0.0838876638545964,1.0,1.0,1.0,1.0,0.0996716794298843,0.058357076651697,0.0863888642504637,0.2097753648708965,1.5282061921152186,0.0,-24.441282189074336,LAGGARD
2026-02-13,ENERGY,XLE,54.34999847412109,0.0206572483403022,0.1396519194630916,0.2156117107369013,0.27045348351958,0.2068390953318557,0.1539797301349699,0.1811368466288649,0.210914136551356,0.128319023842963,0.2118002567446872,1.0,1.0,1.0,1.0,0.136981949980901,0.2182408259376086,0.2274879559758353,0.1509248552502709,1.6627221500241618,0.0,-15.709253019662498,LAGGARD
2026-02-13,HEALTHCARE,XLV,157.6699981689453,-0.0002536842509585,0.0123924014877858,0.0197917181716178,0.1575507701145524,0.0888811798753015,0.0267202121596641,-0.0146831459364185,0.0980114231463284,0.0099217753594791,0.0988987890492376,0.6666666666666666,0.8333333333333334,0.8333333333333334,0.5,0.0490986256287668,0.0210522477860238,0.197974426020324,0.1037925213331523,1.071382867730545,0.0,-64.67656045070974,LAGGARD
2026-02-13,MATERIALS,XLB,53.310001373291016,0.0349447313222943,0.095110949858046,0.2347423813624711,0.1842719559283183,0.186644458066308,0.1094387605299243,0.2002675172544348,0.1247326089600944,0.1020155322644138,0.1748113413516387,1.0,1.0,1.0,1.0,0.0876820287939349,0.2429195854411776,0.1837253697401333,0.1515828446002687,1.5399428736560627,0.0,-82.9354085689258,LAGGARD
2026-02-20,SEMI,SOXX,359.42999267578125,0.0134494698145222,0.0427025661732853,0.211262399759101,0.4429724114179776,0.6047414926867425,0.0424123695586586,0.202424140642232,0.3746021780663993,0.0747219032763408,0.2959378965952939,1.0,1.0,1.0,1.0,0.0748865977472967,0.3795852777448334,0.9847423474094512,0.1590958451439138,1.2364143903342295,100.0,0.0,HOLD
2026-02-20,POWER_INDUSTRIALS,XLI,177.22999572753906,0.0175690279081563,0.079222959506322,0.1531654168273395,0.1573070160239207,0.3143725937475174,0.0789327628916953,0.1443271577104705,0.0889367826723424,0.0714458315333987,0.1488038874718564,1.0,1.0,1.0,1.0,0.1366316002636609,0.1866716467734905,0.1709416519031138,0.1195090585172696,1.2419445182968658,27.38224376989649,-12.49063947242724,LAGGARD
2026-02-20,HEALTHCARE,XLV,156.82000732421875,-0.0053909485291918,-0.0041909348566543,-0.005264742178237,0.1349787175394574,0.0709555088993456,-0.004481131471281,-0.0141030012951059,0.0666084841878791,0.0027046917256234,0.0884741415099914,0.6666666666666666,0.8333333333333334,0.5,0.3333333333333333,0.0022684616998471,0.0142106378028406,0.1509844102023422,0.0961518483502815,1.0739370068084997,13.534885691981955,-73.19368407855653,LAGGARD
2026-02-20,CONSUMER_DISCRETIONARY,XLY,117.4499969482422,0.0109312845561235,-0.0461301098990978,-0.0065973643452972,0.0077219551515987,0.0755986746324359,-0.0464203065137245,-0.0154356234621662,-0.0606482781999795,-0.0252141523141298,0.0153611486197944,0.5,0.6666666666666666,0.3333333333333333,0.5,-0.0310140864622148,-0.0104432814262031,-0.0774109393126274,0.1611036418852963,1.0619928092473434,12.332215598050503,-39.05616644099908,LAGGARD
2026-02-20,AI_SOFTWARE,IGV,80.77999877929688,-0.0240425026516686,-0.1732678381312785,-0.2239408048678016,-0.2482784341381116,-0.1958188030516363,-0.1735580347459052,-0.2327790639846706,-0.31664866748969,-0.1548617998171442,-0.236918493952856,0.0,0.0,0.0,0.0,-0.160462556419241,-0.2156669304772947,-0.2954687617525446,0.3005281508455679,4.561833114679664,0.0,0.0,LAGGARD
2026-02-20,COMMUNICATION_SERVICES,XLC,116.8000030517578,0.0193751194381761,-0.0013679551467787,0.012219461561379,0.0493217645636379,0.1337605014338625,-0.0016581517614054,0.0033812024445101,-0.0190484687879404,-0.000556179037867,0.0402194635233947,0.1666666666666666,0.3333333333333333,0.1666666666666666,0.6666666666666666,-0.0040449041870528,-0.0453995465919436,-0.0945630522949566,0.134275055932455,1.4456872148233062,0.0,-14.39467669298061,LAGGARD
2026-02-20,CONSUMER_STAPLES,XLP,87.88999938964844,-0.0180985667290729,0.0600650766804267,0.1073452985792331,0.0657208450190331,0.0694816143011505,0.0597748800658,0.0985070394623641,-0.0026493883325451,0.0617042086687567,0.0888795157204129,1.0,1.0,1.0,1.0,0.0686956372008752,0.0886171653511889,0.034591734225424,0.151274190124747,1.496078647021932,0.0,0.0,LAGGARD
2026-02-20,DEFENSIVE,XLU,46.33000183105469,-0.0036558746009744,0.0885808349651411,0.0223988355976128,0.0769409887975411,0.1543541489622473,0.0882906383505144,0.0135605764807438,0.0085707554459628,0.061446157433189,0.0766375571236115,1.0,1.0,0.8333333333333334,0.8333333333333334,0.0684225791559201,0.070072306355264,0.0619459922817243,0.2034409175741229,1.5110192161719955,0.0,-42.87009071191467,LAGGARD
2026-02-20,ENERGY,XLE,54.880001068115234,0.0097516579369638,0.1156739703244618,0.2134881795412107,0.2452916144349461,0.2070823904966254,0.1153837737098351,0.2046499204243417,0.1769213810833678,0.1175824001336396,0.215392868402005,1.0,1.0,1.0,1.0,0.0983092013014919,0.2384220996455302,0.1786832467564305,0.1512507616791153,1.600714627691307,0.0,0.0,LAGGARD
2026-02-20,FINANCIALS,XLF,52.4900016784668,0.0162633132192071,-0.0109289244336284,-0.0157509867569279,-0.0201605007002038,0.0342857473589517,-0.0112191210482551,-0.0245892458737969,-0.0885307340517821,-0.0288082237609232,-0.0082191427938784,0.1666666666666666,0.8333333333333334,0.6666666666666666,0.5,0.0173653166782257,0.034118249279739,0.0380179319320718,0.1566643442320608,1.270557155805084,0.0,-54.21624077735787,LAGGARD
2026-02-20,MATERIALS,XLB,52.959999084472656,-0.0065654151154029,0.0598358573289516,0.1847874313322501,0.1490561707342286,0.2026796699894859,0.0595456607143249,0.1759491722153812,0.0806859373826502,0.077386267139442,0.1610629430750199,1.0,1.0,0.8333333333333334,1.0,0.0526258187838641,0.2185451184923427,0.1480751821491133,0.153920520945694,1.5723701126744285,0.0,-66.76099921519776,LAGGARD
2026-02-20,NUCLEAR,URA,54.36000061035156,0.0471970866912185,-0.046315778765762,0.2005300811802646,0.3782962095120021,1.085955553506217,-0.0466059753803888,0.1916918220633956,0.3099259761604238,0.0597317509915342,0.2131897716083406,0.6666666666666666,0.6666666666666666,0.1666666666666666,0.6666666666666666,-0.0667679264440572,0.0982490082140116,0.2366306578672197,0.3456967339276646,1.3787561155801928,0.0,-24.786745545151263,LAGGARD
2026-02-27,SEMI,SOXX,352.2900085449219,-0.0198647421649642,0.0172972017415553,0.1386231916435887,0.4360427116705971,0.689478233870574,0.0259391670318607,0.1381856939523571,0.3725747584636185,0.0370987731051022,0.2532796300660815,0.8333333333333334,1.0,0.6666666666666666,0.8333333333333334,0.0257136730272055,0.3039676579478591,0.9314443750873752,0.1633429317253101,1.2902271317264464,100.0,0.0,HOLD
2026-02-27,NUCLEAR,URA,54.34000015258789,-0.0003679260032948,-0.0118203583567708,0.1339733353287788,0.3361200540717182,1.1911291058180136,-0.0031783930664655,0.1335358376375472,0.2726521008647395,0.042174092813227,0.1977011417325178,0.8333333333333334,0.8333333333333334,0.3333333333333333,0.6666666666666666,-0.0211633451561442,0.0819701627185347,0.205093261122861,0.3334170329916278,0.9819315824503062,71.35062420691465,63.4553282762502,IMPROVING
2026-02-27,POWER_INDUSTRIALS,XLI,177.13999938964844,-0.0005077940532649,0.0707204834114165,0.1459438303232152,0.1653181092752582,0.2993471503738925,0.0793624487017219,0.1455063326319836,0.1018501560682796,0.0572997591517512,0.14150388826322,1.0,1.0,1.0,1.0,0.119234374820323,0.1934595778515799,0.1912955454148791,0.1217714741721197,1.2487232455625066,35.407581669785884,16.601208973560126,EARLY TURN
2026-02-27,MATERIALS,XLB,53.40999984741211,0.0084969934048089,0.084026777982221,0.2113857941158836,0.1575639478529058,0.2034699991430255,0.0926687432725263,0.210948296424652,0.0940959946459272,0.0690552444062648,0.1641904129205602,1.0,1.0,1.0,1.0,0.0948677009989577,0.2634652019529002,0.1746885999224355,0.1411985223091116,1.5518827332885876,8.535947934518603,-25.769371083483875,LAGGARD
2026-02-27,AI_SOFTWARE,IGV,81.56999969482422,0.0097796599092028,-0.0967777444363118,-0.2547962691661007,-0.2454208987398654,-0.1631271296475747,-0.0881357791460064,-0.2552337668573323,-0.308888851946844,-0.1225541279298214,-0.2257329653790366,0.0,0.0,0.0,0.0,-0.0828364181169199,-0.2387357649136536,-0.2918875435545884,0.2637378147733481,5.261344452305904,0.0,0.0,LAGGARD
2026-02-27,COMMUNICATION_SERVICES,XLC,118.0500030517578,0.0107020545148965,-0.0169053859788657,0.0078545703057548,0.059789960486599,0.1573529710956649,-0.0082634206885603,0.0074170726145232,-0.0036779927203796,0.0088191686888787,0.0471877816638737,0.5,0.3333333333333333,0.3333333333333333,0.5,0.0092584800381097,-0.0098570293065942,-0.0709151536439548,0.1324284312391422,1.38370437269696,0.0,0.0,LAGGARD
2026-02-27,CONSUMER_DISCRETIONARY,XLY,116.86000061035156,-0.0050233831691849,-0.0355698409154416,-0.0239706227855528,0.0085440393570608,0.0822374233872236,-0.0269278756251363,-0.0244081204767844,-0.0549239138499177,-0.0260773848453184,0.007748266738677,0.3333333333333333,0.6666666666666666,0.5,0.3333333333333333,-0.0109832698665231,-0.0189075898214642,-0.0703737721894339,0.1585395702191641,1.1516082519589097,0.0,-23.363710759535884,LAGGARD
2026-02-27,CONSUMER_STAPLES,XLP,90.01000213623047,0.0241210918341605,0.0778349878305175,0.1472088094128409,0.1142609989652432,0.0834135791097852,0.0864769531208229,0.1467713117216094,0.0507930457582646,0.0727608625462923,0.1122472822734783,1.0,1.0,1.0,1.0,0.0959023021844568,0.1478454147690688,0.0855159265600168,0.1468887424026183,1.5359737756660132,0.0,0.0,LAGGARD
2026-02-27,DEFENSIVE,XLU,47.72999954223633,0.0302179506982716,0.1035838044447705,0.1023094776727879,0.1321157427652628,0.2049987075678738,0.1122257697350759,0.1018719799815564,0.0686477895582842,0.080891339205728,0.1045510867776211,1.0,1.0,1.0,1.0,0.0922753894388,0.1421932353350841,0.1133938644767021,0.1805630730481331,1.539384577728123,0.0,-0.38677853527317296,LAGGARD
2026-02-27,ENERGY,XLE,55.91999816894531,0.0189503841215175,0.095396650434214,0.2177700435267608,0.2373049794565953,0.2290109487680287,0.1040386157245194,0.2173325458355293,0.1738370262496167,0.1120612262672782,0.2282753435098687,1.0,1.0,1.0,1.0,0.0878907015392482,0.2398786956639893,0.174902638714489,0.1513127073847902,1.439623045150522,0.0,0.0,LAGGARD
2026-02-27,FINANCIALS,XLF,51.43000030517578,-0.0201943482452938,-0.0376122450072186,-0.0419150519226628,-0.0474162121449245,-0.0143733230282409,-0.0289702797169132,-0.0423525496138944,-0.1108841653519031,-0.042378867557256,-0.0288805509026628,0.0,0.5,0.0,0.3333333333333333,-0.0445363897844624,-0.0311352166501534,-0.0284527881338806,0.1603337851670317,1.4473831394518275,0.0,-21.98019284273628,LAGGARD
2026-02-27,HEALTHCARE,XLV,160.1999969482422,0.0215533061227031,0.0352849377100437,0.0452825439785378,0.1656843883138299,0.0756731674391175,0.043926903000349,0.0448450462873062,0.1022164351068513,0.0208828267791643,0.1062026879063926,0.6666666666666666,0.8333333333333334,1.0,0.8333333333333334,0.0633822475329262,0.0781098356046416,0.1907519884288582,0.0835543839004677,1.1576085265584326,0.0,-29.024326239102287,LAGGARD
2026-03-06,NUCLEAR,URA,48.77999877929688,-0.1023187588825619,-0.0648006341641684,0.0592833786637558,0.1976429984663474,1.0375938885173075,-0.0383895971780761,0.0730418930213773,0.1588011236938478,-0.0696344090972077,0.0653097070753494,0.1666666666666666,0.6666666666666666,0.1666666666666666,0.6666666666666666,-0.0135181578368956,0.041453460090318,0.1360760574964738,0.3984421479375895,0.8637073142976359,81.78578965801637,81.21439035156439,LEADER
2026-03-06,SEMI,SOXX,323.510009765625,-0.0816940534253812,-0.0717339511046257,0.0802390740542409,0.309492029019925,0.5870002456676193,-0.0453229141185334,0.0939975884118623,0.2706501542474253,-0.0524989846169364,0.1388841630968742,0.0,1.0,0.1666666666666666,1.0,-0.0331217024630703,0.2139430063466789,0.6981620596930549,0.240029237567591,1.2378273172541303,77.16673151328123,-22.833268486718765,DECELERATING
2026-03-06,CONSUMER_STAPLES,XLP,85.77999877929688,-0.0469948145377384,-0.0245622424623943,0.0800805937671054,0.0607146762205639,0.0352401417745165,0.001848794523698,0.0938391081247268,0.0218728014480642,0.0132293572860631,0.0590123256211818,1.0,1.0,0.0,1.0,-0.0083781137485417,0.0963699886604096,0.0463444195315706,0.1909897264553375,1.36194818374459,73.85591403363009,73.85591403363009,IMPROVING
2026-03-06,DEFENSIVE,XLU,46.7400016784668,-0.020741627346832,0.0782007687121246,0.0912911435968488,0.1199233495847569,0.2094708532750673,0.104611805698217,0.1050496579544703,0.0810814748122572,0.0490640926161984,0.0780359793899161,0.8333333333333334,1.0,0.3333333333333333,0.8333333333333334,0.0203433465840983,0.0915505893689643,0.0826489283624284,0.1866259756036001,1.476325566673892,27.01473713893779,26.05195683938254,LAGGARD
2026-03-06,POWER_INDUSTRIALS,XLI,169.94000244140625,-0.0406457997801197,-0.0187088022369924,0.0842158765192711,0.1259524990931468,0.2658473179993017,0.0077022347490999,0.0979743908768925,0.0871106243206472,0.0066760558843024,0.0903427509523511,0.5,0.8333333333333334,0.3333333333333333,1.0,0.0041553235550431,0.1209871983318416,0.147103260454869,0.1627944796881116,1.3016235710825232,22.22691028610224,1.309558862410256,LAGGARD
2026-03-06,MATERIALS,XLB,49.86000061035156,-0.0664669396592885,-0.0320325716355512,0.104318913074078,0.0843845390766291,0.1355044587477976,-0.0056215346494589,0.1180774274316994,0.0455426643041294,-0.009436758488139,0.082862566934186,0.3333333333333333,0.6666666666666666,0.3333333333333333,1.0,0.0112271058958683,0.1521550703830387,0.0860313650678896,0.2208941242922184,1.3224884664883674,15.736674936223295,15.736674936223295,LAGGARD
2026-03-06,HEALTHCARE,XLV,152.6999969482422,-0.0468164802925877,-0.0317672281551204,-0.0088277335577284,0.1073241748137243,0.0229099557670924,-0.005356191169028,0.0049307807998929,0.0684823000412246,-0.0248295113796412,0.0507754150745785,0.5,0.8333333333333334,0.5,0.5,0.0132268171201323,0.0327743959809435,0.156866783821986,0.1341500794698065,1.147337027195115,8.653456351079555,-10.776347673262265,LAGGARD
2026-03-06,AI_SOFTWARE,IGV,87.97000122070312,0.078460237217397,0.0668203031458438,-0.1852366377130782,-0.1865174614646434,-0.0583386539826958,0.0932313401319362,-0.1714781233554567,-0.2253593362371431,-0.0327652340995636,-0.1618651859376279,0.1666666666666666,0.0,1.0,0.0,0.0946904075600687,-0.1481001445990302,-0.2015397536711977,0.3390635059886125,3.87114399937316,0.0,0.0,LAGGARD
2026-03-06,COMMUNICATION_SERVICES,XLC,117.45999908447266,-0.0049979157308998,0.0146855296896208,0.0078077735640276,0.0241520322966386,0.1712034900010353,0.0410965666757132,0.021566287921649,-0.014689842475861,0.0042148446659282,0.0382561814873874,0.5,0.3333333333333333,0.5,0.6666666666666666,0.0556531972690451,0.0236553024334561,-0.0912873645064646,0.1324379646496687,1.2700797513680289,0.0,0.0,LAGGARD
2026-03-06,CONSUMER_DISCRETIONARY,XLY,114.44000244140624,-0.0207085243565449,-0.0300872572814356,-0.0518640817324983,-0.026498216627816,0.1128507167817525,-0.0036762202953433,-0.0381055673748769,-0.0653400914003157,-0.0401583306054414,-0.014722320779972,0.1666666666666666,0.3333333333333333,0.3333333333333333,0.1666666666666666,-0.0114851856484858,-0.0477208463089893,-0.0903103016979259,0.1613515094300601,1.201891083155681,0.0,-41.22832510448946,LAGGARD
2026-03-06,ENERGY,XLE,56.56999969482422,0.0116237758791608,0.062347412109375,0.2430235504548006,0.2951007165657244,0.2940638109885793,0.0887584490954673,0.256782064812422,0.2562588417932248,0.097977570717056,0.2318613780459855,0.8333333333333334,1.0,0.8333333333333334,1.0,0.0698997116580864,0.2541129934756447,0.2528908548513686,0.1404823250504125,1.6006635536802891,0.0,0.0,LAGGARD
2026-03-06,FINANCIALS,XLF,50.56999969482422,-0.0167217694973456,-0.068005874324633,-0.0797088445368919,-0.0471075940150008,0.0295195601479996,-0.0415948373385406,-0.0659503301792705,-0.0859494687875005,-0.0494539603697258,-0.0449435580543625,0.0,0.5,0.0,0.0,-0.0824379582334159,-0.0691953805442341,-0.0221321703491374,0.1498935532577646,1.473297052348292,0.0,-39.71694104328281,LAGGARD
2026-03-13,SEMI,SOXX,331.32000732421875,0.0241414402115467,-0.0658094966922941,0.1050999300297408,0.2960413398343748,0.64737477808294,-0.0372652767104001,0.1319884357468709,0.2886182627863185,-0.0346097405474118,0.1547942906257755,0.3333333333333333,1.0,0.1666666666666666,0.8333333333333334,-0.0100266950417323,0.2526458870703317,0.6829681646295499,0.2421467106073051,1.3146207404368442,88.09436759979198,-11.90563240020802,DECELERATING
2026-03-13,NUCLEAR,URA,49.290000915527344,0.0104551486058446,-0.0504719502906216,0.0740902499694924,0.1721760240149032,1.06234316745811,-0.0219277303087276,0.1009787556866225,0.1647529469668469,-0.0656632582635424,0.0673278569044881,0.1666666666666666,0.6666666666666666,0.3333333333333333,0.6666666666666666,0.0115955030049333,0.0551208471504299,0.1278311317958504,0.3978955238841891,0.8297707377034236,80.12304502907436,64.99028806393139,LEADER
2026-03-13,CONSUMER_STAPLES,XLP,84.73999786376953,-0.0121240490828539,-0.0532901816402728,0.0756537087690196,0.055029857890178,0.0657778340714683,-0.0247459616583788,0.1025422144861497,0.0476067808421216,-0.0073215374574444,0.0451889127170284,0.6666666666666666,0.8333333333333334,0.0,1.0,-0.0098895513715591,0.1246291612884999,0.082842245169219,0.1926612248508737,1.1936197257419003,76.82036068309623,76.82036068309623,LEADER
2026-03-13,MATERIALS,XLB,49.18999862670898,-0.0134376649707356,-0.0772838611976889,0.0841966009423824,0.0730802457017874,0.1442195093318103,-0.0487396412157948,0.1110851066595125,0.065657168653731,-0.0286718770079287,0.065246025045303,0.3333333333333333,0.8333333333333334,0.3333333333333333,0.8333333333333334,-0.0357610892575739,0.1405388293534731,0.0946892701690602,0.2256465384786077,1.2493038943913284,22.588340473431302,22.588340473431302,LAGGARD
2026-03-13,DEFENSIVE,XLU,46.959999084472656,0.0047068335067521,0.0098924534295194,0.1015716140714808,0.0984795107478984,0.1908202725784169,0.0384366734114135,0.1284601197886109,0.091056433699842,0.0451348508049418,0.0791494840045723,0.5,0.8333333333333334,0.1666666666666666,0.8333333333333334,-0.0009863857017177,0.1037338131135984,0.1096964587569969,0.1847215523309668,1.34030006565147,12.994665102528351,12.994665102528351,LAGGARD
2026-03-13,POWER_INDUSTRIALS,XLI,164.64999389648438,-0.0311286834701901,-0.0546592660765059,0.0563967230316373,0.0862250422717174,0.2556240964348917,-0.0261150460946119,0.0832852287487674,0.0788019652236611,-0.0284989581968864,0.0530708371406563,0.3333333333333333,0.8333333333333334,0.3333333333333333,1.0,-0.0163576070712252,0.1597559924437519,0.1513657311850174,0.179901166206718,1.477595058321263,3.5138172668523637,-22.010950278130508,LAGGARD
2026-03-13,AI_SOFTWARE,IGV,84.19000244140625,-0.0429691795708112,0.0171560451362999,-0.2187267931289289,-0.2460821722766094,-0.0814968461952079,0.045700265118194,-0.1918382874117988,-0.2535052493246658,-0.0551808141775653,-0.1936943363988937,0.0,0.0,0.6666666666666666,0.0,0.0493417065700994,-0.166832432529231,-0.243270846944172,0.3418245679871154,3.113697215747931,0.0,0.0,LAGGARD
2026-03-13,COMMUNICATION_SERVICES,XLC,114.4499969482422,-0.0256257633210587,-0.0011346210572085,-0.0177651884179607,-0.024712412131121,0.1850279020334571,0.0274095989246855,0.0091233172991693,-0.0321354891791774,-0.019465087297517,0.0092547763276344,0.3333333333333333,0.3333333333333333,0.1666666666666666,0.3333333333333333,0.0483335986749864,0.0111027690322693,-0.0740239192489631,0.1434680688732569,1.3414728821298616,0.0,0.0,LAGGARD
2026-03-13,CONSUMER_DISCRETIONARY,XLY,110.86000061035156,-0.0312827835956021,-0.0457910111968489,-0.0901928436716691,-0.0708628559531464,0.1271988035619771,-0.0172467912149548,-0.063304337954539,-0.0782859330012027,-0.0643067503550309,-0.0465244990438853,0.1666666666666666,0.1666666666666666,0.1666666666666666,0.1666666666666666,-0.029016532767139,-0.0444503426851746,-0.1011083906245996,0.1671947399389708,1.3334101149446234,0.0,-31.98228795845809,LAGGARD
2026-03-13,ENERGY,XLE,57.70000076293945,0.0199752708893619,0.0616375783416713,0.3075005521499705,0.3024831096310429,0.2856506102877996,0.0901817983235654,0.3343890578671006,0.2950600325829866,0.0943160344366742,0.2456217316109021,0.8333333333333334,1.0,0.8333333333333334,1.0,0.0787236018605447,0.3293509604832713,0.294795969090063,0.0865795154906799,1.689067964137045,0.0,0.0,LAGGARD
2026-03-13,FINANCIALS,XLF,48.88999938964844,-0.0332212836724167,-0.0534366322302544,-0.1084974607291038,-0.0912639389784566,0.0076256992661583,-0.0248924122483603,-0.0816089550119737,-0.0986870160265129,-0.070479311923388,-0.0756286724699314,0.0,0.0,0.0,0.0,-0.0669715259126835,-0.0865345911652195,-0.0540799446260174,0.1590771811096835,1.5099161017591056,0.0,-13.252712311479797,LAGGARD
2026-03-13,HEALTHCARE,XLV,149.7899932861328,-0.0190569988229647,-0.0499778332867676,-0.0332387316001303,0.0845702166690587,0.0335334358376995,-0.0214336133048735,-0.0063502258830002,0.0771471396210023,-0.0399062087572046,0.0280254719405834,0.1666666666666666,0.8333333333333334,0.0,0.3333333333333333,-0.0126896128523729,0.031920889825886,0.1504923124742178,0.1384986142504821,1.2479514375656002,0.0,0.0,LAGGARD
2026-03-20,SEMI,SOXX,332.510009765625,0.0035917011200647,-0.0748963176660636,0.0864919634088225,0.2506959606047041,0.6677199399260769,-0.0156299878201879,0.146957537400212,0.2734924117189659,-0.0321941967188773,0.147785484064026,0.5,0.8333333333333334,0.0,0.8333333333333334,-0.0018663061639164,0.2563373893225651,0.6433258123833946,0.2407982376099772,1.4497162651905542,87.35275713339219,-12.647242866607812,DECELERATING
2026-03-20,NUCLEAR,URA,46.43999862670898,-0.0578211044001127,-0.1456953990933989,0.0122057006442164,-0.0604896148089587,0.8575999450683593,-0.0864290692475232,0.0726712746356058,-0.0376931636946969,-0.1131819953253768,3.227277346540269e-05,0.0,0.6666666666666666,0.0,0.6666666666666666,-0.0535926344269174,0.0266091213320422,-0.0193920083305604,0.420517700097499,0.8494362317597385,86.34336059075218,86.34336059075218,LEADER
2026-03-20,CONSUMER_STAPLES,XLP,81.29000091552734,-0.0407127334814015,-0.0750938504944219,0.0391153959770671,0.0240615234088727,0.024706908347825,-0.0158275206485463,0.0995809699684565,0.0468579745231345,-0.0500064280427754,0.0025344005565723,0.0,0.8333333333333334,0.0,0.8333333333333334,-0.0036035813829204,0.1150997228336632,0.0757474929712897,0.2152288805606845,1.1550245546686029,33.85340354405072,33.85340354405072,LAGGARD
2026-03-20,MATERIALS,XLB,46.97999954223633,-0.0449278135021674,-0.1129154011633962,0.0188679011140471,0.034459949249366,0.0952325222258694,-0.0536490713175206,0.0793334751054365,0.0572564003636277,-0.0699608108840833,0.0155779176857111,0.3333333333333333,0.8333333333333334,0.0,0.5,-0.0565130311592355,0.081175105284582,0.0609076972710045,0.2487965812674035,1.279368293510431,30.918892891968447,30.918892891968447,LAGGARD
2026-03-20,AI_SOFTWARE,IGV,82.98999786376953,-0.0142535282437114,0.027358246074139,-0.2322849302940817,-0.2918338071947421,-0.1086886766216703,0.0866245759200147,-0.1718193563026923,-0.2690373560804804,-0.045060193479502,-0.2007319663141427,0.1666666666666666,0.0,0.8333333333333334,0.0,0.0887917260508765,-0.1483660483779744,-0.2523298055157167,0.338316702511277,2.8384965031249667,0.0,0.0,LAGGARD
2026-03-20,COMMUNICATION_SERVICES,XLC,112.2300033569336,-0.0193970611664807,-0.0391267086936556,-0.0486564194657496,-0.0601289681348038,0.149897593355923,0.02013962115222,0.0118091545256397,-0.037332517020542,-0.0337827149189138,-0.0124227878514747,0.3333333333333333,0.1666666666666666,0.1666666666666666,0.1666666666666666,0.0424576713726251,0.00910784586857,-0.0800984972942367,0.1443461733346938,1.4806167950616462,0.0,0.0,LAGGARD
2026-03-20,CONSUMER_DISCRETIONARY,XLY,107.73999786376952,-0.0281436291665571,-0.082673472428881,-0.1172470694811849,-0.1073366905324267,0.0913142520028658,-0.0234071425830053,-0.0567814954897955,-0.084540239418165,-0.0776632682076391,-0.0737311964140389,0.0,0.0,0.0,0.0,-0.0463608357616107,-0.0543748885987464,-0.1146640416612652,0.1708662759299447,1.3414605167076208,0.0,-12.332215598050503,LAGGARD
2026-03-20,DEFENSIVE,XLU,44.650001525878906,-0.049190749651389,-0.0362616067079386,0.0437120804100399,0.0512066658008942,0.1339682927207341,0.023004723137937,0.1041776544014293,0.074003116915156,-0.0109865494363375,0.0237480074445735,0.0,0.6666666666666666,0.0,0.6666666666666666,-0.0041275784235268,0.0961989619933068,0.1093959718291976,0.2204251396662606,1.375126821059627,0.0,0.0,LAGGARD
2026-03-20,ENERGY,XLE,59.310001373291016,0.0279029564828994,0.0807215783337433,0.3418552115279805,0.3400362318684442,0.2821012435204362,0.139987908179619,0.4023207855193699,0.362832682982706,0.0985164529107409,0.2699194777567812,0.8333333333333334,1.0,0.8333333333333334,1.0,0.1414757950612369,0.404616173126271,0.3800004903855464,0.0724839902729008,1.6594639789607395,0.0,0.0,LAGGARD
2026-03-20,FINANCIALS,XLF,49.08000183105469,0.0038863252971625,-0.0649647502071048,-0.1175835531539529,-0.0952995054183467,-0.0076829207531721,-0.0056984203612291,-0.0571179791625635,-0.0725030543040849,-0.0549179338385522,-0.071650111764053,0.0,0.3333333333333333,0.0,0.0,-0.0365163318074363,-0.0514790408155725,-0.0267392713417932,0.1531983035394534,1.5786827870972346,0.0,0.0,LAGGARD
2026-03-20,HEALTHCARE,XLV,145.3300018310547,-0.029774962647595,-0.0732687473315121,-0.0686959372704887,0.0585622327780677,-0.0086630574323726,-0.0140024174856364,-0.0082303632790993,0.0813586838923294,-0.0612848565010234,-0.0041559031236877,0.0,0.5,0.0,0.3333333333333333,-0.0087448366780065,0.0100822580143801,0.1463477948273724,0.1472076817689127,1.3447436826236343,0.0,-13.534885691981955,LAGGARD
2026-03-20,POWER_INDUSTRIALS,XLI,161.6699981689453,-0.0180989725964556,-0.0877955082869527,0.0283696410190708,0.0558385797048532,0.2224574530733105,-0.028529178441077,0.0888352150104602,0.078635030819115,-0.0459357686140317,0.0308762252835452,0.3333333333333333,1.0,0.3333333333333333,0.8333333333333334,0.0062531336959599,0.1843183914488785,0.1771411352101972,0.1857627381094413,1.560742214571101,0.0,-27.38224376989649,LAGGARD
2026-03-27,NUCLEAR,URA,46.630001068115234,0.0040913532951092,-0.1418844141115718,0.0123751558365072,-0.0367692374490273,1.0186147315183909,-0.0662273868695647,0.0842166554375546,0.0051303427417621,-0.0961426452762638,-0.0011780844967702,0.3333333333333333,0.5,0.0,0.5,-0.0298300499431026,0.0158578646081592,0.0079908953180394,0.4205203916397736,0.7680966608756016,100.0,28.649375793085355,LEADER
2026-03-27,MATERIALS,XLB,48.90999984741211,0.0410813180924076,-0.0842538852809609,0.0604943837845255,0.1010806362798506,0.150146927511515,-0.0085968580389538,0.1323358833855729,0.1429802164706402,-0.03219423490146,0.0540522344916487,0.3333333333333333,0.8333333333333334,0.1666666666666666,0.8333333333333334,-0.0204206288025111,0.1427120151878698,0.1960209802906665,0.2615427099240184,1.2654151407729275,40.85712126143702,32.32117332691842,EARLY TURN
2026-03-27,CONSUMER_STAPLES,XLP,81.77999877929688,0.0060277753506081,-0.0914343202045196,0.0526450792812793,0.048999483577278,0.0170376203804734,-0.0157772929625126,0.1244865788823267,0.0908990637680675,-0.0439113590592953,0.0083411740557597,0.0,0.8333333333333334,0.0,1.0,-0.0033774580363088,0.1504585357665508,0.124033622043214,0.2139219994884601,1.1529553144861897,40.3900304766772,40.3900304766772,EARLY TURN
2026-03-27,DEFENSIVE,XLU,45.59000015258789,0.0210526001026936,-0.0448355208500421,0.055812872403413,0.0503398556558238,0.16927412644268,0.0308215063919649,0.1276543720044604,0.0922394358466134,0.0049376137320624,0.0421941201566131,0.3333333333333333,0.6666666666666666,0.0,0.8333333333333334,-0.0063982967531285,0.1203662067773385,0.1391140081755981,0.2230992137897471,1.2470801463403944,36.99855144282561,36.99855144282561,EARLY TURN
2026-03-27,SEMI,SOXX,323.4800109863281,-0.0271570735138524,-0.0817792070731409,0.0312091825328431,0.2032884244458039,0.7144372670301129,-0.0061221798311338,0.1030506821338904,0.2451880046365935,-0.0532440235621081,0.1072157869408443,0.0,0.8333333333333334,0.0,0.8333333333333334,-0.014277406869209,0.1467984060801526,0.5216565951704982,0.2472335070469323,1.3815655453081672,34.3091795713229,-65.6908204286771,LAGGARD
2026-03-27,POWER_INDUSTRIALS,XLI,159.1999969482422,-0.0152780432280451,-0.1012758411607774,0.0077225044543436,0.0433870431101288,0.2232040293053176,-0.0256188139187704,0.0795640040553909,0.0852866233009184,-0.0562234786111773,0.0124102783737669,0.3333333333333333,1.0,0.0,1.0,0.0167196266242486,0.182450873504111,0.2045448847494757,0.1893162341792231,1.6310361525481467,13.758055760008332,-21.64952590977755,LAGGARD
2026-03-27,AI_SOFTWARE,IGV,76.88999938964844,-0.07350281517219,-0.0573740385274604,-0.2507308776873969,-0.3312168515850852,-0.1444308774924039,0.0182829887145465,-0.1788893780863495,-0.2893172713942956,-0.0928932077641286,-0.2544144633322355,0.0,0.0,0.3333333333333333,0.0,0.0451389357418911,-0.1457230691792518,-0.2593127554633932,0.3509495993946066,1.8859206062528984,0.0,0.0,LAGGARD
2026-03-27,COMMUNICATION_SERVICES,XLC,107.04000091552734,-0.0462443400709887,-0.0932655811233079,-0.0843455986454267,-0.0941863199278858,0.1180280269886451,-0.0176085538813008,-0.0125040990443794,-0.0522867397370963,-0.0719692055067927,-0.0589621230236777,0.3333333333333333,0.1666666666666666,0.0,0.3333333333333333,-0.0224671062609522,-0.0108467815091509,-0.0915257354051122,0.1691712444873988,1.5056786255512609,0.0,0.0,LAGGARD
2026-03-27,CONSUMER_DISCRETIONARY,XLY,105.68000030517578,-0.0191200816729038,-0.0956700346293293,-0.1070553302264366,-0.1182679292039566,0.0726756385107254,-0.0200130073873222,-0.0352138306253893,-0.0763683490131671,-0.0822405470658212,-0.0915079219785724,0.0,0.0,0.0,0.1666666666666666,-0.0376082639172331,-0.0365586453766894,-0.1017689006966295,0.16612350221856,1.316623232862285,0.0,0.0,LAGGARD
2026-03-27,ENERGY,XLE,62.560001373291016,0.0547968289453382,0.118741119845622,0.3704271474739351,0.3601479036000807,0.3536730751214301,0.1943981470876291,0.4422686470749825,0.4020474837908703,0.1276542325055718,0.3266745520435643,1.0,1.0,1.0,1.0,0.2116735203510033,0.4539530532599962,0.4374407058298241,0.094885393052841,1.6608289132232583,0.0,0.0,LAGGARD
2026-03-27,FINANCIALS,XLF,47.810001373291016,-0.02587612898091,-0.0703869125102932,-0.1296194955821598,-0.11232824300967,-0.0284494561517556,0.0052701147317137,-0.0577779959811124,-0.0704286628188805,-0.0674676481768323,-0.0945804283795749,0.0,0.0,0.0,0.0,0.0170652458060016,-0.0449798154617324,-0.0149074998235872,0.156658677527381,1.379234246730301,0.0,0.0,LAGGARD
2026-03-27,HEALTHCARE,XLV,143.25999450683594,-0.0142434961682937,-0.1057428387272645,-0.0787730720385403,0.0572693321537707,-0.0087185837833877,-0.0300858114852574,-0.0069315724374929,0.0991689123445602,-0.0671355421532619,-0.0201295801027343,0.3333333333333333,0.3333333333333333,0.0,0.3333333333333333,-0.0162394258744447,0.0219646757974382,0.1805919758796015,0.1481337547638496,1.4247826324711543,0.0,0.0,LAGGARD
2026-04-03,NUCLEAR,URA,48.900001525878906,0.0486811152855808,0.0024600809673034,-0.028026233530589,-0.0141128421325942,1.3487032777447774,0.0270741201605915,0.0270690592076722,0.005880888450477,-0.0370224255218299,0.041406037339343,0.3333333333333333,0.6666666666666666,0.5,0.5,0.0156510394322874,-0.0314050310505876,-0.0085899255197334,0.384852497539048,0.6378817826735689,94.84645934985994,13.060669691843572,LEADER
2026-04-03,CONSUMER_STAPLES,XLP,81.88999938964844,0.0013450796281915,-0.0453485596293491,0.0333122951375197,0.0494681618702743,0.0437165478613239,-0.020734520436061,0.088407587875781,0.0694618924533456,-0.0414823254280832,0.0092805885408782,0.3333333333333333,0.8333333333333334,0.3333333333333333,1.0,0.0079263645149222,0.1297833668869342,0.1179104311660489,0.2110862973868922,0.917841210746845,90.73317311254362,16.87725907891354,LEADER
2026-04-03,ENERGY,XLE,59.25,-0.0529092279512667,0.0473749393606763,0.2695522246543722,0.3328084030942508,0.504570807337354,0.0719889785539644,0.3246475173926335,0.3528021336773221,0.0489696194319453,0.2455198176313191,1.0,1.0,1.0,1.0,0.0928568687782666,0.3240409061255244,0.3884848511437176,0.1913937622507009,1.2234210675589012,73.66368390468647,73.66368390468647,IMPROVING
2026-04-03,DEFENSIVE,XLU,46.34000015258789,0.0164509760361872,-0.0085580126554249,0.0900964945254918,0.0424023899199663,0.2435261213357307,0.016056026537863,0.1451917872637531,0.0623961205030376,0.0130290290588133,0.055914600813899,0.3333333333333333,0.8333333333333334,0.1666666666666666,0.8333333333333334,-0.0010629774163465,0.1122026802241824,0.1008251819532644,0.2191117036315978,1.0809504363035982,55.33440926261478,28.319672123676987,IMPROVING
2026-04-03,MATERIALS,XLB,50.40999984741211,0.0306685750292303,0.011030871045484,0.0445503854259272,0.1219674939909816,0.294555768495478,0.0356449102387721,0.0996456781641885,0.1419612245740529,-0.0033807142854557,0.082607622475205,0.5,0.8333333333333334,0.6666666666666666,0.8333333333333334,0.0421380354217139,0.1087283304171971,0.1963167110818064,0.2517852231430829,1.0745570210645656,51.774643722449134,36.03796878622584,EARLY TURN
2026-04-03,POWER_INDUSTRIALS,XLI,163.77000427246094,0.0287060767074291,-0.0363069205619946,0.0113630067307159,0.0606178381475448,0.3885874248122343,-0.0116928813687066,0.0664582994689773,0.0806115687306161,-0.0288722904336651,0.0386686669006619,0.3333333333333333,1.0,0.6666666666666666,1.0,0.061479744995136,0.2164401549258973,0.2092387096714089,0.1916818105712674,1.3296565370774902,23.41858389942295,1.1916736133207095,LAGGARD
2026-04-03,SEMI,SOXX,339.6099853515625,0.0498638982855608,0.049766545392526,0.0329399191327801,0.2130661370092794,1.154475511207654,0.074380584585814,0.0880352118710414,0.2330598675923507,-0.0045492088809782,0.1524899876478245,0.1666666666666666,0.8333333333333334,0.6666666666666666,0.8333333333333334,0.0639858980767881,0.0916229770868768,0.4156110775861346,0.2487690582074161,1.243043728054119,15.351126068408924,-61.81560544487231,LAGGARD
2026-04-03,AI_SOFTWARE,IGV,80.33999633789062,0.0448692544625854,-0.0867341682043404,-0.2348571777343749,-0.3003570925994409,-0.0118082002193287,-0.0621201290110523,-0.1797618849961136,-0.2803633620163696,-0.0323629975674373,-0.2157437290828139,0.3333333333333333,0.0,0.1666666666666666,0.0,-0.0313235206319818,-0.1447275983904998,-0.2414090000083131,0.3668804582397943,1.303929202560122,0.0,0.0,LAGGARD
2026-04-03,COMMUNICATION_SERVICES,XLC,111.6999969482422,0.0435350896193691,-0.0490379889419895,-0.0526673439147961,-0.0402955792250254,0.2805226716681488,-0.0244239497487014,0.0024279488234651,-0.0203018486419541,-0.0271306357396361,-0.0188608313800868,0.1666666666666666,0.1666666666666666,0.0,0.3333333333333333,-0.0271594814043794,-0.0002572879440516,-0.0528860846561972,0.1976756596506814,1.2906744199612352,0.0,0.0,LAGGARD
2026-04-03,CONSUMER_DISCRETIONARY,XLY,108.1500015258789,0.0233724566007798,-0.0549633063731176,-0.1306969026412998,-0.0906415433585745,0.1833251873540453,-0.0303492671798295,-0.0756016099030385,-0.0706478127755032,-0.04841092241825,-0.0700453890620138,0.0,0.0,0.0,0.0,-0.0674235229294975,-0.102264269472635,-0.1211990550472712,0.1227676395198,1.0789732013551985,0.0,0.0,LAGGARD
2026-04-03,FINANCIALS,XLF,49.52999877929688,0.035975682003781,-0.0205655709274956,-0.1112506874908663,-0.0779970652679633,0.1205881883338446,0.0040484682657924,-0.056155394752605,-0.058003334684892,-0.0272022266353783,-0.0609358634403615,0.0,0.5,0.8333333333333334,0.0,0.043674464064962,-0.0357479897591795,0.0253579376339488,0.178216298032392,1.2101378026985643,0.0,0.0,LAGGARD
2026-04-03,HEALTHCARE,XLV,146.80999755859375,0.0247801423138294,-0.0385723608864567,-0.0667471881187273,0.0137411278396075,0.0852306245072307,-0.0139583216931686,-0.011651895380466,0.0337348584226788,-0.0373304284105419,0.0019450465163313,0.3333333333333333,0.6666666666666666,0.3333333333333333,0.3333333333333333,-0.002656051804831,0.0301840394089463,0.0922998996343083,0.1580211837346822,1.247337960539439,0.0,-8.653456351079555,LAGGARD
2026-04-10,SEMI,SOXX,386.6000061035156,0.1383646617554819,0.1668477531005294,0.1288580159591061,0.4213758593482821,1.2442820064537612,0.1409224869558505,0.1464966702770793,0.3808870509647575,0.1199564334684235,0.2961997735670623,1.0,1.0,0.8333333333333334,1.0,0.0974879249429,0.1503917513902511,0.6294937821775548,0.3708412836085244,1.1534381807140988,100.0,11.90563240020802,LEADER
2026-04-10,POWER_INDUSTRIALS,XLI,171.52000427246094,0.0473224631972681,0.0417249355034641,0.0276813094363683,0.1442295614161703,0.3648444877183563,0.0157996693587851,0.0453199637543415,0.1037407530326457,0.0134301092197961,0.0840225157777767,1.0,1.0,1.0,1.0,0.0891306942105655,0.194944852776278,0.254032403572259,0.2063182566692616,1.0969245109882029,91.36283254226058,87.84901527540822,LEADER
2026-04-10,MATERIALS,XLB,51.959999084472656,0.0307478524449968,0.0563122694673063,0.0673787748302074,0.196545768505806,0.2909316542726126,0.0303870033226274,0.0850174291481806,0.1560569601222814,0.0218288982157215,0.1121485933017607,0.8333333333333334,0.8333333333333334,1.0,0.8333333333333334,0.0522718824858381,0.0982551942264916,0.2187814719754236,0.2577582827169473,0.8872445874382128,82.86140002828522,60.273059554853916,LEADER
2026-04-10,ENERGY,XLE,56.93999862670898,-0.0389873649500593,-0.0131716139719466,0.1939610036981527,0.3363059800772716,0.4435289407336558,-0.0390968801166256,0.2115996580161259,0.295817171693747,-0.0023303721132816,0.1885745113355033,0.5,1.0,0.5,1.0,-0.0106754955769649,0.2100205609387796,0.3551860901901835,0.2276918767568145,1.0734442689022283,78.9593392511735,78.9593392511735,LEADER
2026-04-10,CONSUMER_STAPLES,XLP,82.37000274658203,0.0058615625901967,-0.0279678449012658,0.0031665099780511,0.0546735512917562,0.0251400660961,-0.0538931110459447,0.0208051642960243,0.0141847429082315,-0.0345756879436726,0.0151371199882581,0.1666666666666666,0.8333333333333334,0.3333333333333333,1.0,-0.040636595432401,0.0636333538462732,0.0503288778252417,0.1977298879854386,0.8255310725108624,75.55361441280493,-1.2667462702912928,HOLD
2026-04-10,NUCLEAR,URA,50.959999084472656,0.0421267381250194,0.0338810740094595,-0.063235337222735,-0.0175438570686518,1.249889622195913,0.0079558078647805,-0.0455966829047618,-0.0580326654521764,0.0115727224361619,0.0777828712167789,0.5,0.6666666666666666,0.6666666666666666,0.1666666666666666,-0.0019505451993302,-0.0807221123716832,-0.0626729684880396,0.3525159528843535,0.5796291596523419,65.43043259750507,-14.692612431569287,DECELERATING
2026-04-10,DEFENSIVE,XLU,46.959999084472656,0.0133793467812524,0.0,0.0822770164794219,0.0412417000727582,0.2306079473859676,-0.0259252661446789,0.0999156707973951,0.0007528916892336,0.0183237326051997,0.0663729539156132,0.1666666666666666,0.8333333333333334,0.1666666666666666,0.8333333333333334,-0.0412511237444519,0.0553097499857412,0.0442007673775176,0.2175721820719435,0.9622157404953918,45.563651457403644,32.56898635487529,EARLY TURN
2026-04-10,FINANCIALS,XLF,50.77000045776367,0.0250353666268432,0.0384536938348436,-0.0674136344879473,-0.0266487613825674,0.0878509202845125,0.0125284276901647,-0.0497749801699741,-0.067137569766092,0.0024087845771145,-0.0363206610402209,1.0,0.8333333333333334,1.0,0.1666666666666666,0.0834473450585218,-0.013141592836226,0.0571694880601908,0.1886894146999115,1.0056777048096617,35.96683395713238,35.96683395713238,EARLY TURN
2026-04-10,HEALTHCARE,XLV,147.30999755859375,0.0034057626068717,-0.0165564846698518,-0.0541287250368071,0.0365913512483893,0.0762767795269341,-0.0424817508145307,-0.0364900707188339,-0.0038974571351353,-0.0293226248861662,0.0033356979202439,0.3333333333333333,0.6666666666666666,0.3333333333333333,0.3333333333333333,-0.0259041350968102,0.0086890255984706,0.057292063448058,0.1586897378411698,1.0415542742221715,20.796701276371728,20.796701276371728,LAGGARD
2026-04-10,COMMUNICATION_SERVICES,XLC,113.9499969482422,0.0201432413739686,-0.0043687200815402,-0.0105930471485592,0.0101949810759907,0.2484934933642153,-0.0302939862262191,0.0070456071694139,-0.0302938273075339,-0.0022066468018171,-0.0003947866134508,0.5,0.1666666666666666,0.5,0.5,-0.0173771042530955,0.0308079721959106,-0.0651275951056186,0.198502365725282,1.0205307285599416,17.47017149724533,17.47017149724533,LAGGARD
2026-04-10,AI_SOFTWARE,IGV,74.66999816894531,-0.0705750364376253,-0.1130776101246294,-0.240463838640203,-0.3338388740431777,-0.1436926515804133,-0.1390028762693084,-0.2228251843222298,-0.3743276824267023,-0.0833875609783554,-0.2645233887607741,0.0,0.0,0.0,0.0,-0.1408130782830004,-0.213421311063915,-0.3626436167644124,0.370924107878791,1.1225683696310074,0.0,0.0,LAGGARD
2026-04-10,CONSUMER_DISCRETIONARY,XLY,112.88999938964844,0.0438279962727075,0.0183113726151948,-0.076941974058063,-0.0129836118937841,0.1900695621261607,-0.007613893529484,-0.0593033197400898,-0.0534724202773088,0.0005849784034996,-0.0297639243497033,0.3333333333333333,0.1666666666666666,0.3333333333333333,0.0,-0.0627413367310223,-0.1054917222446736,-0.1216382202324952,0.1671215719751262,0.9691461414618752,0.0,0.0,LAGGARD
2026-04-17,POWER_INDUSTRIALS,XLI,173.50999450683594,0.0116020882976068,0.0732355815673222,0.0565704129647859,0.1435444499610159,0.3847565066312406,-0.0216963558163316,0.026232159011488,0.0746842940415914,0.0249881601963739,0.09257544789774,1.0,1.0,1.0,1.0,0.0255052629549222,0.1816555234178165,0.2170705637357989,0.2024599850746817,0.8978544254580741,100.0,100.0,LEADER
2026-04-17,SEMI,SOXX,415.7099914550781,0.0752974260009919,0.2502179761388174,0.205970240956165,0.442585876685353,1.4960071080028157,0.1552860387551635,0.175631987002867,0.3737257207659286,0.1812896077055341,0.3742706274391316,1.0,1.0,1.0,1.0,0.0690751422799284,0.1427573506593064,0.5646609640231453,0.3935736109695926,0.9941444428627476,100.0,12.647242866607812,LEADER
2026-04-17,MATERIALS,XLB,51.880001068115234,-0.0015396077322358,0.1042997354964567,0.0382229297729288,0.1807010170587468,0.2849535868263835,0.0093677981128028,0.0078846758196309,0.1118408611393224,0.0195138478788505,0.1068117292860488,0.8333333333333334,1.0,1.0,0.6666666666666666,0.0473118725067975,0.0256099540707764,0.1741515837768256,0.2538163753404919,0.7567739527122701,98.92490501966626,68.0060121276978,LEADER
2026-04-17,NUCLEAR,URA,55.86000061035156,0.0961538778239876,0.2028424259733905,-0.0199999892920778,0.0478334115807794,1.442501030193403,0.1079104885897366,-0.0503382432453757,-0.0210267443386449,0.1007547337967187,0.1700634806184477,0.8333333333333334,0.6666666666666666,1.0,0.3333333333333333,0.0561597515530712,-0.0779949452792774,-0.0573230878709972,0.3977729440745055,0.6000880418599025,82.88111300810431,-3.4622475826478762,HOLD
2026-04-17,FINANCIALS,XLF,52.43000030517578,0.0326964709955652,0.0682558750843693,-0.0120595325669627,0.0047911076760802,0.1239013631347996,-0.0266760622992845,-0.0423977865202607,-0.0640690482433441,0.0389378727895193,-0.0049392384740563,1.0,0.8333333333333334,1.0,0.8333333333333334,0.0247414281738543,-0.0010246441726694,0.0500579867860587,0.1983548336027741,0.8403871361811871,81.75724199382893,81.75724199382893,LEADER
2026-04-17,ENERGY,XLE,55.02000045776367,-0.0337196736082233,-0.0723318296441526,0.118520064928181,0.2798324798699081,0.3501840603132189,-0.1672637670278065,0.088181810974883,0.2109723239504837,-0.0389519570696301,0.1422639927693121,0.1666666666666666,1.0,0.1666666666666666,1.0,-0.1445893883755294,0.0928842475125027,0.2702109470844094,0.2456073947618881,1.008892378915508,69.8433595785796,69.8433595785796,IMPROVING
2026-04-17,COMMUNICATION_SERVICES,XLC,119.0999984741211,0.0451952756805962,0.061213533918718,0.018296848549929,0.0361927609566175,0.3202527400825692,-0.0337184034649358,-0.0120414054033688,-0.0326673949628069,0.0398477195873248,0.0417919337128114,0.8333333333333334,0.5,0.8333333333333334,0.8333333333333334,-0.0228784885579493,0.0122773116236667,-0.0723179998533077,0.2184532164913755,0.8131950365351209,68.80332062544078,68.80332062544078,IMPROVING
2026-04-17,CONSUMER_STAPLES,XLP,82.45999908447266,0.0010925863164956,0.014392891570528,-0.0054276270384773,0.0342405068681292,0.0072065019921507,-0.0805390458131258,-0.0357658809917752,-0.0346196490512951,-0.0272731684314209,0.0157298782349981,0.3333333333333333,0.8333333333333334,1.0,0.6666666666666666,-0.0621902680553192,0.0034647082918191,-0.0041038471130247,0.1966578714179007,0.7268671335017265,48.44481101895152,14.591407474900798,WATCH
2026-04-17,DEFENSIVE,XLU,46.15999984741211,-0.0170357592133145,0.0338185502783916,0.0845864275836305,0.0081904554166161,0.1870901849017248,-0.0611133871052622,0.0542481736303326,-0.0606697005028082,-0.0050866549062457,0.0452780153208334,0.0,0.8333333333333334,0.8333333333333334,0.5,-0.0784913699035324,-0.0127356421128034,-0.007167831562802,0.2164234834109581,0.8377079259821513,7.033843187521697,7.033843187521697,LAGGARD
2026-04-17,AI_SOFTWARE,IGV,85.08000183105469,0.1394134715064023,0.0251838055317938,-0.1292600283671994,-0.2449414128449671,-0.0174384405901075,-0.06974813185186,-0.1595982823204973,-0.3138015687643916,0.0410523416985573,-0.1573400732388932,0.8333333333333334,0.0,0.6666666666666666,0.0,-0.053968440117123,-0.132475263813152,-0.293488806562949,0.5004383694083624,1.2631576364561476,0.0,0.0,LAGGARD
2026-04-17,CONSUMER_DISCRETIONARY,XLY,120.41000366210938,0.0666135557898717,0.1175979770703194,-0.0220904219278953,0.0273014640613595,0.2989213336149159,0.0226660396866655,-0.0524286758811932,-0.0415586918580648,0.0649532421073695,0.0327157006317866,0.5,0.5,0.8333333333333334,0.3333333333333333,-0.0278008397867118,-0.1065567577922519,-0.118733792213652,0.2256137140917668,0.8620142324277136,0.0,0.0,LAGGARD
2026-04-17,HEALTHCARE,XLV,148.8000030517578,0.0101147615087795,0.0238767025182933,-0.0551180652227014,0.0385984408067743,0.0982360101776309,-0.0710552348653605,-0.0854563191759993,-0.03026171511265,-0.0137138556236302,0.0111409208569135,0.1666666666666666,0.8333333333333334,0.8333333333333334,0.3333333333333333,-0.0485725590328817,-0.0566796627085488,0.035744034256088,0.1582135839707166,0.8497997413086031,0.0,0.0,LAGGARD
2026-04-24,ENERGY,XLE,56.869998931884766,0.0336241086646529,-0.0909527224504745,0.1140058723174102,0.2914726723957728,0.3805073274227981,-0.2168811745693691,0.0822558937512059,0.2372976964763837,-0.0109909414174894,0.1722208065501698,0.5,1.0,0.1666666666666666,1.0,-0.2076548520326157,0.0917809582910068,0.2843323931442242,0.2435039353725901,0.8761629361515405,100.0,100.0,LEADER
2026-04-24,FINANCIALS,XLF,51.41999816894531,-0.0192638209107689,0.0755071468722237,-0.0377994107349038,-0.0318207949912329,0.0708037833979642,-0.0504213052466708,-0.0695493893011082,-0.0859957709106219,0.0193885644251825,-0.0235890372877861,1.0,0.8333333333333334,1.0,0.5,-0.0088340984384318,-0.0368662616161574,0.0191384777921696,0.2010815995321839,0.6959877298851739,100.0,100.0,LEADER
2026-04-24,MATERIALS,XLB,51.91999816894531,0.0007709541250311,0.0615415729078654,0.0537852179127404,0.166610424061812,0.2568384517777864,-0.0643868792110291,0.0220352393465361,0.112435448142423,0.0230944787195246,0.1036564127216359,0.8333333333333334,0.8333333333333334,1.0,0.8333333333333334,-0.0472860841281378,0.0212556710464267,0.1840115263390573,0.2507871142755808,0.6553204613467417,100.0,59.14287873856298,LEADER
2026-04-24,NUCLEAR,URA,55.310001373291016,-0.009846029914984,0.1861462600546886,0.0058192341345122,0.0739806091901167,1.2621676747400428,0.060217807935794,-0.025930744431692,0.0198056332707277,0.0826629294327081,0.1498841251157812,1.0,0.6666666666666666,1.0,0.5,-0.0012268506091562,-0.058557690991457,-0.0474987831357083,0.3906601176966629,0.6530636845955102,100.0,0.0,HOLD
2026-04-24,POWER_INDUSTRIALS,XLI,172.47000122070312,-0.0059938523373754,0.0833542997916965,0.0424927386094948,0.1133561238362355,0.3368731769968747,-0.042574152327198,0.0107427600432905,0.0591811479168464,0.019868737238607,0.0824465773533167,1.0,1.0,1.0,1.0,0.045666199533764,0.1992958387073264,0.2887396640804744,0.2036097596676059,0.7375680168622851,100.0,86.24194423999167,LEADER
2026-04-24,SEMI,SOXX,461.6000061035156,0.1103894916930241,0.4269815457716956,0.3329483753244531,0.56019748853502,1.4977004069120556,0.3010530936528011,0.3011983967582488,0.506022512615631,0.2730070724957643,0.4993499879022995,1.0,1.0,1.0,1.0,0.1936526359496394,0.1875841722818532,0.6086772061176088,0.4369710085355665,0.9365016776032544,100.0,65.6908204286771,LEADER
2026-04-24,COMMUNICATION_SERVICES,XLC,115.54000091552734,-0.0298908279110288,0.0794095658379892,-0.0378081349625131,-8.656110745397516e-05,0.2244595185266698,-0.0465188862809053,-0.0695581135287174,-0.054261537026843,0.0079210076268987,0.0085896888183263,0.6666666666666666,0.3333333333333333,0.6666666666666666,0.3333333333333333,-0.0228211222895328,-0.0480088118519311,-0.075197758816636,0.2198968258776894,0.6163324667301604,87.96605391665469,87.96605391665469,LEADER
2026-04-24,HEALTHCARE,XLV,144.17999267578125,-0.0310484561910228,0.0064218777343414,-0.0682435856437223,-0.0126686716358304,0.0444041252337037,-0.1195065743845531,-0.0999935642099266,-0.0668436475552194,-0.0357143228903085,-0.0223030387199391,0.1666666666666666,0.5,0.5,0.5,-0.0903196245434524,-0.0437618476423455,0.0096138984397281,0.1658453682741647,0.6097366224919303,71.13953292500393,71.13953292500393,IMPROVING
2026-04-24,CONSUMER_STAPLES,XLP,83.2300033569336,0.009337912697187,0.0177305526935738,-0.0033528771660202,0.0523455204291058,0.0295646601597228,-0.1081978994253207,-0.0351028557322246,-0.0018294554902831,-0.0108622942165229,0.0244764421180458,0.3333333333333333,0.8333333333333334,1.0,0.6666666666666666,-0.0977889317933165,-0.00258498774155,0.0220712832668472,0.1970772386739896,0.593754900904921,64.89837743631387,24.50834695963667,IMPROVING
2026-04-24,CONSUMER_DISCRETIONARY,XLY,118.69000244140624,-0.0142845375665774,0.1231075141811226,-0.0204670773707633,-0.0011781485104029,0.2013157770777474,-0.0028209379377719,-0.0522170559369676,-0.055353124429792,0.04741567314771,0.0163066059716092,0.3333333333333333,0.3333333333333333,0.6666666666666666,0.1666666666666666,-0.0625494292512764,-0.1105750117159684,-0.1311534870280536,0.2251425878109721,0.7428180297586491,18.4963211713211,18.4963211713211,LAGGARD
2026-04-24,DEFENSIVE,XLU,46.18000030517578,0.0004332854815811,0.0129414378287604,0.0677456717959719,0.0106138661470764,0.1809231772346122,-0.1129870142901341,0.0359956932297675,-0.0435611097723125,-0.0039685966264151,0.0431885300198293,0.0,0.6666666666666666,0.8333333333333334,0.5,-0.1203088661450204,-0.0320960911143227,-0.0014836699861832,0.2158082296936078,0.7640414040912417,9.033514972687101,-27.965036470138507,LAGGARD
2026-04-24,AI_SOFTWARE,IGV,85.19999694824219,0.0014103798143514,0.1080764419893143,-0.0565828894750679,-0.2655172676875673,-0.1008865024532656,-0.0178520101295802,-0.0883328680412722,-0.3196922436069563,0.0394299935284923,-0.1507134973944502,0.6666666666666666,0.0,1.0,0.1666666666666666,-0.0219910451058833,-0.0623102994403584,-0.3020145066914665,0.4772626669631031,1.234879437094164,0.0,0.0,LAGGARD
2026-05-01,ENERGY,XLE,58.84999847412109,0.0348162401868135,-0.0067510806055511,0.1051642905938232,0.3355270692882881,0.4357159322839612,-0.1055876779480283,0.0616815801174499,0.2789484295885547,0.0164251315437731,0.2035441451533854,0.6666666666666666,1.0,0.1666666666666666,1.0,-0.1003120199869281,0.0661915874149952,0.3163842550928934,0.2386767188545722,0.7730865502906417,100.0,26.336316095313535,LEADER
2026-05-01,POWER_INDUSTRIALS,XLI,172.9600067138672,0.0028411056397976,0.0561152970730649,-0.0012702735374628,0.1154392456926836,0.2851835663592346,-0.0427213002694122,-0.0447529840138362,0.0588606059929501,0.0253552908480345,0.0824698360296425,1.0,1.0,1.0,0.8333333333333334,0.0470261516168575,0.1244325835425669,0.2694710370893859,0.1788343888709361,0.6709474693725402,100.0,76.58141610057706,LEADER
2026-05-01,SEMI,SOXX,465.75,0.0089904545962109,0.3714261066789834,0.3364035090791784,0.5193280657200625,1.4509288164598035,0.2725895093365063,0.292920798602805,0.4627494260203291,0.2478632818269179,0.4857786389820118,1.0,1.0,1.0,1.0,0.1614810572329725,0.1844366198257838,0.5478159142864428,0.4364545382797442,0.8522943754200245,100.0,84.64887393159108,LEADER
2026-05-01,NUCLEAR,URA,55.84000015258789,0.0095823316965746,0.1419222578763355,0.0705521532964184,0.0130624316882312,1.1609907052185324,0.0430856605338583,0.027069442820045,-0.0435162080115021,0.0898799629771476,0.1525105429278126,1.0,0.6666666666666666,1.0,0.6666666666666666,-0.0097954199438842,-0.0152858849197051,-0.1186916293138384,0.3714811935420398,0.7016525220124674,94.18203627161984,-0.6644230782401053,HOLD
2026-05-01,FINANCIALS,XLF,51.91999816894531,0.0097238432089632,0.048253572553033,-0.0431256952630471,-0.0085927204910725,0.0434083585263584,-0.0505830247894441,-0.0866084057394204,-0.0651713601908059,0.0304653830739674,-0.0133826471079909,1.0,0.8333333333333334,1.0,0.1666666666666666,-0.021807699560499,-0.065576391065182,0.0242953236270606,0.199007465960903,0.595823140270545,83.53782539248571,83.53782539248571,LEADER
2026-05-01,MATERIALS,XLB,51.34999847412109,-0.0109784228606762,0.0186470666446003,-0.0031061901111579,0.1987860294535421,0.209231091242366,-0.0801895306978768,-0.0465889005875312,0.1422073897538087,0.0150829060779853,0.0885521575424552,0.5,0.8333333333333334,0.5,0.3333333333333333,-0.110745148248398,-0.0524941143096427,0.1556877766425309,0.2346745580925749,0.5996104435789354,81.63660668951137,29.861962967062233,LEADER
2026-05-01,COMMUNICATION_SERVICES,XLC,116.72000122070312,0.0102129158371608,0.0449418478926819,0.0082930119795858,0.0166362137681832,0.1981113058356647,-0.0538947494497952,-0.0351896984967874,-0.0399424259315501,0.0182858863609056,0.0168708980989622,0.5,0.3333333333333333,0.6666666666666666,0.5,-0.0351345687234292,-0.0126957638481414,-0.0567983321917532,0.2076136097620751,0.5459210833626155,79.5045637506242,79.5045637506242,LEADER
2026-05-01,HEALTHCARE,XLV,145.16000366210938,0.0067971357755016,-0.0112389750284264,-0.0795764537283119,0.0063085175882799,0.0478597050547533,-0.1100755723709036,-0.1230591642046852,-0.0502701221114534,-0.0215295454651113,-0.0171038285479783,0.3333333333333333,0.6666666666666666,0.3333333333333333,0.1666666666666666,-0.0654188166890863,-0.0509794538857645,0.0529802000188679,0.1589384979230361,0.580676319708969,76.0667446515341,76.0667446515341,LEADER
2026-05-01,CONSUMER_STAPLES,XLP,84.16999816894531,0.0112939417769879,0.0278422126790867,-0.0428701861246008,0.1034347078645976,0.0320009893143573,-0.0709943846633904,-0.0863528966009741,0.0468560681648642,0.0047509674628163,0.0351962774584588,0.6666666666666666,0.8333333333333334,0.8333333333333334,0.3333333333333333,-0.0777471246612599,-0.0745460909965585,0.0619837476520901,0.1596176049705918,0.5461898883040225,74.47920883521289,-16.253964277330738,DECELERATING
2026-05-01,AI_SOFTWARE,IGV,86.62999725341797,0.0167840417417441,0.0782922728683372,0.0505699516764914,-0.2500216807956763,-0.1290841842737679,-0.0205443244741398,0.0070872412001181,-0.3066003204954097,0.0493864327418169,-0.1308143263209399,0.8333333333333334,0.0,0.8333333333333334,1.0,-0.0274933538984247,0.0352305480996382,-0.2895281704865483,0.4381576987370244,1.191141842292067,58.11305129606123,58.11305129606123,IMPROVING
2026-05-01,DEFENSIVE,XLU,46.54999923706055,0.0080121032793345,0.0045317022827184,0.0738177825969192,0.0448933789955314,0.1673980999889792,-0.0943048950597587,0.0303350721205459,-0.0116852607042019,0.0035355317511662,0.0490052005876269,0.5,0.6666666666666666,0.6666666666666666,0.1666666666666666,-0.0973215712375986,-0.0738967284896889,0.0229778060047618,0.2156885589075937,0.6890615336893571,45.61677628088048,-9.717632981734297,WATCH
2026-05-01,CONSUMER_DISCRETIONARY,XLY,118.62999725341795,-0.0005055622778161,0.0969024094283654,0.0054241834158466,-0.0111282384464258,0.1778781866349275,-0.0019341879141117,-0.0380585270605267,-0.0677068781461592,0.0457971227144538,0.0144474924450543,0.5,0.3333333333333333,0.8333333333333334,0.3333333333333333,-0.0314083363830855,-0.1029429182933766,-0.1491685531395307,0.2179124285876636,0.7247913487734212,18.595593352912537,18.595593352912537,LAGGARD
2026-05-08,POWER_INDUSTRIALS,XLI,173.1999969482422,0.00138754755469,0.009794733173587,-0.0055692784687418,0.1295897402980603,0.2725001555474964,-0.0758026106932046,-0.0875201330594092,0.0302558992556387,0.0291819252063918,0.0800075304764802,0.8333333333333334,1.0,0.6666666666666666,0.6666666666666666,-0.037895715542882,0.0371026993504931,0.2241233799234934,0.1784268698469094,0.6672650417779116,100.0,8.637167457739423,LEADER
2026-05-08,MATERIALS,XLB,51.59000015258789,0.0046738400311296,-0.0071208417706715,-0.0322641376176153,0.2022838577497516,0.2201987143351058,-0.0927181856374631,-0.1142149922082826,0.10295001670733,0.0235095847855053,0.0888905406616318,0.6666666666666666,0.8333333333333334,0.0,0.3333333333333333,-0.122669684049791,-0.1127682980326814,0.1322563258278652,0.2216042695270401,0.6268170409977598,96.83344486251588,13.972044834230658,LEADER
2026-05-08,FINANCIALS,XLF,51.2400016784668,-0.0130970052862066,0.0092574594537206,-0.0079380413417157,-0.0291776645783884,0.0276775180750545,-0.0763398844130709,-0.089888895932383,-0.12851150562081,0.0173530098477221,-0.0262303630655312,1.0,0.5,0.6666666666666666,0.3333333333333333,-0.0701743346408523,-0.0636621050061702,-0.0290246505617602,0.1734702376873419,0.6184576879975755,96.44387097203547,60.47703701490309,LEADER
2026-05-08,SEMI,SOXX,520.2999877929688,0.1171228938120638,0.345835436054426,0.4670388045466425,0.7674433696680283,1.6827883945714777,0.2602380921876344,0.3850879499559752,0.6681095286256067,0.3339691308789951,0.6231552796866549,1.0,1.0,1.0,1.0,0.2084619740423919,0.3052583866658134,0.8032497320666666,0.4748019766708528,0.9249530115084704,89.79183172584666,-10.208168274153337,DECELERATING
2026-05-08,ENERGY,XLE,55.70000076293945,-0.0535258758344204,-0.0217772724565519,0.0248390492496732,0.2441367030024317,0.3514497284174351,-0.1073746163233435,-0.057111805340994,0.1448028619600101,-0.037614238490507,0.131656696375441,0.1666666666666666,1.0,0.1666666666666666,0.6666666666666666,-0.1147655861736436,-0.0514522411071311,0.1821842891660128,0.2693487881682605,0.7319444557974983,80.31547965019853,1.3561403990250227,LEADER
2026-05-08,COMMUNICATION_SERVICES,XLC,116.94000244140624,0.0018848630774697,0.0262396276721461,0.0205969678184445,0.0430827027451528,0.2033340406892143,-0.0593577161946454,-0.0613538867722227,-0.0562511382972688,0.0211941240023891,0.0163923197857516,0.5,0.3333333333333333,0.5,0.6666666666666666,-0.0546863622007345,-0.0270911875164496,-0.0718901676828974,0.2060329854339138,0.6050669085386063,75.09120724807215,57.62103575082682,LEADER
2026-05-08,AI_SOFTWARE,IGV,91.1500015258789,0.0521759715545022,0.2207044832068512,0.1012444753254013,-0.1674278522927521,-0.0856655703318576,0.1351071393400595,0.019293620734734,-0.2667616933351737,0.0914730070528253,-0.0814362253193076,0.8333333333333334,0.1666666666666666,1.0,1.0,0.1434732310826973,0.0235978913959384,-0.2529189023782434,0.4485798876550418,1.0567150988440648,71.91907755757475,71.91907755757475,IMPROVING
2026-05-08,NUCLEAR,URA,55.18000030517578,-0.0118194814757986,0.0828100725376375,0.0629936518469609,0.1539105114454479,1.0316642347269198,-0.0027872713291541,-0.0189572027437063,0.0545766704030263,0.0752352938028246,0.1290083400011525,0.8333333333333334,0.6666666666666666,0.8333333333333334,0.8333333333333334,-0.0590841358825705,-0.0556691100258196,-0.0660921349295445,0.372814839593341,0.8551763904570349,51.75397606684767,-13.676456530657404,WATCH
2026-05-08,HEALTHCARE,XLV,143.49000549316406,-0.0115045338028,-0.025931655208332,-0.0899346282771388,-0.0181332551495281,0.0814743247973965,-0.1115289990751237,-0.1718854828678061,-0.1174670961919497,-0.0217679839742299,-0.0304401784583923,0.3333333333333333,0.6666666666666666,0.3333333333333333,0.1666666666666666,-0.0777790414214071,-0.1127561367859632,-0.0032082848119847,0.15851937604867,0.6293006749398606,50.21902658624721,29.422325309875482,EARLY TURN
2026-05-08,CONSUMER_STAPLES,XLP,84.18000030517578,0.0001188325584895,0.0219739892951364,-0.0595464384297818,0.097379758960461,0.0404152329138722,-0.0636233545716551,-0.1414972930204491,-0.0019540820819605,0.0119126370906974,0.0340411804648261,0.6666666666666666,0.8333333333333334,0.8333333333333334,0.0,-0.074499294664678,-0.1239008623854433,0.0092303234065809,0.1525594524533723,0.5719052475219965,38.33533461662267,-37.218279796182266,LAGGARD
2026-05-08,CONSUMER_DISCRETIONARY,XLY,120.1999969482422,0.0132344241016071,0.0647532783959252,0.0346014514762169,0.0192486783447145,0.1876883036759049,-0.0208440654708663,-0.0473494031144503,-0.080085162697707,0.0565267928020909,0.0252090704870955,0.5,0.5,0.6666666666666666,0.5,-0.0331022067397789,-0.1177515489776541,-0.1609425277020333,0.2159791710413763,0.7197448084718864,14.615398153418766,14.615398153418766,LAGGARD
2026-05-08,DEFENSIVE,XLU,44.720001220703125,-0.0393125251632759,-0.0477001257972806,-0.038279543640793,-0.0027873786731505,0.1146560920060886,-0.1332974696640723,-0.1202303982314603,-0.1021212197155722,-0.0296191602777351,0.0067339094003846,0.3333333333333333,0.6666666666666666,0.5,0.0,-0.1026961537485094,-0.1431578526853831,-0.0375907947567962,0.1750950813771908,0.7367468661863082,7.398807159414808,-38.164844297988836,LAGGARD
2026-05-15,ENERGY,XLE,59.43999862670898,0.0671453826309096,0.0803343898976944,0.0830903329053152,0.2918930840058384,0.3907345880301158,0.0394551721900564,0.0109437904531561,0.1918231496863274,0.0219379459645678,0.1973189054069235,0.6666666666666666,1.0,1.0,1.0,0.0248447620526905,0.0174421248675383,0.2276670199077468,0.3010879559423826,0.6223832426101682,100.0,30.156640421420406,LEADER
2026-05-15,POWER_INDUSTRIALS,XLI,171.39999389648438,-0.0103926275027343,-0.0121606862840886,-0.0328951191761992,0.1275573981339526,0.1920990078709372,-0.0530399039917266,-0.1050416616283582,0.0274874638144415,0.0176031990270901,0.0653671433480267,0.8333333333333334,1.0,0.5,0.5,-0.0076499222463875,0.0279951890767264,0.2594460511316586,0.1747298975084057,0.6379674798201559,100.0,0.0,HOLD
2026-05-15,AI_SOFTWARE,IGV,91.77999877929688,0.0069116537890467,0.0787493747537351,0.1361723219389203,-0.1457558014357804,-0.127234731997575,0.037870157046097,0.0640257794867613,-0.2458257357552915,0.0940256498151705,-0.0709092329747893,0.8333333333333334,0.1666666666666666,0.6666666666666666,0.8333333333333334,0.0048799699184913,0.0465946518291955,-0.2513468140438004,0.4421231733645503,0.8629516572760877,83.92595866699287,83.92595866699287,LEADER
2026-05-15,COMMUNICATION_SERVICES,XLC,116.08000183105467,-0.0073542038002134,-0.0253568151281095,-0.0061643938518055,0.042665947380547,0.1404991474087793,-0.0662360328357475,-0.0783109363039645,-0.0574039869389639,0.0149071198343579,0.0070684897611277,0.6666666666666666,0.3333333333333333,0.1666666666666666,0.3333333333333333,-0.0699371200118692,-0.0506387851683307,-0.08399093318334,0.2029123947946583,0.6099614651775654,80.37125109026752,11.567930464826745,LEADER
2026-05-15,SEMI,SOXX,508.5199890136719,-0.0226407823480176,0.2232565958632313,0.4147956469297071,0.7625121599099154,1.3859615134587773,0.1823773781555933,0.3426491044775481,0.6624422255904043,0.2447250936833402,0.5542051409846807,1.0,1.0,1.0,1.0,0.1750245269833447,0.2545865017116217,0.791289788001873,0.4880790204091168,1.0479997842151558,68.65706550674969,-31.34293449325031,DECELERATING
2026-05-15,MATERIALS,XLB,50.29999923706055,-0.0250048635726285,-0.0304549305806729,-0.050226584089802,0.1593869121367519,0.1556576099636295,-0.0713341482883109,-0.122373126541961,0.0593169778172408,-0.0029534811315243,0.058242792161508,0.5,0.8333333333333334,0.3333333333333333,0.3333333333333333,-0.0888732770636661,-0.1181338496429788,0.1013086593114049,0.2265551979565761,0.5943779556184189,66.78920139297564,-32.13570362669061,DECELERATING
2026-05-15,CONSUMER_STAPLES,XLP,84.63999938964844,0.005464469978677,0.0264370643873348,-0.0369780409895278,0.095521577133858,0.0313147277248777,-0.0144421533203031,-0.1091245834416868,-0.004548357185653,0.0188383916900203,0.0390024782613613,0.6666666666666666,0.6666666666666666,0.6666666666666666,0.5,-0.0270713359804434,-0.0899263936818135,0.0051892204451487,0.1507935807105742,0.5783166886049081,61.61847850791263,13.173667488961108,IMPROVING
2026-05-15,FINANCIALS,XLF,51.09999847412109,-0.0027323028836773,-0.0253671909844217,-0.0264812947208559,-0.0257388421197556,-0.0094979972284845,-0.0662464086920597,-0.0986278371730149,-0.1258087764392667,0.0135067854044124,-0.0285448412419034,0.5,0.5,0.3333333333333333,0.3333333333333333,-0.0653517342455536,-0.0842950723265027,-0.037645910870375,0.169301470783178,0.6241398819176734,56.07689594996852,-25.68034604386041,DECELERATING
2026-05-15,HEALTHCARE,XLV,145.10000610351562,0.0112202979212252,-0.0248655703787532,-0.0747353696806844,-0.0443258621245865,0.0902397632886984,-0.0657447880863912,-0.1468819121328434,-0.1443957964440976,-0.0056399160629092,-0.0220295659639483,0.5,0.6666666666666666,0.5,0.1666666666666666,-0.0099548492795097,-0.0620460691408299,-0.0299539670844436,0.1633120956329451,0.6976206042531539,38.93469452919763,38.93469452919763,EARLY TURN
2026-05-15,DEFENSIVE,XLU,43.869998931884766,-0.0190072062973212,-0.0496100719908414,-0.0530974056107418,-0.0114917107696258,0.067656334119575,-0.0904892896984794,-0.1252439480629008,-0.1115616450891369,-0.0420979305704607,-0.0128346376361212,0.3333333333333333,0.5,0.3333333333333333,0.1666666666666666,-0.0491034394598727,-0.1283283839694633,-0.0515294173439938,0.1782653019012696,0.7479784309167972,22.22139384838497,15.187550660863273,LAGGARD
2026-05-15,CONSUMER_DISCRETIONARY,XLY,116.52999877929688,-0.0305324314652487,-0.0322232768441768,-0.0078331050902515,0.0093984069239969,0.0707033560854051,-0.0731024945518148,-0.0799796475424106,-0.0906715273955141,0.0223902762296266,-0.0070754412024901,0.5,0.3333333333333333,0.3333333333333333,0.3333333333333333,-0.0867195744490688,-0.1500125110955901,-0.1745685946715383,0.2260153072069265,0.6961873579765879,15.904563151844457,15.904563151844457,LAGGARD
2026-05-15,NUCLEAR,URA,49.93000030517578,-0.0951431672882314,-0.1061582570780866,-0.0814937500999989,0.1157541967637045,0.8018766493988858,-0.1470374747857247,-0.1536402925521579,0.0156842624441935,-0.0292413594111259,0.0164022935940868,0.0,0.5,0.0,0.0,-0.1545038310922011,-0.1692895967293796,-0.0725608245495609,0.4144965622448513,0.8723959577057411,0.0,-82.88111300810431,LAGGARD
2026-05-22,FINANCIALS,XLF,51.93999862670898,0.016438359641308,0.0101128058397661,0.0099163585165655,0.0052254783691079,0.0377622261430314,-0.0342887014278321,-0.0770382986405782,-0.1261949144830469,0.0239728500404776,-0.012331618161871,1.0,0.6666666666666666,0.6666666666666666,1.0,-0.0193431373162513,-0.0077013289946536,-0.0109912543697801,0.1678407112607813,0.6368552274566215,100.0,0.0,HOLD
2026-05-22,POWER_INDUSTRIALS,XLI,171.77000427246094,0.0021587537290113,-0.0040586591481867,-0.0303149776204713,0.1479649713771518,0.2196975221126753,-0.0484601664157849,-0.1172696347776151,0.0165445785249969,0.0155072460551923,0.064139905759766,0.6666666666666666,1.0,0.1666666666666666,0.5,-0.0745709747216619,-0.0185783845044296,0.2331109181212347,0.1749627573296793,0.6256880293259608,100.0,0.0,HOLD
2026-05-22,AI_SOFTWARE,IGV,94.01000213623048,0.0242972694115639,0.1034038204642218,0.1525070796609993,-0.06847003723828,-0.0777003644190429,0.0590023131966235,0.0655524225038555,-0.1998904300904349,0.1076419541663178,-0.0446841825293452,0.8333333333333334,0.1666666666666666,0.6666666666666666,0.8333333333333334,0.0268510605879291,0.0569702563263553,-0.1967775382606849,0.4427526638915747,0.7497277694724978,99.63045575973811,99.63045575973811,LEADER
2026-05-22,ENERGY,XLE,59.4900016784668,0.000841235748874,0.0460700333355044,0.0638412665668515,0.330574880264918,0.4511526583355301,0.0016685260679061,-0.0231133905902922,0.1991544874127631,0.0196596275020011,0.1883265157614371,0.3333333333333333,1.0,0.8333333333333334,1.0,-0.0189567472952372,-0.0201708814288388,0.2380758573624417,0.300183593151223,0.668236606794005,62.85666240932876,-37.14333759067124,DECELERATING
2026-05-22,HEALTHCARE,XLV,149.88999938964844,0.0330116683986601,0.0396033222633553,-0.0643570396691376,-0.0305284341379603,0.1499923553862683,-0.0047981850042428,-0.1513116968262814,-0.1619488269901152,0.0271151775237816,0.0079315167408033,1.0,0.8333333333333334,1.0,0.3333333333333333,0.0470031194092705,-0.0646308502261494,-0.0476049679230771,0.1739194175751373,0.7343957907789458,49.988134877539906,-21.151398047464028,WATCH
2026-05-22,SEMI,SOXX,537.3300170898438,0.0566546619574424,0.1640598136589828,0.5252490960762706,0.9840122723872302,1.6526956139719164,0.1196583063913845,0.4382944389191268,0.8525918795350753,0.2521059899457494,0.6067760695435758,1.0,1.0,1.0,1.0,0.1263345506445609,0.3207463228892038,0.9762842586645636,0.4759514120994901,1.1301603109364442,47.828378158315694,-52.171621841684306,WATCH
2026-05-22,MATERIALS,XLB,50.290000915527344,-0.0001987737909514,-0.0313944012115338,-0.0584160071297199,0.1647944830155183,0.1736290013148911,-0.075795908479132,-0.1453706642868637,0.0333740901633634,-0.005320491311342,0.0551050844618186,0.3333333333333333,0.8333333333333334,0.3333333333333333,0.3333333333333333,-0.0836366264210613,-0.1534028349053237,0.0860087717566895,0.2250372717776592,0.6544512085611836,34.28561414317751,-65.71438585682249,LAGGARD
2026-05-22,COMMUNICATION_SERVICES,XLC,115.45999908447266,-0.0053411676154553,-0.0006924167424334,-0.0219398890328668,0.0318140974982064,0.1524103829820415,-0.0450939240100317,-0.1088945461900106,-0.0996062953539484,0.0085956782994982,0.0008256300423132,0.5,0.3333333333333333,0.5,0.1666666666666666,-0.0466506678945746,-0.0999710130112877,-0.1167683015019361,0.20159924800074,0.6782015193961303,25.10836716235775,-62.857686754296935,LAGGARD
2026-05-22,CONSUMER_STAPLES,XLP,84.80000305175781,0.0018904024487615,0.0188633861768723,-0.0578824459595868,0.0885751141299615,0.0392157431063135,-0.0255381210907259,-0.1448371031167306,-0.0428452787221933,0.0206906816507346,0.0400792647227756,0.5,0.6666666666666666,0.5,0.1666666666666666,-0.0496998845290782,-0.1454021158750454,-0.0518805711709545,0.1385441420832254,0.6157926771414851,22.503077924839957,-42.39529951147391,LAGGARD
2026-05-22,DEFENSIVE,XLU,45.34999847412109,0.0337360286817938,-0.0179731880807645,-0.0498638401621849,0.0289279112674167,0.1189242496914735,-0.0623746953483628,-0.1368184973193287,-0.1024924815847381,-0.0062887880390712,0.0190123557829262,0.6666666666666666,0.8333333333333334,0.6666666666666666,0.0,-0.0262996488257744,-0.1479421011196874,-0.0797110022115496,0.1816004251450871,0.7639286364157517,6.815617509415368,-2.2178974632717328,LAGGARD
2026-05-22,CONSUMER_DISCRETIONARY,XLY,119.18000030517578,0.0227409384161918,0.0041283836354408,0.0198528126194337,0.0570288275403616,0.1315452528685292,-0.0402731236321574,-0.06710184453771,-0.0743915653117932,0.0380628905458724,0.0144975340514947,0.5,0.5,0.5,0.5,-0.0411378841844416,-0.1344944708125587,-0.149964482354793,0.2305656182189467,0.7646119694703439,3.92322878212984,-14.57309238919126,LAGGARD
2026-05-22,NUCLEAR,URA,48.959999084472656,-0.0194272224068577,-0.1148074874553294,-0.0990062762791328,0.1772060328166691,0.5381715112103622,-0.1592089947229277,-0.1859609334362766,0.0457856399645142,-0.0474893702263685,-0.008364913416926,0.1666666666666666,0.3333333333333333,0.0,0.0,-0.1558935404208901,-0.1941433156718869,-0.0566654752396841,0.4152750128667342,0.9189054481144632,0.0,-100.0,LAGGARD
2026-05-29,FINANCIALS,XLF,51.58000183105469,-0.0069310128065575,-0.0065484659068032,0.019972357965702,-0.0328145497827632,0.0121664591389474,-0.0562674069195642,-0.1051056856632055,-0.1397666038860308,0.0118884538630945,-0.0182484004705076,0.8333333333333334,0.5,0.3333333333333333,1.0,-0.0294616185317553,-0.0028240840880096,-0.0306840784733373,0.1641308340977833,0.6699543703774535,100.0,16.462174607514285,LEADER
2026-05-29,POWER_INDUSTRIALS,XLI,173.1300048828125,0.0079175675410378,0.0009828755917344,0.0187713451546296,0.1264883995874597,0.2122251505686201,-0.0487360654210264,-0.1063066984742779,0.0195363454841921,0.0166595460537828,0.0692548665558854,0.6666666666666666,1.0,0.1666666666666666,1.0,-0.0935402564598338,0.0101407372030191,0.174378743749399,0.1523888905284507,0.6011353519264441,100.0,0.0,HOLD
2026-05-29,SEMI,SOXX,569.0800170898438,0.0590884540044061,0.2218572562315486,0.7590800899858652,0.9177732554360658,1.7768127759857308,0.1721383152187876,0.6340020463569576,0.8108212013327982,0.2568077061053131,0.6619611699261687,1.0,1.0,1.0,1.0,0.2248714707577028,0.5623598305372416,1.016491466146513,0.3917133594830387,1.1661321800931852,96.76049347134884,-3.2395065286511624,HOLD
2026-05-29,AI_SOFTWARE,IGV,101.66000366210938,0.0813743362625738,0.173496558758097,0.1556212601050233,-0.0233451125110347,-0.0191992072790532,0.123777617745336,0.0305432164761156,-0.1302971666143023,0.1719948366640129,0.0345784257402206,1.0,0.6666666666666666,1.0,0.8333333333333334,0.1096614252517832,0.0514396996900207,-0.1100650728465426,0.4448079640781681,0.7647181360529561,81.11083593456847,22.99778463850724,LEADER
2026-05-29,ENERGY,XLE,56.290000915527344,-0.0537905643411291,-0.0435003844514879,-0.0049495983879683,0.2446656233219759,0.3808414512038778,-0.0932193254642489,-0.130027642016876,0.1377135692187083,-0.030168313255702,0.1175857688778465,0.1666666666666666,1.0,0.0,0.1666666666666666,-0.1036464048808846,-0.1163804137736957,0.1795634065350585,0.3242732248141571,0.6787838942645408,63.31163518392324,-36.68836481607676,DECELERATING
2026-05-29,COMMUNICATION_SERVICES,XLC,115.69000244140624,0.001992060962735,-0.0088245268036732,-0.015068931183913,0.0025999051334142,0.1409270286044355,-0.0585434678164342,-0.1401469748128206,-0.1043521489698533,0.0075595471112952,0.0018683978251252,0.6666666666666666,0.3333333333333333,0.1666666666666666,0.3333333333333333,-0.0672035999700627,-0.1321107672194288,-0.1339161217668749,0.2015493837457962,0.6795295582431145,61.510898376957485,-17.993665373666715,DECELERATING
2026-05-29,HEALTHCARE,XLV,149.47000122070312,-0.0028020426356364,0.0296913574666626,-0.0211525592147449,-0.0518870472088465,0.1268848153535813,-0.0200275835460983,-0.1462306028436525,-0.1588391013121141,0.0213397001375352,0.0032015032436345,0.8333333333333334,0.8333333333333334,0.8333333333333334,0.5,0.0023050650789331,-0.0699217535243407,-0.0558734947882194,0.1461145695017003,0.7420372824016068,52.53482565414143,-23.531918997392665,WATCH
2026-05-29,MATERIALS,XLB,51.150001525878906,0.0171008270967445,-0.0038947800230798,0.0258724608851994,0.1442953166185876,0.1848506762892121,-0.0536137210358408,-0.0992055827437081,0.03734326251532,0.0034134042352973,0.070307632786208,0.3333333333333333,0.8333333333333334,0.3333333333333333,0.6666666666666666,-0.0447515030034678,-0.1169843073938358,0.0676694659255048,0.1788418234490649,0.6870550350306158,43.487213870834495,-38.14939281867687,WATCH
2026-05-29,CONSUMER_DISCRETIONARY,XLY,120.87000274658205,0.0141802520312031,0.0188822856362287,0.0561866494931959,0.0223293522345453,0.1306828907511399,-0.0308366553765322,-0.0688913941357116,-0.0846227018687222,0.0408790885282488,0.0279383504104817,0.6666666666666666,0.5,0.6666666666666666,0.5,-0.0268405797743706,-0.1297382812384866,-0.1577719342843956,0.2256352480141505,0.7349836044868787,16.684663706368298,-1.9109296465442398,LAGGARD
2026-05-29,CONSUMER_STAPLES,XLP,82.91000366210938,-0.0222877278494303,-0.0149696392330541,-0.0334576259970776,0.0446012447149599,0.0009658557199825,-0.0646885802458151,-0.1585356696259853,-0.0623508093883076,-0.0040003018653049,0.0167610830929085,0.1666666666666666,0.3333333333333333,0.1666666666666666,0.1666666666666666,-0.0986835977022985,-0.1710626870113666,-0.0806680724274627,0.1094501747769813,0.6140434886938546,9.990151125353634,-64.48905770985925,LAGGARD
2026-05-29,DEFENSIVE,XLU,44.41999816894531,-0.0205071739022545,-0.0457572739640228,-0.0496363591401048,-0.0197506451481199,0.0844726357863687,-0.0954762149767838,-0.1747144027690125,-0.1267026992513875,-0.0261762046769172,-0.0026690558203552,0.3333333333333333,0.6666666666666666,0.3333333333333333,0.1666666666666666,-0.0595316097919065,-0.1595629924280354,-0.0883787036906518,0.1814986308262569,0.7960173017684583,3.3303923289022066,-42.28638395197827,LAGGARD
2026-05-29,NUCLEAR,URA,50.7599983215332,0.0367646909869205,-0.0909742445768825,0.040590397535571,0.1210247281354151,0.5857544824482803,-0.1406931855896435,-0.0844876460933365,0.0140726740321475,-0.0207011335979352,0.0222329300814874,0.0,0.5,0.0,0.5,-0.1364204247416743,-0.1421974709643831,-0.0927582766553414,0.3620465134679258,0.993115044581748,0.0,-94.18203627161984,LAGGARD
2026-06-05,FINANCIALS,XLF,52.29999923706055,0.0139588480117573,0.0206869149857815,0.069748412558461,-0.0257079184103912,0.0198908050320678,0.02078182472885,-0.0438876264312724,-0.1013397420725628,0.0170546189758116,-0.0037431196961829,1.0,0.8333333333333334,1.0,1.0,0.0526082329257091,0.0750612897881353,0.0016891764781735,0.144653017398703,0.7328761350880633,100.0,3.5561290279645306,LEADER
2026-06-05,POWER_INDUSTRIALS,XLI,174.17999267578125,0.0060647361136474,0.0056581740462264,0.0578803469940509,0.1267951262295106,0.2018215792326323,0.0057530837892949,-0.0557556919956825,0.051163302567339,0.013906388020779,0.0720698553101415,0.5,1.0,0.1666666666666666,1.0,-0.035161796923491,0.0072113823428412,0.1808660391270994,0.1328681068105226,0.6135260311238085,100.0,0.0,HOLD
2026-06-05,SEMI,SOXX,539.77001953125,-0.0515041763519986,0.0374207806939801,0.629150089336588,0.7445702332878528,1.483528244346195,0.0375156904370486,0.5155140503468545,0.6689384096256812,0.1377303933147151,0.5431876983525123,1.0,1.0,0.8333333333333334,1.0,0.0375484579362208,0.3898693383892888,0.8703403067611157,0.4431192582360446,1.2757766781219788,82.57666638742816,-7.215165338418501,HOLD
2026-06-05,AI_SOFTWARE,IGV,95.8499984741211,-0.0571513375830595,0.051563322759877,0.1384962073237836,-0.1243376642078027,-0.0955841155118226,0.0516582325029455,0.0248601683340501,-0.1999694878699743,0.0813768403955135,-0.0214994618705048,0.8333333333333334,0.5,0.8333333333333334,0.8333333333333334,0.0420646366837621,0.0232341639005215,-0.1728288167406601,0.4542481704700505,0.8227979714626992,75.4265776576613,3.5075001000865456,LEADER
2026-06-05,HEALTHCARE,XLV,153.00999450683594,0.0236836372330375,0.0663460077303113,0.0214967712466092,-0.0016312149873451,0.138636619638985,0.0664409174733797,-0.0921392677431243,-0.0772630386495167,0.0386092666407773,0.0242832649033346,1.0,1.0,1.0,0.8333333333333334,0.0957925870137511,-0.0087849166298124,0.0401237926074656,0.149022940500758,0.861037435691008,62.95070747510056,12.731680888853347,IMPROVING
2026-06-05,DEFENSIVE,XLU,44.34999847412109,-0.0015758599214251,-0.0082737642326078,-0.0555792304351761,0.0242494054402164,0.0924990058013091,-0.0081788544895393,-0.1692152694249096,-0.0513824182219551,-0.025060473308926,-0.005463256339342,0.8333333333333334,0.6666666666666666,0.6666666666666666,0.3333333333333333,0.0193204371304503,-0.1278467048972048,-0.0096675698670528,0.1805523920063551,0.8668543117018447,34.577546353333304,27.178739193918496,LAGGARD
2026-06-05,COMMUNICATION_SERVICES,XLC,111.66999816894533,-0.0347480697348672,-0.0450658813274911,-0.024290072987543,-0.0466148656407769,0.0767524747347569,-0.0449709715844226,-0.1379261119772765,-0.1222466893029485,-0.0313570862059375,-0.033003213806351,0.1666666666666666,0.1666666666666666,0.0,0.3333333333333333,-0.0616860877540675,-0.1391583776856393,-0.1427307042500179,0.2076406557099627,0.7568420793057083,23.836641423988397,-51.254565824083755,LAGGARD
2026-06-05,MATERIALS,XLB,50.630001068115234,-0.0101661865542777,-0.0186082396129727,0.0292742931817111,0.1483329755702773,0.1535657728912258,-0.0185133298699042,-0.0843617458080223,0.0727011519081057,-0.0101274514462343,0.0569441156872465,0.3333333333333333,0.6666666666666666,0.3333333333333333,0.5,-0.0308358869996459,-0.1091933437316246,0.0796836572325829,0.1775964768104479,0.8294479550590917,17.560742531532,-79.27270233098388,LAGGARD
2026-06-05,ENERGY,XLE,57.66999816894531,0.0245158506124185,0.0353679960327149,-0.0005199756256053,0.255879801143944,0.3828077121915543,0.0354629057757833,-0.1141560146153388,0.1802479774817724,0.0020502937400428,0.137938234562216,0.3333333333333333,1.0,1.0,0.1666666666666666,0.0280084756582454,-0.0989477097851119,0.2047619388204747,0.3256960462574796,0.6617895675880889,16.250848900135537,-64.06463075006299,LAGGARD
2026-06-05,CONSUMER_STAPLES,XLP,83.44000244140625,0.0063924587611505,-0.0087906612150966,-0.0153409895578849,0.0634718763069568,0.021422450088127,-0.0086957514720281,-0.1289770285476185,-0.0121599473552147,0.0003716778921609,0.02242687757247,0.5,0.6666666666666666,0.3333333333333333,0.1666666666666666,-0.0335288309343833,-0.1509572093921337,-0.0226163925250002,0.1087175628362542,0.7374367029703186,15.333595498266746,-23.00173911835592,LAGGARD
2026-06-05,CONSUMER_DISCRETIONARY,XLY,114.86000061035156,-0.0497228592674986,-0.0444259273998984,0.0360815440914448,-0.0406748735491454,0.0827167045445473,-0.04433101765683,-0.0775544948982887,-0.116306697211317,-0.0186344934598577,-0.0229638758050022,0.0,0.1666666666666666,0.1666666666666666,0.3333333333333333,-0.0435406828629826,-0.1485732644786614,-0.1891835327770137,0.2423052829117803,0.7388555085227467,0.0,-14.615398153418766,LAGGARD
2026-06-05,NUCLEAR,URA,45.310001373291016,-0.1073679497331703,-0.1788691351449481,-0.0807465909578132,-0.0544657115063437,0.3469085075915199,-0.1787742254018797,-0.1943826299475467,-0.1300975351685153,-0.1236146073369006,-0.0896487714180259,0.0,0.1666666666666666,0.0,0.0,-0.1527527033153812,-0.2273117762518629,-0.178403422492626,0.4296297088608686,1.032769476003231,0.0,-51.75397606684767,LAGGARD
2026-06-12,POWER_INDUSTRIALS,XLI,176.17999267578125,0.0114823750378885,0.027887975201351,0.0897506938280099,0.1240269650460426,0.2350508251940641,0.0243975506041749,-0.0539192132344681,0.0360341385747475,0.0181931289222441,0.0801829128425681,0.5,1.0,0.3333333333333333,1.0,-0.0269224673768902,-0.0191720994544627,0.172073688417074,0.1225832686729415,0.6775602333074953,99.97288636639007,-0.02711363360992891,HOLD
2026-06-12,FINANCIALS,XLF,53.34000015258789,0.0198852950420387,0.0438356505940251,0.0867970285778951,-0.0292993737579237,0.0676541459178232,0.040345225996849,-0.0568728784845828,-0.1172922002292188,0.029650228768068,0.0159371128900926,1.0,1.0,1.0,1.0,0.0923147791794879,0.0547116304078505,-0.0072453490863129,0.1474500334583059,0.7699130060603234,89.98306680246144,33.90617085249292,LEADER
2026-06-12,SEMI,SOXX,596.25,0.1046371203013436,0.1725202801889651,0.793179099842066,0.990950908664218,1.6984521265520949,0.169029855591789,0.649509192779588,0.9029580821929232,0.1922829963442933,0.6631520840389984,0.8333333333333334,1.0,0.8333333333333334,1.0,0.1864459546563954,0.5411252139903328,1.1550503237319407,0.4503180905802508,1.4259887048382065,83.25323464918678,14.596169142437091,LEADER
2026-06-12,AI_SOFTWARE,IGV,90.6999969482422,-0.0537298028989471,-0.0117672896646224,0.0929027507282123,-0.159951876236058,-0.1465135991969571,-0.0152577142617985,-0.0507671563342657,-0.247944702707353,0.0114526934571319,-0.0699344008195684,0.5,0.1666666666666666,0.3333333333333333,0.8333333333333334,-0.017289608820888,-0.0694846809674614,-0.2264066625299166,0.4723707580205818,0.7797050364397727,81.55966547020745,-2.3662931967854206,HOLD
2026-06-12,HEALTHCARE,XLV,153.80999755859375,0.0052284365759001,0.0600275057801469,0.0583499320215863,-0.0016227444110202,0.1298757955015212,0.0565370811829708,-0.0853199750408917,-0.0896155708823153,0.0391022782542473,0.0269044001326224,1.0,1.0,1.0,1.0,0.0695876493149239,0.0174636774405117,0.0188781875452408,0.1304280900954948,0.8636735346634066,70.12582669685895,31.191132167661323,IMPROVING
2026-06-12,ENERGY,XLE,57.54999923706055,-0.0020807861226772,-0.0317967603182139,-0.0296746264622925,0.2645572700412641,0.3064699258528489,-0.03528718491539,-0.1733445335247706,0.1765644435699691,0.0029277412821797,0.1278536163851573,0.5,1.0,0.1666666666666666,0.1666666666666666,-0.0370869230312131,-0.163822042934988,0.187616541976499,0.319869802180827,0.7081893854739612,46.43188432089478,-53.56811567910522,WATCH
2026-06-12,DEFENSIVE,XLU,44.52999877929688,0.0040586315979427,0.0150444463980239,-0.0026876314105493,0.0396917318600154,0.0938344333267553,0.0115540218008478,-0.1463575384730274,-0.0483010946112796,-0.0171930628766334,-0.0029890414624502,0.8333333333333334,0.8333333333333334,1.0,0.8333333333333334,0.0349321328892786,-0.0975061489204981,-0.0086484616284343,0.1495612443238449,0.8167015076883962,43.25190140197002,21.030507553585046,EARLY TURN
2026-06-12,MATERIALS,XLB,52.18000030517578,0.0306142446051946,0.0373757673286418,0.110685415359881,0.1557031792184424,0.1943236883801733,0.0338853427314658,-0.0329844917025969,0.0677103527471474,0.016658554411608,0.0857883147167544,0.5,0.6666666666666666,0.6666666666666666,1.0,0.0110663300751651,-0.0452818923188418,0.0791723229099636,0.1492073612121097,0.8896356511990172,28.792373352213872,-37.99682804076177,LAGGARD
2026-06-12,CONSUMER_STAPLES,XLP,85.81999969482422,0.0285234561814551,0.013941402571892,0.0557263959684812,0.0805842567795653,0.0600296524865409,0.0104509779747159,-0.0879435110939967,-0.0074085696917296,0.0240805526834484,0.0499978489865331,0.5,0.8333333333333334,0.5,0.8333333333333334,-0.0171912425534659,-0.1125409874031276,-0.0204815910875715,0.0819441081577019,0.780595371833546,20.132543826548407,-41.48593468136422,LAGGARD
2026-06-12,CONSUMER_DISCRETIONARY,XLY,116.5999984741211,0.0151488582145515,0.0006007010688877,0.0822350175053323,-0.0339685052011992,0.1013506701536897,-0.0028897235282883,-0.0614348895571457,-0.1219613316724942,-0.010908857593338,-0.0079614221431683,0.5,0.1666666666666666,0.6666666666666666,0.6666666666666666,0.0087367669268534,-0.1182928166385595,-0.1905798682659461,0.2321487776504022,0.7788792286232767,17.26893592025607,1.364372768411613,LAGGARD
2026-06-12,COMMUNICATION_SERVICES,XLC,111.6500015258789,-0.0001790690731108,-0.0381633376576208,-0.0051679748169485,-0.0420420540332624,0.0884187905334819,-0.0416537622547968,-0.1488378818794266,-0.1300348805045574,-0.0314885389459345,-0.0325396722034996,0.0,0.1666666666666666,0.1666666666666666,0.3333333333333333,-0.0519067346358815,-0.1549658360942837,-0.1362712693537468,0.2037000148569439,0.8604009405030696,0.0,-80.37125109026752,LAGGARD
2026-06-12,NUCLEAR,URA,45.52000045776367,0.0046347181220003,-0.0883236495184832,-0.0198104693400269,-0.0115092027812746,0.2598947996692733,-0.0918140741156593,-0.163480376402505,-0.0995020292525696,-0.1137589244572374,-0.0876246992234586,0.0,0.0,0.0,0.0,-0.0796302452501516,-0.2016383669867229,-0.1657936181721456,0.4129073669374823,1.0177638659404598,0.0,0.0,LAGGARD
2026-06-19,POWER_INDUSTRIALS,XLI,180.91000366210935,0.0268476057609596,0.0532106838348249,0.1363693915203112,0.1607211789661324,0.2707031668660158,0.0517354738617441,-0.0412867118843605,0.0635261558704531,0.0398859841622099,0.1042190517820027,0.8333333333333334,1.0,0.8333333333333334,1.0,0.0549190418010344,0.015576926118053,0.2709695321559155,0.117119013332591,0.6621105410878942,100.0,0.0,HOLD
2026-06-19,SEMI,SOXX,639.4500122070312,0.0724528506616877,0.1900507916350271,0.9767836975684336,1.132850863594232,1.8406113032440128,0.1885755816619463,0.7991275941637619,1.0356558404985527,0.217128318202675,0.737157949714025,1.0,1.0,0.8333333333333334,1.0,0.2527764724474886,0.7961199305648493,1.2492710291030242,0.414269028686593,1.3437138508703028,100.0,52.171621841684306,LEADER
2026-06-19,FINANCIALS,XLF,53.56999969482422,0.0043119524105432,0.0313823856606156,0.1204768491128096,-0.0231582869115608,0.063741045384595,0.0299071756875348,-0.0571792542918621,-0.1203533100072401,0.0285308361777794,0.0204295395630966,1.0,1.0,1.0,1.0,0.0688553656947954,0.0512347571464208,-0.0015570555562292,0.127530798198925,0.8165858268058959,79.34564524566521,-20.65435475433479,DECELERATING
2026-06-19,AI_SOFTWARE,IGV,89.08999633789062,-0.0177508342284764,-0.052334918482506,0.1586681889073424,-0.1732554327044015,-0.1524117988720023,-0.0538101284555868,-0.0189879144973292,-0.2704504558000808,-0.0222246947848617,-0.0811248803794336,0.0,0.1666666666666666,0.0,0.8333333333333334,-0.0545971753157628,-0.0569140279399907,-0.2616895728452946,0.4392350672856625,0.7689030264094594,64.22874801861512,-35.40170774112299,DECELERATING
2026-06-19,HEALTHCARE,XLV,149.39999389648438,-0.0286717621228059,-0.0032691006415328,0.0428591346159479,-0.0357558310160537,0.1266967346883352,-0.0047443106146136,-0.1347969687887238,-0.132950854111733,0.0078863000489124,-0.0044148652976595,0.6666666666666666,0.6666666666666666,0.5,0.6666666666666666,-0.0066568322856537,-0.048109639242875,-0.0302365956717828,0.1432592492635185,0.8741877488944156,45.731034057977645,-4.257100819562261,WATCH
2026-06-19,MATERIALS,XLB,51.810001373291016,-0.0070908188907784,0.0302247053110384,0.059292609587533,0.1419440730222365,0.1990280599637581,0.0287494953379576,-0.1183634938171387,0.0447490499265572,0.0097447114047708,0.0747513617641948,0.6666666666666666,0.8333333333333334,0.5,0.8333333333333334,0.0148221248462633,-0.1249817896376605,0.0605993025928769,0.1330358537130591,0.8698599757175233,35.670515692097084,1.3849015489195722,LAGGARD
2026-06-19,DEFENSIVE,XLU,44.7599983215332,0.0051650471264612,-0.0130099266249055,-0.0182057869768963,0.049964747831336,0.1081950729864271,-0.0144851365979863,-0.1958618903815681,-0.0472302752643432,-0.0072966989843306,0.0010343245994479,0.5,0.8333333333333334,0.1666666666666666,0.6666666666666666,-0.0087892611511316,-0.1617501408333429,-0.0384554723546834,0.1424644127134888,0.8210882493984581,34.523261105033384,27.707643595618016,LAGGARD
2026-06-19,CONSUMER_DISCRETIONARY,XLY,117.16000366210938,0.0048027889821333,-0.0169491243320518,0.1086298573408628,-0.0384899045608753,0.1122081615258905,-0.0184243343051326,-0.0690262460638089,-0.1356849276565546,-0.0097453096567022,-0.0027397550996303,0.3333333333333333,0.1666666666666666,0.3333333333333333,0.6666666666666666,-0.0169004634554745,-0.132420009740801,-0.1822498091380826,0.2246046272679434,0.7276009703664766,25.503269088614235,21.580040306484396,LAGGARD
2026-06-19,CONSUMER_STAPLES,XLP,83.30000305175781,-0.0293637456540143,-0.0176886786087079,0.0185865039759054,0.0573750233879006,0.0281412799698816,-0.0191638885817887,-0.1590695994287663,-0.0398199997077786,-0.0070921766528144,0.018237855428393,0.3333333333333333,0.5,0.1666666666666666,0.5,-0.0280372469879434,-0.1827352427746877,-0.0427375608622839,0.1079859434302235,0.7743696447436975,7.395063515265036,-15.10801440957492,LAGGARD
2026-06-19,COMMUNICATION_SERVICES,XLC,109.4499969482422,-0.0197044742281242,-0.0520526778441547,0.0225149104269601,-0.0606762778794237,0.0642746095462096,-0.0535278878172356,-0.1551411929777115,-0.157871300975103,-0.0468518970881784,-0.0499771372792234,0.1666666666666666,0.1666666666666666,0.1666666666666666,0.6666666666666666,-0.0538724227070214,-0.1316498269961501,-0.148717036831935,0.1815456150752422,0.9742878213132162,0.0,-25.10836716235775,LAGGARD
2026-06-19,ENERGY,XLE,53.77000045776367,-0.0656819952981452,-0.0961506313551434,-0.1405051266395927,0.2184454828081461,0.2085861638388835,-0.0976258413282242,-0.3181612300442644,0.1212504597124668,-0.0577411605462262,0.0489072408417103,0.0,1.0,0.0,0.0,-0.1137630456806253,-0.3431845275887564,0.1079258854604667,0.3177555244798866,0.6544842941268588,0.0,-62.85666240932876,LAGGARD
2026-06-19,NUCLEAR,URA,47.77999877929688,0.0496484687786893,-0.0241013138733904,0.0246621849633195,0.0411854306991943,0.2994288328655305,-0.0255765238464712,-0.1529939184413522,-0.0560095923964849,-0.0639631950654728,-0.0450684772085714,0.1666666666666666,0.3333333333333333,0.5,0.6666666666666666,-0.0029876058835741,-0.1809796255106116,-0.1100638868525091,0.4257988569808347,1.0252302212252675,0.0,0.0,LAGGARD
2026-06-26,SEMI,SOXX,589.9400024414062,-0.0774259266877539,0.0366556278996337,0.7371102967738226,0.9276564696436164,1.4698149582766091,0.0729949771806827,0.6255570417563583,0.8716236831961071,0.0868479803190269,0.5681416953468177,0.8333333333333334,1.0,0.8333333333333334,1.0,0.1563491933198287,0.723023982025917,1.1286655895759852,0.5038852242152876,1.5260510836470769,100.0,3.2395065286511624,LEADER
2026-06-26,FINANCIALS,XLF,53.56999969482422,0.0,0.0385808025034115,0.0815667477305901,-0.0368572325859101,0.0313823856606156,0.0749201517844605,-0.0299865072868741,-0.0928900190334193,0.0262845345281481,0.0207600872899527,1.0,1.0,0.8333333333333334,1.0,0.0951884954240142,0.0500714783669176,0.013473630216777,0.113683701855868,0.8925567644314008,79.81556516548972,-20.184434834510284,DECELERATING
2026-06-26,POWER_INDUSTRIALS,XLI,181.1999969482422,0.0016029698759745,0.0466123250611127,0.1064297015391373,0.1525983665787789,0.2344165490561411,0.0829516743421617,-0.0051235534783269,0.0965655801312697,0.0369691975572734,0.1012703666629186,0.6666666666666666,1.0,0.8333333333333334,1.0,0.0753780941070198,0.0225689667538505,0.2603991458398227,0.1109909469575568,0.7833890397576402,64.45034364553713,-35.54965635446287,DECELERATING
2026-06-26,HEALTHCARE,XLV,160.33999633789062,0.0732262576194369,0.0727235902081593,0.092159927827101,0.0274911451601185,0.1971926014066387,0.1090629394892083,-0.0193933271903632,-0.0285416412873906,0.0733339848080947,0.0644007379423949,1.0,1.0,1.0,1.0,0.14778852157764,0.0971362013456885,0.105796444457358,0.2008884827535569,1.0212805862921492,54.8931512719854,2.358325617843974,HOLD
2026-06-26,AI_SOFTWARE,IGV,88.19999694824219,-0.0099898914157875,-0.1324021860023204,0.0978342166869699,-0.1840888233744325,-0.181666376441041,-0.0960628367212714,-0.0137190383304943,-0.2401216098219417,-0.0352959409354159,-0.0834530813095101,0.1666666666666666,0.1666666666666666,0.0,0.6666666666666666,-0.1437440561891198,-0.0965395779569936,-0.2632949883991327,0.4358429638409209,0.8369979069738916,44.29747314366337,-36.8133627909051,WATCH
2026-06-26,DEFENSIVE,XLU,46.20000076293945,0.032171637520225,0.0400720996706065,-0.0030211348551456,0.0799439476678449,0.1361121289265396,0.0764114489516555,-0.1145743898726099,0.0239111612203357,0.0245492984130968,0.0310917893799014,1.0,1.0,1.0,0.8333333333333334,0.0944260866564445,-0.0632792782428547,0.0487957857231564,0.1549608768679212,0.9504751858256452,30.57746365942489,27.247071330522683,LAGGARD
2026-06-26,CONSUMER_DISCRETIONARY,XLY,114.37000274658205,-0.0238135953253615,-0.0537767837536001,0.0575127242990816,-0.0629250316521411,0.0464340057885532,-0.0174374344725511,-0.0540405307183826,-0.1189578180996503,-0.0283665449446742,-0.0251760410906626,0.1666666666666666,0.1666666666666666,0.1666666666666666,0.6666666666666666,-0.0261632637738709,-0.0940677935037182,-0.1774769753310077,0.2317675361419114,0.8413386648498108,13.600789278640114,-3.0838744277281833,LAGGARD
2026-06-26,ENERGY,XLE,53.84000015258789,0.0013018354887164,-0.0435246175713532,-0.091308014302314,0.2180995299378212,0.2623680709581963,-0.0071852682903043,-0.2028612693197783,0.162066743490312,-0.0545594957094386,0.0453886916821459,0.0,0.6666666666666666,0.0,0.0,-0.0355897545030847,-0.2363924551328264,0.1345940044402545,0.304227674755853,0.7287552117884455,8.591640714366584,-54.71999446955665,LAGGARD
2026-06-26,COMMUNICATION_SERVICES,XLC,106.18000030517578,-0.0298766261694164,-0.0822024542790291,-0.0494180554510147,-0.0999406696069293,-0.0139301634077716,-0.0458631049979801,-0.160971310468479,-0.1559734560544385,-0.0648064978373907,-0.075707061376296,0.0,0.1666666666666666,0.0,0.3333333333333333,-0.0508008097638825,-0.1570705991866422,-0.1617153689970522,0.1660869687456243,1.2290756929840174,0.0,-61.510898376957485,LAGGARD
2026-06-26,CONSUMER_STAPLES,XLP,84.70999908447266,0.0169267224616878,0.0217102320933304,0.0344364356556667,0.0828326147191036,0.0516448898213177,0.0580495813743794,-0.0771168193617974,0.0267998282715944,0.0070137643272443,0.0337894339358706,0.5,0.5,0.5,0.5,0.049951052081053,-0.1263170314904273,0.0113720223524499,0.112559890220194,0.9522177946924268,0.0,-9.990151125353634,LAGGARD
2026-06-26,MATERIALS,XLB,51.59999847412109,-0.0040533274194851,0.0087975940335898,0.0236064001251941,0.1190630620494297,0.1741949899296158,0.0451369433146388,-0.0879468548922701,0.0630302756019205,0.0062009770451212,0.0669726704201016,0.5,0.8333333333333334,0.5,0.6666666666666666,0.0376888083376883,-0.1205412283341351,0.0453903721559963,0.120355174406207,0.995501448800516,0.0,-43.487213870834495,LAGGARD
2026-06-26,NUCLEAR,URA,43.59000015258789,-0.087693569145182,-0.141252923680726,-0.1085889817504576,-0.0499128348346705,0.1449960730762531,-0.104913574399677,-0.2201422367679218,-0.1059456212821797,-0.1250150522725628,-0.1262602954039885,0.0,0.1666666666666666,0.1666666666666666,0.0,-0.0492270991207186,-0.203546934925683,-0.1340618923982171,0.4515031536891187,1.0598174692381177,0.0,0.0,LAGGARD
2026-07-03,AI_SOFTWARE,IGV,93.56999969482422,0.0608843869885082,-0.0237871550922607,0.2531137269230479,-0.088189464135044,-0.1590725036599085,-0.0335899367661393,0.156978553091073,-0.1783720657245828,0.014155039131863,-0.0222136279870468,0.5,0.3333333333333333,0.1666666666666666,1.0,-0.0869330860948682,0.0775736719827354,-0.2125246060182127,0.4067031962923646,0.7625798842196271,100.0,24.573422342338702,LEADER
2026-07-03,SEMI,SOXX,566.3200073242188,-0.0400379615205589,0.0491875925528901,0.4648732498275789,0.8053492394294617,1.3272787698157646,0.0393848108790115,0.368738075995604,0.7151666378399228,0.0235851905330228,0.4761736739947544,0.8333333333333334,1.0,0.8333333333333334,1.0,0.0998264339751956,0.4064168092100986,0.8528682523523047,0.4914960890731434,1.4006368160932896,100.0,17.423333612571838,LEADER
2026-07-03,FINANCIALS,XLF,55.619998931884766,0.0382676731144093,0.0634799186090928,0.0955288247073364,0.0125614167645284,0.0456852861048124,0.0536771369352142,-0.0006063491246384,-0.0776211848250103,0.0570527063525729,0.0589343838587927,1.0,1.0,0.8333333333333334,1.0,0.0379955339459445,0.0221833449014877,-0.001430014346166,0.1264139145882021,0.8623723560305683,73.85324625384746,-26.14675374615254,DECELERATING
2026-07-03,HEALTHCARE,XLV,163.74000549316406,0.0212049970869929,0.0701262098656485,0.1115335564922206,0.0529227141472656,0.2084133246727975,0.0603234281917699,0.0153983826602457,-0.0372598874422731,0.0819276012247198,0.0819007971849536,1.0,1.0,1.0,1.0,0.0834334403358425,0.1083604298675286,0.0873449780667134,0.2024912967413355,0.94418248302607,66.74375907946013,3.793051604359576,HOLD
2026-07-03,DEFENSIVE,XLU,45.7599983215332,-0.0095238622108251,0.0317925568415715,-0.0255536794364256,0.0597498378444469,0.1182795789140827,0.0219897751676929,-0.1216888532684005,-0.0304327637450918,0.0157377032023211,0.0199316514007814,1.0,1.0,1.0,0.8333333333333334,0.0472641933187609,-0.0377986139373473,0.0365449738805315,0.1529054995868556,0.890457312887381,51.941818369815046,17.364272016481742,EARLY TURN
2026-07-03,POWER_INDUSTRIALS,XLI,183.91000366210935,0.0149558871937578,0.0558618176338976,0.0722364685227434,0.1641347552590812,0.2308258995838503,0.046059035960019,-0.0238987053092314,0.0739521536695424,0.0456323715916817,0.1124452460955716,0.5,1.0,0.8333333333333334,0.6666666666666666,0.0311870537937506,-0.0494383025052676,0.2034157300419576,0.0707099577980598,0.7880566990691885,15.664321545136538,-84.33567845486346,LAGGARD
2026-07-03,ENERGY,XLE,53.220001220703125,-0.0115155819117315,-0.0771631192913486,-0.0653318843646917,0.1658269319122103,0.2230265877784514,-0.0869659009652272,-0.1614670581966666,0.0756443303226714,-0.0594181674488812,0.0297390133112733,0.0,0.5,0.0,0.0,-0.1116788515786204,-0.2006836317903777,0.0387640755928471,0.2958885359268037,0.7022151940723299,12.37826521684319,-3.8725836832923477,LAGGARD
2026-07-03,CONSUMER_DISCRETIONARY,XLY,117.12000274658205,0.0240447664069167,0.0196761459535181,0.0374701335796221,-0.0103928664418869,0.0589032972461822,0.0098733642796395,-0.0586650402523527,-0.1005754680314258,-0.0036749496316009,-0.0011545103412125,0.5,0.3333333333333333,0.8333333333333334,0.8333333333333334,0.0222893572713533,-0.0633881921985136,-0.1541499983062306,0.219490429615039,0.8740339389825627,12.09883175969771,12.09883175969771,LAGGARD
2026-07-03,MATERIALS,XLB,52.0099983215332,0.0079457337119444,0.0272565124294859,0.000962264009652,0.1277103106257104,0.1384479973320083,0.0174537307556073,-0.0951729098223228,0.0375277090361716,0.0140180214268759,0.0712473983207082,0.6666666666666666,0.8333333333333334,0.6666666666666666,0.6666666666666666,0.0412281231437393,-0.1144961174297021,0.0538086603737094,0.1027452760075169,0.8813015343481814,9.86111084473734,-7.69963168679466,LAGGARD
2026-07-03,COMMUNICATION_SERVICES,XLC,109.5999984741211,0.0322094383039721,-0.0185367576678251,-0.0381746256307222,-0.0624465607910343,0.0144390739112771,-0.0283395393417037,-0.1343097994626971,-0.1526291623805732,-0.0296076087511608,-0.0441534146141895,0.0,0.1666666666666666,0.0,0.3333333333333333,-0.0297102086501499,-0.1484739450936502,-0.155477971898619,0.1759740918567129,1.298110984731502,0.0,-23.836641423988397,LAGGARD
2026-07-03,CONSUMER_STAPLES,XLP,84.98999786376953,0.0033053805019838,0.0185761670303368,0.0318076366374313,0.0939631251507415,0.0341932045285813,0.0087733853564582,-0.0643275371945435,0.0037805235612027,0.0082328602407633,0.0349866320451199,0.5,0.5,0.6666666666666666,0.5,-0.0020289823929813,-0.1103743127349995,-0.0070723861759955,0.1123716046605973,0.8558956663051254,0.0,-15.333595498266746,LAGGARD
2026-07-03,NUCLEAR,URA,43.22999954223633,-0.008258788921573,-0.0459060200399992,-0.1516875918585256,-0.0614416358375475,0.140633187381747,-0.0557088017138778,-0.2478227656905005,-0.1516242374270864,-0.1106768220955303,-0.1312211835119437,0.0,0.0,0.3333333333333333,0.0,-0.0412071096915939,-0.2572325129149226,-0.2417043348273223,0.4371734134728516,0.8545419397534081,0.0,0.0,LAGGARD
2026-07-10,SEMI,SOXX,581.3400268554688,0.0265221417873218,-0.0250062442675575,0.398426881251154,0.7681733347949493,1.3615389006766692,-0.0428020140107745,0.3353266522339546,0.6804588330294612,0.0292300669032636,0.4861379806679931,1.0,1.0,0.3333333333333333,1.0,-0.0172006649834217,0.3935422908635422,0.7326003139288705,0.4827280642081344,1.094503302041851,100.0,16.74676535081322,LEADER
2026-07-10,FINANCIALS,XLF,55.709999084472656,0.0016181257518201,0.0444319258549867,0.0625595796338966,-0.0003588813552477,0.0680598015231144,0.0266361561117698,-0.0005406493833026,-0.0880733831207358,0.0511915647517997,0.0596442032790951,1.0,1.0,0.8333333333333334,1.0,0.017537811466817,0.0430042243509804,-0.0012740320627342,0.1133232061305581,0.822236808032906,81.53871506978038,-8.444351732681056,DECELERATING
2026-07-10,HEALTHCARE,XLV,160.83999633789062,-0.0177110605715382,0.0457057336381454,0.0809139317150744,0.022439761198153,0.1897329198407369,0.0279099638949285,0.017813702697875,-0.065274740567335,0.0518674291447591,0.0599343096862452,1.0,1.0,1.0,1.0,0.0368925554457012,0.1029802593130458,0.0583946326127258,0.2100442598070882,0.9766977033952866,73.6684023843845,3.542575687525556,HOLD
2026-07-10,POWER_INDUSTRIALS,XLI,181.9199981689453,-0.0108205396853791,0.0325803481200457,0.0484698514688619,0.1234484431379452,0.2111850989693002,0.0147845783768287,-0.0146303775483374,0.0357339413724571,0.0290756840431112,0.095849145779489,0.6666666666666666,1.0,0.6666666666666666,0.8333333333333334,0.011380407994747,-0.0330795371126079,0.2230748131713091,0.0772270131957395,0.7478299613697972,64.74045854161022,-35.23242782477985,DECELERATING
2026-07-10,DEFENSIVE,XLU,45.40999984741211,-0.0076485683338933,0.0197619827585615,-0.0162478336758929,0.0682192811193296,0.1015161074152166,0.0019662130153446,-0.0793480626930923,-0.0194952206461584,0.0105258634603548,0.0115923236942063,0.8333333333333334,0.8333333333333334,0.6666666666666666,0.8333333333333334,-0.0001468529020084,-0.0155617952064849,0.0172757571564537,0.1497429484476862,0.9035129546429256,60.700906388234394,17.449004986264377,IMPROVING
2026-07-10,AI_SOFTWARE,IGV,92.41000366210938,-0.012397093475453,0.0188534373914366,0.0861542274718099,-0.1199047270275297,-0.1402121252711334,0.0010576676482196,0.0230539984546105,-0.2076192287930178,-0.0046530250924921,-0.0286460157618499,0.3333333333333333,0.3333333333333333,0.5,0.5,-0.0325454492167174,-0.0430329776247242,-0.231772708892937,0.3073028336163997,0.708878109080012,57.036772069953244,-24.522893400254205,DECELERATING
2026-07-10,ENERGY,XLE,55.08000183105469,0.0349492778596181,-0.0429191561902793,0.0010905374916723,0.1802014997229093,0.2359475716003676,-0.0607149259334962,-0.062009691525527,0.0924869979574212,-0.0200159855531126,0.0602783431010158,0.0,1.0,0.0,0.1666666666666666,-0.0869142074128336,-0.1051292880161639,0.0460046649837351,0.2987194754239654,0.6900156467721721,34.871102204355694,-11.560782116539087,LAGGARD
2026-07-10,CONSUMER_STAPLES,XLP,84.12000274658203,-0.0102364412172596,-0.0198088668642201,0.0201310172270177,0.0614511387581329,0.0409603426307279,-0.037604636607437,-0.0429692117901816,-0.0262633630073552,-0.0020286671207802,0.02249627962198,0.3333333333333333,0.3333333333333333,0.1666666666666666,0.5,-0.05121091411997,-0.0957333800719144,-0.0462035801884309,0.1155783242299046,0.8585500312004087,10.08897818084526,-10.043565645703147,LAGGARD
2026-07-10,NUCLEAR,URA,42.970001220703125,-0.0060143031294548,-0.0560193148378062,-0.230755446630979,-0.1458954472715361,0.1455612674883943,-0.0738150845810231,-0.2938556756481784,-0.2336099490370242,-0.0919848432629216,-0.133560153485611,0.0,0.0,0.1666666666666666,0.0,-0.0385748503290893,-0.2614583990917722,-0.2871891983869003,0.3632913264000977,0.6976217706072835,6.622346977736278,6.622346977736278,LAGGARD
2026-07-10,COMMUNICATION_SERVICES,XLC,111.63999938964844,0.0186131472986199,-8.958473886044871e-05,-0.0626364330818494,-0.0531761858852,0.0531081703609723,-0.0178853544820773,-0.1257366620990487,-0.1408906876506881,-0.0070795890191275,-0.0253527119203256,0.3333333333333333,0.3333333333333333,0.1666666666666666,0.1666666666666666,-0.012054423177207,-0.1368763546812604,-0.1478202076733675,0.1480699338072502,1.3390509215746411,0.0,0.0,LAGGARD
2026-07-10,CONSUMER_DISCRETIONARY,XLY,117.23999786376952,0.0010245484492272,0.0054888456091231,-0.0263267644043547,-0.0576320680595201,0.0589351193759271,-0.0123069241340938,-0.0894269934215541,-0.1453465698250082,-0.0014734537384468,0.0002292630184137,0.3333333333333333,0.3333333333333333,0.6666666666666666,0.1666666666666666,-0.0120764624588882,-0.0965872748356796,-0.1988175768446895,0.1663588014160322,0.9559565156065064,0.0,-17.26893592025607,LAGGARD
2026-07-10,MATERIALS,XLB,50.88999938964844,-0.0215343004812416,-0.0247221331541346,-0.0190825300324682,0.0544965014418938,0.1121066708103706,-0.0425179028973515,-0.0821827590496676,-0.0332180003235942,-0.0069275185114056,0.0449718734773911,0.5,0.8333333333333334,0.5,0.3333333333333333,-0.0255705636635321,-0.1057013527823216,-0.0391712084816181,0.1123063669801138,0.922893936248484,0.0,-28.792373352213872,LAGGARD
2026-07-17,FINANCIALS,XLF,56.2599983215332,0.0098725407664534,0.0502146470418756,0.0941268052302453,0.0334312957519309,0.0708031469581964,0.0548347454056292,0.053016942376824,-0.0412152168228594,0.051608421602979,0.0680233411019255,1.0,1.0,0.6666666666666666,1.0,0.037220960002641,0.089892808268045,0.0351871951130864,0.0989283172023358,0.9131908702981568,86.89017462785628,7.544529382191072,LEADER
2026-07-17,HEALTHCARE,XLV,161.08999633789062,0.0015543397518786,0.0782463381458098,0.1172839819747739,0.0343520653398294,0.2218598362596706,0.0828664365095634,0.0761741191213527,-0.0402944472349608,0.0415144448650961,0.0582726414884871,1.0,1.0,1.0,1.0,0.1075183419233627,0.1562380677572924,0.0875381379065675,0.1924357460342924,1.1152742118424213,72.20721167805533,26.476177620077685,IMPROVING
2026-07-17,ENERGY,XLE,57.68000030517578,0.0472040375397226,0.0727171250534657,0.0142430347899458,0.2094779191893676,0.3420195653676963,0.0773372234172193,-0.0268668280634754,0.1348314066145772,0.0226406403897558,0.1023332471530196,0.8333333333333334,1.0,0.8333333333333334,0.5,0.0667371667386306,-0.0732448740246733,0.0838499340944393,0.3069790206420449,0.7239265210996165,69.31576392234089,69.31576392234089,IMPROVING
2026-07-17,DEFENSIVE,XLU,45.16999816894531,-0.0052852164561386,0.0091599611882662,-0.0218709859150275,0.0410232496966,0.0786865234375,0.0137800595520198,-0.0629808487684487,-0.0336232628781902,0.0041794350803121,0.0062066129979529,1.0,1.0,0.8333333333333334,0.8333333333333334,0.0450697925009473,0.0101748745568575,0.0029684099151832,0.1499271832139365,0.905584905966448,66.68158770645995,32.158326601426566,IMPROVING
2026-07-17,AI_SOFTWARE,IGV,92.8000030517578,0.0042203157038542,0.0416433591465901,0.0892019527668823,-0.0560471431560348,-0.1644155853434286,0.0462634575103437,0.0480920899134611,-0.1306936557308252,-0.0022256057908816,-0.0195767344041997,0.5,0.3333333333333333,0.8333333333333334,0.5,0.0184913333390099,-0.0114742236783725,-0.1659429459005383,0.3070850442170532,0.6898586319433263,60.38502011174825,-3.8437279068668744,HOLD
2026-07-17,SEMI,SOXX,521.8099975585938,-0.1024013942732954,-0.1839706191300374,0.1304375880826478,0.5236662939780112,1.114902957056029,-0.1793505207662837,0.0893277252292266,0.4490197814032208,-0.0764114380335384,0.3129921463908145,0.0,1.0,0.0,0.8333333333333334,-0.1563373167885026,0.1842694239915976,0.4866656935650775,0.517900629343215,1.1722386779594745,59.32188915130504,-40.67811084869496,DECELERATING
2026-07-17,POWER_INDUSTRIALS,XLI,179.41000366210938,-0.0137972434702036,-0.0082914154531862,0.0402388959951673,0.0749551241648578,0.1845371432014018,-0.0036713170894325,-0.0008709668582538,0.0003086115900674,0.0113246499041526,0.0759478738383943,0.3333333333333333,1.0,0.0,0.5,-0.0482351383098887,-0.0748884618990286,0.1299690137432363,0.0834596864733841,0.7932106944115145,50.447683861695026,-49.552316138304974,WATCH
2026-07-17,NUCLEAR,URA,38.72999954223633,-0.0986735293929651,-0.1894097837646224,-0.2997649867906369,-0.2880514989726263,-0.0537503236388017,-0.1847896854008688,-0.3408748496440581,-0.3626980115474166,-0.1521082436678764,-0.2138474999057703,0.0,0.0,0.0,0.0,-0.1581574489743863,-0.2991498711245098,-0.3717079724809164,0.3966090040857324,0.6949570723824664,17.506980127388573,17.506980127388573,LAGGARD
2026-07-17,CONSUMER_STAPLES,XLP,85.19000244140625,0.0127199198750347,0.0226890674718716,0.0235491890594687,0.0375106784576786,0.0531586485870103,0.0273091658356252,-0.0175606737939524,-0.0371358341171117,0.009455885462315,0.0332761443762024,0.5,0.5,0.3333333333333333,0.5,0.0007285504861916,-0.075780197875321,-0.0578139925381877,0.1168313541965866,0.922075377560828,14.81077280459644,7.415709289331403,LAGGARD
2026-07-17,COMMUNICATION_SERVICES,XLC,110.6500015258789,-0.008867770236313,0.0109639525911013,-0.0423229994019437,-0.0392463029862684,0.0420001787544321,0.015584050954855,-0.0834328622553649,-0.1138928155610587,-0.0103481753729132,-0.0335421475413189,0.3333333333333333,0.3333333333333333,0.5,0.3333333333333333,-0.0015822417584442,-0.1022327072162096,-0.1166887618364771,0.1375814638605821,1.317974685143711,0.0,0.0,LAGGARD
2026-07-17,CONSUMER_DISCRETIONARY,XLY,115.44000244140624,-0.0153530830361736,-0.0146807883828992,-0.0273822557346767,-0.0560915816776258,0.0392042435326656,-0.0100606900191455,-0.068492118588098,-0.1307380942524162,-0.0128017529345573,-0.0153510037684337,0.1666666666666666,0.1666666666666666,0.3333333333333333,0.3333333333333333,-0.0136090933871732,-0.0738545789716533,-0.1929474688756941,0.1667470295101674,1.0481919369111303,0.0,-25.503269088614235,LAGGARD
2026-07-17,MATERIALS,XLB,50.52999877929688,-0.0070740934303251,-0.0247057046914884,-0.0267719460452491,0.038003255187416,0.1201507004125725,-0.0200856063277348,-0.0678818088986703,-0.0366432573873742,-0.0119087420636856,0.0338089921930739,0.3333333333333333,0.6666666666666666,0.5,0.1666666666666666,-0.032133681821385,-0.1012531078577369,-0.071566210090348,0.1127451197761081,0.928033867185762,0.0,-35.670515692097084,LAGGARD
2026-07-24,HEALTHCARE,XLV,162.57000732421875,0.0091874791729695,0.013908014452169,0.1199366438611757,0.0323216391590845,0.1911636313996105,0.0002727072812016,0.0945706997240314,-0.0397878360747552,0.0393438556766092,0.0646209065538219,1.0,1.0,0.6666666666666666,1.0,-0.0029745336865347,0.1555914887208676,0.0825715296167936,0.1923352850572384,0.9941605624584362,100.0,45.1068487280146,LEADER
2026-07-24,SEMI,SOXX,527.010009765625,0.0099653364852354,-0.1066718520787739,0.131529811627751,0.5288504041934736,1.1818747388194182,-0.1203071592497413,0.1061638674906066,0.4567409289596338,-0.0702503403999609,0.306447973377066,0.1666666666666666,1.0,0.1666666666666666,1.0,-0.1204465150212501,0.2313364226813912,0.4948721052023992,0.517872293534906,1.0745326689243444,100.0,0.0,HOLD
2026-07-24,FINANCIALS,XLF,56.310001373291016,0.0008887851626309,0.051148062237744,0.0845532234046086,0.061051473470854,0.0537051425960857,0.0375127550667766,0.0591872792674643,-0.0110580017629857,0.042391738085963,0.0668814239566757,1.0,1.0,1.0,1.0,0.0291049387366496,0.0982620315327667,0.0812894578099963,0.0997419987854046,0.9494619665105596,69.44557419936885,-10.369990966120866,DECELERATING
2026-07-24,ENERGY,XLE,59.619998931884766,0.0336338178995276,0.1073551033231015,0.0130841202672635,0.21203497858023,0.3690011475625661,0.0937197961521341,-0.0122818238698807,0.1399255033463902,0.0566987225595054,0.1304271428105838,1.0,1.0,1.0,0.5,0.1148625679813849,-0.0345885635221501,0.1144982656805487,0.3063910622083479,0.7520809179040087,68.43117084408046,59.83953012971387,IMPROVING
2026-07-24,AI_SOFTWARE,IGV,87.9800033569336,-0.0519396501758295,-0.0024942584911618,0.0155835870520284,-0.0995803481599385,-0.2192741019534607,-0.0161295656621291,-0.0097823570851158,-0.1716898233937783,-0.0501689253552205,-0.0643958549886534,0.1666666666666666,0.3333333333333333,0.6666666666666666,0.5,-0.016597653164586,-0.0786133826232747,-0.2099619931058765,0.3302117402935124,0.6228420429286106,52.895134442451294,8.597661298787926,WATCH
2026-07-24,DEFENSIVE,XLU,46.290000915527344,0.0247952798756596,0.0019480552186503,-0.0055853560858107,0.0876409638599573,0.0953621096558512,-0.011687251952317,-0.0309513002229551,0.0155314886261175,0.0235715972737702,0.0308658719954089,0.6666666666666666,0.8333333333333334,0.5,0.6666666666666666,-0.0089808594559089,0.0281308332305528,0.0014751513321322,0.1588420930704418,0.8690916771093034,50.628356221805866,20.050892562380977,EARLY TURN
2026-07-24,POWER_INDUSTRIALS,XLI,182.66000366210935,0.0181149319082611,0.0080574323314377,0.0560823113535673,0.1122884076503192,0.17852762880356,-0.0055778748395296,0.030716367216423,0.0401789324164794,0.0231505779236322,0.090382173759683,0.5,1.0,0.3333333333333333,0.3333333333333333,-0.0448254889358853,-0.0625037504003983,0.1512463462106325,0.0888952999915273,0.7668016116192963,43.06577966592755,-21.38456397960958,WATCH
2026-07-24,NUCLEAR,URA,39.88999938964844,0.0299509388361105,-0.0848818708416496,-0.2856375486990441,-0.3001754493044134,-0.0463782538007442,-0.098517178012617,-0.3110034928361884,-0.3722849245382532,-0.107086905573818,-0.1847495779175348,0.1666666666666666,0.0,0.1666666666666666,0.0,-0.0804986815743806,-0.2469594132539418,-0.3385338531657187,0.4077966969132539,0.7131861986002327,39.594189796712435,39.594189796712435,EARLY TURN
2026-07-24,CONSUMER_STAPLES,XLP,84.12999725341797,-0.012442835516026,-0.0068469110768885,-0.000475239591274,0.0147146729878404,0.0322699049499137,-0.0204822182478559,-0.0258411837284183,-0.0573948022459993,-0.0025017947725011,0.0190596332921539,0.1666666666666666,0.3333333333333333,0.0,0.3333333333333333,-0.0349672058649181,-0.0801401906440867,-0.080290442963325,0.1184033252831729,0.8752268273208972,5.041219475428846,5.041219475428846,LAGGARD
2026-07-24,COMMUNICATION_SERVICES,XLC,106.3000030517578,-0.0393131352384455,0.0011301822022709,-0.0892734583616254,-0.09114223765525,-0.0122653750337888,-0.0125051249686964,-0.1146394024987698,-0.1632517128890899,-0.0408647288710863,-0.0697816641236354,0.0,0.0,0.3333333333333333,0.0,-0.0259638633537778,-0.1391134789594998,-0.1681135026222329,0.1522149267823329,1.222377638520061,0.0,0.0,LAGGARD
2026-07-24,CONSUMER_DISCRETIONARY,XLY,109.41000366210938,-0.0522349155558751,-0.0433680070416968,-0.0777205917961272,-0.1114268975664071,-0.0269043799721518,-0.0570033142126642,-0.1030865359332715,-0.1835363728002469,-0.0586362467136822,-0.0652292966226384,0.1666666666666666,0.0,0.1666666666666666,0.1666666666666666,-0.0573369737122108,-0.1121272239026723,-0.2519247791381709,0.1965674158830528,1.085131352223395,0.0,-13.600789278640114,LAGGARD
2026-07-24,MATERIALS,XLB,51.2599983215332,0.0144468545393161,-0.006589150438801,-0.0017526807256527,0.0258154306447289,0.1098840921801309,-0.0202244576097684,-0.027118624862797,-0.0462940445891109,0.0004879179114969,0.0448323716359961,0.3333333333333333,0.6666666666666666,0.3333333333333333,0.3333333333333333,-0.0226028497541223,-0.0321006409108016,-0.0726215267810852,0.1157144277391223,0.966190619676268,0.0,0.0,LAGGARD
2026-07-31,HEALTHCARE,XLV,162.5500030517578,-0.0001230502033566,-0.0072676340630508,0.132831534106407,0.0504717415105608,0.2396095248911531,-0.0102886602875647,0.1200742414055868,-0.029098270086622,0.0308722864354249,0.0616186398189217,0.8333333333333334,1.0,0.1666666666666666,1.0,-0.0273432272646435,0.1550754158531268,0.0931712922467489,0.1877802803579206,1.002253310532693,100.0,33.25624092053987,LEADER
2026-07-31,AI_SOFTWARE,IGV,94.58000183105467,0.0750170291235952,0.0107940807900455,0.0376302824767584,0.047281634236459,-0.129338081355067,0.0077730545655316,0.0248729897759383,-0.0322883773607238,0.0204566206271896,0.0115508237860182,0.6666666666666666,0.6666666666666666,0.6666666666666666,0.6666666666666666,0.0337798953640469,-0.0124648111781833,-0.0537744900124146,0.3494050110841595,0.6586690923936505,81.77535803658165,-18.22464196341835,DECELERATING
2026-07-31,DEFENSIVE,XLU,44.34999847412109,-0.0419097516318152,-0.0308129348586232,-0.0082737642326078,0.0254334907311235,0.0337994614607994,-0.033833961083137,-0.0210310569334279,-0.0541365208660593,-0.0171527472313433,-0.0115973245916028,0.6666666666666666,0.6666666666666666,0.3333333333333333,0.6666666666666666,-0.0142724589138748,0.0533966440616311,-0.0220259388970206,0.1619239959562427,0.8897744327364099,75.22701145928391,23.28519308946887,LEADER
2026-07-31,ENERGY,XLE,59.54999923706055,-0.0011740975524704,0.1189402080264325,0.0691202589117867,0.1665034305001378,0.3915177423765774,0.1159191818019187,0.0563629662109665,0.0869334189029549,0.0553458306971954,0.1208567743043529,0.8333333333333334,1.0,1.0,0.8333333333333334,0.1323930808739476,0.0357646311478489,0.0578214231047936,0.2798393460554175,0.8353460671805014,65.68251771493684,53.304252498093646,IMPROVING
2026-07-31,FINANCIALS,XLF,56.93999862670898,0.0111880170139151,0.0237324653033661,0.1112411545965574,0.0654940136591006,0.1077820415635746,0.0207114390788523,0.0984838618957373,-0.0140759979380822,0.0443873614348993,0.0768641364891808,0.6666666666666666,1.0,0.6666666666666666,1.0,0.017851101593134,0.1121095331315981,0.0412928847354563,0.088987708844729,0.9961900329992596,42.57041996479693,-31.282826289050526,WATCH
2026-07-31,NUCLEAR,URA,39.06999969482422,-0.0205565231228609,-0.0962294677645724,-0.2919536158255598,-0.2895072103603262,0.0222396244629281,-0.0992504939890862,-0.3047109085263799,-0.3690772219575091,-0.1056426729703029,-0.1964047049115037,0.3333333333333333,0.0,0.3333333333333333,0.0,-0.037959341258289,-0.2234899409701203,-0.3367624348478713,0.406752904019352,0.7539285670459664,32.14065887036678,32.14065887036678,LAGGARD
2026-07-31,POWER_INDUSTRIALS,XLI,179.83999633789062,-0.0154385594420292,-0.0221304292489517,0.0383371795995624,0.0870405807784269,0.2010150243122617,-0.0251514554734655,0.0255798868987422,0.007470569181244,0.0028215324764675,0.069568947931073,0.3333333333333333,0.8333333333333334,0.1666666666666666,0.3333333333333333,-0.0256427789787979,-0.0340826186679649,0.106586404071477,0.0982065880803406,0.8340601229721724,29.279713436953237,13.6153918918167,LAGGARD
2026-07-31,SEMI,SOXX,504.8900146484375,-0.0419726280474725,-0.1084722275061924,-0.0296174774285464,0.4579556235799809,1.1281824437615169,-0.1114932537307062,-0.0423747701293666,0.3783856119827979,-0.1041473616714742,0.2356062103226035,0.0,1.0,0.1666666666666666,0.3333333333333333,-0.1107102582560486,0.0075363314425926,0.3640918076420856,0.469902277637167,1.2097110520956833,15.003322201253276,-84.99667779874673,LAGGARD
2026-07-31,COMMUNICATION_SERVICES,XLC,108.23999786376952,0.0182501858543422,-0.0124087648657467,-0.0743971643236105,-0.0986009642466805,0.0199773375642489,-0.0154297910902605,-0.0871544570244307,-0.1781709758438634,-0.016956252610918,-0.0512878032459924,0.1666666666666666,0.1666666666666666,0.0,0.0,-0.0371378383432987,-0.1245201605991248,-0.1929960237029002,0.1605953762427539,1.1685463915219223,0.0,0.0,LAGGARD
2026-07-31,CONSUMER_DISCRETIONARY,XLY,116.08999633789062,0.0610546792084119,-0.0087944534198831,-0.0341930175931811,-0.0419245845326474,0.0744597001738636,-0.0118154796443969,-0.0469503102940013,-0.1214945961298303,0.0015010456455133,-0.0075763578257558,0.3333333333333333,0.1666666666666666,0.1666666666666666,0.1666666666666666,-0.0464779640583515,-0.0693523731729241,-0.2068694114845145,0.2396104380087801,1.134944890945045,0.0,-12.09883175969771,LAGGARD
2026-07-31,CONSUMER_STAPLES,XLP,85.05000305175781,0.010935526308988,0.0007060264677787,0.0103350290262298,0.0184409157721625,0.0610029836108887,-0.0023149997567351,-0.0024222636745903,-0.0611290958250203,0.0081075541504014,0.0283475976302443,0.5,0.3333333333333333,0.5,0.3333333333333333,-0.0099873004119924,-0.0439491866941946,-0.0803270034375866,0.1205399881719614,0.9965154632598748,0.0,0.0,LAGGARD
2026-07-31,MATERIALS,XLB,50.43000030517578,-0.0161919243764149,-0.030378736153569,-0.0224849746846516,0.0235437352675997,0.1630534962016665,-0.0333997623780828,-0.0352422673854717,-0.0560262763295831,-0.0159807895688703,0.024820355519062,0.3333333333333333,0.8333333333333334,0.1666666666666666,0.3333333333333333,-0.0458147779395175,-0.0391177777149485,-0.0816343984224346,0.1197866200282343,1.038287090638217,0.0,-9.86111084473734,LAGGARD
2026-08-07,HEALTHCARE,XLV,165.67999267578125,0.0192555494633046,0.030091994827722,0.1418331199626805,0.0505357023817389,0.2728948065020071,0.0058387366483281,0.095713786597364,-0.0691249145026806,0.0400305982291535,0.0782877642716441,0.8333333333333334,1.0,0.5,1.0,-0.0196303398753997,0.0909956845221318,0.0267497332188795,0.1886183624496844,0.9816802237340768,87.02327626952274,13.354873885138232,LEADER
2026-08-07,AI_SOFTWARE,IGV,102.69000244140624,0.085747520124161,0.1112433543113466,0.1188712552540409,0.2453311130431839,-0.0633037944529854,0.0869900961319527,0.0727519218887244,0.1256704961587642,0.1067283362694584,0.1020664700197,0.8333333333333334,0.8333333333333334,1.0,0.8333333333333334,0.1610942165481077,0.1110551707315611,0.1470538104742523,0.3886871288928672,0.700864306066213,83.95162871247182,26.914856642518572,LEADER
2026-08-07,FINANCIALS,XLF,57.59999847412109,0.0115911461772062,0.0339256761929334,0.1272015693560506,0.061555478361716,0.1108968210070417,0.0096724180135394,0.0810822359907341,-0.0581051385227036,0.0449548119407927,0.0866591592914625,0.8333333333333334,1.0,0.6666666666666666,1.0,-0.0026730109144566,0.1130031059996507,-0.0122517067804676,0.0850468015214877,0.9985480483527492,57.40070188472537,-24.13801318505501,DECELERATING
2026-08-07,SEMI,SOXX,543.27001953125,0.076016565527716,-0.0654866439012354,0.0683356235120264,0.5588362007065515,1.2368758202062633,-0.0897399020806294,0.02221629014671,0.4391755838221318,-0.031612893125317,0.310552034867428,0.1666666666666666,1.0,0.1666666666666666,0.8333333333333334,-0.0860093456510921,0.0620514092583772,0.4570790397933435,0.4923262131386974,1.16881372357925,41.606113826672335,-58.393886173327665,WATCH
2026-08-07,POWER_INDUSTRIALS,XLI,185.17999267578125,0.0296930407397117,0.0179199348045751,0.0803967285297524,0.0692920689889726,0.22773977609045,-0.0063333233748188,0.0342773951644359,-0.0503685478954469,0.0257063255224025,0.0964175677357976,0.8333333333333334,1.0,0.8333333333333334,0.6666666666666666,-0.0027133397292396,-0.02109356193838,0.0396539451167239,0.1069895296894013,0.8822148821760691,34.98360499539354,-29.756853546216682,LAGGARD
2026-08-07,DEFENSIVE,XLU,43.61000061035156,-0.0166854090017912,-0.0396388294012101,-0.00592656320637,0.0059977426847126,0.0120677757234224,-0.063892087580604,-0.0520458965716865,-0.113662874199707,-0.031814015064002,-0.0275799418392928,0.6666666666666666,0.6666666666666666,0.6666666666666666,0.8333333333333334,-0.0167075692137918,0.0192070446153485,-0.0993110921288998,0.1607346284846126,1.0057431431812498,34.408553250918885,-26.29235313731551,LAGGARD
2026-08-07,NUCLEAR,URA,44.90999984741211,0.1494753058153093,0.0451477442773329,-0.1005407656134801,-0.1389953991796206,0.1241551687046251,0.0208944860979389,-0.1466600989787966,-0.2586560160640403,0.041995356088448,-0.0714119608887552,0.8333333333333334,0.0,0.8333333333333334,0.3333333333333333,0.0072253270740832,-0.1128018185644412,-0.2641051845428452,0.5165162402228288,0.9049429238989908,33.06817627683195,26.44582929909567,LAGGARD
2026-08-07,MATERIALS,XLB,52.86000061035156,0.0481856095671366,0.0387109696272436,0.0508946602807267,0.0262085484917207,0.1966044487445004,0.0144577114478496,0.0047753269154102,-0.0934520683926989,0.0280046854156688,0.0687586415633079,0.8333333333333334,1.0,0.8333333333333334,0.8333333333333334,0.0425699892813104,0.0237442237162792,-0.063037582613034,0.1465666535500342,1.0332133166074082,27.765914337845356,27.765914337845356,LAGGARD
2026-08-07,ENERGY,XLE,57.5,-0.0344248406939482,0.0439360582515611,-0.0326379318898109,0.07981220657277,0.3540562767782269,0.0196828000721671,-0.0787572652551273,-0.0398484103116496,0.0168352558277395,0.0754724531736832,1.0,1.0,1.0,0.0,0.0406572370781901,-0.0891990660189209,-0.0589763557153243,0.2540963701946188,0.869324626134581,19.846496935144486,-15.024605269211207,LAGGARD
2026-08-07,COMMUNICATION_SERVICES,XLC,111.25,0.0278085938251666,-0.0034933661033734,-0.0416092501280658,-0.0389599348047949,0.0336337716153483,-0.0277466242827674,-0.0877285834933823,-0.1586205516892146,0.0144716110140425,-0.0241442103026994,0.5,0.3333333333333333,0.3333333333333333,0.1666666666666666,-0.0366986984045303,-0.1052436059145533,-0.1666097465449179,0.1753931779084216,1.0466784523985364,0.0,0.0,LAGGARD
2026-08-07,CONSUMER_DISCRETIONARY,XLY,119.86000061035156,0.0324748418587936,0.0223473455673925,0.0285763482874619,0.0158488243108634,0.0712306842808014,-0.0019059126120013,-0.0175429850778545,-0.1038117925735562,0.0349263883162642,0.0246754362557077,0.5,0.5,0.5,0.5,-0.0372178057907827,-0.0411163632804834,-0.1971867725256862,0.240521417902125,1.0366106942022455,0.0,0.0,LAGGARD
2026-08-07,CONSUMER_STAPLES,XLP,85.12000274658203,0.0008230416497647,0.01188777897467,0.0056711172069348,-0.0320673142658048,0.0320077507541287,-0.0123654792047238,-0.0404482161583816,-0.1517279311502245,0.0063012248034122,0.0264511565100606,0.3333333333333333,0.3333333333333333,0.6666666666666666,0.5,-0.0118496455086577,-0.0795664795593831,-0.1863050206023531,0.1201111905831351,0.9564232556898156,0.0,-10.08897818084526,LAGGARD
2026-08-14,HEALTHCARE,XLV,167.3699951171875,0.01020040147342,0.0389844119564346,0.1166188257970348,0.0615208794373709,0.2287643114854056,-0.0054801305574281,0.075446126365787,-0.0772250345420477,0.0412531916309473,0.0855370095970415,0.8333333333333334,1.0,0.6666666666666666,1.0,-0.0349246333714494,0.0648445982470826,-2.1408650307234527e-05,0.1821404813395398,0.876755663316693,85.6077817565446,13.400570078489267,LEADER
2026-08-14,AI_SOFTWARE,IGV,104.08000183105467,0.0135358784360877,0.1215517069865355,0.1071162585469547,0.2574605056453558,-0.0461002543411191,0.0770871644726727,0.0659435591157069,0.1187145916659371,0.11184703720155,0.1186045610277735,1.0,0.8333333333333334,1.0,0.8333333333333334,0.1612192792178287,0.1151621831141444,0.1364204672195552,0.3875533778006984,0.8051816347622891,82.46149773871217,22.07647762696392,LEADER
2026-08-14,POWER_INDUSTRIALS,XLI,186.50999450683597,0.007182211273673,0.0395741079081537,0.0858123646023463,0.0708502983729768,0.2397633041748874,-0.004890434605709,0.0446396651710985,-0.0678956156064418,0.0260655983717825,0.0988952443377608,1.0,1.0,1.0,0.8333333333333334,0.0141597357036724,0.0178439294449365,0.01184378295657,0.1065215149167407,0.8230644290211351,63.326459492359476,12.87877563066445,IMPROVING
2026-08-14,FINANCIALS,XLF,58.15999984741211,0.0097222463216317,0.0337718020363269,0.1197535884705363,0.1260406220563499,0.1086542291729959,-0.0106927404775358,0.0785808890392885,-0.0127052919230687,0.0440152303577154,0.0944468503201145,0.8333333333333334,1.0,0.8333333333333334,1.0,-0.0193577510388819,0.0915728362540005,0.0386156918370721,0.0838174395908111,0.8636402426389789,63.05003380103115,-23.840140826825134,DECELERATING
2026-08-14,SEMI,SOXX,550.4199829101562,0.0131609754299997,0.0548283579950954,0.0243611289226073,0.5519651982932667,1.2165752523980116,0.0103638154812326,-0.0168115705086404,0.413219284313848,-0.0207269988831523,0.3076088826235006,0.3333333333333333,1.0,0.8333333333333334,1.0,0.0195672201463399,0.0664667361019375,0.4322292016500637,0.4800393713196358,1.0367249903330698,59.297651294904725,-0.02423785640031184,HOLD
2026-08-14,ENERGY,XLE,61.90999984741211,0.0766956495202106,0.0733356366133159,0.0406790738051241,0.1390984652352977,0.4471716132299912,0.0288710940994532,-0.0004936256261236,0.000352551255879,0.0866741507189752,0.1487497333121838,1.0,1.0,1.0,0.8333333333333334,0.0450739901254098,-0.0145498005757925,-0.0168565287310848,0.3027687705555434,0.8146605886161846,49.29170647867221,-20.02405744366868,WATCH
2026-08-14,NUCLEAR,URA,44.93000030517578,0.0004453453090986,0.1600826448804408,-0.0823120681098003,-0.1344634860865695,0.1517560173893877,0.1156181023665781,-0.123484767541048,-0.2732094000659882,0.0433793232228116,-0.0696085186834971,0.8333333333333334,0.0,1.0,0.1666666666666666,0.0860113708373614,-0.0974402750088149,-0.2519343184820921,0.5158138676455026,0.9174878134327824,48.94092173380575,31.43394160641718,EARLY TURN
2026-08-14,DEFENSIVE,XLU,44.310001373291016,0.01605138163592,-0.0190391151320779,-0.0229326821570579,-0.0470967446604082,0.0350385412726439,-0.0635036576459406,-0.0641053815883057,-0.1858426586398269,-0.0161859320004097,-0.0116765017670132,0.6666666666666666,0.6666666666666666,0.6666666666666666,0.8333333333333334,-0.0280314656196874,0.0083461235670696,-0.1281715933528589,0.1466474255234351,1.0490156987255466,26.255875103990824,-40.425712602469126,LAGGARD
2026-08-14,MATERIALS,XLB,52.540000915527344,-0.0060537209823935,0.0397783927327939,0.0447405042560915,-0.0144438273856329,0.1671665362192438,-0.0046861497810688,0.0035678048248437,-0.1531897413650517,0.0180000628108301,0.0571428796209525,0.8333333333333334,1.0,0.8333333333333334,0.8333333333333334,0.0490575287896037,0.0210333483087381,-0.1285296715886534,0.1479227384277038,1.060701711601833,25.354546129061752,25.354546129061752,LAGGARD
2026-08-14,CONSUMER_STAPLES,XLP,86.08999633789062,0.0113956010339477,0.0105645483119147,0.0152121844305295,-0.0382080853169318,0.0496220417142418,-0.033899994201948,-0.0259605150007182,-0.1769539992963505,0.0145900615708642,0.0352207823967363,0.8333333333333334,0.5,0.8333333333333334,0.5,-0.0266234230776956,-0.05440407858763,-0.1999736055815913,0.1222058847122008,0.897850269927308,9.493735624127545,-5.317037180468894,LAGGARD
2026-08-14,COMMUNICATION_SERVICES,XLC,112.9499969482422,0.0152808714448735,0.0207862213343517,-0.0217391491090702,-0.0142259107764364,0.0131861638593784,-0.023678321179511,-0.062911848540318,-0.1529718247558551,0.028772826155019,-0.0094147548633174,0.6666666666666666,0.3333333333333333,0.5,0.1666666666666666,-0.026484992260774,-0.0876240200166623,-0.1552179692620344,0.1794447739278423,0.938846402008693,0.0,0.0,LAGGARD
2026-08-14,CONSUMER_DISCRETIONARY,XLY,118.1999969482422,-0.0138495215556173,0.0239084758183094,-0.0082228843297882,0.01738678462524,0.0321341286504359,-0.0205560666955533,-0.049395583761036,-0.1213591293541787,0.0176583215458228,0.010425865494982,0.3333333333333333,0.3333333333333333,0.5,0.1666666666666666,-0.0553215892237691,-0.0841459312560677,-0.2215563886454973,0.238275758435,0.9118953528015492,0.0,0.0,LAGGARD
2026-08-21,AI_SOFTWARE,IGV,103.37000274658205,-0.0068216667177345,0.174926105960822,0.0168207655210816,0.2796484811667854,-0.0380606399845168,0.1386710096825765,0.0046063111099425,0.1689918824724772,0.0895159148145063,0.1121900630675492,1.0,0.8333333333333334,1.0,0.8333333333333334,0.2384752744984326,0.0342814746703361,0.1875379930243694,0.3524733588536334,0.7692731059165423,89.5337703706632,36.63863592821191,LEADER
2026-08-21,FINANCIALS,XLF,57.47999954223633,-0.0116918897345223,0.0207778039497663,0.1143853722709533,0.095065683067345,0.0729886105970967,-0.0154772923284791,0.1021709178598142,-0.0155909156269631,0.0241972880263134,0.079097181589921,0.5,1.0,0.1666666666666666,1.0,-0.0401077640579986,0.0883136919163307,0.0190389866462994,0.0886824406612038,0.8889413983792575,81.82354152993986,12.37796733057101,LEADER
2026-08-21,HEALTHCARE,XLV,174.6199951171875,0.0433172026737753,0.0741218382855644,0.1682611473278079,0.1135058472237411,0.2638054384546888,0.0378667420073188,0.1560466929166688,0.0028492485294329,0.0724726512771376,0.1283896831174622,0.8333333333333334,1.0,0.8333333333333334,1.0,0.0074786242027864,0.1596818646026004,0.0965196620567925,0.1924044603873749,0.9913142757848684,74.19739863530248,-25.802601364697523,DECELERATING
2026-08-21,ENERGY,XLE,63.63999938964844,0.0279437820465224,0.0674270467927462,0.1305737849454116,0.1596209575626754,0.4440662543758222,0.0311719505145007,0.1183593305342725,0.0489643588683672,0.1052256688468209,0.1712712715186513,1.0,1.0,1.0,0.8333333333333334,0.0323169074435013,0.107594411806226,0.0434151737552072,0.2754166704994824,0.8017876517443259,67.08875733893505,-1.3424135051454016,HOLD
2026-08-21,NUCLEAR,URA,46.06999969482422,0.0253727883798191,0.1549260566491637,-0.0923955630770659,-0.152501854717579,0.1681034812112127,0.1186709603709181,-0.104610017488205,-0.2631584534118872,0.0684880648113324,-0.0466533618595912,0.8333333333333334,0.0,0.6666666666666666,0.1666666666666666,0.0518073140108993,-0.0895069810790375,-0.2634453963498218,0.5120050437009076,0.912277507954956,62.130204554108715,22.53601475739628,IMPROVING
2026-08-21,SEMI,SOXX,520.0499877929688,-0.0551760402240787,-0.0132066219686255,-0.0861566525347424,0.4468742130322789,1.087799572197676,-0.049461718246871,-0.0983711069458815,0.3362176143379707,-0.0620434988400458,0.2187019603253499,0.3333333333333333,1.0,0.5,0.3333333333333333,-0.0328948711017704,-0.0217283995858446,0.3526556704375125,0.4770193511957191,1.0070012787723783,51.414072375499146,-48.585927624500854,WATCH
2026-08-21,DEFENSIVE,XLU,42.77000045776367,-0.0347551538659084,-0.0760423501435476,-0.0371453799909243,-0.0768400870406348,-0.0058112505192892,-0.1122974464217931,-0.0493598344020634,-0.187496685734943,-0.0466531279761003,-0.0451686213701734,0.6666666666666666,0.6666666666666666,0.6666666666666666,0.8333333333333334,-0.0137159045547598,0.0758509084453143,-0.0822598186756315,0.1578388151173464,1.0686836138995284,39.39715698850367,-11.231199233302199,LAGGARD
2026-08-21,MATERIALS,XLB,53.540000915527344,0.0190331172930084,0.0444791780852704,0.046725304366594,0.0109516963950389,0.161640285056956,0.0082240818070249,0.0345108499554549,-0.0997049022992693,0.0346493745321425,0.0717887461272921,0.8333333333333334,1.0,0.8333333333333334,0.8333333333333334,0.088521332469433,0.0922894204141057,-0.0593326471180097,0.1487934902059334,1.0425568875593445,35.17158382346442,35.17158382346442,EARLY TURN
2026-08-21,POWER_INDUSTRIALS,XLI,180.25,-0.0335638555102015,-0.0131939319708297,0.0411251366971707,0.0170400290315624,0.177027561175399,-0.0494490282490752,0.0289106822860316,-0.0936165696627457,-0.0105884835009647,0.0576127621245752,0.1666666666666666,0.8333333333333334,0.3333333333333333,0.5,-0.0473902104273289,-0.0175707715477691,-0.0515246187733744,0.1357829292125913,0.8570511022192037,17.064371473515493,-26.001408192412057,LAGGARD
2026-08-21,COMMUNICATION_SERVICES,XLC,111.4000015258789,-0.0137228460756271,0.0479774066576261,-0.0370818638170581,-0.0462328885683847,0.0008085883501864,0.0117223103793806,-0.0492963182281972,-0.1568894872626929,0.0148862300576975,-0.0230233979986079,0.6666666666666666,0.3333333333333333,0.8333333333333334,0.1666666666666666,0.0201722542741281,-0.0624379225801563,-0.149112756609996,0.1809561172244312,0.8366690612764184,10.842970092999366,10.842970092999366,LAGGARD
2026-08-21,CONSUMER_STAPLES,XLP,85.98999786376953,-0.001161557421011,0.0221086493649682,0.0371486438984169,-0.021617949016651,0.0426821461254296,-0.0141464469132772,0.0249341894872778,-0.1322745477109592,0.0132085639798296,0.0313117127360924,0.6666666666666666,0.3333333333333333,0.6666666666666666,0.5,-0.0158999880982235,0.0011137235356289,-0.1616172354595345,0.1101760918173011,0.9809965460672092,7.093912287419457,2.0526928119906103,LAGGARD
2026-08-21,CONSUMER_DISCRETIONARY,XLY,118.0199966430664,-0.001522845260771,0.0786947508707454,-0.0235791018346461,0.0048531265188147,0.0126125572957367,0.0424396545924998,-0.0357935562457852,-0.1058034721754934,0.0148678424934922,0.0083322526440818,0.5,0.3333333333333333,0.8333333333333334,0.1666666666666666,0.0238903807686904,-0.0663707428581728,-0.2038064507438398,0.2360314553371453,0.8468364974076229,0.0,0.0,LAGGARD
2026-08-28,AI_SOFTWARE,IGV,109.5,0.0593015100178146,0.1577500304514314,0.1424100338359872,0.3424053010870367,0.0129509856210965,0.1278717853826614,0.0992943287051033,0.2208875143288338,0.1298210677227187,0.1754318659824365,1.0,0.8333333333333334,1.0,0.8333333333333334,0.1857954377422866,0.1229341389086898,0.2378717033803904,0.3425795226001014,0.6863944627307378,97.30908008120976,15.533722044628107,LEADER
2026-08-28,ENERGY,XLE,62.68000030517578,-0.0150848380527924,0.0525608918256257,0.0868736309225046,0.1208870235618959,0.3868790956614159,0.0226826467568557,0.0437579257916207,-0.0006307631963069,0.071966072210982,0.1441427358133931,1.0,1.0,1.0,1.0,0.0321931518825416,0.0381568914965305,-0.0041037432688829,0.2785134911403292,0.8009857620215888,69.29431610490964,3.6117983899728046,HOLD
2026-08-28,NUCLEAR,URA,45.56999969482422,-0.0108530497788601,0.1663680586324929,0.0057382104094674,-0.1613912483094832,0.1204819706537492,0.1364898135637229,-0.0373774947214164,-0.2829090350676861,0.0623368097744325,-0.0589377245453341,0.8333333333333334,0.0,0.6666666666666666,0.6666666666666666,0.0440471161405891,-0.0444334833011472,-0.3015917653380382,0.4580291411362532,1.0453898684603753,68.74421090172848,36.6035520313617,IMPROVING
2026-08-28,HEALTHCARE,XLV,171.16000366210938,-0.019814405863178,0.0529683202012001,0.1186197621519591,0.0684145251101857,0.2454341321686779,0.0230900751324301,0.0755040570210752,-0.0531032616480171,0.0373585089852124,0.1030820656484781,0.6666666666666666,1.0,0.8333333333333334,0.8333333333333334,0.0079105528714397,0.0642980210252431,0.02893879535981,0.2024202572768876,0.8510923615524874,63.41379648434192,-36.58620351565808,DECELERATING
2026-08-28,SEMI,SOXX,508.6199951171875,-0.0219786423306898,0.0073877089277498,-0.0577098084126902,0.4437536767447987,1.0732919449369955,-0.0224905361410201,-0.1008255135435741,0.3222358899865958,-0.0604894812789121,0.1755399577219689,0.1666666666666666,1.0,0.8333333333333334,0.5,0.0013697909949613,-0.0317587785775589,0.3494237248586536,0.4674157429353495,0.7396050836194049,60.88218427213549,45.878862070882214,IMPROVING
2026-08-28,DEFENSIVE,XLU,42.72999954223633,-0.000935256373608,-0.0365275983680147,-0.0365275983680147,-0.1047559197140887,0.0135199169090891,-0.0664058434367848,-0.0796433034988987,-0.2262737064722916,-0.0432154122653365,-0.0453450008935231,0.6666666666666666,0.6666666666666666,0.6666666666666666,0.6666666666666666,-0.0156341569328618,0.0180430223483678,-0.1296552869940863,0.1578703967880347,1.0223831163015729,39.303998691833954,-35.92301276744996,LAGGARD
2026-08-28,MATERIALS,XLB,53.18000030517578,-0.0067239559991706,0.0545310327852162,0.0503653798788172,-0.0043063011213896,0.1525791289261866,0.0246527877164461,0.0072496747479333,-0.1258240878795925,0.0249788119754497,0.0592781533391213,0.8333333333333334,1.0,1.0,0.8333333333333334,0.0902363889908571,0.0776888648583488,-0.0989751958859398,0.1474097947532489,0.9618395438375829,38.987662539951444,38.987662539951444,EARLY TURN
2026-08-28,FINANCIALS,XLF,58.09999847412109,0.0107863419767286,0.0203723195537273,0.1108986485978871,0.1296908055486452,0.0761251466545798,-0.0095059255150427,0.0677829434670032,0.0081730187904422,0.0269553558572841,0.0874549384309537,0.5,1.0,0.8333333333333334,0.8333333333333334,-0.0205817659003519,0.0370876354491696,0.0746058789776854,0.0881106227476325,0.8114704678242809,32.01187630264063,-10.558543662156303,LAGGARD
2026-08-28,CONSUMER_DISCRETIONARY,XLY,117.20999908447266,-0.0068632230268863,0.0096477111027049,0.0204596766640561,0.0029950237231992,0.0115646526808264,-0.0202305339660651,-0.0226560284668277,-0.1185227630350036,0.0078592486134081,0.0004587795670336,0.3333333333333333,0.3333333333333333,0.3333333333333333,0.5,-0.0241196253470974,-0.0554316505536091,-0.2183052470266683,0.2100675052281611,0.7171975897973779,30.90446642431641,30.90446642431641,LAGGARD
2026-08-28,CONSUMER_STAPLES,XLP,85.44999694824219,-0.0062798107796542,0.0047030438816204,0.0240890993291547,-0.0506610940980392,0.0578113176468899,-0.0251752011871495,-0.0190266058017292,-0.1721788808562421,0.0043015997840771,0.022520538147932,0.6666666666666666,0.3333333333333333,0.5,0.3333333333333333,-0.0374506306662877,-0.0485555684796326,-0.2080581439266452,0.1115631655393233,0.7817638559087426,30.50516144968741,30.50516144968741,LAGGARD
2026-08-28,COMMUNICATION_SERVICES,XLC,112.98999786376952,0.0142728574157269,0.0438839624329845,0.0118205401313538,-0.0428632364013559,0.0143639328744782,0.0140057173642145,-0.0312951649995301,-0.1643810231595588,0.0260624607419084,-0.0093159052839426,0.5,0.3333333333333333,0.8333333333333334,0.5,0.0316090305900257,-0.0391269845142089,-0.1774128643249524,0.1684530892421334,0.6924645378912789,20.005074108674457,20.005074108674457,LAGGARD
2026-08-28,POWER_INDUSTRIALS,XLI,177.13999938964844,-0.017253817533157,-0.0150133285321543,0.0169939536016454,0.0,0.1653181092752582,-0.0448915736009243,-0.0261217515292384,-0.1215177867582029,-0.0256432797212974,0.0351875535523364,0.0,0.8333333333333334,0.0,0.3333333333333333,-0.0743535616255092,-0.0734581280959954,-0.1068333809970378,0.1422454985123765,0.8503336277450628,15.603307058777105,-13.676406378176132,LAGGARD
2026-09-04,AI_SOFTWARE,IGV,104.56999969482422,-0.0450228338372217,0.0183075003283856,0.1529217553832655,0.1887006734542866,-0.0330127585997189,0.0222777138211915,0.1145799927389699,0.0432323417842501,0.0610318883061926,0.1223660144201752,1.0,0.8333333333333334,0.8333333333333334,0.8333333333333334,0.032925922485386,0.1634375217084867,0.075673506508625,0.3350583321206939,0.7015994376895338,100.0,16.048371287528184,LEADER
2026-09-04,ENERGY,XLE,64.05999755859375,0.0220165482881149,0.1140869140625,0.1131189992673527,0.1324022963439191,0.4665750254356815,0.1180571275553059,0.074777236623057,-0.0130660353261173,0.0767471964645589,0.1593677922114091,1.0,1.0,1.0,1.0,0.1206435869029292,0.0678091076570694,-0.0087557035823655,0.2790514886374061,0.7956114701024962,82.83241551578536,62.98591858064087,LEADER
2026-09-04,HEALTHCARE,XLV,171.4499969482422,0.001694281841132,0.0348261982589064,0.1146869492857802,0.122789786343973,0.2432922736526179,0.0387964117517123,0.0763451866414846,-0.0226785453260633,0.0321660000314347,0.1024996595944371,0.6666666666666666,1.0,0.6666666666666666,0.8333333333333334,0.0461266036039266,0.0671289704119632,0.0590883403964402,0.2029255091032044,0.7270846180018767,82.56480322691985,-4.45847304260289,HOLD
2026-09-04,FINANCIALS,XLF,58.09999847412109,0.0,0.0086805557855118,0.0892388134217554,0.1489024881300831,0.0947804561564269,0.0126507692783177,0.0508970507774597,0.0034341564600466,0.0187977725988472,0.0850331497901382,0.6666666666666666,1.0,0.5,0.8333333333333334,0.0035011470805439,0.0193539713448857,0.0976876734473892,0.0860583953595388,0.8275628741818234,59.64403607188939,2.2433341871640167,HOLD
2026-09-04,SEMI,SOXX,519.8599853515625,0.022098994027526,-0.0430909738032044,-0.1281174249868972,0.6069363223975301,1.1042703053221583,-0.0391207603103985,-0.1664591876311929,0.4614679907274936,-0.0271334762979872,0.1862253150524038,0.3333333333333333,1.0,0.3333333333333333,0.3333333333333333,-0.004614983283086,-0.1074921322809046,0.534748767513383,0.4049534400183909,0.7007017005467835,55.44154468541383,13.835430858741496,IMPROVING
2026-09-04,COMMUNICATION_SERVICES,XLC,112.02999877929688,-0.0084963191664992,0.0070112249824438,0.0034034684122228,-0.0462285062787267,-0.0231929863587573,0.0109814384752497,-0.0349382942320728,-0.1916968379487632,0.0119687389236204,-0.0170090977392558,0.6666666666666666,0.3333333333333333,0.8333333333333334,0.5,0.0185792391280767,-0.035207982847583,-0.1970313007326765,0.169667572837892,0.6336668805083888,38.240520143032406,38.240520143032406,EARLY TURN
2026-09-04,MATERIALS,XLB,52.43999862670898,-0.0139150371233596,-0.0079455538931705,0.0049827198162628,0.0517448452622317,0.1404958492559058,-0.0039753404003646,-0.0333590428280328,-0.0937234864078047,0.0090824927041381,0.0405277798597336,0.5,0.6666666666666666,0.3333333333333333,0.8333333333333334,0.0107309640524536,0.0249459230411997,-0.0651103662054973,0.1387091699662774,0.9558802803055776,31.65918381481915,3.8932694769737957,LAGGARD
2026-09-04,NUCLEAR,URA,46.060001373291016,0.0107527250767669,0.0256068031571186,0.0118629373922873,-0.0557605058235523,0.1308618190758279,0.0295770166499245,-0.0264788252520082,-0.2012288374935887,0.0676123899754321,-0.0492016216268699,0.6666666666666666,0.1666666666666666,0.6666666666666666,0.6666666666666666,0.0123867426865995,-0.0187382968090951,-0.2421917598573821,0.4583541500887349,0.9747935467403784,19.739839433717613,-13.328336843114336,LAGGARD
2026-09-04,DEFENSIVE,XLU,43.08000183105469,0.0081910201864712,-0.0121531477156427,-0.032562249898743,-0.0783055138206868,0.0322271762557377,-0.0081829342228368,-0.0709040125430386,-0.2237738454907233,-0.028592002446058,-0.0363224119206953,0.5,0.6666666666666666,0.6666666666666666,0.5,0.0196677683481299,0.004175190024526,-0.1001766273021147,0.158958991439753,1.04126829510414,11.111235885644732,-23.297317365274154,LAGGARD
2026-09-04,CONSUMER_DISCRETIONARY,XLY,114.91000366210938,-0.0196228601683179,-0.041298155540095,-0.0144939522652464,0.0041069661890629,-0.0225000777185141,-0.0373279420472891,-0.052835714909542,-0.1413613654809735,-0.0123764188903362,-0.0184777182882475,0.1666666666666666,0.1666666666666666,0.1666666666666666,0.1666666666666666,-0.0404761488223956,-0.0932681835535994,-0.2356310066350873,0.212296946724792,0.6433981693290345,9.450324676242147,9.450324676242147,LAGGARD
2026-09-04,POWER_INDUSTRIALS,XLI,175.27000427246094,-0.010556594352663,-0.053515437926769,-0.0051651063750181,0.0313640211514791,0.1612668970902651,-0.0495452244339631,-0.0435068690193137,-0.1141043105185573,-0.0327742847945213,0.021040381133522,0.0,0.8333333333333334,0.0,0.3333333333333333,-0.0662104006413377,-0.0634643509624658,-0.0440200001750759,0.142393788471801,0.8810513788081153,5.849871985765276,-29.133733009628266,LAGGARD
2026-09-04,CONSUMER_STAPLES,XLP,84.58000183105469,-0.0101813358485485,-0.0063439955134285,-0.0144488215821365,-0.0139892395117614,0.045876084561274,-0.0023737820206226,-0.0527905842264322,-0.1594575711817979,-0.005771626969484,0.0105348826900468,0.1666666666666666,0.3333333333333333,0.3333333333333333,0.1666666666666666,-0.0087169072540676,-0.0713988095700454,-0.1907088966534819,0.0962650940736091,0.7806429745084876,0.0,0.0,LAGGARD
