date,sector,benchmark,benchmark_price,ret_1w,ret_4w,ret_12w,ret_26w,ret_52w,rel_spy_4w,rel_spy_12w,rel_spy_26w,vs_10w_ma,vs_40w_ma,breadth_above_10w,breadth_above_40w,breadth_positive_4w,breadth_positive_12w,basket_rel_spy_4w,basket_rel_spy_12w,basket_rel_spy_26w,volatility_12w_ann,volume_ratio_4w_vs_prev12
2024-01-05,AI_SOFTWARE,IGV,77.31199645996094,,,,,,,,,,,,,,,,,,,
2024-01-05,COMMUNICATION_SERVICES,XLC,72.04000091552734,,,,,,,,,,,,,,,,,,,
2024-01-05,CONSUMER_DISCRETIONARY,XLY,86.30999755859375,,,,,,,,,,,,,,,,,,,
2024-01-05,CONSUMER_STAPLES,XLP,72.01000213623047,,,,,,,,,,,,,,,,,,,
2024-01-05,DEFENSIVE,XLU,32.26499938964844,,,,,,,,,,,,,,,,,,,
2024-01-05,ENERGY,XLE,42.34000015258789,,,,,,,,,,,,,,,,,,,
2024-01-05,FINANCIALS,XLF,37.75,,,,,,,,,,,,,,,,,,,
2024-01-05,HEALTHCARE,XLV,139.1199951171875,,,,,,,,,,,,,,,,,,,
2024-01-05,MARKET,SPY,467.9200134277344,,,,,,,,,,,,,,,,,,,
2024-01-05,MATERIALS,XLB,42.16999816894531,,,,,,,,,,,,,,,,,,,
2024-01-05,NUCLEAR,URA,26.959999084472656,,,,,,,,,,,,,,,,,,,
2024-01-05,POWER_INDUSTRIALS,XLI,111.43000030517578,,,,,,,,,,,,,,,,,,,
2024-01-05,SEMI,SOXX,180.6133270263672,,,,,,,,,,,,,,,,,,,
2024-01-12,AI_SOFTWARE,IGV,81.73600006103516,0.05722273131784106,,,,,,,,,,,,,,,,,,
2024-01-12,COMMUNICATION_SERVICES,XLC,73.80999755859375,0.02456963659872624,,,,,,,,,,,,,,,,,,
2024-01-12,CONSUMER_DISCRETIONARY,XLY,86.9800033569336,0.0077627831918891665,,,,,,,,,,,,,,,,,,
2024-01-12,CONSUMER_STAPLES,XLP,72.80000305175781,0.010970710902532765,,,,,,,,,,,,,,,,,,
2024-01-12,DEFENSIVE,XLU,31.65999984741211,-0.01875095470884869,,,,,,,,,,,,,,,,,,
2024-01-12,ENERGY,XLE,41.34000015258789,-0.023618327737272793,,,,,,,,,,,,,,,,,,
2024-01-12,FINANCIALS,XLF,37.599998474121094,-0.003973550354408162,,,,,,,,,,,,,,,,,,
2024-01-12,HEALTHCARE,XLV,140.52000427246094,0.010063320905770112,,,,,,,,,,,,,,,,,,
2024-01-12,MARKET,SPY,476.67999267578125,0.01872110402775018,,,,,,,,,,,,,,,,,,
2024-01-12,MATERIALS,XLB,41.724998474121094,-0.010552518713456416,,,,,,,,,,,,,,,,,,
2024-01-12,NUCLEAR,URA,31.479999542236328,0.16765580902289123,,,,,,,,,,,,,,,,,,
2024-01-12,POWER_INDUSTRIALS,XLI,112.11000061035156,0.006102488587574673,,,,,,,,,,,,,,,,,,
2024-01-12,SEMI,SOXX,185.79666137695312,0.02869851541923718,,,,,,,,,,,,,,,,,,
2024-01-19,AI_SOFTWARE,IGV,83.67400360107422,0.02371052582205979,,,,,,,,,,,,,,,,,,
2024-01-19,COMMUNICATION_SERVICES,XLC,74.83000183105469,0.013819324023838453,,,,,,,,,,,,,,,,,,
2024-01-19,CONSUMER_DISCRETIONARY,XLY,87.44499969482422,0.005346014255511733,,,,,,,,,,,,,,,,,,
2024-01-19,CONSUMER_STAPLES,XLP,72.05000305175781,-0.010302197370332222,,,,,,,,,,,,,,,,,,
2024-01-19,DEFENSIVE,XLU,30.489999771118164,-0.03695515104020386,,,,,,,,,,,,,,,,,,
2024-01-19,ENERGY,XLE,40.084999084472656,-0.03035803249837843,,,,,,,,,,,,,,,,,,
2024-01-19,FINANCIALS,XLF,37.93000030517578,0.008776644799116662,,,,,,,,,,,,,,,,,,
2024-01-19,HEALTHCARE,XLV,139.4600067138672,-0.007543392587282205,,,,,,,,,,,,,,,,,,
2024-01-19,MARKET,SPY,482.42999267578125,0.012062599832904919,,,,,,,,,,,,,,,,,,
2024-01-19,MATERIALS,XLB,41.1150016784668,-0.014619456392134578,,,,,,,,,,,,,,,,,,
2024-01-19,NUCLEAR,URA,30.43000030517578,-0.033354487049841786,,,,,,,,,,,,,,,,,,
2024-01-19,POWER_INDUSTRIALS,XLI,112.44999694824219,0.0030327030241692476,,,,,,,,,,,,,,,,,,
2024-01-19,SEMI,SOXX,200.41000366210938,0.07865234055798243,,,,,,,,,,,,,,,,,,
2024-01-26,AI_SOFTWARE,IGV,84.66200256347656,0.011807717091114167,,,,,,,,,,,,,,,,,,
2024-01-26,COMMUNICATION_SERVICES,XLC,77.68000030517578,0.03808630768920196,,,,,,,,,,,,,,,,,,
2024-01-26,CONSUMER_DISCRETIONARY,XLY,85.83999633789062,-0.01835443264377523,,,,,,,,,,,,,,,,,,
2024-01-26,CONSUMER_STAPLES,XLP,72.62999725341797,0.008049884484300662,,,,,,,,,,,,,,,,,,
2024-01-26,DEFENSIVE,XLU,30.604999542236328,0.0037717209570824473,,,,,,,,,,,,,,,,,,
2024-01-26,ENERGY,XLE,42.125,0.05089187881053392,,,,,,,,,,,,,,,,,,
2024-01-26,FINANCIALS,XLF,38.650001525878906,0.018982367912210973,,,,,,,,,,,,,,,,,,
2024-01-26,HEALTHCARE,XLV,139.27000427246094,-0.0013624152607140116,,,,,,,,,,,,,,,,,,
2024-01-26,MARKET,SPY,487.4100036621094,0.010322764052679734,,,,,,,,,,,,,,,,,,
2024-01-26,MATERIALS,XLB,41.255001068115234,0.0034050683189381648,,,,,,,,,,,,,,,,,,
2024-01-26,NUCLEAR,URA,29.59000015258789,-0.027604342562067452,,,,,,,,,,,,,,,,,,
2024-01-26,POWER_INDUSTRIALS,XLI,113.43000030517578,0.0087150145267203,,,,,,,,,,,,,,,,,,
2024-01-26,SEMI,SOXX,199.2566680908203,-0.005754880246564897,,,,,,,,,,,,,,,,,,
2024-02-02,AI_SOFTWARE,IGV,85.8759994506836,0.014339335834831157,0.11077198084203999,,,,0.05428798375422761,,,,,,,1.0,,0.03910920051992336,,,,
2024-02-02,COMMUNICATION_SERVICES,XLC,79.73999786376953,0.026519020989968833,0.10688502013306533,,,,0.05040102304525296,,,,,,,0.8333333333333334,,0.06940795164031914,,,,
2024-02-02,CONSUMER_DISCRETIONARY,XLY,88.66000366210938,0.03285190406018201,0.02722750747293512,,,,-0.029256489614877257,,,,,,,0.6666666666666666,,-0.046894360146732296,,,,
2024-02-02,CONSUMER_STAPLES,XLP,74.16999816894531,0.02120337290051144,0.02999577792857866,,,,-0.026488219159233717,,,,,,,1.0,,-0.007727229656490049,,,,
2024-02-02,DEFENSIVE,XLU,30.7450008392334,0.004574458392128555,-0.047109827341348054,,,,-0.10359382442916043,,,,,,,0.6666666666666666,,-0.04608028809901767,,,,
2024-02-02,ENERGY,XLE,41.7599983215332,-0.008664728272208877,-0.013698673334067935,,,,-0.07018267042188031,,,,,,,0.16666666666666666,,-0.08257959722138264,,,,
2024-02-02,FINANCIALS,XLF,38.97999954223633,0.008538111340990806,0.03258276933076365,,,,-0.023901227757048726,,,,,,,0.5,,-0.0742050738998058,,,,
2024-02-02,HEALTHCARE,XLV,141.99000549316406,0.01953041672478051,0.020629747532401987,,,,-0.03585424955541039,,,,,,,0.6666666666666666,,-0.033132724206197416,,,,
2024-02-02,MARKET,SPY,494.3500061035156,0.014238530988825104,0.056483997087812376,,,,0.0,,,,,,,1.0,,-0.016633206239002718,,,,
2024-02-02,MATERIALS,XLB,41.54499816894531,0.0070293805192556125,-0.014820963413279431,,,,-0.07130496050109181,,,,,,,0.16666666666666666,,-0.08946745612200396,,,,
2024-02-02,NUCLEAR,URA,31.520000457763672,0.06522474806432155,0.1691395225572283,,,,0.11265552546941593,,,,,,,1.0,,0.07097325313151825,,,,
2024-02-02,POWER_INDUSTRIALS,XLI,115.58000183105469,0.018954434630119588,0.03724312585940237,,,,-0.019240871228410006,,,,,,,1.0,,0.02076739291358991,,,,
2024-02-02,SEMI,SOXX,198.82333374023438,-0.002174754575281934,0.10082316190991136,,,,0.044339164822098986,,,,,,,1.0,,0.09516699240298816,,,,
2024-02-09,AI_SOFTWARE,IGV,88.4020004272461,0.029414516194517404,0.08155525547167963,,,,0.030116093123769838,,,,,,,1.0,,0.08965615254465646,,,,
2024-02-09,COMMUNICATION_SERVICES,XLC,79.16999816894531,-0.007148228117563105,0.07261889700099977,,,,0.021179734653089977,,,,,,,0.8333333333333334,,0.06608832643405997,,,,
2024-02-09,CONSUMER_DISCRETIONARY,XLY,89.94999694824219,0.014549889835884455,0.034145705641339674,,,,-0.01729345670657012,,,,,,,0.5,,-0.04332636815331523,,,,
2024-02-09,CONSUMER_STAPLES,XLP,73.11000061035156,-0.014291459953649666,0.004258208043938616,,,,-0.04718095430397118,,,,,,,0.8333333333333334,,-0.02705370874219824,,,,
2024-02-09,DEFENSIVE,XLU,30.135000228881836,-0.0198406438022648,-0.04816802355906924,,,,-0.09960718590697903,,,,,,,0.5,,-0.055139447488396186,,,,
2024-02-09,ENERGY,XLE,41.654998779296875,-0.002514356955378161,0.007619705504264829,,,,-0.043819456843644966,,,,,,,0.5,,-0.054371280287871214,,,,
2024-02-09,FINANCIALS,XLF,39.08000183105469,0.0025654769110503572,0.039361793005184165,,,,-0.01207736934272563,,,,,,,0.6666666666666666,,-0.05017280771197963,,,,
2024-02-09,HEALTHCARE,XLV,144.00999450683594,0.014226276044260855,0.02483625198023831,,,,-0.026602910367671484,,,,,,,0.6666666666666666,,-0.007353120781587434,,,,
2024-02-09,MARKET,SPY,501.20001220703125,0.013856591522082962,0.051439162347909795,,,,0.0,,,,,,,1.0,,-0.009280197224522557,,,,
2024-02-09,MATERIALS,XLB,41.56999969482422,0.0006017938856859306,-0.003714770160938685,,,,-0.05515393250884848,,,,,,,0.3333333333333333,,-0.1066901467722945,,,,
2024-02-09,NUCLEAR,URA,29.770000457763672,-0.055520303762208845,-0.05432017501075159,,,,-0.10575933735866139,,,,,,,0.3333333333333333,,-0.07598936547878134,,,,
2024-02-09,POWER_INDUSTRIALS,XLI,116.94999694824219,0.011853219376047885,0.04317185185568295,,,,-0.008267310492226843,,,,,,,1.0,,0.03033071000515535,,,,
2024-02-09,SEMI,SOXX,209.80999755859375,0.05525842269958914,0.12924525125304176,,,,0.07780608890513196,,,,,,,1.0,,0.13081229674882497,,,,
2024-02-16,AI_SOFTWARE,IGV,85.55400085449219,-0.03221646070212836,0.022468116410218286,,,,-0.012936019628484452,,,,,,,0.8333333333333334,,0.055791707536234636,,,,
2024-02-16,COMMUNICATION_SERVICES,XLC,78.94999694824219,-0.0027788458480654255,0.05505806516601863,,,,0.019653929127315894,,,,,,,0.6666666666666666,,0.06942839142125379,,,,
2024-02-16,CONSUMER_DISCRETIONARY,XLY,89.51000213623047,-0.004891548937626888,0.023614871617736233,,,,-0.011789264420966505,,,,,,,0.5,,-0.02779326927638372,,,,
2024-02-16,CONSUMER_STAPLES,XLP,73.27999877929688,0.0023252382372602742,0.017071418118545845,,,,-0.018332717920156893,,,,,,,0.8333333333333334,,-0.0068652077161203695,,,,
2024-02-16,DEFENSIVE,XLU,30.614999771118164,0.015928307237120576,0.004099704852028374,,,,-0.031304431186674364,,,,,,,0.6666666666666666,,-0.01980152052419548,,,,
2024-02-16,ENERGY,XLE,42.78499984741211,0.027127622163725995,0.06735688722979982,,,,0.031952751191097084,,,,,,,0.8333333333333334,,0.015095479301959203,,,,
2024-02-16,FINANCIALS,XLF,39.630001068115234,0.014073674802734804,0.04481942391936866,,,,0.009415287880665923,,,,,,,0.8333333333333334,,-0.014062686511079817,,,,
2024-02-16,HEALTHCARE,XLV,145.6199951171875,0.011179783846704705,0.04417028615206431,,,,0.00876615011336157,,,,,,,0.8333333333333334,,0.03866146937287834,,,,
2024-02-16,MARKET,SPY,499.510009765625,-0.003371912211183603,0.03540413603870274,,,,0.0,,,,,,,1.0,,-0.002233503942402737,,,,
2024-02-16,MATERIALS,XLB,42.584999084472656,0.024416632116906367,0.035753310130004046,,,,0.0003491740913013075,,,,,,,0.6666666666666666,,-0.04364203680463211,,,,
2024-02-16,NUCLEAR,URA,28.959999084472656,-0.027208644972653184,-0.048307630823555936,,,,-0.08371176686225867,,,,,,,0.3333333333333333,,-0.05914009834739792,,,,
2024-02-16,POWER_INDUSTRIALS,XLI,118.02999877929688,0.009234731588173117,0.04962207187629386,,,,0.014217935837591122,,,,,,,1.0,,0.04309627420318161,,,,
2024-02-16,SEMI,SOXX,208.3733367919922,-0.006847437125584777,0.0397352077459614,,,,0.00433107170725866,,,,,,,0.8333333333333334,,0.05719953583460944,,,,
2024-02-23,AI_SOFTWARE,IGV,84.68000030517578,-0.010215776475525407,0.00021258346311525678,,,,-0.041723368379957826,,,,,,,0.6666666666666666,,0.016911787075570135,,,,
2024-02-23,COMMUNICATION_SERVICES,XLC,79.72000122070312,0.009753062726091555,0.026261597676531245,,,,-0.015674354166541837,,,,,,,0.8333333333333334,,0.019156300388336028,,,,
2024-02-23,CONSUMER_DISCRETIONARY,XLY,90.6449966430664,0.012680085797657892,0.05597624079877561,,,,0.014040288955702529,,,,,,,1.0,,0.007564277192581126,,,,
2024-02-23,CONSUMER_STAPLES,XLP,74.77999877929688,0.020469432655391584,0.02960211492748921,,,,-0.012333836915583873,,,,,,,1.0,,-0.0010760355348952144,,,,
2024-02-23,DEFENSIVE,XLU,30.979999542236328,0.011922252942902167,0.012252900036233694,,,,-0.02968305180683939,,,,,,,1.0,,-0.011878237254021151,,,,
2024-02-23,ENERGY,XLE,42.97999954223633,0.004557664964816244,0.020296725038251084,,,,-0.021639226804821998,,,,,,,0.6666666666666666,,-0.03913948045580349,,,,
2024-02-23,FINANCIALS,XLF,40.29999923706055,0.016906337393070903,0.042690754101959216,,,,0.0007548022588861336,,,,,,,0.6666666666666666,,-0.031061185924124157,,,,
2024-02-23,HEALTHCARE,XLV,147.86000061035156,0.015382540641904363,0.06167872531320939,,,,0.01974277347013631,,,,,,,1.0,,0.03850434154027386,,,,
2024-02-23,MARKET,SPY,507.8500061035156,0.01669635477736242,0.04193595184307308,,,,0.0,,,,,,,1.0,,-0.01167051324240681,,,,
2024-02-23,MATERIALS,XLB,43.415000915527344,0.019490474319566742,0.052357284971239704,,,,0.010421333128166621,,,,,,,0.5,,-0.03956697289539929,,,,
2024-02-23,NUCLEAR,URA,26.979999542236328,-0.06837015210052044,-0.08820549499467634,,,,-0.13014144683774942,,,,,,,0.3333333333333333,,-0.09742268359661344,,,,
2024-02-23,POWER_INDUSTRIALS,XLI,120.22000122070312,0.01855462563802379,0.059860714954238725,,,,0.017924763111165642,,,,,,,1.0,,0.07987700350289506,,,,
2024-02-23,SEMI,SOXX,212.1566619873047,0.018156474592952332,0.06474058820759065,,,,0.022804636364517572,,,,,,,0.8333333333333334,,0.07954763688529774,,,,
2024-03-01,AI_SOFTWARE,IGV,86.91400146484375,0.026381685777242758,0.01208721902277543,,,,-0.025335597309805058,,,,,,,0.6666666666666666,,0.03890516396884399,,,,
2024-03-01,COMMUNICATION_SERVICES,XLC,80.0199966430664,0.0037631136197897597,0.0035113968748186064,,,,-0.03391141945776188,,,,,,,0.8333333333333334,,0.00982507993746203,,,,
2024-03-01,CONSUMER_DISCRETIONARY,XLY,92.51000213623047,0.020574831068811417,0.04342429861376673,,,,0.006001482281186243,,,,,,,0.8333333333333334,,0.00018729126390117554,,,,
2024-03-01,CONSUMER_STAPLES,XLP,74.45999908447266,-0.0042792150313970545,0.003909949072221641,,,,-0.03351286726035885,,,,,,,0.6666666666666666,,-0.028987605713808706,,,,
2024-03-01,DEFENSIVE,XLU,30.860000610351562,-0.0038734323324042252,0.003740438054287365,,,,-0.033682378278293124,,,,,,,0.8333333333333334,,-0.027157247096867232,,,,
2024-03-01,ENERGY,XLE,43.56999969482422,0.013727318726658,0.0433429465048063,,,,0.005920130172225813,,,,,,,1.0,,-0.0019094608438007254,,,,
2024-03-01,FINANCIALS,XLF,40.290000915527344,-0.00024809731321306927,0.03360701356272666,,,,-0.0038158027698538266,,,,,,,0.6666666666666666,,-0.02139121944366068,,,,
2024-03-01,HEALTHCARE,XLV,146.33999633789062,-0.010280023442354347,0.030635894615385295,,,,-0.0067869217171951934,,,,,,,0.8333333333333334,,0.006204196157427362,,,,
2024-03-01,MARKET,SPY,512.8499755859375,0.009845366589210425,0.03742281633258049,,,,0.0,,,,,,,1.0,,0.005522188132304595,,,,
2024-03-01,MATERIALS,XLB,43.97999954223633,0.013013903369674118,0.058611180180798916,,,,0.021188363848218428,,,,,,,0.5,,-0.032134569924359035,,,,
2024-03-01,NUCLEAR,URA,28.290000915527344,0.04855453652770647,-0.1024746032781465,,,,-0.139897419610727,,,,,,,0.3333333333333333,,-0.04116733490755686,,,,
2024-03-01,POWER_INDUSTRIALS,XLI,121.5199966430664,0.010813470380662382,0.051392928862333154,,,,0.013970112529752665,,,,,,,1.0,,0.05799165225260072,,,,
2024-03-01,SEMI,SOXX,226.6133270263672,0.06814146161447221,0.13977229313758932,,,,0.10234947680500883,,,,,,,1.0,,0.1388175767090942,,,,
2024-03-08,AI_SOFTWARE,IGV,84.93000030517578,-0.022827175440432224,-0.03927513071299482,,,,-0.06026473318197145,,,0.006589704793414253,,0.8333333333333334,,0.16666666666666666,,-0.048418467872435346,,,,
2024-03-08,COMMUNICATION_SERVICES,XLC,79.58999633789062,-0.005373660625028753,0.0053050167823556205,,,,-0.01568458568662101,,,0.026239411909280808,,0.8333333333333334,,0.8333333333333334,,-0.00410080063308534,,,,
2024-03-08,CONSUMER_DISCRETIONARY,XLY,90.15499877929688,-0.02545674308239243,0.0022790643469687843,,,,-0.018710538122007847,,,0.015253281886301595,,0.5,,0.6666666666666666,,-0.03750834162695358,,,,
2024-03-08,CONSUMER_STAPLES,XLP,75.16000366210938,0.00940108227563341,0.02803998132462815,,,,0.007050378855651518,,,0.02335085020976968,,0.6666666666666666,,0.6666666666666666,,-0.00651185316094427,,,,
2024-03-08,DEFENSIVE,XLU,31.875,0.032890452675751636,0.057740161204661966,,,,0.036750558735685335,,,0.027463496342505556,,0.6666666666666666,,0.8333333333333334,,0.002032428607807779,,,,
2024-03-08,ENERGY,XLE,44.084999084472656,0.011820045748350383,0.05833634320938996,,,,0.03734674074041333,,,0.04287656612286539,,0.8333333333333334,,0.8333333333333334,,0.025649121598697477,,,,
2024-03-08,FINANCIALS,XLF,40.619998931884766,0.008190568599124592,0.039406269925154724,,,,0.018416667456178093,,,0.03932652922187119,,0.8333333333333334,,1.0,,0.020243509933440595,,,,
2024-03-08,HEALTHCARE,XLV,146.42999267578125,0.0006149811407869521,0.016804376510343166,,,,-0.004185225958633465,,,0.02354219272453717,,0.5,,0.6666666666666666,,-0.02172405120575797,,,,
2024-03-08,MARKET,SPY,511.7200012207031,-0.0022033234260045997,0.02098960246897663,,,,0.0,,,0.035467995900994254,,1.0,,1.0,,0.00512864995752732,,,,
2024-03-08,MATERIALS,XLB,44.67499923706055,0.015802630788042116,0.07469327796562197,,,,0.05370367549664534,,,0.05356868312854557,,0.6666666666666666,,1.0,,0.05738100749100158,,,,
2024-03-08,NUCLEAR,URA,28.059999465942383,-0.008130132277893387,-0.05744040865055955,,,,-0.07843001111953618,,,-0.039172731090286295,,0.3333333333333333,,0.3333333333333333,,0.005290730608336773,,,,
2024-03-08,POWER_INDUSTRIALS,XLI,122.30000305175781,0.006418749425927572,0.04574609870133939,,,,0.024756496232362757,,,0.05066926173485431,,1.0,,1.0,,0.06124355337582084,,,,
2024-03-08,SEMI,SOXX,228.1300048828125,0.006692800800143672,0.08731713234543315,,,,0.06632752987645651,,,0.11283834565185402,,1.0,,1.0,,0.09583610113086478,,,,
2024-03-15,AI_SOFTWARE,IGV,83.55999755859375,-0.016130963636633133,-0.023306955560030262,,,,-0.04396715576599375,,,-0.016927334143867823,,0.5,,0.3333333333333333,,-0.019016462162717,,,,
2024-03-15,COMMUNICATION_SERVICES,XLC,79.29000091552734,-0.0037692604116940087,0.004306573532967484,,,,-0.016353626672996002,,,0.01290242912596451,,0.6666666666666666,,1.0,,-0.00712736680551751,,,,
2024-03-15,CONSUMER_DISCRETIONARY,XLY,89.0250015258789,-0.01253393897973698,-0.005418395696308975,,,,-0.02607859590227246,,,-0.0005276472530872933,,0.3333333333333333,,0.3333333333333333,,-0.05563785631643923,,,,
2024-03-15,CONSUMER_STAPLES,XLP,75.52999877929688,0.004922766087809949,0.030704148983087487,,,,0.010043948777124001,,,0.023483321196795748,,0.6666666666666666,,0.8333333333333334,,6.81030903116701e-05,,,,
2024-03-15,DEFENSIVE,XLU,31.729999542236328,-0.004549033969056371,0.0364200483244832,,,,0.015759848118519715,,,0.02455640464015585,,0.6666666666666666,,0.8333333333333334,,-0.0025649969908624337,,,,
2024-03-15,ENERGY,XLE,45.779998779296875,0.03844844573040307,0.07000114391880552,,,,0.049340943712842034,,,0.07423179990195905,,1.0,,1.0,,0.045670036853052896,,,,
2024-03-15,FINANCIALS,XLF,40.790000915527344,0.004185179421783092,0.029270749839706678,,,,0.008610549633743192,,,0.03562090616410396,,0.8333333333333334,,0.8333333333333334,,0.003078347428023376,,,,
2024-03-15,HEALTHCARE,XLV,145.36000061035156,-0.007307191961682391,-0.0017854313662537535,,,,-0.02244563157221724,,,0.01165040817202323,,0.5,,0.3333333333333333,,-0.04279750423823151,,,,
2024-03-15,MARKET,SPY,509.8299865722656,-0.0036934547094678027,0.020660200205963486,,,,0.0,,,0.022968255229171675,,1.0,,1.0,,-0.005762179615251495,,,,
2024-03-15,MATERIALS,XLB,45.400001525878906,0.016228367122543386,0.06610314669309592,,,,0.04544294648713243,,,0.06257244545500296,,0.8333333333333334,,1.0,,0.05839855183589315,,,,
2024-03-15,NUCLEAR,URA,27.889999389648438,-0.006058449021008827,-0.03694750444235739,,,,-0.05760770464832088,,,-0.04802541369371116,,0.3333333333333333,,0.3333333333333333,,-4.296125909995322e-05,,,,
2024-03-15,POWER_INDUSTRIALS,XLI,122.04000091552734,-0.0021259372832593826,0.03397443173517889,,,,0.013314231529215403,,,0.03896547168800146,,1.0,,1.0,,0.06021118959804008,,,,
2024-03-15,SEMI,SOXX,218.75999450683594,-0.041073116974638335,0.04984638569766808,,,,0.029186185491704597,,,0.0476359019498811,,1.0,,0.6666666666666666,,0.06107159093873001,,,,
2024-03-22,AI_SOFTWARE,IGV,85.98999786376953,0.029080904453974155,0.015469975836947203,,,,-0.010837035502179182,,,0.0066233856612731845,,0.6666666666666666,,0.8333333333333334,,0.016681374522754384,,,,
2024-03-22,COMMUNICATION_SERVICES,XLC,81.81999969482422,0.031908169379292195,0.02634217814808215,,,,3.5166808955766626e-05,,,0.03463538317402293,,0.8333333333333334,,0.8333333333333334,,0.01625398653947106,,,,
2024-03-22,CONSUMER_DISCRETIONARY,XLY,91.36000061035156,0.026228576741937903,0.007887958450708998,,,,-0.018419052888417387,,,0.02066809033731598,,0.5,,0.5,,-0.05847628396374869,,,,
2024-03-22,CONSUMER_STAPLES,XLP,75.63999938964844,0.0014563830548044443,0.011500409526479682,,,,-0.014806601812646702,,,0.021044527462195095,,1.0,,0.6666666666666666,,-0.0173076942867109,,,,
2024-03-22,DEFENSIVE,XLU,31.93000030517578,0.00630320724313993,0.030664970205834807,,,,0.004357958866708422,,,0.030116312792007216,,0.8333333333333334,,0.5,,-0.03009587816781249,,,,
2024-03-22,ENERGY,XLE,46.20000076293945,0.009174355501130327,0.07491859597482864,,,,0.048611584635702254,,,0.07186361387745688,,1.0,,0.8333333333333334,,0.05075419291498843,,,,
2024-03-22,FINANCIALS,XLF,41.41999816894531,0.015444894319140534,0.027791537297469526,,,,0.0014845259583431414,,,0.04151469523169449,,0.8333333333333334,,1.0,,0.02435390056735816,,,,
2024-03-22,HEALTHCARE,XLV,145.44000244140625,0.0005503703269040816,-0.01636682103987419,,,,-0.042673832379000576,,,0.008753086910243235,,0.5,,0.3333333333333333,,-0.054233150838708354,,,,
2024-03-22,MARKET,SPY,521.2100219726562,0.02232123590238766,0.026307011339126385,,,,0.0,,,0.03654078134372862,,1.0,,1.0,,-0.0005964318710903749,,,,
2024-03-22,MATERIALS,XLB,45.685001373291016,0.006277529467695109,0.05228608568223736,,,,0.025979074343110975,,,0.0594237609324173,,0.8333333333333334,,1.0,,0.043234153036635546,,,,
2024-03-22,NUCLEAR,URA,28.850000381469727,0.03442097571997804,0.06931063272651183,,,,0.04300362138738545,,,-0.006337384917419642,,0.3333333333333333,,0.8333333333333334,,0.08267165792110222,,,,
2024-03-22,POWER_INDUSTRIALS,XLI,125.20999908447266,0.025975074935794984,0.0415072185418528,,,,0.015200207202726412,,,0.05419581499897874,,1.0,,1.0,,0.06337860860584695,,,,
2024-03-22,SEMI,SOXX,225.4499969482422,0.03058147106141562,0.06265810762865875,,,,0.03635109628953237,,,0.059553359022342045,,1.0,,1.0,,0.09889965541507839,,,,
2024-03-29,AI_SOFTWARE,IGV,85.2699966430664,-0.008373081039538932,-0.018915304715803827,0.10293357496241651,,,-0.03884322169894239,-0.014928436308451642,,-0.0036666179992693726,,0.5,,0.3333333333333333,1.0,-0.02413979410018276,0.04883495273963231,,0.19093562207950446,
2024-03-29,COMMUNICATION_SERVICES,XLC,81.66000366210938,-0.001955463619061404,0.02049496485682578,0.1335369603598735,,,0.0005670478736872209,0.015674949089005352,,0.023770178346998794,,1.0,,0.5,0.8333333333333334,0.006812168099086339,0.09072295680842045,,0.1156475097881457,
2024-03-29,CONSUMER_DISCRETIONARY,XLY,91.94499969482422,0.006403229866073001,-0.006107474093171361,0.06528794225031698,,,-0.02603539107630992,-0.05257406902055117,,0.022065360724533356,,0.5,,0.16666666666666666,0.5,-0.05933484546676717,-0.10748122462915682,,0.1287203818112054,
2024-03-29,CONSUMER_STAPLES,XLP,76.36000061035156,0.009518789351043555,0.025517076943869066,0.06040825364637059,,,0.005589159960730505,-0.05745375762449756,,0.024801389182183442,,1.0,,0.8333333333333334,1.0,0.0033241956136536763,-0.03604354863026046,,0.07835392906868725,
2024-03-29,DEFENSIVE,XLU,32.82500076293945,0.028030079837443544,0.06367466343888406,0.017356311293490467,,,0.0437467464557455,-0.10050569997737768,,0.0510727070974617,,0.8333333333333334,,0.8333333333333334,0.8333333333333334,0.0006670581754709692,-0.07664363294923744,,0.14509296180400885,
2024-03-29,ENERGY,XLE,47.20500183105469,0.02175326951339418,0.0834290144983012,0.1149032040844109,,,0.06350109751516264,-0.0029588071864572463,,0.07738310816567684,,1.0,,1.0,1.0,0.06801309594099243,-0.021255187819031907,,0.17146829213138273,
2024-03-29,FINANCIALS,XLF,42.119998931884766,0.016900067452544576,0.045420649659309476,0.11576156110953018,,,0.025492732676170915,-0.0021004501613379745,,0.048074022592276,,1.0,,1.0,0.8333333333333334,0.05532033031601228,-0.04410542032903334,,0.053731846831917604,
2024-03-29,HEALTHCARE,XLV,147.72999572753906,0.01574527810569437,0.009498424384533966,0.06188902323565304,,,-0.010429492598604595,-0.05597298803521511,,0.018792434544892878,,0.6666666666666666,,0.6666666666666666,0.6666666666666666,-0.011989015342655784,-0.03941187224549725,,0.07547675288475339,
2024-03-29,MARKET,SPY,523.0700073242188,0.0035685909194971277,0.01992791698313856,0.11786201127086815,,,0.0,0.0,,0.03189979123122999,,1.0,,0.75,1.0,-0.0021925363315341007,-0.014628342444697073,,0.06382305068056403,
2024-03-29,MATERIALS,XLB,46.44499969482422,0.0166356199778408,0.05604820778182629,0.10137542593082416,,,0.036120290798687726,-0.01648658534004399,,0.0638980119883319,,1.0,,1.0,0.6666666666666666,0.06575597612850186,-0.06323823056239446,,0.08601761427048656,
2024-03-29,NUCLEAR,URA,28.829999923706055,-0.0006932567590716143,0.019087981290319522,0.06936205128843675,,,-0.0008399356928190382,-0.048499959982431395,,-0.0015238641490835647,,0.5,,1.0,0.8333333333333334,0.00444529943639919,0.035615199281380905,,0.46490563103528976,
2024-03-29,POWER_INDUSTRIALS,XLI,125.95999908447266,0.005989936949795993,0.03653721662326581,0.1303957528448645,,,0.01660929964012725,0.012533741573996338,,0.048583125008109684,,0.8333333333333334,,1.0,1.0,0.04149075528386601,0.134848078474254,,0.055583182389668716,
2024-03-29,SEMI,SOXX,225.9199981689453,0.002084724892726486,-0.003059523755816862,0.2508489926436266,,,-0.022987440738955423,0.13298698137275844,,0.0491835743037341,,1.0,,0.5,1.0,0.034240049136536,0.3103491900628859,,0.2506583028440324,
2024-04-05,AI_SOFTWARE,IGV,84.16999816894531,-0.012900181979900838,-0.008948570981980208,0.02977877686811925,,,-0.022061193977117255,-0.057806187136016485,,-0.015953791171696263,,0.3333333333333333,,0.3333333333333333,0.6666666666666666,-0.01785488078661464,0.013913303339837535,,0.15960226904578081,
2024-04-05,COMMUNICATION_SERVICES,XLC,82.5199966430664,0.010531385530124338,0.03681367558727833,0.1180056817852928,,,0.02370105259214128,0.03042071778115707,,0.02831220549980973,,0.8333333333333334,,0.8333333333333334,0.8333333333333334,0.038995397665194,0.11062830927037047,,0.11124899986501112,
2024-04-05,CONSUMER_DISCRETIONARY,XLY,89.41999816894531,-0.027462086402302188,-0.008152632913354885,0.028052365116599143,,,-0.02126525590849193,-0.05953259888753659,,-0.009942667699338381,,0.16666666666666666,,0.16666666666666666,0.5,-0.05414495114466487,-0.1311241759337636,,0.1454950820752374,
2024-04-05,CONSUMER_STAPLES,XLP,74.33000183105469,-0.026584583067979728,-0.011043131860211997,0.021016465867578438,,,-0.024155754855349043,-0.0665684981365573,,-0.004713292876082131,,0.3333333333333333,,0.16666666666666666,0.8333333333333334,-0.01664174110536896,-0.05229151729296444,,0.10057153684685023,
2024-04-05,DEFENSIVE,XLU,32.58000183105469,-0.007463790592242003,0.02211770450367645,0.02905881200494642,,,0.009005081508539403,-0.05852615199918931,,0.0366717516551327,,0.16666666666666666,,0.16666666666666666,0.6666666666666666,-0.02681533859873046,-0.08264195208620918,,0.13939170645634122,
2024-04-05,ENERGY,XLE,49.040000915527344,0.038872979838875166,0.11239655061714426,0.18626029836764357,,,0.09928392762200722,0.09867533436350784,,0.101873931257348,,1.0,,1.0,1.0,0.10457549217197921,0.07834688125727896,,0.16382316230621305,
2024-04-05,FINANCIALS,XLF,41.56999969482422,-0.013057911942257916,0.023387513242737912,0.10558514313333167,,,0.010274890247600865,0.018000179129195937,,0.02692687186691023,,0.8333333333333334,,0.8333333333333334,0.8333333333333334,0.020931132098801226,-0.008773602335045427,,0.0661495393879602,
2024-04-05,HEALTHCARE,XLV,143.22000122070312,-0.030528630862169615,-0.021921680090400186,0.019214324410402384,,,-0.03503430308553723,-0.06837063959373335,,-0.014993103688415665,,0.3333333333333333,,0.3333333333333333,0.6666666666666666,-0.028861812497599875,-0.05808805175656403,,0.10449493732016285,
2024-04-05,MARKET,SPY,518.4299926757812,-0.008870733522217455,0.013112622995137047,0.08758496400413573,,,0.0,0.0,,0.016525407136403603,,1.0,,0.75,1.0,-0.010556289900357535,-0.01573933268477057,,0.07022350577032815,
2024-04-05,MATERIALS,XLB,46.3849983215332,-0.001291880152551772,0.03827642112311702,0.1116836433272097,,,0.025163798127979975,0.024098679323073968,,0.0501827904032397,,1.0,,0.6666666666666666,0.8333333333333334,0.05614192269257923,-0.002504865550582991,,0.07831773527036516,
2024-04-05,NUCLEAR,URA,30.540000915527344,0.059313249959990655,0.08838209183129342,-0.029860185526616623,,,0.07526946883615637,-0.11744514953075236,,0.05423041386397065,,1.0,,0.8333333333333334,0.3333333333333333,0.08707512114123583,0.0260522816907439,,0.3207141101163499,
2024-04-05,POWER_INDUSTRIALS,XLI,125.66999816894531,-0.0023023254813844263,0.027555151537987266,0.12095261336874619,,,0.01444252854285022,0.03336764936461045,,0.03561656237769428,,0.8333333333333334,,1.0,1.0,0.051766619557908025,0.16003345987698608,,0.06106235247552415,
2024-04-05,SEMI,SOXX,221.6300048828125,-0.018988993098896456,-0.02849252558136295,0.19286322606819595,,,-0.041605148576499995,0.10527826206406021,,0.018676295016379463,,1.0,,0.6666666666666666,1.0,0.029568474132647665,0.28540742498685395,,0.2616815268092339,
2024-04-12,AI_SOFTWARE,IGV,82.76000213623047,-0.016751765039660693,-0.009573904329069793,-0.010923362400601322,,,-0.011574609580065176,-0.06983349207579792,,-0.02890061895111784,,0.3333333333333333,,0.16666666666666666,0.5,-0.02171587046400834,0.008281901915248099,,0.15658635660424083,
2024-04-12,COMMUNICATION_SERVICES,XLC,81.33000183105469,-0.014420684202872014,0.025728350258195753,0.086863555271256,,,0.02372764500720037,0.0279534255960594,,0.011479132831966332,,0.8333333333333334,,0.8333333333333334,0.8333333333333334,0.03731275623483945,0.10495769725229766,,0.12109734949251579,
2024-04-12,CONSUMER_DISCRETIONARY,XLY,88.55500030517578,-0.00967342743773325,-0.005279429515836598,0.012693700202702995,,,-0.0072801347668319805,-0.0462164294724936,,-0.019405911973763512,,0.16666666666666666,,0.3333333333333333,0.3333333333333333,-0.017421796539424255,-0.09945295485407768,,0.1474498163365954,
2024-04-12,CONSUMER_STAPLES,XLP,73.37999725341797,-0.012780903460704818,-0.028465531055565596,0.018459321933751216,,,-0.03046623630656098,-0.04045080774144538,,-0.016393477829482417,,0.5,,0.3333333333333333,0.8333333333333334,-0.014143170003737124,-0.02182351639989259,,0.10210503799502796,
2024-04-12,DEFENSIVE,XLU,32.099998474121094,-0.014733067217818974,0.011660855254417957,0.052804155955685106,,,0.009660150003422574,-0.006105973719511493,,0.017013540078330003,,0.16666666666666666,,0.16666666666666666,0.5,-0.03413038429410089,-0.057840509167005484,,0.1151846117864588,
2024-04-12,ENERGY,XLE,48.064998626708984,-0.019881775501958576,0.04991262359852788,0.19907695458392727,,,0.0479119183475325,0.14016682490873067,,0.06488094677682366,,1.0,,0.8333333333333334,1.0,0.04701815946796615,0.11640798034362698,,0.15120716459946243,
2024-04-12,FINANCIALS,XLF,40.060001373291016,-0.03632423220155112,-0.017896531646275138,0.05615610469226873,,,-0.01989723689727052,-0.002754024982927872,,-0.013008739827806814,,0.16666666666666666,,0.3333333333333333,0.8333333333333334,-0.017587119429929132,-0.028761870608418432,,0.11421818339863542,
2024-04-12,HEALTHCARE,XLV,138.91000366210938,-0.030093545048585857,-0.04437257100412295,-0.003943804856443633,,,-0.046373276255118334,-0.06285393453164023,,-0.04260741255011746,,0.0,,0.16666666666666666,0.3333333333333333,-0.04754444624053896,-0.05575267119915478,,0.12284146623211642,
2024-04-12,MARKET,SPY,510.8500061035156,-0.014621041759453224,0.0020007052509953827,0.0589101296751966,,,0.0,0.0,,-0.0015674635231524015,,0.0,,0.5,1.0,-0.007298971514721059,-0.01602246033919197,,0.0821936022139848,
2024-04-12,MATERIALS,XLB,44.959999084472656,-0.03072112296270202,-0.00969168340568094,0.09351811380369224,,,-0.011692388656676322,0.03460798412849564,,0.010110070514563363,,0.5,,0.3333333333333333,0.8333333333333334,0.013448936222211752,0.027805721228545726,,0.10411538885898008,
2024-04-12,NUCLEAR,URA,30.219999313354492,-0.010478113705954528,0.08354248743981141,-0.006901116980454702,,,0.08154178218881603,-0.0658112466556513,,0.047886520937356014,,0.8333333333333334,,0.8333333333333334,0.5,0.10345676151939591,0.05313582108468331,,0.3134666382296972,
2024-04-12,POWER_INDUSTRIALS,XLI,122.9000015258789,-0.022041829262562262,0.0070468748271055315,0.09293023442629877,,,0.005046169576110149,0.034020104751102176,,0.006716923220161819,,1.0,,1.0,1.0,0.027565192926623537,0.14207328260535496,,0.08948916113116662,
2024-04-12,SEMI,SOXX,218.07000732421875,-0.01606279601210181,-0.0031540830130877273,0.08811937198446484,,,-0.00515478826408311,0.029209242309268246,,-0.006475543540223394,,0.8333333333333334,,0.8333333333333334,1.0,0.06894844435832209,0.19865671139519644,,0.2251761237683945,
2024-04-19,AI_SOFTWARE,IGV,78.52999877929688,-0.05111168738215621,-0.0867542652610741,-0.07242923151483605,,,-0.03677437766805791,-0.08832960274597834,,-0.06773605365847568,,0.0,,0.0,0.3333333333333333,-0.048544295200585064,-0.02410542381038037,,0.18502492739570892,1.11598794633087
2024-04-19,COMMUNICATION_SERVICES,XLC,79.47000122070312,-0.02286979673522338,-0.028721565422711093,0.023043266072285018,,,0.0212583221703051,0.007142894841142722,,-0.012021809576260312,,0.3333333333333333,,0.3333333333333333,0.8333333333333334,0.017268635905784018,0.05261012456539652,,0.11359501926960174,0.8673690420303523
2024-04-19,CONSUMER_DISCRETIONARY,XLY,84.87999725341797,-0.04149966731515009,-0.07092823241727708,-0.011183587202098999,,,-0.02094834482426089,-0.027083958433241295,,-0.054793709244084,,0.0,,0.16666666666666666,0.16666666666666666,-0.01753060291461263,-0.06868903208200487,,0.1683784130194925,0.9961223233071133
2024-04-19,CONSUMER_STAPLES,XLP,74.44000244140625,0.01444542419819883,-0.015864581675372302,0.024920903985069298,,,0.03411530591764389,0.009020532753927002,,-0.003960576153221651,,0.3333333333333333,,0.16666666666666666,1.0,0.03546413731835607,0.018879111430153972,,0.1048409620425598,1.0096799805462862
2024-04-19,DEFENSIVE,XLU,32.71500015258789,0.019158931704081228,0.024585024738783545,0.06894300414674603,,,0.07456491233179974,0.05304263291560374,,0.028094656064211465,,0.3333333333333333,,0.16666666666666666,0.6666666666666666,0.03162607127223949,-0.008369466136565066,,0.11916431729188724,0.8839362933167725
2024-04-19,ENERGY,XLE,47.48500061035156,-0.01206695168893912,0.0278138490517712,0.12724037057214388,,,0.07779373664478739,0.11133999934100158,,0.03861592191619789,,0.8333333333333334,,0.8333333333333334,0.8333333333333334,0.06845305779283117,0.0843747564946724,,0.13761951006103396,1.0869668212644403
2024-04-19,FINANCIALS,XLF,40.380001068115234,0.007988010081237062,-0.025108574283081886,0.04476065909280669,,,0.024871313309934306,0.02886028786166439,,-0.008300971613267372,,0.5,,0.0,0.8333333333333334,0.028815737281659242,0.024039001942143517,,0.10992213071966143,1.0538554445143915
2024-04-19,HEALTHCARE,XLV,138.9499969482422,0.0002879078905655419,-0.04462324934145068,-0.0022977476441568,,,0.005356638251565515,-0.018198118875299096,,-0.03898027225328915,,0.16666666666666666,,0.3333333333333333,0.5,0.020215851227830133,0.002498627431201402,,0.12281537163962371,1.1151674036980515
2024-04-19,MARKET,SPY,495.1600036621094,-0.030713521100021124,-0.04997988759301619,0.015900371231142296,,,0.0,0.0,,-0.03108905113094662,,0.0,,0.0,0.5,-0.005076289427397435,-0.017284796601025332,,0.10920673495289263,1.0110580633777717
2024-04-19,MATERIALS,XLB,44.47999954223633,-0.010676146619453597,-0.026376311586567502,0.07817230373588813,,,0.02360357600644869,0.06227193250474583,,-0.007165025136037562,,0.3333333333333333,,0.3333333333333333,0.8333333333333334,0.05884023111197181,0.0631892970107813,,0.11069891899368249,0.8189873620448503
2024-04-19,NUCLEAR,URA,28.829999923706055,-0.04599600996794806,-0.0006932567590716143,-0.02568436042455946,,,0.04928663083394458,-0.04158473165570176,,0.002957037345116653,,0.5,,0.6666666666666666,0.5,0.058115559665449935,0.04512581141334254,,0.32338377947421365,0.9532073703320976
2024-04-19,POWER_INDUSTRIALS,XLI,120.47000122070312,-0.019772174735604886,-0.03785638446152928,0.06206471741679187,,,0.012123503131486912,0.046164346185649574,,-0.016025211948414997,,0.16666666666666666,,0.0,1.0,-0.0009222538372821276,0.14479462843418345,,0.1058231139240582,0.9737486230790825
2024-04-19,SEMI,SOXX,198.38999938964844,-0.09024628455810879,-0.1200266042354663,-0.004349509150563757,,,-0.0700467166424501,-0.020249880381706054,,-0.09141009734074945,,0.16666666666666666,,0.0,0.8333333333333334,-0.0625979376180875,0.09895567323018208,,0.3036911805119934,0.7533922707267983
2024-04-26,AI_SOFTWARE,IGV,81.08999633789062,0.032598976166909654,-0.04902076310232473,-0.05573155646987782,,,-0.02070715813316437,-0.08386952246637602,,-0.03221651726868335,,0.0,,0.0,0.3333333333333333,-0.01868897474688556,-0.01103901466409903,,0.1979404362081424,1.3787324369700609
2024-04-26,COMMUNICATION_SERVICES,XLC,80.11000061035156,0.008053345662736744,-0.01898117783794595,0.004640114829375319,,,0.009332427131214405,-0.023497851167122885,,-0.005499475727154257,,0.3333333333333333,,0.3333333333333333,0.6666666666666666,0.008834044379996334,0.024133861489329594,,0.10051408516521479,1.0997919348422034
2024-04-26,CONSUMER_DISCRETIONARY,XLY,87.95500183105469,0.03622767056007281,-0.04339548509448887,-0.007951746017759165,,,-0.015081880125328517,-0.03608971201425737,,-0.01885211522698138,,0.16666666666666666,,0.16666666666666666,0.16666666666666666,-0.01279767548334391,-0.07396769830100446,,0.1716714029341189,1.1770971176485707
2024-04-26,CONSUMER_STAPLES,XLP,75.58999633789062,0.015448601004407037,-0.01008386938588568,0.019145182742364764,,,0.018229735583274675,-0.00899278325413344,,0.008310276822038443,,1.0,,0.3333333333333333,1.0,0.026902669460815747,0.001575072967977061,,0.10049126574849684,1.1549341195786413
2024-04-26,DEFENSIVE,XLU,33.095001220703125,0.011615499506124172,0.008225451682807305,0.07643520303537987,,,0.03653905665196766,0.04829723703888167,,0.031993544193818835,,0.6666666666666666,,0.3333333333333333,0.6666666666666666,0.007081599653949888,-0.019055820829284975,,0.11975110796127192,0.9056641092018143
2024-04-26,ENERGY,XLE,47.869998931884766,0.00810778807169843,0.014087428768885246,0.1463122810328512,,,0.0424010337380456,0.118174315036353,,0.03551957814075801,,0.8333333333333334,,0.8333333333333334,1.0,0.030804268868041884,0.10105086315829633,,0.13102395815336285,1.0953149416760477
2024-04-26,FINANCIALS,XLF,40.81999969482422,0.010896449110211037,-0.03086418020007231,0.047203698671011596,,,-0.0025505752309119556,0.01906573267451339,,-0.0004162940080986166,,0.6666666666666666,,0.16666666666666666,0.8333333333333334,0.011767819472383737,0.04639649377589541,,0.11051441167190838,1.1392492634667022
2024-04-26,HEALTHCARE,XLV,139.9600067138672,0.0072688721684623925,-0.052595879228225284,-0.014296772313278083,,,-0.02428227425906493,-0.04243473830977629,,-0.028190480416331543,,0.3333333333333333,,0.16666666666666666,0.3333333333333333,-0.023973980506159603,-0.03270999418542825,,0.11603585623961549,1.2185150092762238
2024-04-26,MARKET,SPY,508.260009765625,0.026456107130282014,-0.028313604969160355,0.028137965996498204,,,0.0,0.0,,-0.0071553560303926345,,0.0,,0.0,1.0,-0.010527947068342536,-0.008082411626194552,,0.11854750657496671,1.0569765364791293
2024-04-26,MATERIALS,XLB,44.7599983215332,0.006294936649695826,-0.03627950014775838,0.07738597410725334,,,-0.007965895178598026,0.04924800811075514,,-0.005742115701945938,,0.3333333333333333,,0.3333333333333333,0.6666666666666666,0.035179945754663045,0.06689502566425447,,0.11068975536498171,0.962334339659621
2024-04-26,NUCLEAR,URA,29.5,0.02323968359580264,0.02323968359580264,-0.06408630800847992,,,0.051553288564962996,-0.09222427400497812,,0.02434112376975972,,0.8333333333333334,,0.8333333333333334,0.5,0.05376861305458813,0.016302677225890128,,0.29296831796261563,0.9833220879191551
2024-04-26,POWER_INDUSTRIALS,XLI,122.66000366210938,0.018178819782645572,-0.026198757116139726,0.06125628758341484,,,0.0021148478530206294,0.03311832158691663,,-0.0019121753918301954,,0.6666666666666666,,0.5,1.0,0.04117134232019959,0.12603961572493394,,0.10535538719632206,1.112614108351932
2024-04-26,SEMI,SOXX,216.89999389648438,0.09330104624115321,-0.03992565662874914,0.09091820268876205,,,-0.011612051659588785,0.06278023669226385,,-0.010501751883743582,,0.3333333333333333,,0.0,1.0,-0.0031604345125143354,0.17115571987401598,,0.35965386227284013,0.8488413205046115
2024-05-03,AI_SOFTWARE,IGV,80.87000274658203,-0.00271295599018051,-0.03920631453192569,-0.08520166562138842,,,-0.025433993810264344,-0.105333341782886,,-0.030433343382569533,,0.0,,0.16666666666666666,0.0,-0.025662865905891008,-0.09273029731086181,,0.1826900038181882,1.3011971684305177
2024-05-03,COMMUNICATION_SERVICES,XLC,80.20999908447266,0.0012482645532294612,-0.02799318531949846,0.013136300866245065,,,-0.014220864597837113,-0.006995375295252515,,-0.004863410107275312,,0.3333333333333333,,0.3333333333333333,0.8333333333333334,-0.016533747597357096,0.012640788116902427,,0.09901243006157227,1.115886822124769
2024-05-03,CONSUMER_DISCRETIONARY,XLY,88.95500183105469,0.011369450050388474,-0.005200138083341077,-0.01106164703663115,,,0.00857218263832027,-0.03119332319812873,,-0.005822772378341501,,0.3333333333333333,,0.6666666666666666,0.16666666666666666,0.03187994575069231,-0.06143881637612475,,0.17048528553291967,1.133178395229926
2024-05-03,CONSUMER_STAPLES,XLP,75.87999725341797,0.0038364986053316397,0.020852890948210634,0.03788806756861396,,,0.03462521166987198,0.01775639140711638,,0.010695653698227003,,0.8333333333333334,,0.8333333333333334,1.0,0.047494976311931225,0.024115243342725783,,0.09373740793769628,1.159847482469794
2024-05-03,DEFENSIVE,XLU,34.20500183105469,0.03353982684421797,0.0498772224884001,0.13505895375013477,,,0.06364954321006144,0.11492727758863719,,0.055986951254160644,,0.6666666666666666,,0.6666666666666666,0.6666666666666666,0.03574274333837948,0.011806285663607011,,0.11620698727787553,0.933992778561186
2024-05-03,ENERGY,XLE,46.28499984741211,-0.03311048923832205,-0.056178650421740306,0.11115115121348684,,,-0.04240632970007896,0.09101947505198926,,-0.005874331466283689,,0.3333333333333333,,0.0,1.0,-0.05152321514435856,0.07231554046980293,,0.15907524493667471,1.106635105886852
2024-05-03,FINANCIALS,XLF,40.54999923706055,-0.0066144159672276714,-0.024536936859556158,0.03761508027458005,,,-0.010764616137894811,0.017483404113082468,,-0.007635472001945143,,0.6666666666666666,,0.6666666666666666,1.0,0.0238383025813671,0.06658789154776228,,0.11269269332027339,1.127727096937379
2024-05-03,HEALTHCARE,XLV,140.8300018310547,0.006216026546541409,-0.016687609057937536,-0.02208174985820377,,,-0.0029152883362761894,-0.04221342601970135,,-0.017353126209851633,,0.3333333333333333,,0.16666666666666666,0.16666666666666666,0.0038256413570978975,-0.048346917695446835,,0.11217491618234003,1.1733560432162662
2024-05-03,MARKET,SPY,511.2900085449219,0.005961513243377459,-0.013772320721661346,0.02013167616149758,,,0.0,0.0,,-0.0019071944811800412,,0.0,,0.0,0.75,-0.001030069537956313,-0.006714361727686691,,0.11606624332058003,1.0312308913926767
2024-05-03,MATERIALS,XLB,44.76499938964844,0.00011173074849790687,-0.03492506177655108,0.07685830450516029,,,-0.021152741054889734,0.05672662834366271,,-0.008603988993909573,,0.5,,0.5,0.8333333333333334,-0.004542346910519912,0.11223568561801268,,0.11081447021745085,0.9882859068221389
2024-05-03,NUCLEAR,URA,30.829999923706055,0.04508474317647648,0.009495710526690404,0.03560629659533476,,,0.02326803124835175,0.015474620433837183,,0.05640076437728414,,0.8333333333333334,,0.6666666666666666,0.8333333333333334,0.01259877634815243,0.1031481608674772,,0.2852936543369531,0.9862619481663696
2024-05-03,POWER_INDUSTRIALS,XLI,122.7699966430664,0.0008967306185643231,-0.02307632345136401,0.04976485546553655,,,-0.009304002729702665,0.02963317930403897,,-0.003085695143594025,,0.5,,0.16666666666666666,1.0,0.03883530621601646,0.08580025218146048,,0.10448319186459,1.1715011550886278
2024-05-03,SEMI,SOXX,216.1699981689453,-0.0033655866670400103,-0.024635683768333583,0.030313143722216607,,,-0.010863363046672236,0.010181467560719026,,-0.015634254322076768,,0.3333333333333333,,0.16666666666666666,0.8333333333333334,-0.017854251544297945,0.10732595076648284,,0.3439197843670398,0.9501806681236392
2024-05-10,AI_SOFTWARE,IGV,81.38999938964844,0.006430031227968369,-0.01655392352850449,-0.04867103143341911,,,-0.036109606473781475,-0.09137291262265101,,-0.01769334292133462,,0.16666666666666666,,0.0,0.3333333333333333,-0.0601462279995005,-0.10000388156198779,,0.1751281237172307,1.1373152325765952
2024-05-10,COMMUNICATION_SERVICES,XLC,81.79000091552734,0.019698315036641656,0.005655958122664284,0.03597218590327489,,,-0.013899724822612702,-0.006729695285957016,,0.012515639248180443,,0.6666666666666666,,0.5,0.8333333333333334,-0.02959305215911941,0.0006160662153607185,,0.10560637531813209,1.0635058319799202
2024-05-10,CONSUMER_DISCRETIONARY,XLY,89.05000305175781,0.0010679694086630498,0.005589777481521896,-0.0051390802535403735,,,-0.01396590546375509,-0.04784096144277228,,-0.0008975345354433895,,0.16666666666666666,,0.6666666666666666,0.16666666666666666,-0.015375537377022408,-0.08940581522147224,,0.17023878294182646,1.0117998119914793
2024-05-10,CONSUMER_STAPLES,XLP,77.62000274658203,0.022931016817949068,0.057781488850717544,0.059224945954984065,,,0.03822580590544056,0.01652306476575216,,0.029538587337856415,,1.0,,1.0,1.0,0.04194463616321864,0.02679919398182562,,0.10227309900753342,1.131852163519767
2024-05-10,DEFENSIVE,XLU,35.6349983215332,0.041806648558054604,0.1101246110731755,0.1639718630718674,,,0.09056892812789852,0.12126998188263549,,0.08415218159504745,,0.8333333333333334,,1.0,0.6666666666666666,0.043346378694337516,0.0058484906162498684,,0.13295758171249777,0.956538532665833
2024-05-10,ENERGY,XLE,46.915000915527344,0.013611344284156113,-0.02392588669590856,0.09652918272395516,,,-0.04348156964118555,0.05382730153472326,,0.0004691720511686981,,0.5,,0.16666666666666666,0.8333333333333334,-0.05040834542493994,0.0403464710196639,,0.15422614105032845,0.9603903468328524
2024-05-10,FINANCIALS,XLF,41.83000183105469,0.03156603250498424,0.04418373432567524,0.05551351762918544,,,0.024628051380398253,0.012811636439953533,,0.0198459588115929,,1.0,,1.0,1.0,0.07978293138134758,0.06502514408467756,,0.1257962661449095,0.9696809027627233
2024-05-10,HEALTHCARE,XLV,143.58999633789062,0.019598057735928487,0.03369082537183621,-0.013940384887825563,,,0.014135142426559222,-0.05664226607705747,,0.003831018314184531,,0.6666666666666666,,0.8333333333333334,0.16666666666666666,0.02270147533234118,-0.07234720242744158,,0.11797947365649378,0.9855823278577313
2024-05-10,MARKET,SPY,520.8400268554688,0.018678280723156027,0.019555682945276986,0.042701881189231905,,,0.0,0.0,,0.015152086257347763,,1.0,,1.0,1.0,0.0009407143793679906,-0.012571580626416834,,0.12043247431373634,0.9413375135419921
2024-05-10,MATERIALS,XLB,45.91999816894531,0.025801380432140864,0.021352293238907194,0.07831394049950013,,,0.0017966102936302075,0.03561205931026823,,0.012624702789464592,,0.6666666666666666,,0.8333333333333334,1.0,0.01795993736520507,0.09511839869110768,,0.11191675903171965,0.8765710416072746
2024-05-10,NUCLEAR,URA,31.219999313354492,0.012649996451947976,0.03309066918337389,0.07803868440360451,,,0.013534986238096902,0.0353368032143726,,0.059130829693812226,,0.8333333333333334,,0.8333333333333334,0.8333333333333334,0.01038165441183018,0.1232369329492264,,0.27686055353975825,0.9813644983139467
2024-05-10,POWER_INDUSTRIALS,XLI,125.68000030517578,0.02370288948178212,0.022620006060060982,0.0648140439294893,,,0.0030643231147839955,0.0221121627402574,,0.01710826548322042,,1.0,,1.0,1.0,0.04962409592198058,0.1086247986756157,,0.111888948477969,1.0434827053112838
2024-05-10,SEMI,SOXX,220.24000549316406,0.01882780847801957,0.009950924455736976,0.056949074597858695,,,-0.00960475848954001,0.01424719340862679,,0.005818278293535872,,0.8333333333333334,,0.6666666666666666,0.8333333333333334,-0.020210520921691583,0.11830063996975361,,0.34440971560359496,0.9541696609982263
2024-05-17,AI_SOFTWARE,IGV,84.2699966430664,0.035385148974264036,0.07309305937851085,-0.004841800432590637,,,0.0038426993104125895,-0.04737405571253428,,0.01787653147610957,,0.6666666666666666,,1.0,0.3333333333333333,-0.011257643894528324,-0.04786095513332254,,0.1922191395857705,1.0374387054892742
2024-05-17,COMMUNICATION_SERVICES,XLC,82.61000061035156,0.010025671667018399,0.039511757158881444,0.036251873374255617,,,-0.029738602909216816,-0.006280381905688026,,0.018857686532842255,,0.6666666666666666,,0.6666666666666666,0.5,-0.034377484441586836,-6.946850617602547e-05,,0.10568969725625339,0.9284935326526107
2024-05-17,CONSUMER_DISCRETIONARY,XLY,89.3499984741211,0.0033688423591509142,0.052662598554963136,-0.01428648261795007,,,-0.016587761513135124,-0.05681873789789371,,0.0033745074204354353,,0.5,,0.8333333333333334,0.16666666666666666,-0.015901786552120174,-0.09611959891749705,,0.16800431902195306,0.8441306894152393
2024-05-17,CONSUMER_STAPLES,XLP,78.20999908447266,0.007601086279484859,0.05064476785897298,0.0458678839417872,,,-0.018605592209125277,0.0033356286618435593,,0.03318449002479196,,1.0,,1.0,1.0,-0.000554078309280078,0.01984069399861747,,0.0963481602489268,1.1378702882938245
2024-05-17,DEFENSIVE,XLU,36.16999816894531,0.01501332601687877,0.1056089867107679,0.16752739520325832,,,0.036358626642669645,0.12499513992331468,,0.08623505871576165,,1.0,,1.0,0.6666666666666666,-0.008862289500477108,-0.004303224018345875,,0.1330072149742791,0.946481185930039
2024-05-17,ENERGY,XLE,47.47999954223633,0.01204302708479732,-0.00010531890177856162,0.10469986151530453,,,-0.06935567896987682,0.062167606235360884,,0.0052400246767077,,0.5,,0.16666666666666666,0.8333333333333334,-0.08177269164695299,0.03976083788551318,,0.1542423437904317,0.8997294923912378
2024-05-17,FINANCIALS,XLF,42.4900016784668,0.015778145314880865,0.05225360461958117,0.05434249337137187,,,-0.016996755448517087,0.011810238091428227,,0.031235623885757846,,1.0,,1.0,1.0,0.02444448177059159,0.08231201061213522,,0.12529769587756376,0.8187242423487159
2024-05-17,HEALTHCARE,XLV,146.30999755859375,0.01894283230081384,0.05296869933068882,-0.010482909815768604,,,-0.016281660737409442,-0.05301516509571225,,0.022932232723342105,,0.8333333333333334,,1.0,0.3333333333333333,-0.027818958586337355,-0.06110073815504139,,0.12052827722768687,0.8929648942604674
2024-05-17,MARKET,SPY,529.4500122070312,0.01653095942634164,0.06925036006809826,0.04253225527994364,,,0.0,0.0,,0.028379754493897513,,1.0,,1.0,1.0,0.0026494956357195343,-0.003760960509871014,,0.12034803493797175,0.8185395797433415
2024-05-17,MATERIALS,XLB,46.07500076293945,0.003375492164086502,0.035858840762544864,0.061269141801647775,,,-0.0333915193055534,0.018736886521704132,,0.012915661430857206,,0.6666666666666666,,0.8333333333333334,0.6666666666666666,-0.006882244062556646,0.11022169559231156,,0.10797388120708536,0.7907348599776043
2024-05-17,NUCLEAR,URA,32.650001525878906,0.04580404368915936,0.13250092307602745,0.21015574795567993,,,0.0632505630079292,0.16762349267573629,,0.09066012357396769,,0.8333333333333334,,0.8333333333333334,0.8333333333333334,0.041271924335248976,0.20161881539930923,,0.2276448887843535,0.9798095549330174
2024-05-17,POWER_INDUSTRIALS,XLI,125.33000183105469,-0.0027848382660027315,0.040341998515032396,0.042505411399643034,,,-0.028908361553065864,-2.6843880300608802e-05,,0.011794731402001268,,0.8333333333333334,,1.0,1.0,0.010455218510955544,0.048306661955012944,,0.10876488534697087,0.9225617515580644
2024-05-17,SEMI,SOXX,228.24000549316406,0.036324009264739665,0.1504612439908759,0.07580880729930506,,,0.08121088392277764,0.033276552019361416,,0.04230126930154743,,0.8333333333333334,,1.0,0.8333333333333334,0.07391419873268501,0.1020791114531847,,0.3495610523826501,0.8329709712001484
2024-05-24,AI_SOFTWARE,IGV,82.9000015258789,-0.01625721100939692,0.022320943022937634,-0.046183582291841496,,,-0.01935062717505609,-0.07853227615014657,,0.0021275869701553596,,0.5,,0.5,0.3333333333333333,-0.040320862946285695,-0.08104226868125751,,0.18482413492070668,0.9287542420741749
2024-05-24,COMMUNICATION_SERVICES,XLC,82.94999694824219,0.004115680128054855,0.035451208541417145,0.03661585138831236,,,-0.0062203616565765785,0.004267157530007282,,0.018453679373325427,,0.6666666666666666,,0.8333333333333334,0.6666666666666666,-0.008431995420128902,0.006652034687773774,,0.10570317551651832,0.6530160358770993
2024-05-24,CONSUMER_DISCRETIONARY,XLY,87.7699966430664,-0.017683288842050837,-0.002103407243895461,-0.05123776222795795,,,-0.043774977441889185,-0.08358645608626303,,-0.01297740931675162,,0.16666666666666666,,0.3333333333333333,0.16666666666666666,-0.04843711179398321,-0.1187695273370122,,0.1636542390302431,0.785193283108061
2024-05-24,CONSUMER_STAPLES,XLP,77.0999984741211,-0.014192566466503576,0.019976216554908888,0.035455270240514425,,,-0.021695353643084836,0.0031065763822093473,,0.016412879037611017,,1.0,,1.0,1.0,0.0016945246743739206,0.033028471794433543,,0.10231585509142327,1.0579825075705833
2024-05-24,DEFENSIVE,XLU,35.75,-0.011611782975037954,0.08022355888707433,0.1584575273147646,,,0.03855198868908061,0.1261088334564595,,0.06081511807518347,,0.8333333333333334,,1.0,0.6666666666666666,-0.013837446290020003,-0.004077311284105471,,0.1385478708538476,0.9445925747804167
2024-05-24,ENERGY,XLE,45.685001373291016,-0.037805353543623244,-0.045644403746547546,0.048542614029855935,,,-0.08731597394454127,0.016193920171550857,,-0.0325688531323548,,0.0,,0.0,0.8333333333333334,-0.09965030104683109,-0.005853506489471212,,0.18102983801354003,0.9004973690318341
2024-05-24,FINANCIALS,XLF,41.61000061035156,-0.020710779791783485,0.019353280779850435,0.03276246375848313,,,-0.02231828941814329,0.0004137699001780515,,0.007872117710256532,,1.0,,1.0,1.0,0.002661305526302208,0.07298075535284425,,0.1358084140483685,0.8133199918707403
2024-05-24,HEALTHCARE,XLV,144.4199981689453,-0.012917773366044494,0.03186618491806792,-0.013120119017306475,,,-0.009805385279925805,-0.04546881287561155,,0.010382255745763791,,0.6666666666666666,,0.6666666666666666,0.5,-0.019149813875289873,-0.05540405062324346,,0.12163434317017761,0.7974478625639664
2024-05-24,MARKET,SPY,529.4400024414062,-1.890596920239851e-05,0.041671570197993724,0.03234869385830508,,,0.0,0.0,,0.024458190909851796,,1.0,,1.0,0.75,-0.001295905283141996,-0.014819467692353816,,0.11968002786795294,0.7661039098337096
2024-05-24,MATERIALS,XLB,45.68000030517578,-0.008572988632078116,0.02055411121854278,0.03865395135593053,,,-0.021117458979450943,0.006305257497625449,,0.003614171228168539,,0.6666666666666666,,0.5,0.6666666666666666,-0.02136794249756746,0.08627774645153381,,0.10980242497883909,0.7512072299170597
2024-05-24,NUCLEAR,URA,32.0,-0.019908162189937517,0.0847457627118644,0.13114170959380833,,,0.04307419251387068,0.09879301573550325,,0.054469959840528714,,0.8333333333333334,,0.8333333333333334,0.8333333333333334,0.05292859297439815,0.12147216669276804,,0.22664771560763913,1.1836434442518429
2024-05-24,POWER_INDUSTRIALS,XLI,124.45999908447266,-0.006941695794074887,0.014674672824254165,0.024193569146004457,,,-0.02699689737373956,-0.008155124712300621,,0.0028119910665924674,,1.0,,1.0,1.0,0.016211306131837817,0.06067659652589445,,0.10945978651453991,0.8578916994139888
2024-05-24,SEMI,SOXX,238.55999755859375,0.045215526713342946,0.09986170710750053,0.05271830518086218,,,0.05819013690950681,0.020369611322557102,,0.07966706991777572,,1.0,,1.0,0.8333333333333334,0.07469714309308395,0.11008734912671446,,0.3335534224372327,0.7805548281939104
2024-05-31,AI_SOFTWARE,IGV,78.08999633789062,-0.05802177442043521,-0.03437623734727646,-0.0805369591746995,,,-0.06582607267268714,-0.11112007857427642,,-0.04691584184751174,,0.0,,0.3333333333333333,0.3333333333333333,-0.05896569737374929,-0.10099184332587698,,0.21427797398533252,1.0817716434214972
2024-05-31,COMMUNICATION_SERVICES,XLC,83.26000213623047,0.003737253760017767,0.03802522237340655,0.04611139549195653,,,0.006575387047995873,0.015528276092379611,,0.020455709116550036,,0.6666666666666666,,0.8333333333333334,0.6666666666666666,-0.0002768095649809769,0.021472809316907777,,0.10393751134331332,0.4742131178803284
2024-05-31,CONSUMER_DISCRETIONARY,XLY,87.98500061035156,0.002449629434982281,-0.010904403358288683,-0.024069637827377255,,,-0.04235423868369936,-0.054652757226954174,,-0.006789964356599287,,0.3333333333333333,,0.16666666666666666,0.3333333333333333,-0.05055394162010213,-0.07421626912735392,,0.15662791260337242,0.6252785737026425
2024-05-31,CONSUMER_STAPLES,XLP,77.33999633789062,0.0031128128212620787,0.019240895325769003,0.029004690920208853,,,-0.012208939999641677,-0.0015784284793680659,,0.017296903834614685,,0.8333333333333334,,0.8333333333333334,1.0,0.0021347860031332155,0.03322977943271155,,0.10128840164960763,0.8410180232279544
2024-05-31,DEFENSIVE,XLU,36.36000061035156,0.01706295413570813,0.06300244595632076,0.14070590150122553,,,0.03155261063091008,0.11012278210164861,,0.06491720134454404,,0.8333333333333334,,0.8333333333333334,0.6666666666666666,-0.015130621287614868,-0.0049273487093899155,,0.13126231056920845,0.8221144290115027
2024-05-31,ENERGY,XLE,46.599998474121094,0.020028391667402223,0.00680563093329245,0.05704887017983973,,,-0.02464420439211823,0.02646575078026281,,-0.014027921020504097,,0.16666666666666666,,0.6666666666666666,0.8333333333333334,-0.038439555064191465,0.006976160473425179,,0.1834433612369803,0.7840734995869416
2024-05-31,FINANCIALS,XLF,41.63999938964844,0.000720951186177432,0.026880398843304842,0.02511079479529532,,,-0.0045694364821058375,-0.005472324604281598,,0.008061564283706524,,0.8333333333333334,,0.8333333333333334,0.8333333333333334,0.0076586541656715745,0.05511846016476463,,0.1353099808155907,0.7433938508766993
2024-05-31,HEALTHCARE,XLV,143.6999969482422,-0.004985467593351278,0.020379145635675444,-0.018643692304101234,,,-0.011070689689735236,-0.04922681170367815,,0.006570357936507065,,0.5,,0.5,0.5,-0.015778740868207037,-0.04147138491696434,,0.12184818467313414,0.7158120230923246
2024-05-31,MARKET,SPY,527.3699951171875,-0.003909805293656143,0.03144983532541068,0.03058311939957692,,,0.0,0.0,,0.01923788310179253,,1.0,,1.0,0.75,-0.005460358823975275,-0.017153871563936274,,0.12006821846432582,0.6752496152199697
2024-05-31,MATERIALS,XLB,45.76499938964844,0.0018607505233099175,0.022338881126651833,0.024398436960322734,,,-0.009110954198758847,-0.0061846824392541855,,0.005304954480132462,,0.6666666666666666,,0.8333333333333334,0.6666666666666666,-0.00015325306613152753,0.056340489743778976,,0.10605268184352307,0.626553530091919
2024-05-31,NUCLEAR,URA,32.2400016784668,0.007500052452087402,0.04573473104930348,0.14896658204138102,,,0.014284895723892799,0.1183834626418041,,0.050642032651588176,,0.8333333333333334,,0.8333333333333334,0.8333333333333334,0.035760959940437174,0.14721925910325326,,0.22278854307862045,1.1445699810144936
2024-05-31,POWER_INDUSTRIALS,XLI,123.51000213623047,-0.0076329499857814564,0.006027576064170592,0.009893696273748809,,,-0.025422259261240088,-0.02068942312582811,,-0.0034774467585947377,,0.5,,1.0,0.8,0.004124238130955156,0.023193211045744167,,0.11073948355205343,0.7522350233176655
2024-05-31,SEMI,SOXX,234.00999450683594,-0.019072782940653177,0.08252762404127867,0.025774731504713433,,,0.05107778871586799,-0.004808387894863486,,0.0549877328727586,,0.8333333333333334,,1.0,0.8333333333333334,0.06717338086362208,0.07752534052304282,,0.33732634898127273,0.6262322668704593
2024-06-07,AI_SOFTWARE,IGV,80.37999725341797,0.02932515076090736,-0.012409413242469247,-0.03805649112119602,,,-0.03769545546481723,-0.08548411175984993,,-0.013076329945777232,,0.5,,0.5,0.3333333333333333,0.0007264272383149714,-0.08356999438134098,,0.22529347248587758,1.3293948817496908
2024-06-07,COMMUNICATION_SERVICES,XLC,84.4000015258789,0.013692041321151649,0.031910998668983614,0.06444697378419217,,,0.0066249564466356325,0.017019353145538263,,0.03096563083816073,,0.8333333333333334,,0.8333333333333334,0.8333333333333334,0.00914777655754645,0.018494557454634557,,0.10423510879004476,0.5021314414350178
2024-06-07,CONSUMER_DISCRETIONARY,XLY,88.83000183105469,0.009603923564713845,-0.0024705358019500023,-0.002190392490670545,,,-0.027756578024297984,-0.049618013129324456,,0.006287191515770951,,0.6666666666666666,,0.3333333333333333,0.3333333333333333,-0.0300508810621866,-0.06366872888075399,,0.1562425823040798,0.6428962135144056
2024-06-07,CONSUMER_STAPLES,XLP,77.66000366210938,0.004137669244522302,0.0005153428769892887,0.02820078005080462,,,-0.024770699345358693,-0.019226840587849292,,0.019762381050745903,,0.8333333333333334,,0.8333333333333334,1.0,-0.004145705371065715,0.02264653010412269,,0.10121191451355703,0.7961472292155433
2024-06-07,DEFENSIVE,XLU,34.970001220703125,-0.038228805454219694,-0.01866134789259244,0.10211162071256807,,,-0.04394739011494042,0.05468400007391416,,0.017812475532222427,,0.8333333333333334,,0.6666666666666666,0.8333333333333334,-0.02623801807851378,-0.019094646135236648,,0.16478500794629244,0.7427264395805048
2024-06-07,ENERGY,XLE,44.994998931884766,-0.03444205139035894,-0.04092511875038929,-0.01714722298697635,,,-0.06621116097273727,-0.06457484362563026,,-0.043514325347082994,,0.0,,0.0,0.3333333333333333,-0.08189943232263365,-0.0880233083952381,,0.18323841392349097,0.851180746414045
2024-06-07,FINANCIALS,XLF,41.47999954223633,-0.0038424555657387005,-0.008367254924634415,0.016915876715421385,,,-0.0336532971469824,-0.030511743923232526,,0.00574640855130748,,0.8333333333333334,,0.5,0.8333333333333334,-0.03218730646687035,0.0278079479414919,,0.13579296165192511,0.7557484663090396
2024-06-07,HEALTHCARE,XLV,146.42999267578125,0.018997882988976977,0.01977851111025619,0.007360980055977517,,,-0.00550753111209179,-0.040066640582676394,,0.026627920034539176,,0.6666666666666666,,0.6666666666666666,0.5,-0.002819653819695752,-0.03214218581052416,,0.12800429276702083,0.7435264848287935
2024-06-07,MARKET,SPY,534.010009765625,0.012590808559296285,0.025286042222347982,0.04742762063865391,,,0.0,0.0,,0.029893353746423212,,0.75,,0.5,0.75,-0.013283161119226505,-0.02012116505519182,,0.1207901462292388,0.6724945539961531
2024-06-07,MATERIALS,XLB,44.89500045776367,-0.019010137517483483,-0.022321379617885606,-0.011123371170535634,,,-0.04760742184023359,-0.058550991809189545,,-0.01043673304507109,,0.16666666666666666,,0.16666666666666666,0.5,-0.0408602487705905,-0.009778065235064063,,0.10919920851397986,0.6609656197291499
2024-06-07,NUCLEAR,URA,29.959999084472656,-0.07071967975476134,-0.040358752613516735,0.07422014127373955,,,-0.06564479483586472,0.026792520635085637,,-0.027241179220159117,,0.16666666666666666,,0.16666666666666666,0.8333333333333334,-0.04764153779693978,0.06736407494472706,,0.2807799708269841,1.1323861362233216
2024-06-07,POWER_INDUSTRIALS,XLI,122.33000183105469,-0.009553884582353511,-0.02665498461160598,0.0023762775594213803,,,-0.05194102683395396,-0.04505134307923253,,-0.010098875231371207,,0.3333333333333333,,0.0,0.6,-0.06953307862483353,-0.032457393589933714,,0.1127689103829371,0.884119705890333
2024-06-07,SEMI,SOXX,240.02000427246094,0.025682705468588196,0.08981110736446474,0.09718417580669958,,,0.06452506514211676,0.04975655516804567,,0.07524763618067398,,1.0,,1.0,1.0,0.10024643423493702,0.15414457308465676,,0.32435026207380935,0.6293304788693566
2024-06-14,AI_SOFTWARE,IGV,83.04000091552734,0.03309285584724586,-0.014595891498000446,-0.03430628005033498,,,-0.03977299374090548,-0.0756907631087792,,0.021000365485261074,,0.6666666666666666,,0.5,0.3333333333333333,-0.010334452715389427,-0.07382092662551602,,0.22811237505054413,1.438941009296096
2024-06-14,COMMUNICATION_SERVICES,XLC,84.12999725341797,-0.0031991026964395264,0.018399668706405192,0.02823267620642489,,,-0.006777433536499844,-0.013151806852019332,,0.02565036737516646,,0.8333333333333334,,0.8333333333333334,0.6666666666666666,0.009816332308526798,-0.005619618841605778,,0.0858984880791533,0.5641774642562046
2024-06-14,CONSUMER_DISCRETIONARY,XLY,89.16500091552734,0.0037712380678522894,-0.002070481944634106,-0.02402582837302991,,,-0.027247584187539142,-0.06541031143147413,,0.01037400368296515,,0.8333333333333334,,0.5,0.3333333333333333,-0.03398644007480093,-0.07043669302760518,,0.1450355852474883,0.6143031554039597
2024-06-14,CONSUMER_STAPLES,XLP,76.94999694824219,-0.009142501678938264,-0.016110499309296422,0.017318846763145546,,,-0.04128760155220146,-0.024065636295298676,,0.006974860317542353,,0.8333333333333334,,0.3333333333333333,0.8333333333333334,-0.028144145514402936,0.008766995270188704,,0.10404944803827097,0.701797436877819
2024-06-14,DEFENSIVE,XLU,34.970001220703125,0.0,-0.033176583051985786,0.09520829584942314,,,-0.05835368529489082,0.05382381279097892,,0.010781313331119202,,0.8333333333333334,,0.0,0.8333333333333334,-0.04580347383472466,-0.021564929608156497,,0.16567949695505557,0.7199831352552298
2024-06-14,ENERGY,XLE,44.02000045776367,-0.021669040943796514,-0.07287276996274561,-0.04718615301245899,,,-0.09804987220565065,-0.08857063607090321,,-0.054146955860501556,,0.0,,0.0,0.0,-0.10898971564687672,-0.11906728791544229,,0.18625264484750423,0.8269110431459263
2024-06-14,FINANCIALS,XLF,40.650001525878906,-0.020009595600701258,-0.04330430877625435,-0.018589972890044937,,,-0.06848141101915939,-0.05997445594848916,,-0.012174650967627043,,0.5,,0.0,0.5,-0.07349926686143919,-0.022444770022181575,,0.13868384624682353,0.8052051102881449
2024-06-14,HEALTHCARE,XLV,145.8800048828125,-0.003755977740069305,-0.002938915200302983,0.003025319265815618,,,-0.02811601744320802,-0.0383591637926286,,0.02086806896509663,,0.8333333333333334,,0.3333333333333333,0.6666666666666666,-0.020739336146501086,-0.027195613658139994,,0.1283505530047931,0.6967027268564746
2024-06-14,MARKET,SPY,542.780029296875,0.01642294970294489,0.025177102242905036,0.04138448305844422,,,0.0,0.0,,0.04191424907811214,,0.5,,0.5,0.5,-0.021423530317745243,-0.02483256718382912,,0.11712897570180789,0.6413441994581985
2024-06-14,MATERIALS,XLB,44.4900016784668,-0.00902102183243969,-0.034400413634882776,-0.02615737460660017,,,-0.05957751587778781,-0.06754185766504439,,-0.015250404746398938,,0.3333333333333333,,0.3333333333333333,0.5,-0.05946747847861646,-0.006207372707026852,,0.10913830829920022,0.6521441188855872
2024-06-14,NUCLEAR,URA,29.559999465942383,-0.013351122521815473,-0.09464018118000206,0.024610019933611005,,,-0.1198172834229071,-0.016774463124833217,,-0.03716493130826892,,0.3333333333333333,,0.3333333333333333,0.8333333333333334,-0.07857390670725822,0.018682440144942487,,0.2760423691325879,1.0434240628302076
2024-06-14,POWER_INDUSTRIALS,XLI,121.1500015258789,-0.009646041751927958,-0.033351952797466944,-0.03242550585640269,,,-0.05852905504037198,-0.07380998891484691,,-0.016048596031797757,,0.3333333333333333,,0.3333333333333333,0.4,-0.038733495363022584,-0.06494942345619585,,0.09783425130427266,1.0027962381925732
2024-06-14,SEMI,SOXX,252.0399932861328,0.05007911340601123,0.10427614449773381,0.11794187934273981,,,0.07909904225482878,0.07655739628429559,,0.11391999325620117,,1.0,,1.0,1.0,0.15408402597205625,0.1524224756794801,,0.332995396792523,0.6690784284772768
2024-06-21,AI_SOFTWARE,IGV,84.7699966430664,0.02083328165300613,0.022557238634111965,-0.0058637272157164855,,,-0.005906812542086248,-0.04685250910187988,,0.03970169181987937,,0.6666666666666666,,0.6666666666666666,0.5,0.01532657176234318,-0.04437562564076847,,0.23258052392886666,1.447224807926843
2024-06-21,COMMUNICATION_SERVICES,XLC,84.94000244140625,0.00962801871428054,0.023990422741133388,0.04016652745778426,,,-0.004473628435064825,-0.0008222544283791322,,0.030987924772560627,,0.8333333333333334,,1.0,0.8333333333333334,0.00747902146230602,0.008608414987556842,,0.0865118182100221,0.6030528286441723
2024-06-21,CONSUMER_DISCRETIONARY,XLY,91.30500030517578,0.024000441514892445,0.04027576389782883,-0.006960676401899679,,,0.011811712721630618,-0.047949458288063074,,0.03140938409017524,,0.8333333333333334,,1.0,0.5,0.01586410648912177,-0.0470043190638722,,0.1541048980133343,0.617416568189048
2024-06-21,CONSUMER_STAPLES,XLP,77.66999816894531,0.009356741380865952,0.007392992297082124,0.01715554672764319,,,-0.02107105887911609,-0.023833235158520205,,0.010722731600863789,,0.8333333333333334,,0.8333333333333334,0.8333333333333334,-0.01784655643596363,0.0127694898114874,,0.10399114494165593,0.6877318058519528
2024-06-21,DEFENSIVE,XLU,34.69499969482422,-0.007863926688000733,-0.029510498046875,0.05696873993666607,,,-0.05797454922307321,0.015979958050502674,,-0.004633297898103073,,0.8333333333333334,,0.8333333333333334,0.6666666666666666,-0.02235001772287219,-0.02911343372252388,,0.16181484498540913,0.7360031985312574
2024-06-21,ENERGY,XLE,44.875,0.01942297894923195,-0.017730137877692398,-0.049359214927979345,,,-0.04619418905389061,-0.09034799681414274,,-0.029120960410059737,,0.0,,0.0,0.0,-0.05408847353462123,-0.12079280695168045,,0.18480396325186213,0.8481371940804308
2024-06-21,FINANCIALS,XLF,41.33000183105469,0.01672817416114669,-0.0067291222107604964,-0.018755867067034804,,,-0.03519317338695871,-0.0597446489531982,,0.001259779770778513,,0.6666666666666666,,0.0,0.5,-0.049343784292419444,-0.03487766463393086,,0.13857708576237027,0.7839994231373479
2024-06-21,HEALTHCARE,XLV,146.80999755859375,0.006375052403708947,0.01654895042203619,-0.006227565122536638,,,-0.011915100754162022,-0.04721634700870003,,0.021727622478814768,,0.8333333333333334,,0.8333333333333334,0.16666666666666666,-0.0005679358639838669,-0.045631828029476296,,0.12447770037302637,0.7263440085288118
2024-06-21,MARKET,SPY,544.510009765625,0.0031872588808969926,0.028464051176198213,0.040988781886163395,,,0.0,0.0,,0.03852484233517206,,0.75,,0.5,0.5,-0.01593377131133339,-0.0277838997045331,,0.11713070638606958,0.667970380732192
2024-06-21,MATERIALS,XLB,44.81999969482422,0.007417352301812619,-0.01882663320065958,-0.03498761999520672,,,-0.047290684376857794,-0.07597640188137011,,-0.0076386599810094324,,0.5,,0.5,0.5,-0.03084398959375358,-0.0167327107539747,,0.10318144340524853,0.6733035418503193
2024-06-21,NUCLEAR,URA,29.6299991607666,0.002368054671478159,-0.0740625262260437,0.027748846312092068,,,-0.10252657740224191,-0.013239935574071326,,-0.03302659247473472,,0.5,,0.16666666666666666,0.8333333333333334,-0.0769055055851919,0.02473697076001456,,0.2759378160131118,0.8706744526386178
2024-06-21,POWER_INDUSTRIALS,XLI,122.97000122070312,0.015022696425104343,-0.011971700745058267,-0.023737677719133266,,,-0.04043575192125648,-0.06472645960529666,,-0.0013237696156955803,,0.3333333333333333,,0.0,0.5,-0.06935787585525655,-0.009522672705877219,,0.10326529326240551,1.0205522250108126
2024-06-21,SEMI,SOXX,249.77999877929688,-0.008966809105847906,0.04703219875724285,0.10561260978989928,,,0.018568147581044636,0.06462382790373589,,0.0886743512367687,,1.0,,1.0,1.0,0.06250820174617937,0.14067285531345605,,0.3350748238070288,0.6556316504545319
2024-06-28,AI_SOFTWARE,IGV,86.9000015258789,0.025126872327023042,0.11281861443388896,0.03243439962365158,,,0.08086765828934528,-0.01731190825146478,,0.054995783085297845,,0.8333333333333334,,1.0,0.6666666666666666,0.06949779201436519,-0.020851834494950927,,0.2360607202504608,1.1864754559572666
2024-06-28,COMMUNICATION_SERVICES,XLC,85.66000366210938,0.008476585825386573,0.028825383909455216,0.038051468089908225,,,-0.0031255722350884696,-0.011694839785208133,,0.03197362993907271,,0.8333333333333334,,0.8333333333333334,0.6666666666666666,-0.0020826813300412286,-0.019455481547001108,,0.08580875303917071,0.6991690996638649
2024-06-28,CONSUMER_DISCRETIONARY,XLY,91.19999694824219,-0.0011500285480821049,0.036540277497166596,0.019906048040102098,,,0.00458932135262291,-0.02984025983501426,,0.02292033332965926,,0.6666666666666666,,0.6666666666666666,0.5,-0.02390299972439795,-0.04475220078414762,,0.1414536432193415,0.6979870426070884
2024-06-28,CONSUMER_STAPLES,XLP,76.58000183105469,-0.014033685639076476,-0.009826668513347236,0.030270414968023962,,,-0.04177762465789092,-0.019475892907092396,,-0.006228876967566466,,0.5,,0.6666666666666666,0.8333333333333334,-0.025785253057986162,0.025871645833367596,,0.09034650435306417,0.7276878729391903
2024-06-28,DEFENSIVE,XLU,34.06999969482422,-0.018014123230940315,-0.06298132225210662,0.045733510743676264,,,-0.0949322783966503,-0.004012797131440093,,-0.026348893984721178,,0.3333333333333333,,0.5,0.8333333333333334,-0.03999570481493284,-0.019936722446157424,,0.16701935550438982,0.7746853752022828
2024-06-28,ENERGY,XLE,45.57500076293945,0.015598902795308067,-0.021995659758462516,-0.07065660864396073,,,-0.0539466159030062,-0.12040291651907709,,-0.009884839485569397,,0.3333333333333333,,0.16666666666666666,0.0,-0.050176560800589,-0.13880599447189115,,0.16457869295630415,0.8784143665004187
2024-06-28,FINANCIALS,XLF,41.11000061035156,-0.00532303921984878,-0.012728116884378027,-0.011065650417359296,,,-0.04467907302892171,-0.060811958292475654,,-0.0058281536425459635,,0.8333333333333334,,0.16666666666666666,0.8333333333333334,-0.037081170666190155,-0.005927061071568059,,0.1364214875363296,0.8677601316484788
2024-06-28,HEALTHCARE,XLV,145.75,-0.007220200096867968,0.014265853133568207,0.017665121894518965,,,-0.017685103010975478,-0.03208118598059739,,0.009572763627903713,,0.6666666666666666,,0.6666666666666666,0.6666666666666666,0.00011378600441173485,-0.012257125465181798,,0.10585693152665082,0.732063572067135
2024-06-28,MARKET,SPY,544.219970703125,-0.0005326606624271868,0.031950956144543685,0.04974630787511636,,,0.0,0.0,,0.028349359611914204,,0.75,,0.5,0.5,-0.013971389266933837,-0.0204564384097711,,0.11422636999249594,0.7000938562422045
2024-06-28,MATERIALS,XLB,44.154998779296875,-0.01483714681069348,-0.03517973630118143,-0.04807587847213746,,,-0.06713069244572512,-0.09782218634725381,,-0.02165847055086656,,0.16666666666666666,,0.16666666666666666,0.3333333333333333,-0.058238914700518694,-0.06390287832379714,,0.10601628896094499,0.7985274348417515
2024-06-28,NUCLEAR,URA,28.950000762939453,-0.022949659705948977,-0.10204716948649373,-0.05206287180494129,,,-0.1339981256310374,-0.10180917968005765,,-0.05558815565746833,,0.16666666666666666,,0.16666666666666666,0.16666666666666666,-0.12033617894057468,-0.08105406456804236,,0.24826614355362156,0.8279144264511767
2024-06-28,POWER_INDUSTRIALS,XLI,121.87000274658203,-0.00894525870701468,-0.013278271891207116,-0.03023788873820732,,,-0.0452292280357508,-0.07998419661332368,,-0.011381229787114755,,0.16666666666666666,,0.0,0.16666666666666666,-0.0784528731470316,-0.03475608690905339,,0.10430638771504304,1.0314306207603408
2024-06-28,SEMI,SOXX,246.6300048828125,-0.012611073392100103,0.05392936486568689,0.11280061115018625,,,0.021978408721143206,0.06305430327506989,,0.05280909279200663,,1.0,,1.0,1.0,0.060769898067283834,0.11468619916983273,,0.3327760652670519,0.827442616024687
2024-07-05,AI_SOFTWARE,IGV,88.93000030517578,0.023360169662279384,0.10636978531862584,0.07455290006866999,0.15027427019339346,,0.06773754153003675,-0.0111669942676893,-0.03505655287920462,0.06946149341219932,,1.0,,1.0,0.6666666666666666,0.05984543023769499,-0.0033744106486424306,0.055634398446397205,0.23482968405491578,0.9153933393615227
2024-07-05,COMMUNICATION_SERVICES,XLC,87.76000213623047,0.024515507638835254,0.03981043305219978,0.07906061921076435,0.21821211855807832,,0.001178189263610685,-0.006659275125594943,0.032881295485480244,0.04761792783748198,,0.8333333333333334,,0.6666666666666666,0.8333333333333334,0.00570875401762196,-0.01397846629371798,0.11276020168584018,0.0863282877872012,0.6522356694509703
2024-07-05,CONSUMER_DISCRETIONARY,XLY,94.6500015258789,0.037828998827649896,0.0655184011579022,0.06882729602731308,0.09662848109366862,,0.026886157369313102,-0.016892598309046214,-0.08870234197892946,0.05370384188078603,,0.5,,0.6666666666666666,0.5,0.020073682593611013,-0.027628956888884743,-0.1659738101431909,0.15692316793737035,0.6774219411876324
2024-07-05,CONSUMER_STAPLES,XLP,77.37999725341797,0.01044653177376742,-0.003605542048512933,0.054510767916575276,0.07457290595587529,,-0.042237785837102026,-0.031209126419784017,-0.11075791711672278,0.0018254777883806028,,0.6666666666666666,,0.3333333333333333,0.8333333333333334,-0.029523879460048013,0.00857428603030889,-0.030703108332285567,0.0844478746747237,0.6647221033828379
2024-07-05,DEFENSIVE,XLU,34.275001525878906,0.006017077572379126,-0.019874168446204155,0.06775710763697673,0.062296673617025844,,-0.05850641223479325,-0.01796278669938256,-0.12303414945557223,-0.023782361081161496,,0.3333333333333333,,0.0,0.8333333333333334,-0.04776140428724999,-0.03364534878940262,-0.1397986094319684,0.1615249521880077,0.6760094471269227
2024-07-05,ENERGY,XLE,45.04999923706055,-0.011519506683274172,0.0012223648512370566,-0.06272754552775639,0.06400564654478447,,-0.03740987893735204,-0.14844743986411568,-0.1213251765278136,-0.015257513287171398,,0.0,,0.6666666666666666,0.0,-0.034602910639006536,-0.1679962299313297,-0.16797203841752453,0.16210968733204556,0.8008317476111038
2024-07-05,FINANCIALS,XLF,41.540000915527344,0.010459749423294973,0.0014465133547052478,0.03694457043186916,0.10039737524575743,,-0.037185730433883846,-0.04877532390449013,-0.08493344782684065,0.002824522519822681,,0.8333333333333334,,1.0,1.0,-0.021331504225084414,0.025215023242653234,-0.07527417818318403,0.11120043080165251,0.8209072603140383
2024-07-05,HEALTHCARE,XLV,144.41000366210938,-0.009193799916916823,-0.013794913028128408,0.03959398067095621,0.03802478961033495,,-0.0524271568167175,-0.046125913665403084,-0.14730603346226312,-0.002782866891649638,,0.3333333333333333,,0.16666666666666666,0.8333333333333334,-0.037375937496445764,-0.019600470199510795,-0.11132076326958179,0.08272803125935486,0.7031708070427073
2024-07-05,MARKET,SPY,554.6400146484375,0.019146750406549673,0.038632243788589093,0.08571989433635929,0.18533082307259807,,0.0,0.0,0.0,0.03893380488137077,,0.5,,0.5,1.0,-0.012793009055122845,-0.025901296826516762,-0.05370402173326033,0.1094979884451656,0.6999700080301618
2024-07-05,MATERIALS,XLB,43.95000076293945,-0.004642691020830481,-0.021049107588566707,-0.022464375936386838,0.04221016531380739,,-0.0596813513771558,-0.10818427027274613,-0.14312065775879068,-0.024449778087692664,,0.5,,0.6666666666666666,0.5,-0.03048982450519337,-0.05818468755124486,-0.12087497575163143,0.08716455736706927,0.8574988344357793
2024-07-05,NUCLEAR,URA,29.690000534057617,0.02556130402820167,-0.009011967912741725,-0.017538014273304925,0.1012611848031284,,-0.04764421170133082,-0.10325790860966422,-0.08406963826946967,-0.03204771643645199,,0.16666666666666666,,0.3333333333333333,0.5,-0.04361337583337288,-0.08595454558398563,0.022736030460137762,0.25499360081834915,0.6891103215997062
2024-07-05,POWER_INDUSTRIALS,XLI,121.22000122070312,-0.005333564546072367,-0.009073821578818753,-0.013669652435456037,0.08785785595185547,,-0.047706065367407846,-0.09938954677181533,-0.0974729671207426,-0.0155040617607628,,0.16666666666666666,,0.5,0.16666666666666666,-0.035052495304941346,-0.057151810511396804,0.009744254536227358,0.09484823124438971,0.9199764313908291
2024-07-05,SEMI,SOXX,254.75999450683594,0.03296431684330714,0.061411507257714826,0.16824866304547692,0.4105271117100031,,0.022779263469125732,0.08252876870911763,0.22519628863740504,0.07021779425503794,,1.0,,1.0,1.0,0.028161251920484538,0.11347428354036959,0.5293052712136106,0.33031723061118023,0.7822285982541782
2024-07-12,AI_SOFTWARE,IGV,87.31999969482422,-0.01810413364248986,0.05154141055044925,0.1119317592278466,0.06831750550087223,,0.01983434689927921,-0.018995589695320447,-0.106453827130363,0.04201721634409905,,1.0,,1.0,0.8333333333333334,0.03476817192863024,0.016756472507718518,0.006264807401266577,0.20466047397802625,0.9136089712028446
2024-07-12,COMMUNICATION_SERVICES,XLC,86.30999755859375,-0.016522385395864814,0.025912283089813304,0.08607016777179433,0.16935375170656153,,-0.005794780561356738,-0.044857181151372716,-0.005417580924673704,0.022860561357828102,,0.6666666666666666,,0.5,0.8333333333333334,-0.028127021593102836,-0.054354332904152626,0.0409487020501651,0.07660950747343859,0.6442606889412485
2024-07-12,CONSUMER_DISCRETIONARY,XLY,95.74500274658203,0.011568950903859454,0.07379579166144357,0.12800431014065028,0.10077028111484587,,0.042088728010273524,-0.0029230387825167625,-0.07400105151638936,0.057897380517511365,,0.6666666666666666,,0.8333333333333334,0.6666666666666666,0.02695002635093045,-0.012134346502953586,-0.1634236900599734,0.11448524020487369,0.6758230147372593
2024-07-12,CONSUMER_STAPLES,XLP,77.44999694824219,0.0009046226067308538,0.006497726053664499,0.04043517474633607,0.0638735398565633,,-0.025209337597505543,-0.09049217417683098,-0.11089779277467193,0.0006976820937842909,,0.8333333333333334,,0.6666666666666666,0.8333333333333334,-0.02209150221991102,-0.054382427561863934,-0.05127482474364222,0.08156090655698575,0.6249214188730001
2024-07-12,DEFENSIVE,XLU,35.630001068115234,0.0395331723388328,0.018873314966353805,0.08910288558555157,0.12539485912308468,,-0.012833748684816237,-0.04182446333761547,-0.049376473508150553,0.01070848631709409,,1.0,,0.8333333333333334,1.0,-0.016893632695810217,-0.07723421241005697,-0.1200209257154929,0.1745857004550073,0.6599063076631059
2024-07-12,ENERGY,XLE,45.2599983215332,0.004661466992876173,0.028168965262944212,-0.04685694977822774,0.09482337093556881,,-0.00353809838822583,-0.17778429870139478,-0.07994796169566643,-0.008445552831666592,,0.16666666666666666,,1.0,0.0,0.0054169784056739,-0.19277236229646375,-0.12170556880241061,0.16247529373776246,0.7535841517103549
2024-07-12,FINANCIALS,XLF,42.380001068115234,0.020221476506369296,0.04255841272564198,0.04952946872453734,0.1271277337227572,,0.010851349074471939,-0.0813978801986297,-0.047643598908478024,0.018603089725013344,,1.0,,1.0,1.0,0.04400718064684165,-0.011882304532237523,0.003886022156713261,0.11651263742012037,0.7897503446534325
2024-07-12,HEALTHCARE,XLV,148.27000427246094,0.026729454417736775,0.016383324031064905,0.0670745414099605,0.05515228981187015,,-0.015323739620105137,-0.06385280751320654,-0.11961904281936508,0.018638781238326185,,0.8333333333333334,,0.8333333333333334,1.0,-0.006447106773487181,-0.056606900638024725,-0.0815033732301778,0.09550036489043676,0.757467725601993
2024-07-12,MARKET,SPY,559.989990234375,0.009645852164720914,0.03170706365117004,0.13092734892316704,0.17477133263123523,,0.0,0.0,0.0,0.039472799461574226,,1.0,,1.0,1.0,0.009909462092137111,-0.010330398860541545,-0.03328178908451984,0.06829308639009136,0.717608409463193
2024-07-12,MATERIALS,XLB,45.25,0.029579049248999345,0.017082452075991794,0.017311161548743126,0.08448176524356743,,-0.014624611575178248,-0.11361618737442392,-0.0902895673876678,0.003325942350332456,,0.8333333333333334,,0.8333333333333334,0.8333333333333334,0.014487788185679399,-0.06015162345044608,-0.05498203072838052,0.10607071781281162,0.9734576808170062
2024-07-12,NUCLEAR,URA,31.18000030517578,0.05018523894632376,0.054803818284905104,0.08151232700966426,-0.009529836131606073,,0.02309675463373506,-0.04941502191350278,-0.1843011687628413,0.015370591352607654,,0.8333333333333334,,1.0,1.0,0.03200797040988864,-0.01697267340516199,-0.004624100212497928,0.2531685477175852,0.6746498943220647
2024-07-12,POWER_INDUSTRIALS,XLI,124.18000030517578,0.024418405004661192,0.025010307396897913,0.03079604089715149,0.10766211425486105,,-0.006696756254272129,-0.10013130802601555,-0.06710921837637418,0.007382161721921188,,0.8333333333333334,,0.8333333333333334,0.8333333333333334,-0.006410854753335212,-0.03610676107863773,0.04474975916349346,0.09820121763401585,0.8370251850813641
2024-07-12,SEMI,SOXX,259.8900146484375,0.02013667864741575,0.031145935452366214,0.3099955413478266,0.39878732331556943,,-0.0005611281988038286,0.17906819242465954,0.2240159906843342,0.07207833282681997,,1.0,,0.6666666666666666,1.0,-0.025056169163798974,0.2268226955372531,0.48963048345592525,0.23044190028183492,0.8465776896780534
2024-07-19,AI_SOFTWARE,IGV,84.8499984741211,-0.02828677541611957,0.0009437517308339416,0.046368261265706145,0.014054483142142526,,-0.007283793012885953,-0.033767849555863094,-0.12391371653263517,0.008378389104348516,,0.8333333333333334,,0.6666666666666666,0.6666666666666666,0.029236488334801487,0.0029512948116801607,0.009940186807756065,0.21097828256559156,1.0390614453577962
2024-07-19,COMMUNICATION_SERVICES,XLC,85.11000061035156,-0.013903336602779315,0.00200139114738751,0.06241418002628141,0.13737803725444575,,-0.006226153596332384,-0.017721930795287832,-0.0005901624203319411,0.004686413180763571,,0.3333333333333333,,0.3333333333333333,0.8333333333333334,-0.03422731457078674,-0.036920097011781706,0.03485709995607659,0.08792185091348403,0.7291705191244499
2024-07-19,CONSUMER_DISCRETIONARY,XLY,93.90499877929688,-0.019217754603394588,0.028475970269217665,0.0676481931030033,0.07387499693541666,,0.02024842552549777,-0.012487917718565944,-0.06409320273936103,0.03203080437273331,,0.5,,0.5,0.6666666666666666,0.0026474366727072818,-0.02889677150365057,-0.1457916881242093,0.11307264646609458,0.6590976997024336
2024-07-19,CONSUMER_STAPLES,XLP,78.08999633789062,0.008263388184200027,0.005407469793313746,0.03307315942740474,0.08383057640946845,,-0.0028200749504061484,-0.0470629513941645,-0.05413762326530924,0.008354503902805455,,0.6666666666666666,,0.6666666666666666,0.8333333333333334,0.006109970672479481,-0.009811766370407723,0.0033600303805351173,0.07781501949650733,0.7338182531168905
2024-07-19,DEFENSIVE,XLU,35.064998626708984,-0.01585749156521532,0.010664330166861635,0.059525527522068744,0.15004916005032287,,0.0024367854231417407,-0.020610583299500496,0.01208096037554518,-0.003707904582050059,,0.8333333333333334,,0.8333333333333334,1.0,0.008703868747959012,-0.029057168067800194,-0.05790479252613271,0.18071351650117398,0.682225764906687
2024-07-19,ENERGY,XLE,46.185001373291016,0.020437540566980772,0.029192231159688387,-0.0351994484267979,0.15217668524735628,,0.020964686415968492,-0.11533555924836714,0.014208485572578589,0.013440156408573323,,0.8333333333333334,,1.0,0.16666666666666666,0.03152820994662416,-0.1253743164410387,-0.026415239698591164,0.16864157177827688,0.774659529664705
2024-07-19,FINANCIALS,XLF,42.849998474121094,0.01109007536952289,0.0367770765963118,0.04973049472007385,0.12971257920801937,,0.028549531852591903,-0.030405616101495392,-0.008255620466758318,0.027380787716682287,,1.0,,1.0,1.0,0.07871929026618418,0.030481629751078338,0.07123097072581286,0.11656627613156942,0.9071139542067324
2024-07-19,HEALTHCARE,XLV,147.8699951171875,-0.002697842744634804,0.007220200096867968,0.05651606190253622,0.06030394377203252,,-0.0010073446468519265,-0.02362004891903302,-0.07766425590274517,0.012912258413784627,,0.6666666666666666,,0.6666666666666666,0.8333333333333334,0.018802960161468967,-0.002891455266452477,-0.03670731620545912,0.09687374530419644,0.8763371810037442
2024-07-19,MARKET,SPY,548.989990234375,-0.019643208256983513,0.008227544743719895,0.08013611082156924,0.1379681996747777,,0.0,0.0,0.0,0.013757040586812153,,1.0,,0.75,1.0,0.01607626862553424,-0.001961279418441264,-0.019491373165483772,0.08277447971783332,0.7517928061970107
2024-07-19,MATERIALS,XLB,45.05500030517578,-0.00430938552097726,0.005243208655771214,0.006590750551942248,0.0958287356406089,,-0.00298433608794868,-0.07354536026962699,-0.042139464034168794,0.0009219476680504268,,0.6666666666666666,,0.6666666666666666,0.8333333333333334,0.005068713800336726,-0.04965696622803036,-0.004969825581279526,0.10611565451621417,1.0460658672726058
2024-07-19,NUCLEAR,URA,28.200000762939453,-0.09557407033577414,-0.04826184402059064,-0.044067770747815094,-0.07328292868459263,,-0.05648938876431053,-0.12420388156938433,-0.21125112835937032,-0.07255145501950255,,0.16666666666666666,,0.3333333333333333,0.5,-0.04937783403478363,-0.0875610341800478,-0.05003072067147085,0.32735498078295167,0.7925147487061877
2024-07-19,POWER_INDUSTRIALS,XLI,124.87000274658203,0.005556469960626087,0.015450935244514019,0.018017275546155398,0.11044914304494324,,0.007223390500794125,-0.06211883527541384,-0.02751905662983445,0.01364570912783969,,0.3333333333333333,,0.3333333333333333,0.5,-0.029757625320281866,-0.08829031376707745,0.046173216115780936,0.09206807677096354,0.9612956612609532
2024-07-19,SEMI,SOXX,236.44000244140625,-0.0902305240112935,-0.05340698375804587,0.09008763990213553,0.17978143865534446,,-0.06163452850176576,0.00995152908056629,0.04181323898056677,-0.031130519404395485,,0.0,,0.0,0.6666666666666666,-0.1081872122279245,0.01890393956815271,0.22125190038568643,0.2782867589719335,1.04406119253431
2024-07-26,AI_SOFTWARE,IGV,84.7699966430664,-0.0009428619032808561,-0.024510987864346356,0.04822547006342481,0.0012755908946149308,,-0.024915294486899997,-0.016610519966628434,-0.11573062225408393,0.006829357069614295,,0.8333333333333334,,0.5,0.6666666666666666,0.0027356430805829945,0.009113883936389289,0.005049036889922975,0.2107369013108391,1.0639509211876357
2024-07-26,COMMUNICATION_SERVICES,XLC,83.69999694824219,-0.01656683882032406,-0.022881235466654215,0.043510758055165466,0.07749738181534616,,-0.023285542089207856,-0.02132523197488778,-0.0395088313333527,-0.01322773775923003,,0.0,,0.0,0.6666666666666666,-0.05788413968893865,-0.06151790099879508,-0.03555151805023058,0.09878615640705717,0.926804605836925
2024-07-26,CONSUMER_DISCRETIONARY,XLY,91.30500030517578,-0.0276875406838758,0.0011513526364830273,0.02641783402561515,0.06366500699479705,,0.0007470460139293866,-0.0384181560044381,-0.05334120615390181,0.001305027570690287,,0.5,,0.5,0.5,0.008300647965308808,-0.06686628837733517,-0.11861827418539152,0.13137129848010137,0.7393403292315183
2024-07-26,CONSUMER_STAPLES,XLP,78.48999786376953,0.005122314568285047,0.02494118551901492,0.03439642468139392,0.08068292485135387,,0.02453687889646128,-0.030439565348659325,-0.03632328829734499,0.013153302558063684,,0.8333333333333334,,0.8333333333333334,0.8333333333333334,0.02353634495629009,-0.0002634160267383501,0.014146160494638349,0.07794437439589821,0.8196612186249508
2024-07-26,DEFENSIVE,XLU,35.584999084472656,0.014829615802910201,0.04446725574460708,0.04034489634685734,0.16271849752403011,,0.04406294912205344,-0.024491093683195908,0.04571228437533126,0.012750058522712271,,1.0,,1.0,1.0,0.045626771031301305,-0.011084190051151724,-0.027051051929491088,0.17072301815931715,0.7125158906218999
2024-07-26,ENERGY,XLE,46.095001220703125,-0.0019486878837668975,0.01140977397824905,-0.0041049719636027104,0.09424335242025217,,0.011005467355695409,-0.06894096199365596,-0.022762860728446688,0.01454860248321399,,0.6666666666666666,,0.6666666666666666,0.3333333333333333,0.0065429126063145104,-0.08316361290118952,-0.06953057939741282,0.1539375021842717,0.8364834002992652
2024-07-26,FINANCIALS,XLF,43.40999984741211,0.0130688773216463,0.05594743865027829,0.0705302259965932,0.12315648469886997,,0.05554313202772465,0.005694235966539951,0.006150271550171116,0.03851673328347882,,1.0,,1.0,1.0,0.08870730865014476,0.059786721057418224,0.09071506466727308,0.11514881112438495,0.9085113061324013
2024-07-26,HEALTHCARE,XLV,149.9600067138672,0.014134115545370474,0.028885123251232825,0.06482997063200502,0.07675739293073369,,0.028480816628679184,-6.019398048229263e-06,-0.040248820217965164,0.02466694030657468,,0.6666666666666666,,0.8333333333333334,0.8333333333333334,0.03737952096252802,0.01941434755948296,-0.010703094660387066,0.09885162281393897,0.9512639469158806
2024-07-26,MARKET,SPY,544.4400024414062,-0.008287924869133323,0.0004043066225536407,0.06483599003005325,0.11700621314869886,,0.0,0.0,0.0,0.0025799269901116695,,0.75,,0.75,1.0,0.025866624559783696,0.005465171447811945,-0.009202011492512818,0.08834421247198157,0.8138771026639995
2024-07-26,MATERIALS,XLB,45.665000915527344,0.013539021334364243,0.03419776192901791,0.020105027100414175,0.1068961273357103,,0.03379345530646427,-0.04473096292963907,-0.010110085812988556,0.015398314150227632,,0.6666666666666666,,0.8333333333333334,0.8333333333333334,0.04733085257433739,-0.01313007351599251,0.029682547228003824,0.1094256325920876,1.015762716044944
2024-07-26,NUCLEAR,URA,27.540000915527344,-0.02340424927503848,-0.048704656658148715,-0.10671420747065707,-0.06928013607601347,,-0.049108963280702356,-0.17155019750071032,-0.18628634922471232,-0.078775692606325,,0.16666666666666666,,0.16666666666666666,0.16666666666666666,-0.04873228713966932,-0.14241338300125003,-0.07570524824279297,0.3106355502863398,0.8078967864654454
2024-07-26,POWER_INDUSTRIALS,XLI,126.30000305175781,0.01145191217844288,0.0363502109242384,0.02875300566272987,0.11346207098612493,,0.03594590430168476,-0.03608298436732338,-0.0035441421625739267,0.02444723185153297,,0.5,,0.8333333333333334,0.6666666666666666,0.011742379800014672,-0.06577191985085616,0.06269628814555772,0.09430164843076734,1.041818380902883
2024-07-26,SEMI,SOXX,229.3699951171875,-0.029901908523160436,-0.0699834141179464,0.061063038627246824,0.15112832767353956,,-0.07038772074050004,-0.0037729514028064237,0.03412211452484071,-0.06053657539550483,,0.0,,0.0,0.6666666666666666,-0.11476023200760994,-0.00010628731034810028,0.1873245818564352,0.2886610390317572,1.2145591830625178
2024-08-02,AI_SOFTWARE,IGV,80.20999908447266,-0.05379258864187686,-0.09805466311457567,-0.014498099447410207,-0.06597885791669622,,-0.0588580857667349,-0.037652997183294845,-0.1439600814113604,-0.044277097221056216,,0.0,,0.0,0.3333333333333333,-0.046189518985021605,0.009094138545767405,-0.04415334513449191,0.2427537743411881,1.3010617722344358
2024-08-02,COMMUNICATION_SERVICES,XLC,84.73999786376953,0.012425339945597136,-0.03441208066258894,0.03606794125468893,0.06270378898858464,,0.004784496685251827,0.01291304351880429,-0.015277434506079546,-0.003070579748444935,,0.16666666666666666,,0.16666666666666666,0.6666666666666666,-0.027506668335153844,-0.014800326802325459,-0.005208730346703605,0.09425395753589516,1.2103604091349114
2024-08-02,CONSUMER_DISCRETIONARY,XLY,88.08000183105469,-0.03532115944736791,-0.0694136248167716,-0.010892770212925673,-0.006541865633855837,,-0.030217047468930835,-0.03404766794881031,-0.08452308912852002,-0.03439050537551669,,0.3333333333333333,,0.3333333333333333,0.5,-0.003937857770423547,-0.029269930330749688,-0.12178788242872762,0.15306719962270743,0.9099961394995667
2024-08-02,CONSUMER_STAPLES,XLP,79.26000213623047,0.00981022160043099,0.02429574760329234,0.021128566498545442,0.06862618434600853,,0.0634923249511331,-0.002026331237339196,-0.009355039148655653,0.02024796185701394,,0.8333333333333334,,0.6666666666666666,0.8333333333333334,0.060831441939022714,0.027340702248530857,0.038836048149371284,0.06582884184135397,1.0572023356896763
2024-08-02,DEFENSIVE,XLU,37.11000061035156,0.042855179573247026,0.08271331752770683,0.04139195617492297,0.20702551951131687,,0.1219098948755476,0.018237058439038334,0.12904429601665268,0.052079501521715255,,1.0,,1.0,1.0,0.10404201221820102,0.030742828361260226,0.023225151889580926,0.17184380794587034,0.9178845222339058
2024-08-02,ENERGY,XLE,44.20000076293945,-0.041110758381161516,-0.018867890977051105,-0.057870619196541795,0.05842917958519367,,0.02032868637078966,-0.08102551693242643,-0.019552043909470518,-0.02397012713520763,,0.16666666666666666,,0.16666666666666666,0.0,0.009906513657633917,-0.1036377497255206,-0.06396611836926978,0.17193794857591918,1.055644203491743
2024-08-02,FINANCIALS,XLF,42.060001373291016,-0.031098790114406638,0.012518065630790609,0.005498434907205141,0.07901492732747184,,0.051714642978631375,-0.017656462828679498,0.001033703832807653,0.005138031142916333,,0.5,,0.5,0.6666666666666666,0.04134295686396191,-0.012469584755211907,0.04970809413918128,0.12254583614245096,1.1543072373551087
2024-08-02,HEALTHCARE,XLV,150.86000061035156,0.0060015594571265485,0.044664474653251185,0.0506302977775237,0.06246915116581597,,0.08386105200109195,0.027475400041639064,-0.015512072328848214,0.02630039566097886,,0.6666666666666666,,0.6666666666666666,0.8333333333333334,0.08857752968670994,0.04643406807563257,0.006192437699294691,0.09348304605697028,1.1999336690578468
2024-08-02,MARKET,SPY,532.9000244140625,-0.021196050943346534,-0.039196577347840766,0.02315489773588464,0.07798122349466419,,0.0,0.0,0.0,-0.019295672823843146,,0.5,,0.5,1.0,0.020247482396431482,-0.006948487041736229,-0.014680700677005831,0.09827317976342897,1.0219969586609403
2024-08-02,MATERIALS,XLB,45.02000045776367,-0.014124612828910643,0.024345840187709245,-0.019599254073801142,0.08364429996330847,,0.06354241753555001,-0.04275415180968578,0.005663076468644279,0.002527478494337876,,0.8333333333333334,,0.8333333333333334,0.6666666666666666,0.08256077915800536,0.008093168580781832,0.0664802199032614,0.09903714674165065,1.2459132814111418
2024-08-02,NUCLEAR,URA,24.520000457763672,-0.10965869126245975,-0.17413270405176995,-0.21460598984462076,-0.22208121504883527,,-0.13493612670392918,-0.2377608875805054,-0.30006243854349945,-0.1587470341848084,,0.0,,0.0,0.16666666666666666,-0.11248033799459443,-0.19691519770126373,-0.17262193058988173,0.3699687526161274,1.122453437880765
2024-08-02,POWER_INDUSTRIALS,XLI,122.7300033569336,-0.02826603015489426,0.012456707812444456,-0.0234722862912079,0.06186192604781393,,0.05165328516028522,-0.04662718402709254,-0.016119297446850256,-0.0031109521412086005,,0.0,,0.3333333333333333,0.0,0.0040469203053876135,-0.09883080765034102,-0.003946069917910577,0.10074804130999532,1.2814051357901426
2024-08-02,SEMI,SOXX,206.80999755859375,-0.0983563588910904,-0.1882163525755436,-0.060978966580107374,0.04016965045357335,,-0.14901977522770282,-0.08413386431599201,-0.03781157304109084,-0.14177820288995224,,0.0,,0.0,0.16666666666666666,-0.18923682200196387,-0.09387301033516843,0.06644347949380915,0.3581770954280908,1.8365576277321067
2024-08-09,AI_SOFTWARE,IGV,82.47000122070312,0.028176064855085725,-0.05554281368611336,-0.021359861090149757,-0.0671025449409931,,-0.0073276661462446935,-0.02804600321070083,-0.13053027290005026,-0.02245031024869315,,0.16666666666666666,,0.16666666666666666,0.3333333333333333,-0.00020509349234989113,0.02863623653865897,-0.08506863698763284,0.23810871347012147,1.2249606445460213
2024-08-09,COMMUNICATION_SERVICES,XLC,85.20999908447266,0.005546391698743269,-0.0127447399517574,0.03147316856205529,0.07629153789593679,,0.035470407588111263,0.024787026441504212,0.012863809936879633,0.00016431729236621173,,0.5,,0.3333333333333333,0.6666666666666666,0.024488845315933334,0.009657527000162166,0.0037285132564897627,0.0931381559944297,1.5607860943741805
2024-08-09,CONSUMER_DISCRETIONARY,XLY,87.16999816894531,-0.010331558165210364,-0.08956085781660117,-0.024398436960322845,-0.030906046399273412,,-0.041345710276732506,-0.03108457908087392,-0.09433377435833057,-0.04351215664742403,,0.16666666666666666,,0.3333333333333333,0.3333333333333333,-0.016574101098112786,-0.03845531810322502,-0.13739222476964144,0.1539972913559226,1.1640912439724498
2024-08-09,CONSUMER_STAPLES,XLP,79.1500015258789,-0.001387845160065626,0.02194970490150938,0.012018954768059587,0.08261524914653262,,0.07016485244137805,0.005332812647508511,0.019187521187475465,0.01646378833871709,,0.8333333333333334,,0.8333333333333334,0.8333333333333334,0.07412847872465668,0.025063999817489708,0.0587843189383338,0.06472286980631016,1.320711445570313
2024-08-09,DEFENSIVE,XLU,36.80500030517578,-0.008218817034745696,0.032977805271862115,0.017556045573031476,0.2213373162646044,,0.08119295281173078,0.0108699034524804,0.15790958830554724,0.04211792984063489,,1.0,,1.0,1.0,0.08819592359433907,0.026691852072223316,0.037655344319216834,0.17138261768892307,1.0456222419687635
2024-08-09,ENERGY,XLE,44.70500183105469,0.011425363334804928,-0.012262406342478105,-0.05844561368862511,0.07322057714892338,,0.03595274119739056,-0.06513175580917618,0.009792849189866226,-0.00867035782217096,,0.16666666666666666,,0.16666666666666666,0.0,0.015136418757098535,-0.08836152466930658,-0.04174461643809855,0.17165833439360118,1.210824638443847
2024-08-09,FINANCIALS,XLF,42.400001525878906,0.008083693330637853,0.00047193150683333407,-0.0021181489534630726,0.08495392884516195,,0.048687079046702,-0.008804291074014148,0.021526200886104796,0.011426274345095244,,0.6666666666666666,,0.6666666666666666,0.5,0.026634526677205932,-0.006341762251989347,0.08662033741076669,0.11903424630004646,1.360207367775068
2024-08-09,HEALTHCARE,XLV,149.97999572753906,-0.0058332551985428305,0.011532956132757954,0.025083714238157695,0.0414554645401346,,0.05974810367262662,0.01839757211760662,-0.021972263418922555,0.015973199140500105,,0.8333333333333334,,0.6666666666666666,0.8333333333333334,0.06950118305047992,0.04352479298953852,-0.00456374324547415,0.08913949239455432,1.4908509929722293
2024-08-09,MARKET,SPY,532.989990234375,0.00016882307410548414,-0.048215147539868664,0.006686142120551075,0.06342772795905716,,0.0,0.0,0.0,-0.020143530298946333,,0.25,,0.0,0.25,0.003099861784328084,-0.00977600812892937,-0.018855446504448814,0.09256900942665436,1.310342964748453
2024-08-09,MATERIALS,XLB,44.279998779296875,-0.01643717616487017,-0.021436491065262464,-0.03895826270037506,0.0651912221401838,,0.0267786564746062,-0.04564440482092613,0.0017634941811266458,-0.010679686354463591,,0.6666666666666666,,0.6666666666666666,0.6666666666666666,0.03955294877857035,-0.005384509312662433,0.11309370536476426,0.10288073147801421,1.3463131468699723
2024-08-09,NUCLEAR,URA,24.719999313354492,0.008156560026796322,-0.2071841221486117,-0.24287907632221606,-0.16963389542347818,,-0.15896897460874304,-0.24956521844276713,-0.23306162338253533,-0.129424220921471,,0.16666666666666666,,0.0,0.16666666666666666,-0.11906000996293314,-0.16451027295186618,-0.07462287436349584,0.3465062786624141,1.2749680519103435
2024-08-09,POWER_INDUSTRIALS,XLI,124.27999877929688,0.012629311333557602,0.0008052703645944348,-0.00837790661786808,0.0626763747099428,,0.0490204179044631,-0.015064048738419156,-0.0007513532491143504,0.008848097134335875,,0.5,,0.16666666666666666,0.16666666666666666,0.016255872353574174,-0.027367698104151756,0.02059868223845198,0.10511439523781142,1.4051858873859093
2024-08-09,SEMI,SOXX,211.77999877929688,0.024031726122403896,-0.18511683080329489,-0.07211709743128347,0.00938945352283782,,-0.13690168326342622,-0.07880323955183455,-0.054038274436219336,-0.11297078809678196,,0.0,,0.0,0.16666666666666666,-0.17140771383884065,-0.07880685037841252,0.031151328595225774,0.35249409484245825,2.19100181615161
2024-08-16,AI_SOFTWARE,IGV,85.5199966430664,0.03698308933209549,0.007896266128391893,0.031604283099676556,-0.00039745904441823576,,-0.0017942699812873997,-0.015369868839173018,-0.11010494582467611,0.007563768406067428,,0.6666666666666666,,0.3333333333333333,0.5,-0.0007098739165468659,0.05355416159735216,-0.053821548180120506,0.24788150884403592,1.0635611273716656
2024-08-16,COMMUNICATION_SERVICES,XLC,86.26000213623047,0.012322533306412753,0.013511943574572527,0.03990362037087958,0.09259031628310965,,0.003821407464893234,-0.007070531567969995,-0.017117170497148226,0.010283223244499595,,0.6666666666666666,,0.6666666666666666,0.6666666666666666,0.00926056475387003,-0.01731887988496202,-0.01863260435857028,0.09528569276077385,1.7124503487106846
2024-08-16,CONSUMER_DISCRETIONARY,XLY,91.56500244140625,0.050418772109446675,-0.024918762241723402,0.04323807614774067,0.022958331539844723,,-0.034609298351402695,-0.003736075791108906,-0.08674915524041316,0.0017066376833863028,,0.8333333333333334,,0.3333333333333333,0.6666666666666666,0.0018345638773313115,0.007753578017117846,-0.12548868226780174,0.18334759221646746,1.2624686166484798
2024-08-16,CONSUMER_STAPLES,XLP,80.51000213623047,0.017182572130550078,0.03098995917311398,0.04422832334106919,0.09866271120867176,,0.021299423063434686,-0.0027458285977803865,-0.011044775571586118,0.030158830088814037,,1.0,,0.8333333333333334,0.8333333333333334,0.021358460646327442,0.010349483797920852,0.03416101729997889,0.06275556983641771,1.2246463746597376
2024-08-16,DEFENSIVE,XLU,37.220001220703125,0.011275666678067786,0.06145736998126328,0.04111891526442313,0.21574396534263718,,0.051766833871583984,-0.005855236674426445,0.1060364785623793,0.04719704300834082,,1.0,,0.8333333333333334,1.0,0.02627740663115759,0.012968310349546078,-0.0075277976432724936,0.16958642061118936,1.0268627490534632
2024-08-16,ENERGY,XLE,45.23500061035156,0.011855469356646164,-0.020569464862868703,-0.00985007659871795,0.057263077519623895,,-0.030260000972547996,-0.05682422853756752,-0.052444409260633984,0.0025487622212136962,,0.5,,0.16666666666666666,0.16666666666666666,-0.05173116053738593,-0.07682891697784981,-0.09552083028825858,0.15694002639456714,1.1566412910559585
2024-08-16,FINANCIALS,XLF,43.77000045776367,0.03231129440051039,0.021470292098101362,0.05191059398530151,0.10446629518209427,,0.01177975598842207,0.004936442046451939,-0.005241191598163608,0.038434155765155076,,0.8333333333333334,,0.5,0.8333333333333334,-0.014365392073878417,0.011176653378791665,0.06770699783880851,0.1264708385651905,1.1514018028977866
2024-08-16,HEALTHCARE,XLV,152.8699951171875,0.01926923237748679,0.03381348593429978,0.05850988128636603,0.049787118823658716,,0.024122949824620488,0.011535729347516455,-0.05992036795659916,0.031052262417579746,,0.8333333333333334,,0.8333333333333334,0.8333333333333334,0.02205335750150413,0.042064756553438644,-0.05360699515830777,0.08862328124603835,1.3633277906361962
2024-08-16,MARKET,SPY,554.3099975585938,0.04000076495778759,0.009690536109679293,0.04697415193884957,0.10970748678025788,,0.0,0.0,0.0,0.015262539586208046,,1.0,,0.5,1.0,-0.008733492353192929,-0.009901662333646533,-0.02610984175282144,0.12354437578783158,1.3270048664087941
2024-08-16,MATERIALS,XLB,45.28499984741211,0.022696501712306416,0.005104861628641544,-0.008647120296076616,0.06340262583036971,,-0.004585674481037749,-0.05562127223492619,-0.04630486094988817,0.010893580463245511,,0.8333333333333334,,0.8333333333333334,0.6666666666666666,0.02331310248057065,0.0005195384294016484,0.07460880161325556,0.11505194004742822,1.3013418735927258
2024-08-16,NUCLEAR,URA,25.31999969482422,0.024271860766015063,-0.10212769468787186,-0.20875000953674316,-0.1256905906326523,,-0.11181823079755115,-0.25572416147559274,-0.2353980774129102,-0.09348037770460438,,0.16666666666666666,,0.16666666666666666,0.16666666666666666,-0.1019277659682888,-0.2156764970473617,-0.10377753120119705,0.3596132864890958,1.0938078754455927
2024-08-16,POWER_INDUSTRIALS,XLI,126.97000122070312,0.02164469317531381,0.01681747760014818,0.020167139279238633,0.07574347652178726,,0.0071269414904688855,-0.02680701265961094,-0.03396401025847062,0.026816759343791574,,0.8333333333333334,,0.6666666666666666,0.3333333333333333,0.010997086142329138,-0.08951069445611742,-0.011684554837999971,0.11347728034528146,1.2058097901864757
2024-08-16,SEMI,SOXX,231.22999572753906,0.09184057541010615,-0.02203521679948517,-0.030726030793382875,0.1096909004167046,,-0.03172575290916446,-0.07770018273223245,-1.658636355328369e-05,-0.02792668296589529,,0.16666666666666666,,0.16666666666666666,0.3333333333333333,-0.02429596988019696,-0.07662055433927127,0.12179946242656518,0.39477342122011405,2.050929991218967
2024-08-23,AI_SOFTWARE,IGV,86.37000274658203,0.009939267269423402,0.01887467461220549,0.10603158915342137,0.019957515768961986,,-0.013617431702686478,0.04011959171810853,-0.08692443387550242,0.01360157090086167,,0.8333333333333334,,0.6666666666666666,1.0,-0.004723765799989232,0.07433700502742036,-0.02277132253623267,0.20532164194211683,0.9390377006590687
2024-08-23,COMMUNICATION_SERVICES,XLC,87.5,0.014375119789716617,0.045400277064617134,0.050924786872236893,0.09759155368999695,,0.012908170749725167,-0.014987210563075948,-0.009290395954467456,0.020777187680523834,,0.6666666666666666,,0.8333333333333334,0.6666666666666666,0.03366091766078625,-0.029427765652539073,-0.012785924572203048,0.0980259769462531,1.5205617629918484
2024-08-23,CONSUMER_DISCRETIONARY,XLY,93.93499755859375,0.02588319831809205,0.028804525980258733,0.06762512822602806,0.03629544969241283,,-0.0036875803346332336,0.0017131307907152227,-0.07058649995205157,0.022299343710658226,,0.8333333333333334,,0.8333333333333334,0.8333333333333334,0.02637799868081886,0.006155673018674368,-0.1112969211679602,0.18891947384994914,1.2637829058638599
2024-08-23,CONSUMER_STAPLES,XLP,81.83999633789062,0.016519614536957494,0.042680577975495515,0.058184642010324916,0.09441023901899737,,0.010188471660603549,-0.007727355424987925,-0.012471710625467036,0.04066525930681708,,1.0,,1.0,1.0,0.011200210545806518,0.00896447362555545,0.02767102928375557,0.06818607319808315,1.2118623249720228
2024-08-23,DEFENSIVE,XLU,37.709999084472656,0.013164907246079771,0.059716174080983286,0.03712867028216582,0.21723691548352142,,0.02722406776609132,-0.02878332715314702,0.11035496583905702,0.05286666726452438,,1.0,,1.0,1.0,0.0011665364151502988,0.006300133747819903,-0.012208889128108025,0.16831463362627047,1.0239055106157515
2024-08-23,ENERGY,XLE,45.19499969482422,-0.0008842912564963612,-0.019524926826006483,-0.03015018938417191,0.051535602051629104,,-0.05201703314089845,-0.09606218681948475,-0.0553463475928353,-0.0009395012166260042,,0.3333333333333333,,0.16666666666666666,0.0,-0.06672453882510505,-0.11151426400250221,-0.09822394479433733,0.149818830499314,1.134364426871762
2024-08-23,FINANCIALS,XLF,44.43000030517578,0.015078817466519956,0.02349690074519728,0.06700290481322457,0.10248141802239075,,-0.008995205569694686,0.0010909073779117318,-0.004400531622073656,0.04472346773054814,,0.8333333333333334,,0.5,0.8333333333333334,-0.03583867393261714,0.013743953523820443,0.08434954347542607,0.1280358127092567,1.086847564735291
2024-08-23,HEALTHCARE,XLV,155.4499969482422,0.01687709762191658,0.03660969584277374,0.08176757306565641,0.051332316424725244,,0.004117589527881771,0.015855575630343566,-0.05554963321973916,0.0417294746340513,,0.8333333333333334,,0.8333333333333334,0.8333333333333334,0.011868107463206027,0.05011016978559002,-0.03651973576461905,0.08887537480595395,1.3294036004028453
2024-08-23,MARKET,SPY,562.1300048828125,0.014107642580255098,0.032492106314891966,0.06591199743531284,0.1068819496444644,,0.0,0.0,0.0,0.025949432360971247,,1.0,,0.75,1.0,-0.012738375020319881,-0.0025886432303078855,-0.010815519401646989,0.12380749489717484,1.3113587652345284
2024-08-23,MATERIALS,XLB,46.3650016784668,0.023848997122529747,0.01532904300679494,0.013110505775600911,0.06794888173973046,,-0.017163063308097026,-0.05280149165971193,-0.03893306790473394,0.03068838272405694,,0.8333333333333334,,0.8333333333333334,0.8333333333333334,0.007081820075979979,-0.0016735412147671676,0.09604088116431408,0.1258775395644798,1.2509913839761764
2024-08-23,NUCLEAR,URA,26.809999465942383,0.058846753123095175,-0.026506950810353036,-0.16842437747610695,-0.006300966611501035,,-0.058999057125245,-0.2343363749114198,-0.11318291625596544,-0.0305901311536666,,0.16666666666666666,,0.3333333333333333,0.16666666666666666,-0.041364942572049056,-0.20341363786047162,-0.017233664319132702,0.3913962661916785,1.1968050960009762
2024-08-23,POWER_INDUSTRIALS,XLI,129.27999877929688,0.018193254598607433,0.023594581595677955,0.04671683704370877,0.07536181555980148,,-0.008897524719214012,-0.01919516039160407,-0.03152013408466292,0.03866886310909656,,0.8333333333333334,,0.8333333333333334,0.5,0.0012129918459324502,-0.06825296450129713,-0.02561819100779501,0.11605721848970618,1.051296370674164
2024-08-23,SEMI,SOXX,233.38999938964844,0.009341364451066037,0.017526286602600694,-0.002649438621175615,0.10008329318272513,,-0.014965819712291273,-0.06856143605648846,-0.006798656461739272,-0.011092847663748184,,0.16666666666666666,,0.5,0.3333333333333333,-0.021790489175330607,-0.08522238438472517,0.07122032161636067,0.3931199973492733,1.7933946815250188
2024-08-30,AI_SOFTWARE,IGV,86.80000305175781,0.004978583900679512,0.08215938215315188,0.07987068944651954,-0.001311623112094873,,0.024400014820485483,0.024309965176241732,-0.10042446216755119,0.01622688451288279,,0.8333333333333334,,1.0,0.8333333333333334,0.037820557487456496,0.04653705270793059,-0.048408918348649854,0.2000077596395013,0.752075595646133
2024-08-30,COMMUNICATION_SERVICES,XLC,87.31999969482422,-0.00205714634486609,0.030446092708219963,0.03459713407765719,0.09122723516622822,,-0.027313274624446437,-0.020963590192620618,-0.007885603889228099,0.01585676240243039,,0.6666666666666666,,0.8333333333333334,0.6666666666666666,-0.010516074305260784,-0.036037008813198136,-0.01969109211607517,0.09630876478361146,1.2229856784338757
2024-08-30,CONSUMER_DISCRETIONARY,XLY,93.55999755859375,-0.003992122315924718,0.06221611732082133,0.053247727457385485,0.01135007456617565,,0.004456749988154929,-0.0023129968128923206,-0.08776276448928066,0.01572548243787275,,0.6666666666666666,,1.0,0.6666666666666666,0.00260518194933231,0.0018728092498578135,-0.12598933639103752,0.1897370048210188,1.0987766859309767
2024-08-30,CONSUMER_STAPLES,XLP,82.51000213623047,0.008186776983390986,0.04100428857438043,0.06245169000020834,0.10811178016031575,,-0.01675507875828597,0.006890965729930532,0.008998941104859437,0.0427672662467411,,1.0,,0.8333333333333334,1.0,-0.011173414444398197,0.02137163983645211,0.06101951176879924,0.06853008191735538,1.0016452233704463
2024-08-30,DEFENSIVE,XLU,38.14500045776367,0.011535438447415114,0.027890052018037625,0.09079208253446858,0.23606609537682433,,-0.029869315314628775,0.03523135826419077,0.136953256321368,0.054851161614158706,,1.0,,1.0,1.0,-0.028547087889937355,0.030311770847927022,0.02400616602056338,0.13973622694557553,0.8901213797798185
2024-08-30,ENERGY,XLE,45.63999938964844,0.00984621524126661,0.032579153888078416,0.014334936616847038,0.047509747746684594,,-0.025180213444587984,-0.04122578765343077,-0.05160309130877172,0.007194224012635919,,0.5,,0.6666666666666666,0.5,-0.03641602610090152,-0.06064799477166122,-0.0994094511183204,0.13231246151246853,0.9485483825767345
2024-08-30,FINANCIALS,XLF,45.7400016784668,0.029484613195881693,0.08749406050929553,0.10270014906564295,0.1352693134548697,,0.029734693176629134,0.04713942479536515,0.036156474399413385,0.06448837563154486,,1.0,,1.0,1.0,0.03226251561301696,0.05520146563057108,0.11127045378344469,0.13506393181770526,0.9239485448001499
2024-08-30,HEALTHCARE,XLV,157.1999969482422,0.01125763933326196,0.042025694764948884,0.07355053480271212,0.0742107481352976,,-0.015733672567717516,0.017989810532434314,-0.024902090920158715,0.04617266813345133,,0.8333333333333334,,1.0,0.8333333333333334,-0.005792437522558573,0.04421940596572612,-0.005677560189765285,0.08517107816767942,1.0686452042017904
2024-08-30,MARKET,SPY,563.6799926757812,0.0027573475521767143,0.0577593673326664,0.055560724270277806,0.09911283905545631,,0.0,0.0,0.0,0.025191459396283422,,1.0,,1.0,1.0,-0.0009921286013143682,0.006158331903373615,-0.021694413154635495,0.12282126561349176,1.1687701028296449
2024-08-30,MATERIALS,XLB,47.13999938964844,0.01671514468081159,0.04709015793710791,0.05000554424755643,0.0718508385698684,,-0.010669209395558488,-0.005555180022721373,-0.02726200048558791,0.04253976522289604,,0.8333333333333334,,0.8333333333333334,0.6666666666666666,-0.006161998876171415,0.05061288364971602,0.11070236885717004,0.1205863077359331,1.000693051501015
2024-08-30,NUCLEAR,URA,25.899999618530273,-0.033942553731420744,0.05628055199850768,-0.1355140050069813,-0.08448219228177145,,-0.001478815334158723,-0.1910747292772591,-0.18359503133722777,-0.05069092677833853,,0.3333333333333333,,1.0,0.16666666666666666,0.02302096189841237,-0.14054218893025403,-0.12260895520676135,0.3732021777206687,1.0288846464231436
2024-08-30,POWER_INDUSTRIALS,XLI,131.4600067138672,0.016862685296678892,0.07113177803429438,0.07463422501555761,0.08179732015626207,,0.01337241070162798,0.019073500745279803,-0.01731551889919425,0.04902809480841852,,1.0,,1.0,0.8333333333333334,0.054578510440492445,0.020847095162257117,-0.029749127570660193,0.11456566401081966,0.8149678964334826
2024-08-30,SEMI,SOXX,231.13999938964844,-0.009640515899927649,0.11764422473899727,-0.03699693660838488,0.019975313997109057,,0.05988485740633087,-0.09255766087866268,-0.07913752505834726,-0.01282971526650234,,0.0,,1.0,0.0,0.03294556650123851,-0.15669593031400164,-0.038974682627534785,0.3895676271781801,1.1831562711055492
2024-09-06,AI_SOFTWARE,IGV,83.36000061035156,-0.03963136313895077,0.010791795519278002,0.003853560829674585,-0.01848580818536205,,-0.0030358471235916173,0.008312169869597152,-0.07445388459929725,-0.019985883377735214,,0.3333333333333333,,0.8333333333333334,0.5,0.0031541573495559674,0.039335004157141286,-0.03501296107473667,0.2117296898827375,0.6702230207882798
2024-09-06,COMMUNICATION_SERVICES,XLC,83.7699966430664,-0.04065509693271607,-0.016899453783337237,-0.004279099276173315,0.0525191669494498,,-0.030727096426206857,0.00017950976374925265,-0.0034489094644853946,-0.02329543234742326,,0.3333333333333333,,0.3333333333333333,0.16666666666666666,-0.024577806671312152,-0.026775169322788634,-0.017527378704044305,0.13236997066878034,0.8313511028889266
2024-09-06,CONSUMER_DISCRETIONARY,XLY,91.19999694824219,-0.025224462077113263,0.04623148863082771,0.022822811773901552,0.011591128424320862,,0.03240384598795809,0.02728142081382412,-0.044376947989614335,-0.00989564647463892,,0.5,,1.0,0.6666666666666666,0.040255723404728494,0.03495374742967805,-0.06297481202854606,0.199708878087554,0.9535183148277808
2024-09-06,CONSUMER_STAPLES,XLP,82.98999786376953,0.005817424737749377,0.048515429739254046,0.07849254262595928,0.10417767190194427,,0.034687787096384426,0.08295115166588185,0.04820959548800907,0.040405165645436725,,1.0,,1.0,1.0,0.03550375127704023,0.09100402642726664,0.10489096286377098,0.06042665894667266,0.8606246853520072
2024-09-06,DEFENSIVE,XLU,37.95500183105469,-0.004980957515503537,0.031245795852287594,0.08535889351311687,0.19074515548406867,,0.017418153209417975,0.08981750255303944,0.13477707907013348,0.038440531735186356,,1.0,,1.0,1.0,0.018684173287599897,0.09424377108085331,0.055201150910092554,0.14136477997568767,0.7585497421081612
2024-09-06,ENERGY,XLE,43.005001068115234,-0.057734407466509374,-0.038027081832228804,-0.023057686939878863,-0.02449808412807275,,-0.051854724475098424,-0.018599077899956296,-0.08046616054200795,-0.045542296798582904,,0.0,,0.0,0.16666666666666666,-0.06039457337484263,-0.03955908957353902,-0.12500651839981353,0.1760388425340042,0.8978653564284613
2024-09-06,FINANCIALS,XLF,44.290000915527344,-0.03170093375011995,0.04457545569886068,0.08954487707291015,0.0903496326968587,,0.030747813055991058,0.09400348611283271,0.0343815562829235,0.023170934557634304,,0.5,,0.8333333333333334,0.8333333333333334,0.007161517017289547,0.07919973345170239,0.07124316370953594,0.14821733405391613,0.7301368650866503
2024-09-06,HEALTHCARE,XLV,153.9499969482422,-0.020674300655807665,0.026470204919296192,0.055319384393443194,0.0513556282769978,,0.012642562276426572,0.05977799343336576,-0.004612448136937397,0.0189830539492557,,0.8333333333333334,,1.0,0.8333333333333334,0.01574950715222201,0.0828460856142973,0.036404595724303636,0.10027063476825916,0.7639471312224976
2024-09-06,MARKET,SPY,540.3599853515625,-0.04137100416411621,0.01382764264286962,-0.0044586090399225675,0.0559680764139352,,0.0,0.0,0.0,-0.016531312489418415,,0.25,,0.75,0.5,-0.003881179952924474,0.00930774334201842,-0.027714354874306957,0.15206926915154634,0.9155850272028974
2024-09-06,MATERIALS,XLB,44.94499969482422,-0.04656342221561893,0.01501808793721704,0.01022697233517178,0.006043658922767037,,0.0011904452943474197,0.014685581375094348,-0.04992441749116816,-0.007738086274891809,,0.5,,0.6666666666666666,0.6666666666666666,-0.0011134098312379215,0.05645921555910973,0.05291228753316942,0.159191895409978,0.7986886601252778
2024-09-06,NUCLEAR,URA,23.18000030517578,-0.10501928005467831,-0.06229769623604953,-0.21583218119192904,-0.1739130168797638,,-0.07612533887891915,-0.21137357215200647,-0.229881093293699,-0.1320302484094108,,0.0,,0.0,0.16666666666666666,-0.08370546085040718,-0.16932779727777802,-0.16922866924446403,0.42179615781753654,0.9076218551689995
2024-09-06,POWER_INDUSTRIALS,XLI,125.88999938964844,-0.0423703563041975,0.012954623641497465,0.039125033463222936,0.02935401674823601,,-0.000873019001372155,0.0435836425031455,-0.026614059665699186,0.0013681241438983083,,0.3333333333333333,,0.3333333333333333,0.3333333333333333,-0.009307627636852481,0.0031551595853100043,-0.07165892415937147,0.15049091471485035,0.665956339074963
2024-09-06,SEMI,SOXX,203.92999267578125,-0.11772089117296147,-0.03706679643386146,-0.19088240712549875,-0.10607991798125149,,-0.05089443907673108,-0.1864237980855762,-0.1620479943951867,-0.11286185674705673,,0.0,,0.0,0.0,-0.07196202734944407,-0.254197065982096,-0.13490114107544607,0.4376174169755706,0.9512366929526384
2024-09-13,AI_SOFTWARE,IGV,87.33000183105469,0.04762477437182433,0.02116470134514481,0.03019942537885756,0.04511733344435953,,0.007273535317208868,-0.0019395613911608045,-0.05723055618092654,0.02862192969440147,,0.8333333333333334,,0.8333333333333334,0.8333333333333334,0.04459241954663926,0.08209487176506224,0.019011906903746174,0.2302924004218177,0.7260279308488091
2024-09-13,COMMUNICATION_SERVICES,XLC,86.87000274658203,0.037006162441719725,0.007071650767967563,0.02272192429600106,0.09559845810987122,,-0.006819515259968378,-0.009417062474017301,-0.00674943151541485,0.013900762465733019,,0.6666666666666666,,0.6666666666666666,0.6666666666666666,-0.005888675515213604,-0.030698928552838345,-0.01777182378972721,0.15268990351639805,0.8381550965988893
2024-09-13,CONSUMER_DISCRETIONARY,XLY,96.23999786376953,0.05526316978264423,0.05105657508560513,0.05404958701165463,0.0810446078542697,,0.037165409057669185,0.02191060024163627,-0.02130328177101637,0.043020233645077344,,1.0,,0.8333333333333334,0.6666666666666666,0.02502184056402736,0.021676894258817414,-0.030429676934368544,0.22484052776404184,0.984141174982787
2024-09-13,CONSUMER_STAPLES,XLP,83.93000030517578,0.011326695572992929,0.0424791712607131,0.08059742865725217,0.11121410911741458,,0.02858800523277716,0.048458441887233805,0.008866219492128513,0.04361991711222779,,1.0,,1.0,1.0,0.03420011879919308,0.06448589833864544,0.07268903471087733,0.06102635298455977,0.9370270276214938
2024-09-13,DEFENSIVE,XLU,39.27000045776367,0.03464625380766173,0.05507789279491648,0.13186340404037966,0.2376300354335248,,0.04118672676698054,0.0997244172703613,0.13528214580823872,0.059933336931518255,,1.0,,1.0,1.0,0.02388250444616069,0.06138150527677322,0.021117677123279832,0.14775511009495967,0.8018627991990877
2024-09-13,ENERGY,XLE,42.79499816894531,-0.00488322041516287,-0.05394058601710028,-0.046351015733809176,-0.06520316054926312,,-0.06783175204503622,-0.07849000250382754,-0.1675510501745492,-0.045425695417397494,,0.0,,0.0,0.16666666666666666,-0.08264481072085222,-0.1048034043644702,-0.2154355433099191,0.16942327611886174,1.0359563839130503
2024-09-13,FINANCIALS,XLF,44.5099983215332,0.004967202561712458,0.01690650801988447,0.07694160052248344,0.09119875760016916,,0.003015341991948528,0.04480261375246508,-0.011149132025116915,0.021246281120954613,,0.3333333333333333,,0.3333333333333333,0.8333333333333334,-0.03222103317117264,0.029471747157291173,0.026218084901326006,0.1467203272294169,0.8750077577866883
2024-09-13,HEALTHCARE,XLV,156.16000366210938,0.01435535406090449,0.021521610845868233,0.0636878023227534,0.07429831457353964,,0.0076304448179322915,0.03154881555273503,-0.028049575051746434,0.025634318789324206,,0.8333333333333334,,1.0,0.8333333333333334,0.0046713558799516735,0.04771609920547465,-0.0020807043168208916,0.10229955647680822,0.7920538479866571
2024-09-13,MARKET,SPY,562.010009765625,0.04006592827182942,0.013891166027935942,0.03213898677001836,0.10234788962528607,,0.0,0.0,0.0,0.021502073889592133,,1.0,,1.0,0.75,0.0009110672995152891,0.008161751286678759,-0.018984649332737247,0.17374822765282993,0.9086278998851236
2024-09-13,MATERIALS,XLB,46.345001220703125,0.031149216495380827,0.02340733966794062,0.03402502312053812,0.020814970552050616,,0.009516173640004677,0.0018860363505197597,-0.08153291907323545,0.017788536021737578,,0.8333333333333334,,0.8333333333333334,0.8333333333333334,0.01777014222609837,0.05316320335357322,0.038793151236788594,0.17089763368190322,0.792549586176323
2024-09-13,NUCLEAR,URA,25.43000030517578,0.09706643530533543,0.004344415943024149,-0.14174819353866486,-0.08820362632871559,,-0.009546750084911793,-0.17388718030868322,-0.19055151595400166,-0.0323439804247968,,0.16666666666666666,,0.8333333333333334,0.16666666666666666,0.000895511975118705,-0.1490684582614024,-0.11076845015546584,0.485173601680387,1.0606723803907097
2024-09-13,POWER_INDUSTRIALS,XLI,130.57000732421875,0.03717537498816714,0.028353202086357276,0.06180374097805652,0.06989516834398946,,0.014462036058421335,0.029664754208038158,-0.032452721281296615,0.030927061265501488,,1.0,,1.0,0.6666666666666666,0.052559045753361344,0.033309785585688034,-0.052943611201508256,0.164946166741595,0.7055889642787284
2024-09-13,SEMI,SOXX,222.85000610351562,0.09277700243835363,-0.03624092798884826,-0.10781484829606525,0.018696341650126902,,-0.0501320940167842,-0.1399538350660836,-0.08365154797515917,-0.01690904953831429,,0.16666666666666666,,0.0,0.0,-0.09474519062838489,-0.21302522051406628,-0.0631969703284665,0.4928498170104934,0.9547948867813086
2024-09-20,AI_SOFTWARE,IGV,89.19999694824219,0.021412974670550478,0.03276593853960663,0.02646715054059401,0.03732991236443728,,0.0218787859876568,-0.017687843010687265,-0.052921571767254205,0.048326406028742275,,1.0,,1.0,0.8333333333333334,0.06660551828233256,0.07263562703199554,0.035425414502780916,0.22872636324689827,0.879516186756294
2024-09-20,COMMUNICATION_SERVICES,XLC,88.9000015258789,0.02336823661924825,0.01600001743861612,0.03782392861608885,0.08653143311491052,,0.005112864886666291,-0.006331064935192421,-0.0037200510167809675,0.03446672961907038,,0.8333333333333334,,0.8333333333333334,0.6666666666666666,0.01032705663038506,-0.016786806097047673,-0.016869955153618443,0.1586686433634836,0.9068902605774115
2024-09-20,CONSUMER_DISCRETIONARY,XLY,98.34500122070312,0.02187243769387126,0.04694739742084475,0.07834434771435217,0.0764557855044512,,0.03606024486889492,0.034189354163070895,-0.013795698627240283,0.06283876126411814,,1.0,,1.0,0.8333333333333334,0.03964614165024823,0.07568655711066137,-0.004709701492090823,0.22703964161984821,0.9674892514282348
2024-09-20,CONSUMER_STAPLES,XLP,83.05000305175781,-0.010484895153320961,0.014785028934647837,0.08448682509797756,0.09796408939584755,,0.0038978763826980067,0.040331831546696284,0.007712605264156069,0.025536577054835696,,0.8333333333333334,,0.8333333333333334,1.0,0.009187543778594912,0.04567456552558228,0.057791606487569404,0.055582330836114316,1.0445407449433606
2024-09-20,DEFENSIVE,XLU,40.040000915527344,0.0196078545655185,0.061787374373447834,0.17522751024884986,0.25399312661569096,,0.050900221821498004,0.1310725166975686,0.16374164248399947,0.06800391135054906,,1.0,,0.8333333333333334,1.0,0.011116399238397209,0.060874035046602715,0.03294241614430345,0.13341400720856092,1.0934156952777179
2024-09-20,ENERGY,XLE,44.380001068115234,0.037037106367259875,-0.018032937984560293,-0.02622050849850921,-0.03939393213785791,,-0.028920090536510124,-0.07037550204979048,-0.1296454162695494,-0.008124072691426232,,0.16666666666666666,,0.0,0.16666666666666666,-0.03507343936099753,-0.09538678331134692,-0.17495951806184232,0.18602436131619307,1.0850022875724041
2024-09-20,FINANCIALS,XLF,45.65999984741211,0.02583692584240227,0.02768398680593842,0.11067864678928885,0.10236605180841707,,0.01679683425398859,0.06652365323800757,0.012114567676725585,0.0398068765216939,,0.8333333333333334,,0.5,1.0,-0.012452156699614489,0.038865731717873296,0.04186280062395439,0.14927988245883006,0.9933776308334924
2024-09-20,HEALTHCARE,XLV,155.27999877929688,-0.0056352770374967776,-0.0010935874704578463,0.06538592644457553,0.06765673936133831,,-0.011980740022407677,0.021230932893294252,-0.02259474477035317,0.01518063875347786,,0.6666666666666666,,0.3333333333333333,0.8333333333333334,-0.021844736763609873,0.02415179490099321,-0.0028328032979250315,0.10143577105767841,0.8726938952894235
2024-09-20,MARKET,SPY,568.25,0.011102987715427393,0.01088715255194983,0.044154993551281274,0.09025148413169148,,0.0,0.0,0.0,0.03129548544259242,,1.0,,1.0,1.0,-0.001040857810212903,0.01166555829984145,-0.011175138395494055,0.17434716039176676,0.9855940021381078
2024-09-20,MATERIALS,XLB,47.03499984741211,0.014888307444919313,0.014450515360521887,0.06522480234934558,0.029550146296161595,,0.003563362808572057,0.021069808798064305,-0.06070133783552989,0.028908301215474275,,1.0,,0.8333333333333334,0.8333333333333334,0.017543585559809765,0.07954488435241676,0.06946334511244366,0.16735475594205057,0.8891589739400375
2024-09-20,NUCLEAR,URA,27.18000030517578,0.06881635780569861,0.01380085216724547,-0.061139910574011136,-0.05788561713041018,,0.0029136996152956396,-0.10529490412529241,-0.14813710126210167,0.050231846405961456,,1.0,,0.8333333333333334,0.5,0.071314631807447,-0.02339376748915604,-0.02594593402843746,0.5109954175321757,1.0114910635007017
2024-09-20,POWER_INDUSTRIALS,XLI,133.17999267578125,0.01998916447237109,0.030167032281167794,0.09280372260856806,0.06365301213628838,,0.019279879729217964,0.04864872905728679,-0.026598471995403106,0.0441149264230849,,1.0,,1.0,1.0,0.10113068870875948,0.11955546928104129,-0.03182447522327334,0.16416894426430234,0.8165690361240172
2024-09-20,SEMI,SOXX,223.6699981689453,0.003679569409788641,-0.04164703391800184,-0.09309494489438441,-0.007895315162525951,,-0.05253418646995167,-0.1372499384456657,-0.09814679929421743,0.0027301932556043074,,0.5,,0.0,0.0,-0.08468943562602498,-0.21250725502874065,-0.1241101048636437,0.4931835074841818,1.0123670178176616
2024-09-27,AI_SOFTWARE,IGV,89.23999786376953,0.00044844077237526925,0.028110538320566425,0.0034858603118177456,0.046558008408529084,,0.014290679307361387,-0.026858066578050233,-0.04597255671887668,0.04341317027414027,,1.0,,1.0,0.8333333333333334,0.060760937681865634,0.04946892176589087,0.0531449903404442,0.22383652456417202,0.8953737990685816
2024-09-27,COMMUNICATION_SERVICES,XLC,90.01000213623047,0.01248594590888108,0.030806258025739552,0.025638103295705372,0.10225322189148445,,0.016986399012534514,-0.004705823594162606,0.009722656764078685,0.04144492830286439,,1.0,,1.0,0.6666666666666666,0.023844416944482954,-0.01611820144500642,0.001361392586019916,0.15294542565034785,0.9060971078342055
2024-09-27,CONSUMER_DISCRETIONARY,XLY,100.41999816894531,0.021099160328297062,0.07332194088670585,0.06096140042310294,0.09217465334983488,,0.05950208187350081,0.030617473533234962,-0.0003559117775708831,0.07767593552440233,,1.0,,1.0,0.8333333333333334,0.07827661317380048,0.07393958653343426,0.02184143628652165,0.218734516604186,0.992175534863618
2024-09-27,CONSUMER_STAPLES,XLP,83.0199966430664,-0.00036130532918465796,0.006181002225571275,0.07288704561693837,0.08721838632112311,,-0.007638856787633763,0.042543118727070395,-0.0053121788062826525,0.01896283084463235,,0.8333333333333334,,0.5,0.8333333333333334,-0.010936658748930886,0.04006313754370241,0.0468682248154935,0.05677913183177773,1.1054471060621578
2024-09-27,DEFENSIVE,XLU,40.209999084472656,0.004245708418038285,0.05413549880528823,0.17315819969001622,0.224980903271482,,0.04031563979208319,0.14281427280014825,0.13245033814407625,0.05801864916697763,,0.6666666666666666,,0.5,1.0,-0.012291480411624664,0.0669804583605822,0.009364141770677015,0.13394616427382913,1.2252021233934087
2024-09-27,ENERGY,XLE,43.595001220703125,-0.01768814395040863,-0.04480714715805045,-0.03229740379574664,-0.0764749596509211,,-0.05862700617125549,-0.06264133068561462,-0.16900552477832687,-0.019995712501394314,,0.0,,0.0,0.16666666666666666,-0.05681331547694429,-0.0820057530477395,-0.21202610609393138,0.18796514281219082,1.2348066038290912
2024-09-27,FINANCIALS,XLF,45.150001525878906,-0.01116947707484739,-0.012898997178341753,0.08690420151151645,0.07193738534737792,,-0.02671885619154679,0.056560274621648476,-0.020593179780027837,0.022835415993932573,,0.5,,0.16666666666666666,0.8333333333333334,-0.04062824735815338,0.032035757332100345,0.0030071678819414784,0.15495112255600263,1.0475450980573768
2024-09-27,HEALTHCARE,XLV,153.02000427246094,-0.014554318164621605,-0.02659028471328473,0.0596219125545987,0.03580862856503653,,-0.04041014372648977,0.02927798566473072,-0.056721936562369235,-0.0029516286353563626,,0.16666666666666666,,0.0,0.6666666666666666,-0.047355084563151205,0.03254081560297093,-0.043881922557082065,0.10560530222873495,0.9401114290107359
2024-09-27,MARKET,SPY,571.469970703125,0.005666468461284602,0.013819859013205038,0.030343926889867978,0.09253056512740576,,0.0,0.0,0.0,0.03292515367758009,,1.0,,1.0,0.75,-0.00023001892556084869,0.020012693300102663,-0.01929860100620362,0.17099114347548247,0.9919053209992197
2024-09-27,MATERIALS,XLB,48.459999084472656,0.030296571525107563,0.028001690961287462,0.10261656981212686,0.04338463565267259,,0.014181831948082424,0.07227264292225888,-0.049145929474733174,0.052242997093345345,,1.0,,1.0,0.8333333333333334,0.03833623742831708,0.11859769583192038,0.07639866584898669,0.17302521519996464,0.8892430650197068
2024-09-27,NUCLEAR,URA,29.100000381469727,0.07064017861428518,0.12355215482899062,-0.01987201555995588,0.009365260439756717,,0.10973229581578559,-0.05021594244982386,-0.08316530468764904,0.1205236925675992,,1.0,,1.0,0.5,0.19190504077973602,0.07459032126807874,0.058159721364708115,0.5310824487125352,1.055002860422191
2024-09-27,POWER_INDUSTRIALS,XLI,134.8300018310547,0.012389317059734894,0.025635135745295967,0.11227520601630814,0.07041920300931048,,0.011815276732090929,0.08193127912644016,-0.02211136211809528,0.04886074924488737,,1.0,,1.0,1.0,0.07428347185453395,0.13790901564689892,0.09949755774753506,0.1616628661795357,0.8513814634801009
2024-09-27,SEMI,SOXX,232.67999267578125,0.04028253489782019,0.006662599680710146,-0.08666981593321643,0.029922072245152753,,-0.007157259332494892,-0.11701374282308441,-0.06260849288225301,0.04488400757467992,,1.0,,1.0,0.0,0.020267088812311245,-0.16058074468017972,-0.053955573146652724,0.4961377797621227,1.023265851957191
2024-10-04,AI_SOFTWARE,IGV,89.9000015258789,0.007395827856438553,0.07845490484215767,0.02954651672092945,0.06807655318504802,,0.018087749609586812,0.006349690954564835,-0.03714495900296999,0.04486287036779957,0.0658004557140881,0.8333333333333334,0.5,1.0,0.8333333333333334,0.07003387113980968,0.07589705592629063,0.07266865687482393,0.21995200861365305,0.8925791758472235
2024-10-04,COMMUNICATION_SERVICES,XLC,90.87999725341797,0.009665538235081428,0.08487526435803017,0.05294867134855097,0.10130878514830854,,0.02450810912545931,0.029751845582186354,-0.003912727039709463,0.04284760458189152,0.09956319267735414,1.0,0.8333333333333334,1.0,0.6666666666666666,0.043835961042759185,0.043676303710373454,-0.012770933595132225,0.14730637217176235,0.9415530633984034
2024-10-04,CONSUMER_DISCRETIONARY,XLY,99.08499908447266,-0.013294155634484994,0.08645835965000481,0.03488428891407458,0.10808545195076857,,0.026091204417433955,0.011687463147709964,0.002863939762750567,0.054544487547221854,0.09185775399969853,1.0,0.8333333333333334,1.0,0.8333333333333334,0.03378263899759282,0.0523046273751086,0.03449992236594537,0.22150446076699698,0.9772632261181995
2024-10-04,CONSUMER_STAPLES,XLP,81.47000122070312,-0.018670145567787566,-0.018315419715536407,0.05190451169607413,0.0960581086204868,,-0.07868257494810726,0.028707685929709514,-0.009163403567531203,-0.0037053686882756454,0.05672420110123855,0.3333333333333333,0.8333333333333334,0.3333333333333333,1.0,-0.07029379461005479,0.04235938231821942,0.05142114523901572,0.0762254083954491,1.0777477332557113
2024-10-04,DEFENSIVE,XLU,40.654998779296875,0.011066891443826332,0.07113678877583562,0.1410327690300981,0.24785133500346346,,0.010769633543264767,0.11783594326373348,0.14262982281544545,0.0556449545428781,0.17865771633607608,0.16666666666666666,1.0,0.16666666666666666,1.0,-0.06685282286324806,0.0435225096095091,0.01403530105267207,0.1202531498765216,1.3144891188691814
2024-10-04,ENERGY,XLE,46.59000015258789,0.06870051262809573,0.08336237636163313,0.02938581264643836,-0.049959231590546715,,0.02299522112906227,0.0061889868800737435,-0.15518074377856472,0.0461669676549068,0.03837346374042072,1.0,0.3333333333333333,1.0,0.5,0.03453016099644587,-0.013816884753043324,-0.19322248938832254,0.23955527673753899,1.3951249057070152
2024-10-04,FINANCIALS,XLF,45.650001525878906,0.011074196746447829,0.030706718948718015,0.07715904613848323,0.09814774743822485,,-0.029660436283852842,0.05396222037211862,-0.007073764749793154,0.028941098060666803,0.09701297899327965,1.0,1.0,0.8333333333333334,0.8333333333333334,-0.02249332475054248,0.012213103052934438,0.02595540169964165,0.15246199725431642,1.0597753355715378
2024-10-04,HEALTHCARE,XLV,151.63999938964844,-0.009018460621366353,-0.015004856150600432,0.0227287719705922,0.05879065840789943,,-0.07537201138317129,-0.00046805379577241624,-0.046430853780118575,-0.01302386385005927,0.034938735551589106,0.3333333333333333,0.8333333333333334,0.16666666666666666,0.6666666666666666,-0.08211869332054568,0.0073953155421926375,-0.015276812508929094,0.09656228643114992,0.9755654969776124
2024-10-04,MARKET,SPY,572.97998046875,0.002642325656704525,0.06036715523257086,0.023196825766364615,0.10522151218801801,,0.0,0.0,0.0,0.03033940349106401,0.08715673694167725,1.0,1.0,1.0,0.75,0.001686210654875897,0.0007559783956462285,-0.01604977432019683,0.17027626312953983,1.0296895799074879
2024-10-04,MATERIALS,XLB,47.584999084472656,-0.018056129107116847,0.05873844493434177,0.05160218971210284,0.02587044963591989,,-0.0016287102982290858,0.028405363945738227,-0.07935106255209812,0.02895383770869242,0.06270185009138785,1.0,1.0,1.0,0.8333333333333334,0.022696778996622924,0.057012859241513635,0.014028949987730743,0.1739255511911524,1.01318724035681
2024-10-04,NUCLEAR,URA,30.31999969482422,0.04192437447978059,0.30802412837130855,-0.027581802499495378,-0.007203707076225752,,0.2476569731387377,-0.05077862826585999,-0.11242521926424376,0.15513561976920642,0.052019799854846616,1.0,0.8333333333333334,1.0,0.5,0.4065825921682921,0.10709873349844988,0.08204136551523045,0.527723665336693,1.0601773774329875
2024-10-04,POWER_INDUSTRIALS,XLI,135.50999450683594,0.005043333579668019,0.07641588024329216,0.09123847780493133,0.07830028233677666,,0.0160487250107213,0.06804165203856671,-0.026921229851241346,0.04665168786372775,0.09941235648362867,1.0,1.0,1.0,1.0,0.12039101243858907,0.1283777298616966,0.14063151589161058,0.15799608275050123,0.8651783238968811
2024-10-04,SEMI,SOXX,231.0800018310547,-0.006876357637487174,0.1331339681771968,-0.11085463539780527,0.04263861724516449,,0.07276681294462595,-0.13405146116416988,-0.06258289494285352,0.036902769799300295,0.03741792930725496,1.0,0.6666666666666666,1.0,0.0,0.09817462967048178,-0.17048179396670884,-0.0692026931576686,0.4927625199802647,0.8870586865162748
2024-10-11,AI_SOFTWARE,IGV,92.81999969482422,0.032480513007608236,0.0628649690674492,0.09393048160317807,0.12155627475738928,,0.03160216766014701,0.03820992676681523,-0.01298421690387741,0.063218055551441,0.09538344713694169,0.8333333333333334,0.8333333333333334,0.8333333333333334,0.8333333333333334,0.04551334284926659,0.10203448000990045,0.11345214914159203,0.21560718533282416,0.867631806829898
2024-10-11,COMMUNICATION_SERVICES,XLC,90.43000030517578,-0.0049515510766068305,0.040980746472162544,0.06250733940398034,0.11188981026982336,,0.009717945064860345,0.006786784567617499,-0.022650681391443328,0.030952518359059544,0.08806623095576271,1.0,0.8333333333333334,1.0,0.6666666666666666,0.023570975691211693,0.02983363590715893,-0.031790379286258795,0.14313894804168617,0.8247578261058189
2024-10-11,CONSUMER_DISCRETIONARY,XLY,98.29000091552734,-0.008023395834797942,0.021300946563399314,0.046696152422476045,0.10993168738979242,,-0.009961854843902884,-0.0090244024138868,-0.02460880427147427,0.034838567268113074,0.07953454538562044,0.6666666666666666,0.8333333333333334,0.8333333333333334,0.8333333333333334,-0.009266909749702734,0.01719767274433054,-0.029079468345141635,0.21731357956506667,0.9113537793594955
2024-10-11,CONSUMER_STAPLES,XLP,81.63999938964844,0.0020866351589314824,-0.027284652772557205,0.045460407455996776,0.11256476485961886,,-0.058547454179859404,-0.01026014738036607,-0.021975726801647832,-0.004523791578088465,0.055632775721226935,0.5,1.0,0.0,1.0,-0.051304747514557436,0.0033986571033228032,0.031329982883338915,0.07578155935607879,1.0047495693639954
2024-10-11,DEFENSIVE,XLU,39.625,-0.025335107864309925,0.009039967866008691,0.13004424787907065,0.2344237346910012,,-0.022222833541293507,0.0743236930427078,0.0998832430297345,0.022224509696732397,0.14270058926665063,0.16666666666666666,1.0,0.16666666666666666,1.0,-0.04797157196196509,0.0016411265440140488,0.006210360047377257,0.13142631252379697,1.4404865614409725
2024-10-11,ENERGY,XLE,46.404998779296875,-0.003970838649605346,0.08435566689593177,0.0047633950300818295,-0.03453656288028417,,0.05309286548862957,-0.050957159806281016,-0.16907705454155086,0.03687894119288915,0.03191300457326385,1.0,0.3333333333333333,1.0,0.3333333333333333,0.06141821731413603,-0.0807943965852717,-0.21138504099143848,0.23648702975822053,1.2859679343587136
2024-10-11,FINANCIALS,XLF,46.5099983215332,0.018838921509493733,0.04493372445337607,0.08541423518655522,0.1610084055699148,,0.013670923046073868,0.029693680350192375,0.02646791390864811,0.037914750000019204,0.1118282159909807,1.0,1.0,1.0,0.8333333333333334,0.0454080193652181,-0.004718079917311139,0.09942711985986319,0.1544249805090328,0.9445395693042551
2024-10-11,HEALTHCARE,XLV,153.88999938964844,0.014837773734214244,-0.014536399969435565,0.04071146595825659,0.10783957477948847,,-0.045799201376737764,-0.015009088878106258,-0.026700916881778225,-0.00035077254756854526,0.04765470508160918,0.3333333333333333,0.8333333333333334,0.3333333333333333,0.8333333333333334,-0.0440563264676207,-0.01760001174621258,0.01101948999911904,0.09942367627948658,0.9854980699337755
2024-10-11,MARKET,SPY,579.5800170898438,0.011518790963157777,0.0312628014073022,0.055720554836362846,0.1345404916612667,,0.0,0.0,0.0,0.03353214543545824,0.09388568416253551,1.0,1.0,1.0,1.0,-0.0018766860415647124,-0.010090024165277045,-0.013424444170141603,0.1636335837915569,0.9940242307206258
2024-10-11,MATERIALS,XLB,47.94499969482422,0.0075654222397376625,0.03452364725381307,0.06414381023356563,0.06639236368184132,,0.0032608458465108736,0.008423255397202789,-0.06814812797942538,0.030222286230617845,0.0673003572903974,1.0,1.0,1.0,1.0,0.027650332875639488,0.07049227594558811,0.04896833219980671,0.172845154086933,1.043762574024787
2024-10-11,NUCLEAR,URA,30.0,-0.010554079750826784,0.1797089909548324,0.063829758452564,-0.007279924498782897,,0.1484461895475302,0.008109203616201155,-0.1418204161600496,0.1195700889125133,0.03817903150748436,1.0,0.8333333333333334,1.0,1.0,0.2496083039362932,0.12511220504456885,0.02179438260344191,0.48254348098981986,0.9311044150399581
2024-10-11,POWER_INDUSTRIALS,XLI,138.4199981689453,0.021474457826522686,0.060120934398312675,0.10851281432148574,0.12628150081673017,,0.028858132991010477,0.052792259485122894,-0.008258990844536518,0.056326728938853154,0.1169073051099172,1.0,1.0,1.0,1.0,0.08805040869776308,0.17036266306127024,0.1375390353095222,0.16051325387329415,0.8248967715624771
2024-10-11,SEMI,SOXX,235.4600067138672,0.018954495621022138,0.05658514814890392,-0.004144796639400816,0.07974503052037596,,0.02532234674160172,-0.05986535147576366,-0.05479546114089073,0.043146218585012,0.050614332360438,1.0,0.6666666666666666,1.0,0.3333333333333333,0.07022383784387498,-0.05768568282984856,-0.051736969615062134,0.4573165697764595,0.7334597437073991
2024-10-18,AI_SOFTWARE,IGV,92.30999755859375,-0.005494528527335341,0.03486547888736058,0.08894657560593489,0.17547432819940068,,0.006110482221335589,0.015201031130841924,-0.00513400553505261,0.04559095789928369,0.08597697944012572,0.8333333333333334,0.8333333333333334,0.8333333333333334,0.8333333333333334,0.016509861616534355,0.09267811501036943,0.14564297132722417,0.21669738378468706,0.7770034721829118
2024-10-18,COMMUNICATION_SERVICES,XLC,91.2300033569336,0.008846655413668358,0.026209243993954523,0.08996423755364957,0.14798039455883139,,-0.002545752672070467,0.016218693078556612,-0.0326279391756219,0.03298348854665201,0.09197005728669994,1.0,0.8333333333333334,0.8333333333333334,0.8333333333333334,0.02101338575978588,0.07119470383873326,-0.010271434267033844,0.1343358965465569,0.7245399012626385
2024-10-18,CONSUMER_DISCRETIONARY,XLY,99.75499725341797,0.014904835936970562,0.014337241498940667,0.09254692426481692,0.17524741377628894,,-0.014417755167084323,0.01880137978972396,-0.005360919958164345,0.036528643563010554,0.09179509276776088,0.6666666666666666,0.8333333333333334,0.5,1.0,-0.026022012359319797,0.04050795811005233,-0.00779953268891818,0.2055156694533847,0.888568041251839
2024-10-18,CONSUMER_STAPLES,XLP,82.23999786376953,0.0073493199241396745,-0.009753222856397459,0.04777678815214981,0.10478231013631234,,-0.03850821952242245,-0.025968756322943154,-0.07582602359814095,-0.0009718395450833972,0.060155831639526314,0.5,1.0,0.3333333333333333,1.0,-0.030664959994546437,-0.010781019476181411,-0.01668670458156311,0.07611156854501062,0.9054677718932453
2024-10-18,DEFENSIVE,XLU,40.974998474121094,0.03406936212292977,0.023351586843524785,0.1514683020464187,0.2524835177443765,,-0.005403409822500205,0.07772275757132574,0.07187518400992321,0.04580080504857742,0.17374921814523736,0.3333333333333333,1.0,0.3333333333333333,1.0,-0.03342587281927375,-0.021801608880250622,-0.04236741149923321,0.14030083546579825,1.1339321756159948
2024-10-18,ENERGY,XLE,45.16999816894531,-0.026613525327847776,0.01780074542174015,-0.02006731808789619,-0.04875228833632128,,-0.01095425124428484,-0.09381286256298915,-0.22936062207077457,0.008236386200630275,0.0023160283371996826,0.5,0.3333333333333333,0.6666666666666666,0.16666666666666666,-0.021356980415764837,-0.12396140828589776,-0.27521435397688876,0.24335897506813053,1.2296284555498578
2024-10-18,FINANCIALS,XLF,47.619998931884766,0.023865849288531527,0.04292595468731131,0.09698224140223388,0.17929662387964518,,0.014170958021286317,0.02323669692714092,-0.0013117098548081074,0.05044887255513264,0.1315867289681456,1.0,1.0,1.0,1.0,0.04408348878455811,-0.006689324156851713,0.05952857141976301,0.15800363737034523,0.9394436888431333
2024-10-18,HEALTHCARE,XLV,153.1300048828125,-0.004938556825331064,-0.013845916495273891,0.021138957235403932,0.10205115686222177,,-0.04260091316129888,-0.05260658723968903,-0.07855717687223152,-0.007318825829655373,0.04024825952222155,0.16666666666666666,0.8333333333333334,0.16666666666666666,0.6666666666666666,-0.04830633036182778,-0.06083122833629236,-0.07759939897221795,0.09761680631935059,0.9757407224261605
2024-10-18,MARKET,SPY,584.5900268554688,0.00864420721539183,0.02875499666602499,0.07374554447509296,0.18060833373445329,,0.0,0.0,0.0,0.03296137437554014,0.09775206580880558,1.0,1.0,1.0,1.0,-0.0044872803015100216,-0.01883946569583045,-0.010740726528542743,0.16102412985994768,0.8695772825190783
2024-10-18,MATERIALS,XLB,48.814998626708984,0.018145769890967056,0.03784413277498522,0.06898056822573184,0.09745951279420151,,0.009089136108960227,-0.004764976249361119,-0.08314882094025178,0.03879381207264654,0.0823964778533548,1.0,1.0,1.0,1.0,0.03585389519436851,0.06541259936720083,0.04243861597740165,0.1741243726673519,1.0030838136044238
2024-10-18,NUCLEAR,URA,33.459999084472656,0.11533330281575527,0.23105219679121936,0.21495998446418185,0.1605965720783611,,0.20229720012519437,0.1412144399890889,-0.020011761656092197,0.20925186927576966,0.15593553632437684,1.0,1.0,1.0,1.0,0.34507705851737325,0.3907872974533166,0.2666033259079495,0.5253872693863771,1.0782967494413662
2024-10-18,POWER_INDUSTRIALS,XLI,139.27000427246094,0.006140775283627553,0.04572767631475583,0.10269201035084707,0.1560554732403121,,0.016972679648730837,0.028946465875754113,-0.024552860494141182,0.05079300849098689,0.1176426038263414,1.0,1.0,1.0,1.0,0.03995955701892495,0.15890878881888548,0.14145052020261475,0.16048725278093132,0.7596073237130503
2024-10-18,SEMI,SOXX,229.36000061035156,-0.02590676093426092,0.025439274323722172,-4.35737326097696e-05,0.15610666523505756,,-0.003315722342302818,-0.07378911820770273,-0.024501668499395723,0.008268900809700774,0.01844722213619221,0.6666666666666666,0.6666666666666666,0.6666666666666666,0.5,0.03907226149729631,-0.07377216213286113,0.0010119633992115944,0.45609230788916877,0.6959642944930562
2024-10-25,AI_SOFTWARE,IGV,92.19999694824219,-0.0011916435192378394,0.03316897305389088,0.14948258322684116,0.13700827613874522,,0.019922419932464797,0.06289982567487185,-0.0022510928884533765,0.036502389742542274,0.08196974332446283,1.0,1.0,0.8333333333333334,1.0,0.0382082104255518,0.16550968271697727,0.1384929320942678,0.16865342242677536,0.7637750824727016
2024-10-25,COMMUNICATION_SERVICES,XLC,90.8499984741211,-0.004165349872078283,0.0093322555044415,0.07210291201770125,0.13406563203023802,,-0.0039142976169845856,-0.014479845534268065,-0.005193736996960574,0.023362150305345386,0.08223366129397136,1.0,0.8333333333333334,0.8333333333333334,0.8333333333333334,0.018036094613273546,0.03476934544008322,0.020181668960919996,0.1358127792386268,0.7279211602406442
2024-10-25,CONSUMER_DISCRETIONARY,XLY,100.40499877929688,0.006515979587745857,-0.00014936655966879542,0.13992957188945843,0.14154961843052805,,-0.013395919681094881,0.05334681433748911,0.0022902494033294474,0.033786882614744496,0.09502613087007239,0.6666666666666666,0.8333333333333334,0.16666666666666666,1.0,-0.03388261601386796,0.04677307285138969,0.008492703593366365,0.18104220992577322,0.89094524580211
2024-10-25,CONSUMER_STAPLES,XLP,81.05999755859375,-0.014348253110736287,-0.023608758898165383,0.022710009763430072,0.0723640889761652,,-0.03685531201959147,-0.06387274778853924,-0.0668952800510334,-0.015963601707387642,0.04191903127333929,0.3333333333333333,1.0,0.5,0.5,-0.025094122990805545,-0.04804255380824111,-0.01069665487768893,0.08356464530141268,0.8659369522150948
2024-10-25,DEFENSIVE,XLU,40.189998626708984,-0.019158020174372847,-0.0004974001049254939,0.0829964420830076,0.21438275099888693,,-0.01374395322635158,-0.0035863154689617094,0.07512338197168833,0.018048226451060412,0.14332039485247394,0.16666666666666666,1.0,0.0,0.3333333333333333,-0.03905102299109379,-0.08239926968353734,-0.04323674122639409,0.13511051560309276,1.0469473874946111
2024-10-25,ENERGY,XLE,44.8849983215332,-0.006309494331749765,0.029590482044016264,0.01549768205361901,-0.06235639600909504,,0.01634392892259018,-0.0710850754983503,-0.20161576503629364,0.0026582388267060164,-0.006653146100939589,0.5,0.16666666666666666,0.6666666666666666,0.5,0.004730810247513206,-0.09196467006737256,-0.24482651416892928,0.2265602895229746,1.0469226708546568
2024-10-25,FINANCIALS,XLF,46.630001068115234,-0.020789539814682012,0.03277961223075554,0.10865429257275938,0.14233222480958752,,0.019533059109329454,0.022071535020790067,0.003072855782388917,0.022161836484009045,0.10236408150346832,1.0,1.0,1.0,1.0,0.043155557670211696,0.03406090760985947,0.037080693994541725,0.1470314319477723,0.8679716047303507
2024-10-25,HEALTHCARE,XLV,148.58999633789062,-0.02964806634987216,-0.028950515036468172,-0.015047091762408371,0.06166039732812023,,-0.04219706815789426,-0.10162984931437768,-0.07759897169907837,-0.03406987815386109,0.007844192904757685,0.0,0.8333333333333334,0.16666666666666666,0.16666666666666666,-0.04090282458961316,-0.09876036649706475,-0.05781684798939111,0.1167467005360182,0.9225858172449349
2024-10-25,MARKET,SPY,579.0399780273438,-0.009493916374144984,0.013246553121426086,0.08658275755196931,0.1392593690271986,,0.0,0.0,0.0,0.018703049229056745,0.0824208957884005,0.75,1.0,0.5,1.0,-0.00831287144518375,-0.010062914433035308,-0.017127780959248107,0.15327691507512947,0.8344793164268868
2024-10-25,MATERIALS,XLB,46.97999954223633,-0.037590886737598805,-0.030540643214963303,0.0435361853519185,0.0495978843599536,,-0.04378719633638939,-0.043046572200050814,-0.089661484667245,-0.003848483295966987,0.0383324292785856,0.5,1.0,0.16666666666666666,0.8333333333333334,-0.05318469859786377,-0.026875143291616593,-0.023721169536621234,0.1927063800786695,0.9549510472177469
2024-10-25,NUCLEAR,URA,31.559999465942383,-0.05678421011708823,0.08453604990462926,0.28711251536496873,0.06983049037092814,,0.07128949678320318,0.20052975781299942,-0.06942887865627045,0.11543081993085091,0.08923361667911323,1.0,1.0,1.0,1.0,0.13913747849995228,0.4291815463404547,0.1745657305055651,0.47319951062685245,0.9860171363387908
2024-10-25,POWER_INDUSTRIALS,XLI,135.39999389648438,-0.027787824063001176,0.004227486892300902,0.10323466302451623,0.1038642577369373,,-0.009019066229125183,0.016651905472546913,-0.035395111290261294,0.01513704458896381,0.08160566053330665,1.0,1.0,1.0,1.0,0.038286969260582136,0.19819847439765717,0.09959037170597333,0.15997291674548583,0.7695024003045154
2024-10-25,SEMI,SOXX,229.5800018310547,0.0009591961114303604,-0.013322979810499347,0.11010108090161208,0.058460158097661585,,-0.026569532931925433,0.023518323349642767,-0.08079921092953701,0.00996859803047001,0.01613371712174816,0.6666666666666666,0.5,0.5,1.0,-0.008774788116120591,0.04603865057528567,-0.05088972150334679,0.3957955422439097,0.6077414835583859
2024-11-01,AI_SOFTWARE,IGV,92.26000213623047,0.0006508155094837598,0.026251396777476232,0.11870984322320677,0.14084331646853854,,0.029637208686330574,0.04732015769414688,0.023982105641313423,0.030354496492082106,0.08026591890442547,0.8333333333333334,0.8333333333333334,0.6666666666666666,1.0,0.026241292265795413,0.10605672726174238,0.13390003522896396,0.16582641991409755,0.7802651868087965
2024-11-01,COMMUNICATION_SERVICES,XLC,92.4000015258789,0.017061123586032068,0.016725399630266535,0.0843797971911544,0.15197609500741205,,0.020111211539120877,0.012990111662094517,0.035114884180186934,0.035108564815392596,0.09589367964930173,1.0,0.8333333333333334,0.8333333333333334,1.0,0.023933070018641683,0.04196443969931648,0.0390790431055297,0.13773964273163058,0.7161499192115973
2024-11-01,CONSUMER_DISCRETIONARY,XLY,100.04499816894531,-0.0035854849333039063,0.009688642007800174,0.1476998998559893,0.12466973311914487,,0.013074453916654516,0.07631021432692942,0.0078085222919197506,0.023640573246302532,0.08689037612180783,0.6666666666666666,0.8333333333333334,0.3333333333333333,1.0,-0.00514542849441435,0.0713164482367084,-0.009194873725819471,0.17775406271872193,0.8009985228427072
2024-11-01,CONSUMER_STAPLES,XLP,80.1500015258789,-0.01122620355443582,-0.016202279060341773,0.012634238543546283,0.05627312107300586,,-0.012816467151487432,-0.058755446985513604,-0.060588089754219254,-0.025010318420632394,0.02773871308384601,0.16666666666666666,0.6666666666666666,0.16666666666666666,0.5,-0.016183195590013726,-0.05079010011507055,-0.016996071993187423,0.08781539124210895,0.7633751505985019
2024-11-01,DEFENSIVE,XLU,39.064998626708984,-0.027992038776840422,-0.03910958554492894,0.06140465433484543,0.1420843892849002,,-0.035723773636074596,-0.009985031194214455,0.025223178457675077,-0.013833870255532177,0.10467002838379447,0.0,0.8333333333333334,0.0,0.3333333333333333,-0.026272045448361887,-0.07626998303422611,-0.055236104259285525,0.1508701163317509,1.065235098642119
2024-11-01,ENERGY,XLE,44.01499938964844,-0.01938284425572523,-0.055269387304271556,-0.01543456913420671,-0.04904397677967354,,-0.051883575395417214,-0.0868242546632666,-0.16590518760689865,-0.014177570981069199,-0.026924565023646263,0.16666666666666666,0.16666666666666666,0.16666666666666666,0.16666666666666666,-0.060641957858869854,-0.09450213335970259,-0.20443463284696364,0.22938829677762548,0.8374909567117743
2024-11-01,FINANCIALS,XLF,46.63999938964844,0.00021441821368606284,0.021686699467212467,0.09999994601843687,0.15018496343205734,,0.02507251137606681,0.028610260489376982,0.033323752604832224,0.01745199027917943,0.09741819727469148,1.0,1.0,1.0,1.0,0.053461601549940986,0.04153718505566154,0.059082309604198614,0.1481270569332244,0.9058405739090811
2024-11-01,HEALTHCARE,XLV,147.74000549316406,-0.005720377317956826,-0.025718767555934274,-0.014935260022571728,0.04906627545456477,,-0.022332955647079933,-0.08632494555163162,-0.06779493537266035,-0.03475757935432611,0.0006417811338526036,0.16666666666666666,0.6666666666666666,0.16666666666666666,0.3333333333333333,-0.02458560288199139,-0.09184308368260592,-0.0451403013886544,0.11672549357366059,0.8970903434434914
2024-11-01,MARKET,SPY,571.0399780273438,-0.013815971787050296,-0.0033858119088543415,0.07138968552905989,0.11686121082722511,,0.0,0.0,0.0,0.0030563571921902177,0.06331044676340958,0.5,1.0,0.25,1.0,-0.000636189484068489,-0.003207554208666641,-0.015772256723604883,0.1589480000538983,0.7854619081792699
2024-11-01,MATERIALS,XLB,46.564998626708984,-0.008833565763538331,-0.021435336290602236,0.051603430677610085,0.0402099689847597,,-0.018049524381747895,-0.019786254851449803,-0.07665124184246541,-0.013066580360334368,0.026149545141059383,0.16666666666666666,0.8333333333333334,0.16666666666666666,0.8333333333333334,-0.03779889560804409,-0.024575178126490165,-0.026173621855335394,0.1895392206105252,0.8564963965361531
2024-11-01,NUCLEAR,URA,30.559999465942383,-0.03168567860969507,0.007915559813120199,0.2362459674273918,-0.008757718405184356,,0.01130137172197454,0.1648562818983319,-0.12561892923240947,0.06595973394013321,0.05383850841301796,1.0,0.8333333333333334,0.6666666666666666,1.0,0.09272226377532522,0.4409227489261007,0.20795250869869433,0.4862863460942959,0.9760623486237933
2024-11-01,POWER_INDUSTRIALS,XLI,134.00999450683594,-0.010265874832395605,-0.011069294227772475,0.07829092229730472,0.09155329617258179,,-0.007683482318918133,0.006901236768244834,-0.025307914654643326,0.0011654129051437145,0.06612034074707851,1.0,1.0,0.5,1.0,0.023121829372068303,0.14727365102568424,0.1049240404213539,0.1641885142563593,0.9080499988877646
2024-11-01,SEMI,SOXX,220.5800018310547,-0.03920202076931334,-0.04543880871039929,0.041552569187275346,0.020400627744201483,,-0.04205299680154495,-0.029837116341784542,-0.09646058308302363,-0.02412478862658718,-0.025998890919667783,0.3333333333333333,0.3333333333333333,0.16666666666666666,0.6666666666666666,-0.02549431994726851,-0.008196469259184306,-0.07339757764880804,0.407035558276363,0.6588270810312027
2024-11-08,AI_SOFTWARE,IGV,101.23999786376953,0.09733357380893248,0.09071318893157487,0.18381667256505474,0.24388743854255024,,0.058603756579151955,0.10465518336933788,0.09537739400366951,0.11269864204138536,0.18010465923438557,1.0,1.0,1.0,1.0,0.0860660725518771,0.20825977899620907,0.3527652882506625,0.24266589998608365,0.8426456005539252
2024-11-08,COMMUNICATION_SERVICES,XLC,96.18000030517578,0.040909077022452056,0.06358509322785988,0.11500113521071631,0.1759383693430987,,0.03147566087543696,0.03583964601499945,0.027428324804217974,0.06686484880381949,0.13519207961946744,1.0,0.8333333333333334,0.8333333333333334,1.0,0.03648355053568723,0.05622062325771856,0.04175761241979383,0.154814795172057,0.8087199629521638
2024-11-08,CONSUMER_DISCRETIONARY,XLY,107.55999755859375,0.07511619298505967,0.09431271295880084,0.1746845922646365,0.2078606835765915,,0.06220328060637792,0.09552310306891965,0.05935063903771076,0.08499058432445672,0.1625657081756393,0.6666666666666666,0.8333333333333334,0.5,0.8333333333333334,0.06137288193631205,0.07801566883322746,0.07118782728174528,0.2079726978807365,0.888620254286094
2024-11-08,CONSUMER_STAPLES,XLP,80.81999969482422,0.008359303258765216,-0.010044092368381219,0.0038504229334039852,0.041226447243112085,,-0.042153524720804136,-0.07531106626231288,-0.10728359729576864,-0.014834767533406512,0.03412537222560563,0.3333333333333333,0.6666666666666666,0.3333333333333333,0.5,-0.039750108120518636,-0.05878372483037123,-0.05238941992838817,0.08190558091376036,0.8557315489214679
2024-11-08,DEFENSIVE,XLU,39.59000015258789,0.013439179427487735,-0.0008832769062993018,0.0636754125243415,0.11098644639656952,,-0.03299270925872222,-0.01548607667137536,-0.03752359814231121,-0.004213030082928837,0.11255914859776728,0.0,0.6666666666666666,0.0,0.3333333333333333,-0.060959992243319806,-0.08778986208615012,-0.10671274492085596,0.15134988071263997,1.0425858670956616
2024-11-08,ENERGY,XLE,46.875,0.06497786322869259,0.010128245513774559,0.03625509820979511,-0.000852625274363028,,-0.02198118683864836,-0.04290639098592175,-0.14936266981324375,0.046983022311440026,0.033382386549317244,1.0,0.5,0.5,0.8333333333333334,-0.03282861480449706,-0.06251914424426497,-0.19730738048567295,0.2668739118249638,0.8133958593158765
2024-11-08,FINANCIALS,XLF,49.189998626708984,0.05467408384285943,0.057622025411576905,0.12382906356547552,0.17595019061630102,,0.025512593059153987,0.044667574369758656,0.02744014607742029,0.06506438863754282,0.15050867209920704,1.0,1.0,1.0,1.0,0.07342924303024718,0.08888450575566442,0.09253922012774995,0.17091922908350815,1.2086349320056056
2024-11-08,HEALTHCARE,XLV,150.17999267578125,0.016515412832647236,-0.024108172906502356,-0.017596667281529865,0.04589453656913034,,-0.056217605258925274,-0.09675815647724673,-0.10261550796975039,-0.014295327483339726,0.015759171124409832,0.3333333333333333,0.5,0.3333333333333333,0.3333333333333333,-0.06112192077365793,-0.10251253971739772,-0.08011775599705712,0.11457100892248764,0.970559160783777
2024-11-08,MARKET,SPY,598.1900024414062,0.047544875067858205,0.03210943235242292,0.07916148919571686,0.14851004453888073,,0.0,0.0,0.0,0.0444154751298127,0.10850699004454856,1.0,1.0,1.0,1.0,0.011334357759994085,0.01071997682685416,-0.0021724327605795457,0.1671444648678742,0.8234701176153647
2024-11-08,MATERIALS,XLB,47.23500061035156,0.0143885322324111,-0.014808615893041721,0.04306063309064778,0.028636813890283497,,-0.04691804824546464,-0.03610085610506908,-0.11987323064859723,0.0009324025227264165,0.037661516916298154,0.5,0.8333333333333334,0.16666666666666666,0.8333333333333334,-0.07889920271570701,-0.039486838327545994,-0.06528493766684268,0.1865385411572372,1.0178557836476831
2024-11-08,NUCLEAR,URA,31.0,0.0143979234864835,0.03333333333333344,0.22432860875337446,-0.007046743055512672,,0.0012239009809105195,0.1451671195576576,-0.1555567875943934,0.06240789970087657,0.06949104273101203,0.8333333333333334,0.8333333333333334,0.6666666666666666,1.0,0.05618076037913602,0.3618395163348424,0.09578698062659524,0.4863020058879762,1.157638160208292
2024-11-08,POWER_INDUSTRIALS,XLI,142.08999633789062,0.06029402404491946,0.026513496730913078,0.11908320841003595,0.13056966894389044,,-0.00559593562150984,0.039921719214319085,-0.017940375594990288,0.05316600678739425,0.12447221779696904,1.0,1.0,1.0,1.0,0.05966387150133453,0.23571083673791512,0.15025338868844992,0.19735763167574794,1.0929856307542232
2024-11-08,SEMI,SOXX,231.36000061035156,0.048871151916815236,-0.0174127494547216,0.0005622319128772979,0.05049035070757224,,-0.049522181807144516,-0.07859925728283956,-0.09801969383130849,0.023467741470058145,0.01794545725879182,1.0,0.6666666666666666,0.5,0.6666666666666666,-0.02968567984310048,-0.0634407856686361,-0.05729858768323145,0.371951837893563,0.6856588673554415
2024-11-15,AI_SOFTWARE,IGV,101.12999725341797,-0.001086533116086974,0.0955476105307631,0.17089260203155487,0.20007121492793822,,0.09356335987433173,0.128873860971626,0.09373447586870154,0.09019758292211777,0.17446622454714023,0.8333333333333334,0.8333333333333334,0.8333333333333334,0.8333333333333334,0.13821054726596846,0.2624190786106471,0.37713919478195784,0.2447567756082168,1.2144978104889739
2024-11-15,COMMUNICATION_SERVICES,XLC,95.1500015258789,-0.010709074402461272,0.04296830017213171,0.08742858886718752,0.15179761315672957,,0.04098404951570034,0.04540984780725865,0.04546087409749289,0.04228284118348635,0.11776472276068306,0.8333333333333334,1.0,0.8333333333333334,1.0,0.06081521972470059,0.09720926721397467,0.09090983493200644,0.15967566888563675,0.8665549433514158
2024-11-15,CONSUMER_DISCRETIONARY,XLY,106.72000122070312,-0.0078095607749808504,0.0698211032936149,0.13610479580983093,0.19440406315857972,,0.06783685263718353,0.09408605474990206,0.08806732409934304,0.059923646723093915,0.14828316037316336,0.6666666666666666,0.8333333333333334,0.5,0.8333333333333334,0.06927588025264471,0.08228534288433352,0.09207607970950037,0.21058865604076982,1.0494146710153567
2024-11-15,CONSUMER_STAPLES,XLP,79.95999908447266,-0.010640938054923499,-0.027723721285519587,-0.022971619471438776,0.022375655548977358,,-0.02970797194195096,-0.06499036053136764,-0.08396108351025933,-0.021704560614491664,0.020884331959417857,0.3333333333333333,0.6666666666666666,0.3333333333333333,0.5,-0.03522771123106575,-0.05694889700337844,-0.0518616227992284,0.07589858314341488,0.906393415066492
2024-11-15,DEFENSIVE,XLU,39.625,0.0008840577741149325,-0.03294688284061131,0.05078231137682154,0.09552120558361188,,-0.03493113349704269,0.008763570316892677,-0.010815533475624806,-0.007501647243714049,0.10616766842198544,0.0,0.5,0.0,0.3333333333333333,-0.05788625210610796,-0.08112205498388725,-0.0939910693495281,0.15051248470893058,1.0408913979227468
2024-11-15,ENERGY,XLE,47.3650016784668,0.010453369140625002,0.048594279355772985,0.04801420507346732,-0.0024220274826927124,,0.04661002869934161,0.005995464013538454,-0.1087587665419294,0.04772442621704176,0.040908978306060106,1.0,0.5,0.8333333333333334,0.8333333333333334,0.039827246452426655,-0.017893016821997343,-0.15256754780310958,0.2670186491359303,0.7948168661607629
2024-11-15,FINANCIALS,XLF,49.869998931884766,0.013823954546861028,0.04724905607869467,0.12243976118260935,0.1736878550691614,,0.0452648054222633,0.08042102012268049,0.06735111600992472,0.06689770246485693,0.15910025420638485,1.0,1.0,1.0,1.0,0.09381766203416013,0.1318094751350616,0.1360419455477836,0.17076393478880242,1.2356487358730663
2024-11-15,HEALTHCARE,XLV,141.83999633789062,-0.05553333829157636,-0.07372825824411033,-0.08755227325532255,-0.03055157744031123,,-0.07571250890054171,-0.12957101431525142,-0.1368883164995479,-0.06157584190664134,-0.04029718698843465,0.16666666666666666,0.16666666666666666,0.16666666666666666,0.16666666666666666,-0.09012666964972439,-0.1572990873790476,-0.14153894814956733,0.15284178657097924,1.024196276147688
2024-11-15,MARKET,SPY,585.75,-0.020796072135332522,0.0019842506564313744,0.042018741059928866,0.10633673905923668,,0.0,0.0,0.0,0.014654686060344702,0.08121926993588269,1.0,1.0,0.75,1.0,0.0014305711148872857,-0.004171371646297661,-0.011253427512435743,0.17533850860325595,0.8928298298871417
2024-11-15,MATERIALS,XLB,45.63999938964844,-0.033767358951903526,-0.06504146935125299,-0.015636843795372335,-0.009441158243906345,,-0.06702572000768436,-0.0576555848553012,-0.11577789730314303,-0.03428868077475222,0.0003863141497668643,0.3333333333333333,0.5,0.0,0.3333333333333333,-0.10440307144136157,-0.05914682380684003,-0.07762463066623454,0.19564355750015122,1.038427352271571
2024-11-15,NUCLEAR,URA,30.299999237060547,-0.02258066977224038,-0.09444112175360242,0.13017530177692183,-0.07197556444080744,,-0.0964253724100338,0.08815656071699296,-0.17831230350004412,0.013683029870958263,0.04486359050227873,0.5,0.8333333333333334,0.16666666666666666,1.0,-0.12891520463556075,0.22329435681076618,0.013535278838464468,0.4843674036392835,1.0316106334584085
2024-11-15,POWER_INDUSTRIALS,XLI,139.11000061035156,-0.02097259345726643,-0.0011488738220784,0.07603652478243128,0.10994972135939451,,-0.0031331244785097745,0.034017783722502415,0.00361298230015783,0.021073277334002105,0.09608361725737291,0.8333333333333334,1.0,0.6666666666666666,1.0,0.040834875262006985,0.20901823278879092,0.17463708163900857,0.2060945943915312,1.18201666677448
2024-11-15,SEMI,SOXX,211.2100067138672,-0.0870936801665223,-0.0791332134992383,-0.09503403202273197,-0.07461443379524868,,-0.08111746415566967,-0.13705277308266084,-0.18095117285448536,-0.0686691457373908,-0.07085424278700081,0.16666666666666666,0.3333333333333333,0.16666666666666666,0.16666666666666666,-0.06225065427305241,-0.11449961704038884,-0.13366112733605215,0.41389499266582264,0.7289230015972443
2024-11-22,AI_SOFTWARE,IGV,106.04000091552734,0.048551407054877815,0.15010850786746177,0.22165895377096878,0.27913147121504966,,0.12166482113897215,0.16519071380604267,0.1543392246534938,0.12052752901463992,0.22420685200259927,0.8333333333333334,0.8333333333333334,0.8333333333333334,0.8333333333333334,0.1478940054781733,0.2914338440838869,0.43158112565942724,0.2540124410586668,1.5734987692005753
2024-11-22,COMMUNICATION_SERVICES,XLC,96.87999725341797,0.018181772987870604,0.06637313022096025,0.10948233614298108,0.1679324993088016,,0.03792944349247063,0.05301409617805497,0.043140252747245755,0.04972312434579629,0.13212615102009928,0.6666666666666666,0.8333333333333334,0.6666666666666666,1.0,0.05454744746348961,0.10174105720933835,0.08166745470870969,0.15966686962557464,0.9659819699968869
2024-11-22,CONSUMER_DISCRETIONARY,XLY,109.05000305175781,0.021832850491035005,0.08610133337548032,0.16556226910398486,0.24245194511321055,,0.05765764664699069,0.10909402913905875,0.1176596985516547,0.06945844059447404,0.16721837987577604,0.6666666666666666,0.8333333333333334,0.6666666666666666,0.8333333333333334,0.05018710836055638,0.1086688816879751,0.13523014175189518,0.20871017511478915,1.1034194362342962
2024-11-22,CONSUMER_STAPLES,XLP,81.83999633789062,0.023511721797693674,0.009622487081042186,-0.008120297915319541,0.061478572731237247,,-0.01882119964744744,-0.06458853788024566,-0.0633136738303186,0.0038638099206125265,0.04203998645183993,0.6666666666666666,0.6666666666666666,0.6666666666666666,0.5,-0.0061933046266053155,-0.04148256850998335,-0.017680357952714276,0.09076026069964085,0.9754363270586027
2024-11-22,DEFENSIVE,XLU,40.724998474121094,0.02776021385794558,0.013311765754989713,0.06763659681205514,0.13916079647891166,,-0.015131920973499913,0.011168356847129024,0.01436854991735581,0.01634637314676235,0.12890982115254968,0.5,0.5,0.5,0.3333333333333333,-0.03499165829504917,-0.0861740895372383,-0.06615363857009138,0.15779464799871384,1.0697909090198414
2024-11-22,ENERGY,XLE,48.6349983215332,0.02681297578510966,0.08354684505359478,0.06562223864893513,0.06457254809161195,,0.05510315832510515,0.009153998684009013,-0.060219698469943905,0.062096647400785354,0.06539462709941257,1.0,0.6666666666666666,1.0,0.8333333333333334,0.04060731598234638,-0.015031404754961545,-0.1116422913004443,0.27092105771825736,0.8780376791708266
2024-11-22,FINANCIALS,XLF,50.72999954223633,0.017244849183297495,0.08792619301320581,0.10909483342058324,0.21917805330711593,,0.059482506284716186,0.05262659345565712,0.09438580674556007,0.07104401535688476,0.17153264124416556,1.0,1.0,1.0,1.0,0.1094001154712995,0.11380860248525553,0.15772422467926883,0.1659705847740965,1.385981661880882
2024-11-22,HEALTHCARE,XLV,144.16000366210938,0.016356510040313577,-0.029813532437994894,-0.08295161284529928,-0.0018002666537344503,,-0.05825721916648452,-0.1394198528102254,-0.1265925132152903,-0.0385936127781803,-0.02435885297615048,0.16666666666666666,0.16666666666666666,0.16666666666666666,0.16666666666666666,-0.07593907851056836,-0.16120352959706796,-0.11884057528760722,0.1561170565992616,1.1853902883844367
2024-11-22,MARKET,SPY,595.510009765625,0.01666241530623136,0.028443686728489626,0.056468239964926115,0.12479224656155585,,0.0,0.0,0.0,0.025609695373243202,0.09438676067898943,1.0,1.0,1.0,1.0,0.01707208172866609,0.008106900783164561,0.002595163456679317,0.17736064108759997,0.9457297386239788
2024-11-22,MATERIALS,XLB,47.04499816894531,0.030784373314771463,0.001383538257605732,-0.002015299574314122,0.02988173937500771,,-0.027060148470883894,-0.05848353953924024,-0.09491050718654814,-0.006032074519619179,0.02866853895324728,0.3333333333333333,0.6666666666666666,0.5,0.3333333333333333,-0.041718798500075094,-0.058131757374758807,-0.04419405539516219,0.20368320782154725,1.157178091855429
2024-11-22,NUCLEAR,URA,33.119998931884766,0.09306929920232543,0.04942964170914643,0.2787644563588685,0.034999966621398926,,0.020985954980656807,0.22229621639394237,-0.08979227994015693,0.08023481091826334,0.1380269718679643,0.8333333333333334,1.0,0.6666666666666666,1.0,0.004978814689577542,0.39083911299968827,0.1140823504444834,0.498985043192566,1.1300729696546423
2024-11-22,POWER_INDUSTRIALS,XLI,142.64999389648438,0.025447439225080304,0.05354505411235655,0.0851208474906977,0.14615133332650854,,0.025101367383866924,0.02865260752577159,0.021359086764952684,0.037854568939838185,0.11855151879052706,1.0,1.0,1.0,1.0,0.06921291480293294,0.20987676190379903,0.15914144032005914,0.20889138982810443,1.2612888993309816
2024-11-22,SEMI,SOXX,216.1699981689453,0.023483695362017443,-0.05841102689762001,-0.06476594817094883,-0.09385479384132345,,-0.08685471362610964,-0.12123418813587494,-0.2186470404028793,-0.04398205650361653,-0.04984919101171459,0.16666666666666666,0.3333333333333333,0.16666666666666666,0.5,-0.07254514638075622,-0.061973504789728885,-0.19585033687590347,0.4185167090435629,0.8907802156684569
2024-11-29,AI_SOFTWARE,IGV,104.76000213623047,-0.01207090501929109,0.13548666497473727,0.25671786671294083,0.341529095262604,,0.08030662333478711,0.1416279190349221,0.1989726484191019,0.08909452958686992,0.20246073937338438,1.0,1.0,1.0,1.0,0.14308674203795013,0.2901347482712054,0.45600532341743444,0.23012977589573813,1.7846249607526674
2024-11-29,COMMUNICATION_SERVICES,XLC,98.4000015258789,0.01568955734469024,0.06493506386273751,0.1746449262156371,0.1818400072207096,,0.009755022222787346,0.059554978537618375,0.03928356037720748,0.05532974913831468,0.1436474851651357,0.8333333333333334,1.0,0.8333333333333334,1.0,0.03962170034886853,0.11647967910455133,0.07670409879742834,0.1133189018265121,0.9103871187076283
2024-11-29,CONSUMER_DISCRETIONARY,XLY,111.1500015258789,0.01925720692666455,0.11100008556330465,0.2187500575132557,0.26328352281447787,,0.05582004392335449,0.10366010983523699,0.12072707597097576,0.07653418938695111,0.18320363653292682,0.6666666666666666,0.8333333333333334,1.0,0.8333333333333334,0.05356943236452646,0.0950576653169158,0.12966796491118907,0.18964444460856514,1.0762100473561724
2024-11-29,CONSUMER_STAPLES,XLP,83.22000122070312,0.016862230505423126,0.03830317699785657,0.0027714587643579147,0.07602799536120153,,-0.016876864642093592,-0.11231848891366081,-0.06652845148230058,0.020578379071105823,0.05677199202713412,0.6666666666666666,0.6666666666666666,0.6666666666666666,0.6666666666666666,-0.00016724590404202747,-0.08814987040319168,-0.019930962885020737,0.09714355808867836,0.964566163865233
2024-11-29,DEFENSIVE,XLU,41.46500015258789,0.01817069874016175,0.06143610931136734,0.0924778857120574,0.14040152520742688,,0.006256067671417176,-0.022612061965961328,-0.0021549216360752244,0.03114705475388635,0.14113122713955795,0.5,0.5,0.5,0.5,-0.03234801354727875,-0.1288522835270212,-0.07474888006485687,0.15775471677890532,0.9275752255779465
2024-11-29,ENERGY,XLE,47.76499938964844,-0.017888330665358998,0.08519822905829533,0.11068476231389668,0.025000020465114847,,0.030018187418345166,-0.004405185364122044,-0.11755642637838726,0.03544330942199814,0.04360174132515038,0.6666666666666666,0.6666666666666666,1.0,1.0,0.012123314859029621,-0.022273634421431487,-0.16365330656519503,0.23724820134604976,0.8236455119117115
2024-11-29,FINANCIALS,XLF,51.34000015258789,0.012024455270173817,0.10077188731658948,0.15917812353417515,0.23294910915274514,,0.04559184567663932,0.04408817585615643,0.09039266230924303,0.07107838785495502,0.1781106376787085,1.0,1.0,1.0,1.0,0.08010441101717047,0.12270948776233459,0.14379322363326216,0.13799938368451684,1.3620920487120136
2024-11-29,HEALTHCARE,XLV,147.41000366210938,0.02254439454383994,-0.0022336660267009423,-0.04248128233696269,0.025817722982996782,,-0.057413707666651104,-0.1575712300149814,-0.11673872386050532,-0.011732347419424416,-0.0022876513497436246,0.16666666666666666,0.3333333333333333,0.16666666666666666,0.16666666666666666,-0.07043511289963668,-0.17970814984995384,-0.10452880114001545,0.1639128431571784,1.1692977933551842
2024-11-29,MARKET,SPY,602.5499877929688,0.011821762710780392,0.05518004163995016,0.11508994767801872,0.1425564468435021,,0.0,0.0,0.0,0.03164003087005596,0.10252743675619591,1.0,1.0,1.0,1.0,0.012091522536298471,0.013730526878767912,0.0026202955736810973,0.1430576940166047,0.9368435148296999
2024-11-29,MATERIALS,XLB,47.38999938964844,0.007333430420470632,0.01771718645485465,0.05439981558406326,0.035507484358615615,,-0.03746285518509551,-0.06069013209395546,-0.10704896248488649,0.0005066961162223382,0.03396550840573509,0.5,0.6666666666666666,0.6666666666666666,0.8333333333333334,-0.03629515889025046,-0.0572316180605937,-0.060239781825803564,0.17391113769195235,1.1452374870860158
2024-11-29,NUCLEAR,URA,32.349998474121094,-0.023248806841668967,0.05857326699804344,0.3955995706737663,0.003411811101975415,,0.003393225358093277,0.28050962299574755,-0.1391446357415267,0.03762385798362833,0.10646516116299276,0.6666666666666666,0.8333333333333334,0.6666666666666666,1.0,-0.03514382194364032,0.5029299630781604,0.08382430674750585,0.42317505197739097,1.1209444355462086
2024-11-29,POWER_INDUSTRIALS,XLI,143.99000549316406,0.009393702446647723,0.07447213935837471,0.14377636183390075,0.16581655738572754,,0.01929209771842455,0.028686414155882023,0.02326011054222543,0.0394289039478668,0.12382223815206905,1.0,1.0,1.0,1.0,0.04953718960630823,0.22021033580952354,0.15852213596740183,0.17601258882840612,1.0530950418393459
2024-11-29,SEMI,SOXX,215.39999389648438,-0.0035620311744608557,-0.02348357916207544,0.05624479788482484,-0.07952652043589503,,-0.0786636208020256,-0.058845149793193885,-0.22208296727939714,-0.04389051600780314,-0.053570958003618996,0.16666666666666666,0.3333333333333333,0.16666666666666666,0.8333333333333334,-0.07027441310591347,-0.0038616746130688737,-0.21312439316281082,0.3299535562209702,0.861100119708892
2024-12-06,AI_SOFTWARE,IGV,110.05000305175781,0.05049638037089954,0.08702099342043845,0.2601626101492174,0.3691217568072036,,0.0709391547438889,0.17866942142101538,0.23092212301127657,0.1198624533614625,0.25484968699232047,1.0,1.0,1.0,1.0,0.10342271331716364,0.29179952987117713,0.5093823704401764,0.23184990448393458,1.8674683360115394
2024-12-06,COMMUNICATION_SERVICES,XLC,100.93000030517578,0.025711369309598053,0.04938656669711383,0.1618510085651741,0.19585306256455937,,0.03330472802056428,0.0803578198369721,0.05765342876863233,0.06993311046256534,0.1659682384657175,1.0,1.0,0.8333333333333334,1.0,0.06357830956771299,0.1339046039286914,0.09931898730951794,0.10438478741075106,0.8690537824159806
2024-12-06,CONSUMER_DISCRETIONARY,XLY,116.4000015258789,0.047233467637673776,0.08218672525043091,0.20947635192850322,0.31036810904562917,,0.06610488657388136,0.12798316320030123,0.17216847524970214,0.11019973701925423,0.23126233997422685,0.6666666666666666,0.8333333333333334,1.0,0.8333333333333334,0.06506435744835126,0.12833148727214694,0.20152212024463667,0.18257655238612785,1.0370232153894408
2024-12-06,CONSUMER_STAPLES,XLP,82.37999725341797,-0.010093774993555127,0.019302122797380417,-0.018467807054949215,0.06077766377458338,,0.003220284120830863,-0.09996099578315121,-0.07742197002134366,0.011070450283821254,0.04348153819702594,0.6666666666666666,0.6666666666666666,0.6666666666666666,0.3333333333333333,0.012169669052357815,-0.07877220098185228,-0.03341565519349208,0.0958895086214262,0.8864345631779669
2024-12-06,DEFENSIVE,XLU,39.845001220703125,-0.03906906851376579,0.006441047414306844,0.014642239781939681,0.13940519959472808,,-0.00964079126224271,-0.06685094894626231,0.0012055657988010449,-0.008238705558196946,0.08981134245677369,0.3333333333333333,0.5,0.5,0.16666666666666666,-0.022494968914341235,-0.13210671658019787,-0.10161070224875095,0.17203436694182478,0.7591816162915904
2024-12-06,ENERGY,XLE,45.5099983215332,-0.04721032339432907,-0.029120035807291722,0.06344199716681054,0.011445702897516785,,-0.045201874483841276,-0.018051191561391455,-0.12675393089841025,-0.017518883107944694,-0.006719573693220293,0.0,0.16666666666666666,0.0,0.8333333333333334,-0.05918698376594881,-0.03680407646711675,-0.17376403712919655,0.26403466590090446,0.7688520247542312
2024-12-06,FINANCIALS,XLF,50.400001525878906,-0.018309283675792987,0.024598555254135013,0.13232989050678579,0.2150434446017757,,0.00851671657758546,0.05083670177858379,0.07684381080584868,0.040075977799182816,0.14987112450794826,1.0,1.0,1.0,1.0,0.008853831643594138,0.13845228230614348,0.14402351995065463,0.15185667621482893,1.0031946066796973
2024-12-06,HEALTHCARE,XLV,144.27999877929688,-0.021233327488323295,-0.03928615118008216,-0.07607584915608623,-0.014682742634869905,,-0.055367989856631716,-0.15756903788428822,-0.15288237643079694,-0.027015370838038733,-0.02313190131765719,0.0,0.16666666666666666,0.16666666666666666,0.0,-0.06731370730886377,-0.17436626428160987,-0.15118621256244164,0.16245527472561508,1.058231863655329
2024-12-06,MARKET,SPY,607.8099975585938,0.008729582395132773,0.016081838676549554,0.08149318872820199,0.13819963379592703,,0.0,0.0,0.0,0.0342110991775284,0.10734188811301015,1.0,1.0,1.0,1.0,-0.00373050679097664,0.005799456123560975,0.008873657052344719,0.12491897021001575,0.8523106454364477
2024-12-06,MATERIALS,XLB,45.95500183105469,-0.030280598798809066,-0.027098523610823544,-0.008415133873687752,0.023610677413585135,,-0.0431803622873731,-0.08990832260188975,-0.1145889563823419,-0.024630910800223393,0.0015774383974105355,0.3333333333333333,0.5,0.16666666666666666,0.3333333333333333,-0.05115115732117309,-0.10583613618057652,-0.0721819198918872,0.17672384855008114,1.0023759621752952
2024-12-06,NUCLEAR,URA,31.799999237060547,-0.01700152281306988,0.025806427001953125,0.2504915004105712,0.06141522726352511,,0.009724588325403571,0.16899831168236923,-0.07678440653240193,0.011225232458536238,0.08439895449196544,0.5,0.8333333333333334,0.8333333333333334,1.0,0.0071499208406392385,0.33379710422435876,0.13063047286815152,0.40349440358622984,0.9572013110987022
2024-12-06,POWER_INDUSTRIALS,XLI,140.55999755859375,-0.023821152883650387,-0.010767814897105987,0.07651060484027417,0.14902309698904292,,-0.02684965357365554,-0.004982583887927827,0.01082346319311589,0.010488779056623043,0.0929909100163,1.0,1.0,0.5,1.0,-0.015759947886523722,0.1446228768754897,0.22185515811919276,0.1797540650578422,0.8467167338895735
2024-12-06,SEMI,SOXX,219.8300018310547,0.020566425534344512,-0.04983574839591787,-0.013551735201919324,-0.08411799884182725,,-0.06591758707246742,-0.09504492393012132,-0.22231763263775428,-0.01862921276323104,-0.033386054198366044,0.3333333333333333,0.3333333333333333,0.0,0.5,-0.07305481232945454,-0.039169515804308906,-0.23346469716467222,0.26814215099038874,0.8985389113857205
2024-12-13,AI_SOFTWARE,IGV,105.7699966430664,-0.03889147014996874,0.045881533824442045,0.18576233477271153,0.27372345227526207,,0.014366344797286601,0.12248028994621563,0.16054686257029727,0.05920404231237275,0.1989242610484565,0.8333333333333334,1.0,0.8333333333333334,1.0,0.0396752785193874,0.23314603431367883,0.45223635784932115,0.26202379451150004,1.5484186972120486
2024-12-13,COMMUNICATION_SERVICES,XLC,100.94000244140625,9.909973447164155e-05,0.060851296086974704,0.1354330788399647,0.1998098863280937,,0.02933610705981926,0.07215103401346878,0.08663329662312891,0.05874827403545546,0.15893775995596315,1.0,1.0,0.6666666666666666,1.0,0.02938739975069815,0.11730726697651539,0.10821500062136917,0.10435446149722379,0.9382847390290181
2024-12-13,CONSUMER_DISCRETIONARY,XLY,117.74500274658203,0.011554993153536142,0.1033077342557236,0.19726474437009722,0.3205293729333403,,0.07179254522856815,0.1339826995436013,0.20735278322837547,0.10339045696385396,0.23646820123958778,0.6666666666666666,0.8333333333333334,1.0,0.6666666666666666,0.07330775600931339,0.13289250439421058,0.25493327314745634,0.18234034253813855,0.9289174991556317
2024-12-13,CONSUMER_STAPLES,XLP,82.04000091552734,-0.004127171027266785,0.026013029700729495,-0.012161373860528624,0.06614690278296931,,-0.005502159326425948,-0.07544341868702453,-0.047029686921995495,0.006193681691606834,0.03691581499921659,0.5,0.6666666666666666,0.8333333333333334,0.3333333333333333,0.012257546339594824,-0.05385655737794339,-0.008554123402744454,0.09395826653319315,0.8379790484339068
2024-12-13,DEFENSIVE,XLU,38.81999969482422,-0.025724720654452526,-0.020315465114846165,-0.03046956025992531,0.11009431912292289,,-0.05183065414200161,-0.09375160508642122,-0.0030822705820419127,-0.029317993644628948,0.05675785094629382,0.16666666666666666,0.5,0.5,0.0,-0.03433184473331158,-0.12637724704231182,-0.08236742878962057,0.17529665961580465,0.7019479696417831
2024-12-13,ENERGY,XLE,44.61000061035156,-0.019775823871120757,-0.05816533242872701,0.005182504206868277,0.0134030019639364,,-0.08968052145588246,-0.05809954061962763,-0.0997735877410284,-0.03281404730292492,-0.02664134183555844,0.0,0.0,0.0,0.5,-0.09481564666886895,-0.08006334684430409,-0.13832428962544543,0.2586345265608748,0.7819530699598675
2024-12-13,FINANCIALS,XLF,49.540000915527344,-0.017063503657038126,-0.006617165097760558,0.08497593256858371,0.21869616373787393,,-0.038132354124916,0.021693887742087803,0.10551957403290912,0.014187179941591133,0.1245290007283506,1.0,1.0,0.0,1.0,-0.053368477096716195,0.08611900483512458,0.1652503932467736,0.1576703301511483,0.8838301432881934
2024-12-13,HEALTHCARE,XLV,140.99000549316406,-0.02280283694183749,-0.005992603402933838,-0.09202726299891018,-0.03352069664089086,,-0.03750779243008928,-0.15530930782540608,-0.14669728634585566,-0.042324092010017744,-0.04452746136735708,0.0,0.0,0.5,0.0,-0.03279484418624882,-0.17506564398896055,-0.15729002692549487,0.16599753660978128,0.9566068605790152
2024-12-13,MARKET,SPY,604.2100219726562,-0.0059228633954651055,0.031515189027155444,0.06328204482649591,0.1131765897049648,,0.0,0.0,0.0,0.022651334443568816,0.09616556173467972,0.75,1.0,1.0,1.0,0.0001688839556403532,-0.0029156027057187783,0.013327509916199243,0.12708195452195004,0.7643266147080223
2024-12-13,MATERIALS,XLB,44.6150016784668,-0.029158962010580658,-0.02245832000195247,-0.05145100832988436,0.0028096200333591614,,-0.05397350902910791,-0.11473305315638027,-0.11036696967160564,-0.04706468786661222,-0.027595731421832137,0.0,0.3333333333333333,0.0,0.16666666666666666,-0.056498337754635385,-0.13149086172110863,-0.07797917591849428,0.18237489027426118,1.0576166159704412
2024-12-13,NUCLEAR,URA,29.389999389648438,-0.07578616054189813,-0.030032999020642603,0.08130975201099666,-0.005751017569868733,,-0.06154818804779805,0.018027707184500752,-0.11892760727483354,-0.06263953502009934,0.0010814502577101148,0.0,0.8333333333333334,0.5,0.8333333333333334,-0.03433744619559611,0.10866567615489453,0.06901485695743094,0.43236901618036266,0.815366880156407
2024-12-13,POWER_INDUSTRIALS,XLI,137.42999267578125,-0.022268105699900342,-0.012076830761262314,0.03191170020820144,0.1343787944272108,,-0.04359201978841776,-0.031370344618294466,0.021202204722245988,-0.013374721602105732,0.06551810689025772,0.5,1.0,0.5,1.0,-0.022755799116632596,0.062253713988659566,0.18862324351015172,0.18611217295002444,0.8044929819669704
2024-12-13,SEMI,SOXX,223.3000030517578,0.015784930136014452,0.057241588720127856,-0.0016542009219673304,-0.11402948341514763,,0.025726399692972413,-0.06493624574846324,-0.22720607312011243,0.0003359907060869194,-0.017606519050481717,0.5,0.3333333333333333,0.8333333333333334,0.5,0.001473126899095567,-0.030014628542369748,-0.2780204845357866,0.2702074821169078,0.8143702435011199
2024-12-20,AI_SOFTWARE,IGV,103.62000274658203,-0.02032706783323246,-0.02282155929886409,0.16113856148634698,0.22236648401539627,,-0.015500128457964446,0.12670096245253681,0.13671146608741935,0.026570796216867087,0.16791451335701058,0.8333333333333334,1.0,0.3333333333333333,1.0,0.030999522698180775,0.2621567581556736,0.4694041555095118,0.2708551877241835,1.5230124587230796
2024-12-20,COMMUNICATION_SERVICES,XLC,97.95999908447266,-0.029522521149763503,0.01114783094212557,0.08832348360807551,0.15328462760579664,,0.018469261783025215,0.05388588457426535,0.06762960967781972,0.019439687938297423,0.11872777017590175,0.8333333333333334,1.0,0.6666666666666666,1.0,0.02822477382488457,0.10107776004383213,0.09245354092706341,0.13357263533099123,1.0602148121977981
2024-12-20,CONSUMER_DISCRETIONARY,XLY,114.45500183105469,-0.027941745626421932,0.04956440740979651,0.13976303443560179,0.2535458238705752,,0.05688583825069615,0.10532543540179162,0.1678908059425983,0.056554844238891455,0.19394813059872495,0.5,0.8333333333333334,0.6666666666666666,0.5,0.06098394399515794,0.09215913708199873,0.20890147963969027,0.20255202680503864,1.1845767284438204
2024-12-20,CONSUMER_STAPLES,XLP,79.94000244140625,-0.02559725073971364,-0.023215957740759463,-0.037099425755245274,0.029226269164102314,,-0.015894526899859818,-0.07153702478905544,-0.0564287487638746,-0.01751363557956931,0.008967657388275319,0.3333333333333333,0.6666666666666666,0.16666666666666666,0.3333333333333333,-0.015768518541799264,-0.04530544845368536,-0.015513165626126238,0.1070019120365118,0.9260044037639615
2024-12-20,DEFENSIVE,XLU,38.21500015258789,-0.01558473845936148,-0.061632864716451574,-0.049614498316543076,0.1014555552305938,,-0.05431143387555193,-0.08405209735035324,0.01580053730261688,-0.041064939163611425,0.035717555155709624,0.0,0.5,0.0,0.0,-0.03677842733332646,-0.10945559982630398,-0.07945406694667084,0.1766495890282344,0.7835720410604475
2024-12-20,ENERGY,XLE,42.06999969482422,-0.05693792604293191,-0.1349850694618473,-0.03498110983317715,-0.06250697058887533,,-0.12766363862094765,-0.06941870886698731,-0.14816198851685225,-0.07922958509919276,-0.08020093197937705,0.0,0.0,0.0,0.0,-0.1347993855599773,-0.10060917790662459,-0.19318403021934016,0.2837353276347023,0.8812281470184847
2024-12-20,FINANCIALS,XLF,48.5099983215332,-0.020791331751294106,-0.04376111257116844,0.0744185311650194,0.17372359478299337,,-0.03643968173026879,0.039980932131209235,0.08806857685501646,-0.010948710867279776,0.09634547162850171,0.0,1.0,0.0,1.0,-0.05857374626378572,0.08771656005115307,0.13724035059311548,0.16406476495416528,0.9830256716769293
2024-12-20,HEALTHCARE,XLV,138.0,-0.021207215949140656,-0.042730323984643825,-0.09815712882687522,-0.06000952050338104,,-0.03540889314374418,-0.13259472786068538,-0.14566453843135796,-0.0524060693668873,-0.06362276172149617,0.0,0.0,0.16666666666666666,0.0,-0.03567679555065132,-0.1519434629498555,-0.15286773139812893,0.16785097369860305,1.0768372120456966
2024-12-20,MARKET,SPY,591.1500244140625,-0.02161499658008781,-0.007321430840899645,0.03443759903381016,0.08565501792797692,,0.0,0.0,0.0,-0.0014087851490935943,0.0685308882819946,0.25,1.0,0.25,0.75,-0.017742354387828868,-0.010806404471281644,-0.0005787549314016371,0.13882341785496513,0.975761803297753
2024-12-20,MATERIALS,XLB,42.790000915527344,-0.04090554060923146,-0.09044526345048765,-0.11700367882924845,-0.04529225330475173,,-0.083123832609588,-0.1514412778630586,-0.13094727123272865,-0.0758697918420792,-0.06604422498126128,0.0,0.3333333333333333,0.0,0.0,-0.0939276312525435,-0.1811433092687781,-0.11388232358517675,0.1790970724716208,1.2084413436419503
2024-12-20,NUCLEAR,URA,27.969999313354492,-0.04831575725701065,-0.15549516257901652,-0.03883165131622457,-0.05602429613329629,,-0.14817373173811688,-0.07326925035003473,-0.1416793140612732,-0.10211550262158342,-0.04735145620898307,0.0,0.6666666666666666,0.0,0.5,-0.14803367609028711,-0.033714504067390995,0.004287921944301294,0.4218692183867243,0.7193443076853733
2024-12-20,POWER_INDUSTRIALS,XLI,133.82000732421875,-0.026267813024475783,-0.061899663162083285,-0.007490873641769147,0.08823295109221263,,-0.05457823232118364,-0.04192847267557931,0.002577933164235713,-0.03610806783324405,0.0351656725286571,0.3333333333333333,1.0,0.0,0.6666666666666666,-0.05812731891374564,0.04862234010880284,0.16799398507071153,0.19404457960709237,0.895488207876019
2024-12-20,SEMI,SOXX,214.82000732421875,-0.03797579763388326,-0.006245042587600391,-0.07675771838470358,-0.13996313406170058,,0.0010763882532992541,-0.11119531741851374,-0.2256181519896775,-0.02867139422048315,-0.054503971206571356,0.0,0.3333333333333333,0.0,0.16666666666666666,-0.0365730979278893,-0.11492384837887876,-0.2748591480631614,0.2648247667945594,0.8699003212852222
2024-12-27,AI_SOFTWARE,IGV,102.27999877929688,-0.012931904379141268,-0.023673189255080218,0.13770853218344192,0.1769850055622586,,-0.0111597411095391,0.09926036636994806,0.08365870039767609,0.0033844992632676707,0.14754373610501137,0.8333333333333334,1.0,0.3333333333333333,0.8333333333333334,0.020142173746436343,0.21472660019578815,0.39159920151683947,0.27615171977804637,1.4286231305965358
2024-12-27,COMMUNICATION_SERVICES,XLC,98.16000366210938,0.0020416964016531924,-0.0024390026427633105,0.08010570674194883,0.1459257467383137,,0.010074445502777807,0.04165754092845497,0.0525994415737312,0.014206778354979521,0.11580644184375011,0.8333333333333334,1.0,0.5,1.0,0.022346593365712635,0.08564810624885326,0.0946492266253262,0.133859240044637,1.123792807487238
2024-12-27,CONSUMER_DISCRETIONARY,XLY,114.87000274658203,0.003625887107493231,0.03346829662289297,0.15930770356723967,0.25953954594727713,,0.045981744768434085,0.1208595377537458,0.16621324078269462,0.045793898298699176,0.19097518039463157,0.5,0.8333333333333334,0.5,0.5,0.05217001376932675,0.11869235407452394,0.2243625326429973,0.19578405482357825,1.2663784706438954
2024-12-27,CONSUMER_STAPLES,XLP,79.30000305175781,-0.008005996623749678,-0.04710403883015224,-0.026635548501671935,0.03551842720902254,,-0.03459059068461112,-0.0650837143151658,-0.05780787795555997,-0.02184501065349409,-0.0002647026051731949,0.16666666666666666,0.5,0.0,0.5,-0.02642300267053251,-0.042791325250842095,-0.021513884850467607,0.101817322635939,0.975645615071009
2024-12-27,DEFENSIVE,XLU,38.040000915527344,-0.004579333674258668,-0.08259976424591398,-0.06432168103030889,0.11652483875150232,,-0.07008631610037286,-0.10276984684380275,0.02319853358691981,-0.03837400509935873,0.026724134562607693,0.0,0.3333333333333333,0.0,0.16666666666666666,-0.04266393731557927,-0.10109642349331814,-0.07551073368923734,0.1733308247275679,0.7889374127857978
2024-12-27,ENERGY,XLE,42.279998779296875,0.004991658806655419,-0.11483305098796392,-0.09250915130232318,-0.07229845153007652,,-0.10231960284242281,-0.13095731711581704,-0.16562475669465904,-0.06874299484919655,-0.07362473138276981,0.0,0.0,0.0,0.0,-0.10156454850688867,-0.15404206443664528,-0.20909226186414284,0.23526685355086854,0.8999779136422217
2024-12-27,FINANCIALS,XLF,48.75,0.004947468290475321,-0.05044799658921184,0.06790795992336851,0.18584284301189413,,-0.037934548443670724,0.02945979410987465,0.09251653784731162,-0.008340110835734493,0.09722541987035371,0.3333333333333333,1.0,0.0,1.0,-0.04535279713762852,0.08463561277667338,0.12414314638484047,0.1637056248011172,0.9910385489650412
2024-12-27,HEALTHCARE,XLV,138.9499969482422,0.006884035856827397,-0.05739099453018848,-0.08368505996098363,-0.046655252499196,,-0.04487754638464736,-0.1221332257744775,-0.1399815576637785,-0.036501331305910045,-0.0561375876623984,0.0,0.0,0.0,0.0,-0.04534759592553408,-0.13992710830105967,-0.1507644800989958,0.1707773128714118,1.0962312578152569
2024-12-27,MARKET,SPY,595.010009765625,0.006529620556792626,-0.012513448145541117,0.03844816581349386,0.09332630516458251,,0.0,0.0,0.0,0.0033455679612619527,0.07193317611100114,0.5,1.0,0.25,0.75,-0.01902617317429986,-0.009693582494710029,-0.0044092317601505115,0.13901266754952515,1.050114449722463
2024-12-27,MATERIALS,XLB,42.470001220703125,-0.007478375507771973,-0.10381933387447995,-0.10749181385271045,-0.03816096942989389,,-0.09130588572893883,-0.1459399796662043,-0.1314872745944764,-0.07003731033442784,-0.07139964903041829,0.0,0.16666666666666666,0.0,0.16666666666666666,-0.0983522312615352,-0.16773384546201706,-0.10763877990967567,0.17820793052513437,1.213632154664167
2024-12-27,NUCLEAR,URA,28.100000381469727,0.004647875270170854,-0.13137552683506992,-0.07321897545181899,-0.02936097958787831,,-0.1188620786895288,-0.11166714126531285,-0.12268728475246082,-0.08214924247325273,-0.042312067329371206,0.0,0.6666666666666666,0.0,0.3333333333333333,-0.13428675761780187,-0.10998836169390024,0.04559011575241495,0.41060429874996474,0.6952252304456066
2024-12-27,POWER_INDUSTRIALS,XLI,133.25999450683594,-0.004184821302737007,-0.07451913728024362,-0.016603941341658768,0.09346017480559499,,-0.0620056891347025,-0.05505210715515263,0.000133869641012474,-0.03596854026022367,0.029231412581702143,0.16666666666666666,1.0,0.0,0.5,-0.05929811060021558,0.009068492332517794,0.1804734617333159,0.19379422254258485,0.9147860890244407
2024-12-27,SEMI,SOXX,221.63999938964844,0.03174747152455204,0.028969385654499247,-0.040851663348643874,-0.10132589303170225,,0.041482833800040364,-0.07929982916213774,-0.19465219819628476,0.00567631740463348,-0.024077729573058426,0.3333333333333333,0.3333333333333333,0.3333333333333333,0.3333333333333333,-0.004295830197892185,-0.09657264674155412,-0.2548927748014784,0.27618201532055997,0.8577526538703961
2025-01-03,AI_SOFTWARE,IGV,101.47000122070312,-0.007919413064734093,-0.07796457603930651,0.09319113934840106,0.14100979278640025,0.31247420668089143,-0.05187091944387745,0.07184810688965793,0.0737409398850406,-0.013532685056077187,0.13330617505925724,0.5,0.8333333333333334,0.16666666666666666,0.8333333333333334,-0.028897283806407787,0.1806343778145032,0.3599231809195819,0.27441453954354655,1.178345419034396
2025-01-03,COMMUNICATION_SERVICES,XLC,97.87999725341797,-0.0028525509193668697,-0.03021899378317361,0.08238413052195681,0.11531443562954968,0.3586895614866814,-0.004125337187744549,0.06104109806321367,0.04804558272819004,0.004020974511461439,0.10751854426341678,0.8333333333333334,1.0,0.16666666666666666,1.0,-0.0021554448146251146,0.09707912251829642,0.07838993413153987,0.13307200991738805,1.1704696229393956
2025-01-03,CONSUMER_DISCRETIONARY,XLY,112.94000244140625,-0.016801604065715958,-0.029725077655633925,0.14904874747604735,0.1932382527276193,0.3085390526715521,-0.0036314210602048647,0.1277057150173042,0.12596939982625965,0.01662114469671061,0.16462708143787674,0.5,0.8333333333333334,0.16666666666666666,0.5,-0.0022895140458133643,0.14939847843326867,0.1419165081805407,0.20096559756407606,1.193931231902084
2025-01-03,CONSUMER_STAPLES,XLP,78.33000183105469,-0.01223204518756471,-0.04916236413439845,-0.0405438214519811,0.012277133773027638,0.08776558127116663,-0.02306870753896939,-0.06188685391072424,-0.054991719128332006,-0.030545291893175786,-0.013106267552893125,0.16666666666666666,0.3333333333333333,0.0,0.3333333333333333,-0.022443813793724954,-0.04924129373772581,-0.03033214691677827,0.10334830367886366,0.8583963866465263
2025-01-03,DEFENSIVE,XLU,38.540000915527344,0.013144058569039219,-0.03275192032112961,-0.02738168036524058,0.12443469583592015,0.19448323708607007,-0.006658263725700553,-0.04872471282398372,0.05716584293456051,-0.02165357079505037,0.03622348012509535,0.0,0.16666666666666666,0.0,0.0,-0.00983072163615171,-0.09120044729161551,-0.05871386785690269,0.17075218549191257,0.7385126158788059
2025-01-03,ENERGY,XLE,43.73500061035156,0.03441347854927446,-0.03900236819700775,-0.05753686540632996,-0.029189759133829152,0.032947578005107836,-0.012908711601578693,-0.0788798978650731,-0.0964586120351888,-0.03424897496330925,-0.03992007822534882,0.0,0.0,0.0,0.0,-0.010109840829016467,-0.09940410480901747,-0.14117797785735572,0.251080849190101,0.90050982460915
2025-01-03,FINANCIALS,XLF,48.59000015258789,-0.0032820481520432487,-0.035912724573264776,0.04472160623776422,0.16971591433993716,0.287152321922858,-0.009819067977835716,0.023378573779021083,0.10244706143857751,-0.015519888302547136,0.08965733388323027,0.16666666666666666,1.0,0.0,1.0,-0.015195007218707238,0.06441047395341681,0.13980332898994965,0.16179294284822943,0.9000991679631892
2025-01-03,HEALTHCARE,XLV,138.9600067138672,7.203861709137449e-05,-0.03687269275325966,-0.09701730284616228,-0.03773974662443813,-0.001150002939444783,-0.010779036157830602,-0.11836033530490542,-0.10500859952579777,-0.02995437542106505,-0.05466167800439736,0.0,0.16666666666666666,0.16666666666666666,0.0,-0.0075171680534557766,-0.1330947956618157,-0.11386678127360088,0.16450435054986698,1.0844259091097432
2025-01-03,MARKET,SPY,591.9500122070312,-0.005142766522195252,-0.02609365659542906,0.02134303245874314,0.06726885290135964,0.2650666678493163,0.0,0.0,0.0,-0.003982709850126942,0.06312240390831314,0.25,1.0,0.0,0.75,-0.011327059917265542,-0.00462075384748184,0.009473557236471974,0.13869219662427829,1.1289989457573737
2025-01-03,MATERIALS,XLB,41.595001220703125,-0.020602777839654474,-0.09487543110933438,-0.1324433937749423,-0.05358360640171289,-0.013635213972231663,-0.06878177451390532,-0.15378642623368544,-0.12085245930307253,-0.07832925017878278,-0.08811388295051437,0.0,0.16666666666666666,0.0,0.0,-0.0722927944488629,-0.19134239475637452,-0.10971323760483827,0.1753418910559784,1.1663883060370928
2025-01-03,NUCLEAR,URA,28.84000015258789,0.026334511070190247,-0.09308173444932022,-0.03866666158040366,-0.028629180403506038,0.06973297967202097,-0.06698807785389116,-0.0600096940391468,-0.09589803330486568,-0.049533643099127556,-0.01710019871174051,0.16666666666666666,0.6666666666666666,0.16666666666666666,0.3333333333333333,-0.03810313743221542,0.007988954400594753,0.1403294925489234,0.4153458019742661,0.7719722498187579
2025-01-03,POWER_INDUSTRIALS,XLI,132.72000122070312,-0.004052178511121829,-0.0557768673453658,-0.04117899887041743,0.09486883257047785,0.19106166074863107,-0.02968321074993674,-0.06252203132916057,0.027599979669118202,-0.038009895717007636,0.0237245470690568,0.16666666666666666,1.0,0.16666666666666666,0.5,-0.021356324445532888,0.022473127610289505,0.2239640881788211,0.18692069400953865,0.9517493584200813
2025-01-03,SEMI,SOXX,222.47000122070312,0.003744819677586886,0.012009277021602038,-0.05516862788910737,-0.12674671841094887,0.23174742907108636,0.0381029336170311,-0.07651166034785051,-0.1940155713123085,0.012709510278920977,-0.02005091697166117,0.6666666666666666,0.3333333333333333,0.5,0.16666666666666666,0.007975220130042981,-0.09237258852783518,-0.22899483550155475,0.2723111569077691,0.8474306103115942
2025-01-10,AI_SOFTWARE,IGV,97.20999908447266,-0.04198287262227107,-0.08093029999311141,0.053082024217026236,0.11326156005741095,0.1893168128105427,-0.041672374974193516,0.06009554896555469,0.07665376285121428,-0.05947348401003072,0.08178787728381542,0.0,0.8333333333333334,0.0,0.8333333333333334,-0.04556394196804616,0.12846712718853778,0.2707551142409464,0.29284850935788626,1.0597288496832633
2025-01-10,COMMUNICATION_SERVICES,XLC,95.80999755859375,-0.021148342387718344,-0.05082231780002555,0.05020271876721427,0.1100683613569875,0.29806260300354825,-0.011564392781107657,0.057216243515742726,0.07346056415079083,-0.020638077983721637,0.08003604228827776,0.3333333333333333,1.0,0.16666666666666666,0.8333333333333334,-0.004922245590061251,0.08264618793146895,0.1252705544599181,0.1449798069393024,1.171731492631814
2025-01-10,CONSUMER_DISCRETIONARY,XLY,110.41000366210938,-0.02240126372061524,-0.062295629651981765,0.10681175582235136,0.1531672723885411,0.2693722625995745,-0.02303770463306387,0.11382528057087982,0.11655947518234444,-0.01533932168784602,0.13241029175506913,0.3333333333333333,0.8333333333333334,0.0,0.5,-0.025129895842497956,0.1309845407278435,0.13580504884025169,0.21305080391451114,1.1261187200821465
2025-01-10,CONSUMER_STAPLES,XLP,76.33999633789062,-0.025405405931895553,-0.06947835828897342,-0.07174126555368165,-0.014331835430456463,0.048626279364521796,-0.030220433270055524,-0.0647277408051532,-0.05093963263665313,-0.05069827882521161,-0.03878725398059135,0.16666666666666666,0.3333333333333333,0.0,0.3333333333333333,-0.017127149151544434,-0.037517681916014345,-0.0019243909786016238,0.10962157621701316,0.8858243377749417
2025-01-10,DEFENSIVE,XLU,37.790000915527344,-0.019460300523704288,-0.02653268385868124,-0.0777302666797004,0.06062306434632858,0.19361974408273097,0.012725241160236656,-0.07071674193117194,0.024015267140131913,-0.037577500200544844,0.012512415007254862,0.0,0.16666666666666666,0.0,0.0,-0.0011151760208886567,-0.09040448529761953,-0.06222317982883916,0.15261549132325328,0.848301670913548
2025-01-10,ENERGY,XLE,44.19499969482422,0.010517870768333326,-0.009302867290950978,-0.02158508996335118,-0.023530681975352463,0.06906143037490065,0.029955057727966916,-0.014571565214822724,-0.06013847918154913,-0.02447907518885062,-0.0272355378268494,0.16666666666666666,0.0,0.3333333333333333,0.3333333333333333,0.029412206900338262,-0.026196521199532346,-0.10522693452194502,0.24740282728171129,0.9115096515287736
2025-01-10,FINANCIALS,XLF,47.31999969482422,-0.026137074578626684,-0.04481229672337994,-0.006299858122417512,0.11656438183588458,0.25851068125423193,-0.005554371704462047,0.0007136666261109426,0.07995658462968791,-0.042570413172684396,0.05776698466270336,0.0,1.0,0.0,0.6666666666666666,0.0006532720665218261,0.03718178624213079,0.10405891107088257,0.16602145483327657,0.9403506163246705
2025-01-10,HEALTHCARE,XLV,139.63999938964844,0.004893441586984348,-0.009575190090910901,-0.08809511567303685,-0.05820465794925056,-0.006262488300998181,0.029682734928006993,-0.0810815909245084,-0.09481245515544723,-0.019664288858974754,-0.04945696818267409,0.16666666666666666,0.0,0.5,0.0,0.032059593896498095,-0.0932663388834931,-0.11052239765447673,0.16669181967137042,1.1241965810027068
2025-01-10,MARKET,SPY,580.489990234375,-0.01935977994143223,-0.039257925018917894,-0.007013524748528455,0.03660779720619667,0.21777712333985288,0.0,0.0,0.0,-0.02481598899562165,0.0396436813537715,0.0,1.0,0.0,0.25,-0.011202934134480091,-0.009929606079120412,-0.00987623645391561,0.14441546963534072,1.260530901438948
2025-01-10,MATERIALS,XLB,41.650001525878906,0.0013222816098490409,-0.06645747038084127,-0.14677859884051647,-0.079557977328643,-0.001797410449007053,-0.027199545361923372,-0.13976507409198802,-0.11616577453483967,-0.06694891247181356,-0.084532354925973,0.0,0.16666666666666666,0.0,0.0,-0.020975685917422642,-0.17217463380065548,-0.10295211924510633,0.16509476818304214,1.3316765445975807
2025-01-10,NUCLEAR,URA,27.170000076293945,-0.057905688885514506,-0.07553587476889867,-0.18798563001448587,-0.1286080881858166,-0.13691231031181272,-0.036277949749980776,-0.18097210526595742,-0.16521588539201326,-0.09445405574102506,-0.07134922045391456,0.16666666666666666,0.5,0.16666666666666666,0.16666666666666666,0.03359579970430012,-0.12964802704740222,0.06294534885717397,0.3327283726265544,0.7702738230865447
2025-01-10,POWER_INDUSTRIALS,XLI,131.3300018310547,-0.01047317191729813,-0.04438616873914414,-0.05701157605964324,0.05757772192227084,0.17143877545326203,-0.005128243720226244,-0.04999805131111479,0.020969924716074173,-0.04623226058823948,0.011898468285849395,0.16666666666666666,1.0,0.16666666666666666,0.16666666666666666,0.0064838816089134626,0.028678816138446767,0.20383140767896032,0.18619599919764332,0.9512912312491054
2025-01-10,SEMI,SOXX,218.1999969482422,-0.019193618236307053,-0.022839256756899906,-0.048657148728685984,-0.16041408038162175,0.17440214119643205,0.016418668262017988,-0.04164362398015753,-0.19702187758781842,-0.005650765412466896,-0.03849650880009425,0.3333333333333333,0.3333333333333333,0.3333333333333333,0.16666666666666666,0.029575723853932107,-0.03321233459850268,-0.213495668268148,0.27011352991518794,0.893684037381782
2025-01-17,AI_SOFTWARE,IGV,100.31999969482422,0.0319925999345918,-0.03184716236524776,0.08806944702113517,0.18232176191990646,0.19893868319139796,-0.042724253476179475,0.05605086494384648,0.0938137240325041,-0.02851886363639211,0.11096960932552058,0.16666666666666666,1.0,0.0,0.8333333333333334,-0.050701194954474026,0.12706277963948484,0.28958743516159585,0.2976122155975238,0.8403168109817338
2025-01-17,COMMUNICATION_SERVICES,XLC,97.38999938964844,0.016490991246382425,-0.0058186984498918015,0.0719868027008308,0.14428385255825393,0.30148332228466246,-0.016695789560823515,0.039968220623542106,0.055775814670851576,-0.005717208885671954,0.09290045848413198,0.3333333333333333,1.0,0.3333333333333333,0.8333333333333334,-0.01782144919484278,0.060885905006419716,0.1128610646061335,0.145670204420604,1.02621775589066
2025-01-17,CONSUMER_DISCRETIONARY,XLY,114.61000061035156,0.03804000370379068,0.0013542333390170747,0.14147703803352574,0.22048881422933886,0.31065242164024176,-0.009522857771914639,0.10945845595623704,0.1319807763419365,0.01573092072952731,0.16768614172470198,0.6666666666666666,0.8333333333333334,0.6666666666666666,0.6666666666666666,-0.02051222320433595,0.10357626349932116,0.14988390046622646,0.22134013183361706,0.7977692495636229
2025-01-17,CONSUMER_STAPLES,XLP,77.23999786376953,0.011789383927861108,-0.033775387730513806,-0.04712558364022834,-0.010884857395090708,0.0720332351448123,-0.04465247884144552,-0.07914416571751703,-0.09939289528249307,-0.03521155376552765,-0.02863540611217874,0.3333333333333333,0.3333333333333333,0.16666666666666666,0.3333333333333333,-0.030347545524716763,-0.05145339379889572,-0.053650580885549526,0.11372659879226062,0.8118955340682452
2025-01-17,DEFENSIVE,XLU,39.41999816894531,0.04313303027066695,0.031532068861599205,-0.01915900681947158,0.12419790996139168,0.2928828620814272,0.02065497775066749,-0.05117758889676027,0.035689872073989326,0.004369545527687979,0.05103178491020799,0.3333333333333333,0.16666666666666666,0.6666666666666666,0.0,-0.0121110285429288,-0.08435699028846204,-0.09990653889100133,0.1807185396149862,0.8328022328626331
2025-01-17,ENERGY,XLE,46.97999954223633,0.06301617528324743,0.1167102420496613,0.04667486463284698,0.017213340809925093,0.17200949520376874,0.10583315093872958,0.014656282555558287,-0.07129469707747726,0.03675423739129524,0.03468210536432026,1.0,0.5,1.0,0.8333333333333334,0.11513085998753418,0.0007004361302981321,-0.12258991601244605,0.280600420770589,0.8684163753107593
2025-01-17,FINANCIALS,XLF,50.22999954223633,0.061496193283585354,0.035456633275941174,0.07720348255755694,0.17222873584400067,0.324281548592082,0.02457954216500946,0.04518490048026824,0.08372069795659831,0.014173793935487788,0.11647031041123745,0.8333333333333334,1.0,1.0,1.0,0.06235571107304283,0.10860061634268374,0.12148262536689247,0.20236945288211683,0.8206336675142205
2025-01-17,HEALTHCARE,XLV,140.17999267578125,0.003867038731689032,0.015797048375226552,-0.05659872043461933,-0.05200515787744431,0.0051626697780911,0.004919957264294839,-0.08861730251190802,-0.14051319576484667,-0.00891543249245097,-0.04598736597633002,0.0,0.0,0.5,0.0,-0.015244798231144866,-0.1273191999875744,-0.18506074658374247,0.16001868846833853,0.9763769101811174
2025-01-17,MARKET,SPY,597.5800170898438,0.029440691731081436,0.010877091110931714,0.03201858207728869,0.08850803788740236,0.23868753220625205,0.0,0.0,0.0,0.003996985861022706,0.06611149639144442,0.5,1.0,1.0,1.0,0.002097902717259126,-0.0004663643541988338,-0.01470120293867655,0.15517401156537639,0.9833279541069159
2025-01-17,MATERIALS,XLB,44.165000915527344,0.06038413679494736,0.03213367540501855,-0.05991908586925854,-0.01975362076617715,0.07418215037208498,0.021256584294086833,-0.09193766794654723,-0.1082616586535795,-0.0037557878197974626,-0.02882837335519861,0.3333333333333333,0.3333333333333333,1.0,0.0,0.03665582578592944,-0.1038055568840301,-0.0831699438794613,0.2144299240903341,1.31901132385901
2025-01-17,NUCLEAR,URA,28.030000686645508,0.031652580343638714,0.0021452046751522236,-0.11185040681341685,-0.006028371336690208,-0.0788695233145319,-0.00873188643577949,-0.14386898889070554,-0.09453640922409257,-0.05645130523527819,-0.04015886299964633,0.5,0.6666666666666666,0.8333333333333334,0.16666666666666666,0.09886546664374742,-0.06688973425079627,0.18128270047278527,0.3327127408682463,0.7585878078446999
2025-01-17,POWER_INDUSTRIALS,XLI,137.75,0.048884474830085844,0.029367751163394296,0.017356028134774215,0.10314724889978044,0.22498891719314806,0.018490660052462582,-0.014662553942514478,0.014639211012378084,0.003555248284428325,0.05833723757028886,0.6666666666666666,1.0,1.0,0.8333333333333334,0.0426829778368187,0.052944966018061035,0.29045753545734704,0.20813354494334974,0.8201735625120135
2025-01-17,SEMI,SOXX,229.74000549316406,0.05288729929569702,0.06945348505843407,0.0006969407650196935,-0.028336985616055244,0.14634998899807905,0.05857639394750236,-0.031321641312269,-0.1168450235034576,0.04771114303476942,0.01105499863967907,0.8333333333333334,0.5,1.0,0.6666666666666666,0.09275185362372917,-0.02570030864428389,-0.10607085303136916,0.2946696526784969,0.7760393581620304
2025-01-24,AI_SOFTWARE,IGV,103.8499984741211,0.03518738825792678,0.015350016753637341,0.12562319607121752,0.2250796577401457,0.22664235819673717,-0.006431063774074985,0.06095172980478236,0.10839100889576558,0.003023056478675068,0.1420559100484291,1.0,1.0,0.8333333333333334,1.0,0.010322064928081317,0.19010347543973827,0.37964785280119084,0.3023267705677417,0.8421184423325035
2025-01-24,COMMUNICATION_SERVICES,XLC,100.41000366210938,0.03100938793908581,0.022921759536043362,0.08668833337613169,0.1996416645534671,0.29261075267296444,0.0011406790083310359,0.022016867109696525,0.08295301570908697,0.019639337953317737,0.12020977749443529,0.6666666666666666,1.0,0.8333333333333334,0.8333333333333334,0.012177698435041259,0.07527081334037657,0.18824772140278043,0.1533691024224438,1.131330931863056
2025-01-24,CONSUMER_DISCRETIONARY,XLY,115.00499725341797,0.003446441331147909,0.0011751937286339498,0.14953270386601236,0.25956954021168444,0.3397600437996946,-0.020605886799078377,0.0848612375995772,0.1428808913673043,0.011802341942539263,0.16278831623194412,0.6666666666666666,0.8333333333333334,0.5,0.6666666666666666,-0.02466754823656714,0.09104646936467954,0.1659524799663237,0.21954981248130226,0.8335007131417556
2025-01-24,CONSUMER_STAPLES,XLP,77.9000015258789,0.008544843091184973,-0.017654495233312306,-0.028072363782470022,-0.007516834678918505,0.07255960996491617,-0.03943557576102463,-0.09274383004890518,-0.12420548352329863,-0.024457419947106707,-0.02139978643186924,0.16666666666666666,0.3333333333333333,0.16666666666666666,0.3333333333333333,-0.029933091145059005,-0.05750002564787785,-0.07385937213188014,0.11514447634359756,0.8927004933835219
2025-01-24,DEFENSIVE,XLU,39.744998931884766,0.008244565652859137,0.04482118757419551,0.017406894383220628,0.11690318826584734,0.298643996940265,0.023040107046483183,-0.047264571883214535,0.00021453942146720806,0.012340621699317156,0.05475459392979509,0.3333333333333333,0.16666666666666666,0.5,0.16666666666666666,-0.015523441566461441,-0.0930829666280538,-0.13674512168305775,0.17091667260865798,0.9506048297923158
2025-01-24,ENERGY,XLE,45.654998779296875,-0.02820350736164312,0.07982497865285243,0.037260011641262025,-0.009545556562619795,0.08379819060645399,0.0580438981251401,-0.027411454625173137,-0.12623420540699992,0.011330521824752582,0.0065145988028409985,0.6666666666666666,0.5,1.0,0.6666666666666666,0.05230200307001368,-0.04893303849494816,-0.17400600341100034,0.28471983286763775,1.0627441357324123
2025-01-24,FINANCIALS,XLF,50.849998474121094,0.012343200030560109,0.04307689177684293,0.0902658477608611,0.1713890498240238,0.31565320741509995,0.021295811249130603,0.025594381494425944,0.05470040097964368,0.02466446310618675,0.12371340927948693,0.8333333333333334,1.0,1.0,1.0,0.04965082668143014,0.08165765362702293,0.08395899677479209,0.2021435919470382,0.8680665861980202
2025-01-24,HEALTHCARE,XLV,144.30999755859375,0.02946215650306594,0.03857503222794678,-0.023216514194112525,-0.03767677315495188,0.036188648894365016,0.016793951700234455,-0.08788798046054769,-0.154365421999332,0.018505427850464606,-0.01877492859292118,0.3333333333333333,0.0,0.6666666666666666,0.0,-0.01963795805593475,-0.1370891161689376,-0.2050780703262524,0.17493342339348306,1.0832238673264731
2025-01-24,MARKET,SPY,607.969970703125,0.01738671527853164,0.021781080527712327,0.06467146626643516,0.11668864884438013,0.2473481589117983,0.0,0.0,0.0,0.017654101833144864,0.07921763287294836,0.75,1.0,1.0,1.0,0.0019107272104368356,-0.007568169749747,-0.028199823150232617,0.1529195690571641,0.9713889488150295
2025-01-24,MATERIALS,XLB,44.5,0.007585171007092217,0.04779841584528377,-0.04434658407837966,-0.025511899532913662,0.07865710454175034,0.026017335317571444,-0.10901805034481482,-0.1422005483772938,0.006388857555664984,-0.02147262945906281,0.6666666666666666,0.3333333333333333,0.8333333333333334,0.3333333333333333,0.03552452561675051,-0.10712174375827271,-0.11995875153957732,0.2156665270742177,1.409138186658651
2025-01-24,NUCLEAR,URA,30.530000686645508,0.08919015122218998,0.086476878013789,-0.0009816354653509052,0.10856934174727528,0.03176750690132746,0.06469579748607668,-0.06565310173178607,-0.008119307097104844,0.026908878602750264,0.04393023654651462,0.8333333333333334,0.8333333333333334,1.0,0.5,0.1780134566913609,-0.024815492157766333,0.33960496566635595,0.3846243601966256,0.9785478696480006
2025-01-24,POWER_INDUSTRIALS,XLI,141.07000732421875,0.02410168656420142,0.05860733257783668,0.05268273342868235,0.11694381564193779,0.24367457413981652,0.03682625205012435,-0.011988732837752814,0.0002551667975576599,0.02627716929026902,0.07957333618925722,1.0,1.0,1.0,1.0,0.09014751924396484,0.07831340424344028,0.30504086842721273,0.2109837760194716,0.9185316674253463
2025-01-24,SEMI,SOXX,230.63999938964844,0.0039174452640602375,0.04060638885031653,0.04560702454930099,0.00553692418143914,0.1575020379469747,0.018825308322604206,-0.019064441717134173,-0.11115172466294099,0.0425773262469471,0.011427007685401946,1.0,0.5,1.0,1.0,0.06216070071629617,-0.01703785794175657,-0.10109355046553857,0.2802921993106844,0.8719262945594947
2025-01-31,AI_SOFTWARE,IGV,102.88999938964844,-0.009244093390255448,0.013994265811200002,0.01629792138181574,0.28275776790983986,0.198122875399378,-0.0026794311457238873,0.010229607187333567,0.15342772521386583,-0.0032163756953871303,0.12475745250597647,0.5,0.8333333333333334,0.8333333333333334,0.6666666666666666,0.00906643245171923,0.08476234111089305,0.47568148682482736,0.23091793180957798,1.0955874655057005
2025-01-31,COMMUNICATION_SERVICES,XLC,102.37999725341797,0.019619495264016074,0.04597466414255402,0.06446243427500331,0.2081661533436312,0.2839227488860405,0.029300967185630133,0.05839412008052114,0.07883611064765716,0.03386986278916182,0.1351370506600682,1.0,1.0,1.0,0.8333333333333334,0.05641963790907619,0.11696753501058689,0.19273621904138913,0.13672123068288938,1.309823533472469
2025-01-31,CONSUMER_DISCRETIONARY,XLY,116.08499908447266,0.00939091219379673,0.027846613910762485,0.07925810449405102,0.31794955348813514,0.30932770459701553,0.011172916953838596,0.07318979029956885,0.1886195107921611,0.015021795811102523,0.16542135459658347,0.6666666666666666,0.8333333333333334,0.6666666666666666,0.8333333333333334,0.010112896868386049,0.07303260179260555,0.19123585099332452,0.16661463800107826,0.8527441351599719
2025-01-31,CONSUMER_STAPLES,XLP,78.9800033569336,0.013863951346597903,0.008298244742555472,-0.022766596694363317,-0.003532661768234857,0.06485108948003471,-0.008375452214368417,-0.02883491088884549,-0.1328627044642089,-0.007377395385307128,-0.008887712237886092,0.5,0.3333333333333333,1.0,0.3333333333333333,0.01646440539697162,0.005285784204463184,-0.06929574345803709,0.11807564375389562,1.0857624989290495
2025-01-31,DEFENSIVE,XLU,38.939998626708984,-0.020254128237753743,0.010378767557851498,-0.01641832592507375,0.04931279941415467,0.26654732684274407,-0.006294929399072391,-0.022486640119555923,-0.08001724328181936,-0.003633420574287949,0.02939958117353547,0.5,0.16666666666666666,1.0,0.0,0.010664447662062907,-0.02268817481872376,-0.15635375376517252,0.1743306634802236,1.1657698492080575
2025-01-31,ENERGY,XLE,43.81999969482422,-0.04019273099410903,0.001943502533129804,-0.06517333984374996,-0.008597309084977578,0.049329536783740524,-0.014730194423794085,-0.07124165403823213,-0.1379273517809516,-0.01885271206170691,-0.03177874011531345,0.0,0.0,0.5,0.0,-0.014591332683392485,-0.08204021272048927,-0.17329027924032103,0.26101399241602874,1.256674947845001
2025-01-31,FINANCIALS,XLF,51.470001220703125,0.012192778076435262,0.05927147682797118,0.04635093835428883,0.2237279966754271,0.32042077540132863,0.04259777987104729,0.04028262415980666,0.09439795397945305,0.03561370665398633,0.13076147832768115,1.0,1.0,1.0,0.8333333333333334,0.05898326170315874,0.0511144759977278,0.16981570145797387,0.1725330760944671,1.0552530391660107
2025-01-31,HEALTHCARE,XLV,146.8699951171875,0.017739571768437656,0.056922769294389663,-0.022040203222939314,-0.026448399025727487,0.034368543103256544,0.040249072337465774,-0.028108517417421486,-0.15577844172170152,0.03459446386680165,-0.0025400312768699695,0.8333333333333334,0.16666666666666666,0.8333333333333334,0.0,0.019724160096377747,-0.056917437154587504,-0.1863616221788824,0.17555286553463675,1.2058253432171915
2025-01-31,MARKET,SPY,601.8200073242188,-0.010115570957877629,0.01667369695692389,0.006068314194482172,0.12933004269597403,0.2173965811546874,0.0,0.0,0.0,0.006297095903330829,0.06388348843116676,0.75,1.0,1.0,0.5,-0.0014572374729981963,-0.016692813361238762,-0.013323807279696231,0.12181090312193249,1.0393335427353196
2025-01-31,MATERIALS,XLB,44.39500045776367,-0.0023595402749736483,0.06731576282937812,-0.06012490983149266,-0.013882718650488624,0.06860037102971206,0.050642065872454234,-0.06619322402597483,-0.14321276134646266,0.010067676082568644,-0.023585584782605307,0.8333333333333334,0.3333333333333333,0.8333333333333334,0.16666666666666666,0.06048535360413595,-0.06773411394804618,-0.14183572417952972,0.21193429297157065,1.3730790405882436
2025-01-31,NUCLEAR,URA,28.309999465942383,-0.07271540028737056,-0.018377277525705837,-0.08677421077605219,0.15456765650176396,-0.10184013151023408,-0.035050974482629726,-0.09284252497053436,0.025237613805789927,-0.03210367285352167,-0.030993837585410078,0.3333333333333333,0.5,0.3333333333333333,0.16666666666666666,-0.008685199573135516,-0.04216481845218719,0.3101696170068215,0.4122548431843252,1.014414696038058
2025-01-31,POWER_INDUSTRIALS,XLI,138.35000610351562,-0.019281215563077048,0.042420169010172204,-0.0263212775759476,0.12727126472207972,0.1970064363361428,0.025746472053248315,-0.03238959177042977,-0.00205877797389431,0.009647697449890025,0.05558919162848608,0.3333333333333333,0.8333333333333334,0.5,0.16666666666666666,-0.015264377620971345,-0.05137321883729362,0.223628841670008,0.17351588389182618,1.041347297464426
2025-01-31,SEMI,SOXX,218.1300048828125,-0.05424035093627133,-0.019508231734961412,-0.05718359134092743,0.05473626738480841,0.09710465456636275,-0.0361819286918853,-0.0632519055354096,-0.07459377531116562,-0.0148452758371177,-0.043562123201632996,0.3333333333333333,0.0,0.5,0.16666666666666666,-0.027733452380839536,-0.0916499509777493,-0.07468694427097979,0.2851537452671781,1.405115073654799
2025-02-07,AI_SOFTWARE,IGV,104.62000274658203,0.016814106008320673,0.07622676403556272,0.03451009184167764,0.26858252938061566,0.18345741319149433,0.04129071063576695,0.008867719615898828,0.14141310680465002,0.013681134805165085,0.1362939378295609,0.8333333333333334,0.8333333333333334,0.8333333333333334,0.6666666666666666,0.13365350680367022,0.12273641790115852,0.5391930241393118,0.2328533072904235,1.1775397887952663
2025-02-07,COMMUNICATION_SERVICES,XLC,102.73999786376953,0.003516317835606797,0.07233065944853667,0.07976874636020148,0.20572701522879444,0.29771378350327704,0.0373946060487409,0.05412637413442267,0.0785575926528288,0.03297806174733031,0.13205881476740333,0.6666666666666666,1.0,0.8333333333333334,0.8333333333333334,0.06401842577442578,0.08816277062135121,0.18473615221750384,0.1319285102026,1.3501612779462926
2025-02-07,CONSUMER_DISCRETIONARY,XLY,112.79000091552734,-0.028384357969866603,0.021555992885404995,0.05687780758426997,0.2939084924256574,0.253918896522336,-0.01338006051439078,0.03123543535849116,0.16673906984969178,-0.015201127613720944,0.1256079886860324,0.5,0.8333333333333334,0.6666666666666666,0.6666666666666666,-0.028903167142471337,0.010194334774513925,0.15041029723139523,0.18000430100272255,0.8850506216469023
2025-02-07,CONSUMER_STAPLES,XLP,79.3499984741211,0.004684668288951421,0.03942890071552818,-0.0076288221277633905,0.0025268091520731506,0.08535081126624999,0.004492847315732407,-0.0332711943535422,-0.12464261342389249,0.002146983686412085,-0.005327497918413804,0.8333333333333334,0.3333333333333333,1.0,0.5,0.024969165465403287,0.02101658183453538,-0.04963772843300964,0.11695205804918052,1.1152525346018771
2025-02-07,DEFENSIVE,XLU,39.06999969482422,0.0033384969876724124,0.03387136142595182,-0.014006316849861977,0.06154053446183272,0.29649906746570864,-0.0010646919738439564,-0.039648689075640786,-0.06562888811413292,0.005856980667181988,0.029526075568570676,1.0,0.16666666666666666,1.0,0.3333333333333333,0.015811296499343357,-0.020681672324597517,-0.1424757641377371,0.1745382165089232,1.1201826609271495
2025-02-07,ENERGY,XLE,44.279998779296875,0.01049746891091341,0.0019232737879757433,-0.06513254069137786,-0.009506834455883628,0.06301764678732047,-0.03301277961182003,-0.09077491291715667,-0.13667625703184927,-0.0007559924583252497,-0.020530071808241845,0.5,0.0,0.5,0.0,-0.03793081977113285,-0.10150402542030958,-0.16654973403467233,0.2610263510663861,1.3888401700186808
2025-02-07,FINANCIALS,XLF,51.81999969482422,0.006800047907912443,0.09509721109512603,0.03910168046329554,0.2221697601401218,0.3259978829797743,0.06016115769533026,0.013459308237516732,0.09500033756415616,0.04164991039855215,0.13144721164505002,1.0,1.0,1.0,0.8333333333333334,0.08326194820615562,0.02571482550557334,0.17950764154314272,0.17126520545824098,1.0918524943325294
2025-02-07,HEALTHCARE,XLV,146.42999267578125,-0.002995863389626763,0.04862498793906589,0.03236038110827599,-0.023669843665063972,0.016804376510343166,0.013688934539270114,0.006718008882497184,-0.1508392662410296,0.03220754250854019,-0.00647293180655828,0.8333333333333334,0.3333333333333333,0.8333333333333334,0.5,-0.0009091070520192054,0.0002008358488255572,-0.18994922502368158,0.12641171728931946,1.3254110103891081
2025-02-07,MARKET,SPY,600.77001953125,-0.001744687415157764,0.034936053399795775,0.02564237222577881,0.12716942257596564,0.19866321807488152,0.0,0.0,0.0,0.0048404893605042965,0.05784408153198295,0.75,1.0,1.0,0.5,0.0021819734751238884,-0.00967417425440989,-0.01111261855800394,0.11202905733867273,1.0119163898463204
2025-02-07,MATERIALS,XLB,44.14500045776367,-0.005631264724005214,0.059903933744984705,-0.03275633111037779,-0.0030487426660978922,0.061943728213692095,0.02496788034518893,-0.0583987033361566,-0.13021816524206353,0.011850174734342911,-0.028752931609240195,0.8333333333333334,0.5,0.8333333333333334,0.3333333333333333,0.03794832831723627,-0.04205943825905759,-0.11970575438343574,0.20157070058458448,1.3251768173308829
2025-02-07,NUCLEAR,URA,29.100000381469727,0.02790536667009591,0.0710342399615862,-0.039603923623967474,0.1771845141496029,-0.022505880617788687,0.036098186561790424,-0.06524629584974628,0.05001509157363726,0.00608492616848233,-0.0024766535232507714,0.5,0.5,0.8333333333333334,0.3333333333333333,0.07151418964206525,0.07674092885425865,0.3691972982758531,0.41606602569923135,1.1041605001870411
2025-02-07,POWER_INDUSTRIALS,XLI,137.3300018310547,-0.007372636266439692,0.04568643810512163,-0.012795620526828033,0.10500485339505605,0.17426255164274984,0.010750384705325855,-0.03843799275260684,-0.022164569180909588,0.007098757616428308,0.04490473931520289,0.3333333333333333,0.6666666666666666,0.5,0.16666666666666666,-0.03770572589154009,-0.05241255586512913,0.15147605550208731,0.1687136711443701,1.1500883962448496
2025-02-07,SEMI,SOXX,216.8699951171875,-0.0057764165287664815,-0.0060953338664352374,0.026797917823032202,0.024034358141606482,0.03364948115316624,-0.04103138726623101,0.0011555455972533935,-0.10313506443435916,-0.02118578070725563,-0.04915986679413187,0.3333333333333333,0.16666666666666666,0.3333333333333333,0.6666666666666666,-0.03142251433308437,0.0012831455530301443,-0.0762735421423914,0.21495763535123014,1.4340971331762584
2025-02-14,AI_SOFTWARE,IGV,106.76000213623047,0.020454973556367495,0.06419460188394033,0.006789902060418518,0.24836303001522753,0.24786685683823073,0.043912807361742745,-0.01703841687412133,0.14843696898007108,0.0377239479507383,0.15160376180904356,0.8333333333333334,0.8333333333333334,0.8333333333333334,0.6666666666666666,0.12592824527598087,0.11191726073947757,0.5360647064152403,0.21359433564837987,1.1606565090058607
2025-02-14,COMMUNICATION_SERVICES,XLC,105.30999755859375,0.025014597510815362,0.08132249942068626,0.08701486936590896,0.22084390158346645,0.333882224563385,0.061040704898488674,0.06318655043136912,0.12091784054831001,0.054175238833470196,0.15290714694513885,0.6666666666666666,1.0,0.8333333333333334,0.8333333333333334,0.10145358376865299,0.10931713445720542,0.22316764270368747,0.13549021874680425,1.2527470165750063
2025-02-14,CONSUMER_DISCRETIONARY,XLY,113.5,0.006294876130060523,-0.009685024033158518,0.040806940153225835,0.23955656608681108,0.26801471669342347,-0.0299668185553561,0.016978621218685985,0.13963050505165464,-0.0064862975799090394,0.12582592564482686,0.5,0.8333333333333334,0.6666666666666666,0.6666666666666666,-0.02588928509227756,0.00814239209487816,0.11576131498406532,0.17595702252828066,0.893915338112697
2025-02-14,CONSUMER_STAPLES,XLP,80.61000061035156,0.015879044240201257,0.04363028016295134,-0.015029273980668445,0.00124206274335803,0.10002731922978092,0.023348485640753758,-0.038857592915208294,-0.09868399829179841,0.020340999157582695,0.00952101978237252,0.6666666666666666,0.6666666666666666,0.8333333333333334,0.5,0.04438780288294029,-0.0015253112269637918,-0.025709640136799567,0.11043655431225038,1.074812268172889
2025-02-14,DEFENSIVE,XLU,39.54999923706055,0.012285629536360476,0.003297845615265693,-0.02885203882345644,0.0626006969355335,0.2918503848682552,-0.01698394890693189,-0.05268035775799629,-0.03732536409962295,0.01898847079416921,0.03949350840362342,0.8333333333333334,0.6666666666666666,1.0,0.5,0.021562669204310565,-0.029102361228571388,-0.10718224581187502,0.1652487018647922,0.977044529185304
2025-02-14,ENERGY,XLE,45.03499984741211,0.017050611764430235,-0.04140058990583029,-0.07402073811786669,-0.004421371951826236,0.052588524202977105,-0.06168238442802787,-0.09784905705240654,-0.10434743298698268,0.01737225525307684,-0.002792777079349107,0.6666666666666666,0.16666666666666666,0.0,0.0,-0.07172265487072445,-0.10781403356550999,-0.1423372326565397,0.25614792084311394,1.2919414169216061
2025-02-14,FINANCIALS,XLF,51.79999923706055,-0.0003859602061261347,0.031256215590925285,0.02109205015729132,0.18345896036819798,0.3070905334579166,0.010974421068727702,-0.0027362687772485295,0.08353289933304153,0.03832584032723818,0.12488868484118476,1.0,1.0,1.0,0.6666666666666666,0.010365040514462335,0.010003677221555948,0.1523932303368226,0.1684642384895369,1.0251377644395399
2025-02-14,HEALTHCARE,XLV,144.8000030517578,-0.011131528413256708,0.032957701650492055,0.004439507307092638,-0.05278990202912859,-0.00563104033048345,0.012675907128294472,-0.01938881162744721,-0.15271596306428503,0.02034347882479981,-0.01773401403657371,0.8333333333333334,0.3333333333333333,0.8333333333333334,0.6666666666666666,0.022594932499884608,-0.031765998006318276,-0.18765175768515183,0.125421535369568,1.162831956306632
2025-02-14,MARKET,SPY,609.7000122070312,0.01486424486153437,0.020281794522197583,0.02382831893453985,0.09992606103515644,0.22059618483543209,0.0,0.0,0.0,0.019454412974965862,0.0693850780614067,1.0,1.0,1.0,0.5,-0.005338577620709439,-0.021274803571245005,-0.010925688083589069,0.11099112580781297,0.8974481393992144
2025-02-14,MATERIALS,XLB,44.92499923706055,0.01766901735663473,0.017208158174542465,-0.04506321637576749,-0.007949665707509879,0.05494893044252991,-0.0030736363476551176,-0.06889153531030734,-0.10787572674266632,0.032165386549818376,-0.011050716589770637,1.0,0.6666666666666666,0.6666666666666666,0.3333333333333333,0.007459245162921883,-0.05597139378210455,-0.10324296336136045,0.19302625707068669,1.14368020254525
2025-02-14,NUCLEAR,URA,28.030000686645508,-0.03676974848101966,0.0,-0.1536835268535922,0.10703005625925233,-0.03211320536007134,-0.020281794522197583,-0.17751184578813206,0.007103995224095883,-0.0181104646097332,-0.03652141568408174,0.3333333333333333,0.3333333333333333,0.3333333333333333,0.3333333333333333,0.0074152297365916815,-0.05875837811734733,0.4030426683481245,0.3600635264652291,1.0668024314431734
2025-02-14,POWER_INDUSTRIALS,XLI,137.5500030517578,0.0016019894980687788,-0.0014518834718125762,-0.035751777517967764,0.08332678372322144,0.16538172053158462,-0.02173367799401016,-0.059580096452507614,-0.016599277311935,0.010943631514373164,0.0442209334162067,0.5,0.5,0.0,0.16666666666666666,-0.09988465399579899,-0.11691837068537826,0.12350404040996936,0.1581306755963592,1.1131559676126785
2025-02-14,SEMI,SOXX,223.07000732421875,0.028588612286734483,-0.029032811044934825,0.03191936537780249,-0.03528948905459184,0.07053047553246916,-0.04931460556713241,0.00809104644326264,-0.13521555008974828,0.005327035708686756,-0.022279950726550868,0.8333333333333334,0.3333333333333333,0.3333333333333333,0.5,-0.051963709498708065,-0.004007721979451133,-0.1351972488495909,0.21754750637599618,1.357323243007997
2025-02-21,AI_SOFTWARE,IGV,100.44999694824219,-0.05910458094536597,-0.03273954333977358,-0.04114170580469756,0.1630194946614998,0.18623047456581698,-0.019531706359878,-0.03681013928832866,0.09575747834825199,-0.018535014915586734,0.0788314608380365,0.16666666666666666,0.8333333333333334,0.16666666666666666,0.16666666666666666,0.014753536302101411,0.051912641616176036,0.4211178655191803,0.2469925991505307,1.308288806444645
2025-02-21,COMMUNICATION_SERVICES,XLC,103.0199966430664,-0.021745332528881778,0.025993356097664844,0.04695116916204989,0.1773713902064733,0.29227289344687457,0.039201193077560426,0.05128273567841879,0.1101093738932255,0.029109121126223103,0.12157160165893544,0.6666666666666666,1.0,0.6666666666666666,0.8333333333333334,0.0444057755508425,0.0760895651058502,0.19152264533476368,0.14630086025841818,1.2242867239689017
2025-02-21,CONSUMER_DISCRETIONARY,XLY,109.19499969482422,-0.03792951810727563,-0.05051952260640635,-0.017588860136898088,0.1624527868509471,0.20464453349590084,-0.03731168562651077,-0.013257293620529187,0.09519077053769931,-0.03696224488644495,0.0778197789878623,0.3333333333333333,0.8333333333333334,0.3333333333333333,0.3333333333333333,-0.030178172245475254,-0.012058043392204731,0.08404684991782413,0.19149931553743654,0.9759530092024221
2025-02-21,CONSUMER_STAPLES,XLP,82.18000030517578,0.019476487817103427,0.054942216886542994,-0.0124970067324226,0.004154496364850546,0.09895696237865703,0.06815005386643858,-0.008165440216053699,-0.06310751994839725,0.04002935700078991,0.02790529863809943,0.8333333333333334,0.8333333333333334,1.0,0.5,0.07579425336671197,0.017553578077726784,-0.011453385739694621,0.11256609904179012,1.203120428238351
2025-02-21,DEFENSIVE,XLU,40.1349983215332,0.014791380423706313,0.00981253994538589,-0.032075288222847886,0.06430653131622743,0.29551319930833064,0.02302037692528147,-0.027743721706478985,-0.0029554849970203634,0.030569111071257593,0.05212793849547781,1.0,0.8333333333333334,1.0,0.3333333333333333,0.07560828117524092,0.01414605202417929,-0.06261121452639623,0.16341938294514508,0.949023210601787
2025-02-21,ENERGY,XLE,45.46500015258789,0.009548136041583444,-0.004161617167650511,-0.04815239749713052,0.00597412234952599,0.057817604393167965,0.009046219812245071,-0.043820830980761616,-0.06128789396372181,0.025106267120670545,0.00785290284757556,0.6666666666666666,0.3333333333333333,0.3333333333333333,0.0,0.0021788601152725184,-0.055117007744515834,-0.10104377929625567,0.2563993663953426,1.2153596911962066
2025-02-21,FINANCIALS,XLF,50.75,-0.020270255840261098,-0.0019665383898090916,-0.011492016962102558,0.14224622217902572,0.2593052347586513,0.01124129859008649,-0.007160450445733657,0.07498420586577792,0.01481734031148818,0.09716682041882896,0.5,1.0,0.0,0.5,-0.009020593947496472,-0.00812671205243315,0.11004090517440339,0.17272711899637486,1.0713814600224731
2025-02-21,HEALTHCARE,XLV,146.42999267578125,0.011256834182805875,0.01469056304520211,-0.006648198643115721,-0.05802511707648472,-0.009671364322111353,0.02789840002509769,-0.0023166321267468204,-0.12528713338973252,0.027889082739362303,-0.006697022410980469,0.6666666666666666,0.5,0.6666666666666666,0.5,0.05182396949721457,-0.014254743362155172,-0.1612081196941256,0.11802937911233839,1.1787319774040854
2025-02-21,MARKET,SPY,599.9400024414062,-0.016007888420889294,-0.013207836979895582,-0.004331566516368901,0.0672620163132478,0.18133306139828975,0.0,0.0,0.0,0.003851823050440073,0.04902404947828076,0.75,0.75,0.0,0.25,-0.006926668439767969,-0.024009814184690753,-0.021455878400025913,0.11449890857905723,0.9205870112871885
2025-02-21,MATERIALS,XLB,44.03499984741211,-0.019810782521154535,-0.01044944163118855,-0.07079551773467996,-0.05025346159184563,0.014280753629168474,0.0027583953487070323,-0.06646395121831106,-0.11751547790509342,0.013067367428192034,-0.02955307359283965,0.6666666666666666,0.3333333333333333,0.3333333333333333,0.16666666666666666,0.010950382955861407,-0.05664186031114606,-0.11457704802515804,0.19408526606202348,1.1376411463982243
2025-02-21,NUCLEAR,URA,26.059999465942383,-0.0702818827129642,-0.1464134005951202,-0.19443583631728756,-0.027974636886984983,-0.03409933624549233,-0.13320556361522462,-0.19010426980091866,-0.09523665320023278,-0.07634510008702722,-0.09913492967446624,0.16666666666666666,0.3333333333333333,0.16666666666666666,0.3333333333333333,-0.13008738699727934,-0.11954638936137989,0.22364052037680748,0.37938992428234547,0.8970721052053325
2025-02-21,POWER_INDUSTRIALS,XLI,134.83999633789062,-0.019701974945412815,-0.044162548117048006,-0.06354614074730236,0.04300740726402408,0.12161033911776231,-0.030954711137152424,-0.05921457423093346,-0.02425460904922372,-0.007083883900079968,0.0218034702484855,0.0,0.3333333333333333,0.0,0.0,-0.14531686890307005,-0.12955064334708669,0.06915024637941129,0.15911070598746707,1.219335718404045
2025-02-21,SEMI,SOXX,223.97999572753906,0.004079384827372579,-0.028876186610015564,0.03983287871019159,-0.04031879552130779,0.05572925982848398,-0.015668349630119982,0.04416444522656049,-0.10758081183455559,0.00911889939498245,-0.01783298611900619,0.5,0.5,0.16666666666666666,0.6666666666666666,-0.015476039213216608,0.03807230796627753,-0.09560218873690118,0.21703207645908176,1.4132369905272928
2025-02-28,AI_SOFTWARE,IGV,97.47000122070312,-0.029666459114722876,-0.05267759938864003,-0.11431168997912855,0.1229262418641035,0.12145338585209675,-0.03998274950751668,-0.09188691095680168,0.06881752699697308,-0.04189437689279485,0.04274708367980984,0.0,0.8333333333333334,0.16666666666666666,0.16666666666666666,-0.03214169168182127,-0.05078048272768413,0.3235136757592528,0.21986581611507716,1.216104805016809
2025-02-28,COMMUNICATION_SERVICES,XLC,102.0,-0.009900957836374125,-0.0037116357063126104,0.01060140385999131,0.16811727389465303,0.2746813831419739,0.008983214174810739,0.03302618288231818,0.1140085590275226,0.014824404826380366,0.10473900531868496,0.8333333333333334,0.8333333333333334,0.5,0.6666666666666666,0.007448674330939968,0.05353743125877943,0.19697270188198976,0.13998581333987903,1.049723114620552
2025-02-28,CONSUMER_DISCRETIONARY,XLY,107.9800033569336,-0.0111268495928043,-0.06981949253961073,-0.07233675308048271,0.1541257607377451,0.1672251741808628,-0.05712464265848738,-0.04991197405815584,0.10001704587061466,-0.042208274710146876,0.060538009543620985,0.3333333333333333,1.0,0.3333333333333333,0.3333333333333333,-0.05213863997901778,-0.048751155810555814,0.08079821660813334,0.15726136758700116,1.0370283707317987
2025-02-28,CONSUMER_STAPLES,XLP,83.08000183105469,0.0109515882518465,0.05191185489815697,0.008497263910841824,0.0069082496675143545,0.1157668929971769,0.06460670477928032,0.030922042933168692,-0.04720046519961607,0.04725770868561607,0.03722294629008993,1.0,0.8333333333333334,1.0,0.8333333333333334,0.0650529228975207,0.05690344774432835,0.0029849137597887654,0.11299594944654727,1.3624967626901563
2025-02-28,DEFENSIVE,XLU,39.61000061035156,-0.013080795643137466,0.017206009431726565,-0.005897869322424754,0.03840608559462533,0.2835385556364809,0.029900859312849914,0.016526909699902115,-0.015702629272505098,0.013458217723135935,0.035745121395274415,1.0,1.0,1.0,0.8333333333333334,0.06882719756712918,0.06892046352212577,-0.056831529817835236,0.143672806704722,0.8833436531593797
2025-02-28,ENERGY,XLE,45.5,0.0007698195819783038,0.038338665378270465,-0.00021969505387731125,-0.00306747133042673,0.04429654162712904,0.051033515259393814,0.022205083968449557,-0.057176186197557155,0.01802236112748301,0.008732189238966015,0.6666666666666666,0.3333333333333333,0.8333333333333334,0.3333333333333333,0.03885199727243024,0.012981143513630463,-0.09251948804285369,0.2364292987394506,1.113529440685914
2025-02-28,FINANCIALS,XLF,52.18000030517578,0.028177345914793817,0.013794425250315934,0.035317435027911515,0.1407957671707032,0.29511042738810556,0.026489275131439283,0.05774221405023838,0.08668705230357276,0.035810713018762375,0.12167413136423821,0.6666666666666666,1.0,0.16666666666666666,0.6666666666666666,-0.003925857312469454,0.03672402063523791,0.1170531461660973,0.17737461441950023,1.1196292198275417
2025-02-28,HEALTHCARE,XLV,148.92999267578125,0.017073005019780263,0.014025993239463741,0.032228957137693026,-0.05260817069343726,0.017698485736670877,0.02672084312058709,0.054653736160019895,-0.10671688556056769,0.037478201615558815,0.00948955143346164,0.6666666666666666,0.6666666666666666,0.6666666666666666,0.6666666666666666,0.04258897693530903,0.05516691377002231,-0.12916768471900028,0.1129438638591819,1.1245878776800644
2025-02-28,MARKET,SPY,594.1799926757812,-0.009600976334608657,-0.012694849881123349,-0.02242477902232687,0.054108714867130425,0.15858442227071023,0.0,0.0,0.0,-0.006289936165422172,0.03602043074992212,0.25,0.75,0.0,0.0,-0.011758260959540301,-0.024044204773015915,-0.023878358653261378,0.11406325555099986,0.9788018293458943
2025-02-28,MATERIALS,XLB,44.380001068115234,0.007834704709858142,-0.00033786213523545605,-0.03427267327133754,-0.05854896812194865,0.009095077990957323,0.012356987745887893,-0.011847894249010671,-0.11265768298907908,0.017283282050550186,-0.021248890497993722,0.8333333333333334,0.5,0.6666666666666666,0.3333333333333333,0.018266365039874055,-0.00207072811383587,-0.10935360889561245,0.1874368237772269,1.0778424834452638
2025-02-28,NUCLEAR,URA,24.799999237060547,-0.04834997140074848,-0.12398446821252862,-0.22012579144473743,-0.042471057825140934,-0.12336520203331858,-0.11128961833140527,-0.19770101242241056,-0.09657977269227136,-0.11101555262064244,-0.1373238141203188,0.16666666666666666,0.3333333333333333,0.16666666666666666,0.16666666666666666,-0.07372925112509253,-0.11083200680994176,0.18602294432785027,0.3851207702983406,1.0272048321220215
2025-02-28,POWER_INDUSTRIALS,XLI,136.3300018310547,0.011050174530043089,-0.01460068076144172,-0.030093880200700363,0.037045450087245246,0.1218729887846266,-0.001905830880318371,-0.007669101178373494,-0.01706326477988518,0.0020359743951841036,0.030776627100642218,0.16666666666666666,0.3333333333333333,0.0,0.0,-0.07795216968157982,-0.10911218459825256,0.03807956719189085,0.1563914476874971,1.2385624449372665
2025-02-28,SEMI,SOXX,208.52000427246094,-0.06902398316805247,-0.04405629851571502,-0.051448835301770135,-0.09786274628761005,-0.07984227137621536,-0.03136144863459167,-0.029024056279443267,-0.15197146115474047,-0.057860335647855865,-0.08260491504787282,0.0,0.0,0.3333333333333333,0.16666666666666666,-0.020425111198192236,-0.04376488188195934,-0.11850311926642502,0.25995892858380953,0.9079972344859386
2025-03-07,AI_SOFTWARE,IGV,93.41999816894531,-0.04155127732672659,-0.10705414149879311,-0.11676277645916588,0.12068135178665673,0.09996465128061627,-0.06569049848531028,-0.06994124415465819,0.05487337465552611,-0.07363704803605131,-0.004661337957024503,0.0,0.3333333333333333,0.0,0.16666666666666666,-0.0849924058581119,-0.03129453160165659,0.3206748534279328,0.22160179693170143,1.1704578973851787
2025-03-07,COMMUNICATION_SERVICES,XLC,100.29000091552734,-0.016764696906594656,-0.023846573867860266,-0.006439483952422331,0.19720669612594866,0.2600829944727867,0.017517069145622566,0.040382048352085365,0.13139871899481803,-0.004298897961772408,0.08123260883103423,0.16666666666666666,0.8333333333333334,0.16666666666666666,0.3333333333333333,-0.009033234339200003,0.04054101834344981,0.18626091290310584,0.14484569784236864,1.056426430563794
2025-03-07,CONSUMER_DISCRETIONARY,XLY,102.83499908447266,-0.04764775062521398,-0.08826138620665813,-0.1266296090221306,0.1275767820785516,0.14064666936790648,-0.0468977431931753,-0.07980807671762291,0.061768804947420985,-0.07800243401864881,0.0063363805996743405,0.3333333333333333,0.3333333333333333,0.3333333333333333,0.3333333333333333,-0.013872048174455512,-0.06055927860437913,0.04545850201582824,0.1734426191165161,1.2961091259883457
2025-03-07,CONSUMER_STAPLES,XLP,82.86000061035156,-0.0026480647069616614,0.04423443230909707,0.009995120498213161,-0.0015664207345970071,0.10244806510199789,0.0855980753225799,0.05681665280272086,-0.06737439786572763,0.039818293131338,0.03269709958634115,0.6666666666666666,0.8333333333333334,0.6666666666666666,0.5,0.05960367454197916,0.06277762796804164,-0.03711620686761663,0.11273155331755522,1.586230040527455
2025-03-07,DEFENSIVE,XLU,38.64500045776367,-0.02436253819030998,-0.01087789199846978,-0.00450796595662728,0.018179385941813564,0.21239217122395826,0.03048575101501305,0.042313566347880416,-0.04762859118931706,-0.01276039125563333,0.009004553563376705,0.8333333333333334,1.0,0.8333333333333334,0.8333333333333334,0.09267074264452509,0.10705663111119658,-0.0647316508778137,0.14255747393687254,0.9465998678836481
2025-03-07,ENERGY,XLE,43.71500015258789,-0.03923076587718921,-0.012759680268400353,-0.020062776182881104,0.016509686474559082,-0.008392853341695594,0.02860396274508248,0.026758756121626592,-0.04929829065657154,-0.025045710772847007,-0.029288974487621577,0.3333333333333333,0.16666666666666666,0.5,0.3333333333333333,0.022050949845252372,0.01461369622816113,-0.07660984052159205,0.2475151971605341,1.2318237644348864
2025-03-07,FINANCIALS,XLF,49.119998931884766,-0.05864318427356341,-0.05210344999691552,-0.00847803746226694,0.10905391547788623,0.20925652938232608,-0.010739806983432687,0.038343494842240755,0.04324593834675561,-0.025648162190338053,0.05166809550128182,0.0,0.6666666666666666,0.0,0.16666666666666666,-0.07565715458973869,-0.004724046013713161,0.06276400813159395,0.21658076212467633,1.3437322753972205
2025-03-07,HEALTHCARE,XLV,149.27999877929688,0.0023501384591992913,0.01946326740469062,0.05879844643693377,-0.030334512903662847,0.01946326740469062,0.06082691041817345,0.10561997874144147,-0.09614249003479347,0.03248654227081893,0.010906108447630736,0.8333333333333334,0.6666666666666666,0.6666666666666666,0.6666666666666666,0.08190047710458731,0.11511115194741793,-0.11830701275983135,0.09705144813354717,0.9854567345293007
2025-03-07,MARKET,SPY,575.9199829101562,-0.03073144500102465,-0.04136364301348283,-0.046821532304507696,0.06580797713113062,0.1254591994377876,0.0,0.0,0.0,-0.03374318459000758,0.0020613526904824653,0.0,0.5,0.0,0.0,-0.010936027624250472,-0.01973631041112653,-0.01853424814770782,0.12903709273127076,1.215209667498195
2025-03-07,MATERIALS,XLB,43.90999984741211,-0.010590383267043202,-0.0053233799504974755,-0.015801900807614566,-0.023028142272549568,-0.01712365758730272,0.036040263062985356,0.03101963149689313,-0.08883611940368019,0.0031985238333165356,-0.030622810979840986,0.8333333333333334,0.5,0.5,0.5,0.040929283071420054,0.055284674283681334,-0.06859389467650441,0.17878292600744136,1.0248290560396647
2025-03-07,NUCLEAR,URA,23.940000534057617,-0.03467736812337352,-0.1773195800608267,-0.1854371884577305,0.03278689468835494,-0.14682818996077973,-0.13595593704734388,-0.1386156561532228,-0.033021082442775684,-0.12885264675871566,-0.16118462027305958,0.0,0.16666666666666666,0.0,0.16666666666666666,-0.16261438170721193,-0.09116743199430917,0.19793967674972515,0.36557872280217707,1.2297652533737362
2025-03-07,POWER_INDUSTRIALS,XLI,134.25,-0.015257109976660188,-0.02242774186258112,-0.023139000547597655,0.06640718604244422,0.09771052044197348,0.018935901150901713,0.02368253175691004,0.0005992089113135979,-0.01396969508960888,0.012993477182307922,0.0,0.3333333333333333,0.0,0.0,-0.0825461266529693,-0.11008521755533135,0.02132757005951258,0.15280606283223705,1.3683167813390353
2025-03-07,SEMI,SOXX,203.85000610351562,-0.022395924003738688,-0.06003591694017618,-0.0871025377627691,-0.00039222564182994635,-0.10643053635916588,-0.01867227392669335,-0.04028100545826141,-0.06620020277296057,-0.07149719844320279,-0.10016583937314971,0.0,0.0,0.16666666666666666,0.16666666666666666,-0.03224851571688477,-0.033716931428556196,-0.0347826483488571,0.25851511918420955,1.026957904195756
2025-03-14,AI_SOFTWARE,IGV,91.66000366210938,-0.01883959046598438,-0.14143872397878776,-0.11542172136129536,0.04958206504371021,0.09693640904950662,-0.0645320260787795,-0.06748122286675684,0.048158624572779196,-0.0821608819700772,-0.02633853161266131,0.0,0.16666666666666666,0.0,0.16666666666666666,-0.07917718428981436,-0.040206597718385084,0.2428646859752582,0.2212909690315192,1.408784303278247
2025-03-14,COMMUNICATION_SERVICES,XLC,96.58000183105469,-0.03699271164228557,-0.08289807169240271,-0.014087354699013122,0.11177620326315352,0.2180602940583578,-0.00599137379239445,0.0338531437955254,0.1103527627922225,-0.039893406755363126,0.03782786700899887,0.16666666666666666,0.6666666666666666,0.0,0.5,-0.03286812174963649,0.038093407294308136,0.16345816288594303,0.15258512648545,1.171251954561372
2025-03-14,CONSUMER_DISCRETIONARY,XLY,98.3499984741211,-0.04361356201955535,-0.1334801896553207,-0.1407103499129374,0.02192436260585051,0.10474582182996617,-0.056573491755312455,-0.09276985141839889,0.020500922134919497,-0.1065264155378598,-0.039789911969581926,0.16666666666666666,0.16666666666666666,0.0,0.16666666666666666,-0.04886137359538173,-0.08810845563297005,0.000493740366963887,0.1834771580533737,1.4945251937122868
2025-03-14,CONSUMER_STAPLES,XLP,79.51000213623047,-0.040429621644277214,-0.013645930601566492,-0.00537903792898875,-0.052662911388941636,0.05269433895482245,0.06326076729844177,0.04256146056554977,-0.05408635185987265,-0.003696487285473782,-0.00962532566987151,0.3333333333333333,0.3333333333333333,0.5,0.16666666666666666,0.030523501556189714,0.03877575843639456,-0.04071296896418808,0.13184607612871863,1.8944132643207539
2025-03-14,DEFENSIVE,XLU,39.435001373291016,0.020442512774472954,-0.002907657799946839,0.03192466873823907,0.004201703936948187,0.24283019042589116,0.07399904010006142,0.07986516723277759,0.0027782634660171723,0.005123151893207556,0.026639021650104677,0.6666666666666666,0.5,0.6666666666666666,0.6666666666666666,0.087305531036268,0.09941545582701995,-0.03531583730039719,0.14389695811188702,1.1097823408994683
2025-03-14,ENERGY,XLE,44.880001068115234,0.02664991219171653,-0.0034417404201630974,0.06679347263310587,0.04872071476528128,-0.01965919037089725,0.07346495747984516,0.11473397112764439,0.04729727429435027,-0.0016127846809869117,-0.003355985670447148,0.3333333333333333,0.16666666666666666,0.5,1.0,0.07395615365701817,0.11201623290574174,0.022599754668387317,0.21782892329387554,1.2423460566231679
2025-03-14,FINANCIALS,XLF,48.52000045776367,-0.01221495291465946,-0.06332044068738485,0.00020618710732933643,0.09009216552341437,0.18950721668882786,0.01358625721262341,0.048146685601867856,0.08866872505248335,-0.037416166869628786,0.03492223309286602,0.0,0.3333333333333333,0.0,0.16666666666666666,-0.058773652269580944,0.002673225315057315,0.09970572401424327,0.21345746094962956,1.4920534963666174
2025-03-14,HEALTHCARE,XLV,144.92999267578125,-0.02913991250728032,0.0008977183790319643,0.050217338230298836,-0.07191349079772702,-0.0029582273855582875,0.07780441627904022,0.09815783672483736,-0.07333693126865803,-0.0017220213467080692,-0.018302309426708296,0.5,0.3333333333333333,0.6666666666666666,0.6666666666666666,0.10653076759618098,0.11200459883481234,-0.08121656659982683,0.10791830358996427,1.072806190799601
2025-03-14,MARKET,SPY,562.8099975585938,-0.02276355351539805,-0.07690669790000826,-0.04794049849453852,0.0014234404709310144,0.10391701622442429,0.0,0.0,0.0,-0.05109944689996049,-0.021974346360819075,0.0,0.0,0.0,0.0,-0.006650835711646208,-0.009941549733618965,-0.018224958518794104,0.1298048254077149,1.4998128471078698
2025-03-14,MATERIALS,XLB,42.9900016784668,-0.020951905537288096,-0.04307173269793818,0.004674006979674461,-0.07239183199627564,-0.05308369529543655,0.03383496520207008,0.05261450547421298,-0.07381527246720665,-0.02094077169015185,-0.04993422008798387,0.5,0.3333333333333333,0.0,0.5,0.04568689047141611,0.09207009933504023,-0.06664255016344688,0.1617699898945017,1.0744258175868295
2025-03-14,NUCLEAR,URA,23.899999618530273,-0.0016708819814117426,-0.1473421679252015,-0.14551304235752938,-0.060165185540092425,-0.1430620243254318,-0.07043547002519324,-0.09757254386299086,-0.06158862601102344,-0.11438842612343758,-0.1581172219672895,0.0,0.16666666666666666,0.0,0.16666666666666666,-0.10655919695812038,-0.04338351551386153,0.139664283525449,0.35878240896124985,1.464259665493742
2025-03-14,POWER_INDUSTRIALS,XLI,131.1300048828125,-0.023240187092644304,-0.04667392240281942,-0.020101646197708822,0.004288868248304656,0.07448380776051455,0.030232775497188835,0.027838852296829697,0.0028654277773736414,-0.03575917402797135,-0.012188474682853001,0.0,0.16666666666666666,0.0,0.0,-0.013455229631426535,-0.07050888988244579,0.02416152285352226,0.1506236475000944,1.5733420471151822
2025-03-14,SEMI,SOXX,201.1199951171875,-0.013392253640364449,-0.09839965699704412,-0.06377437733885938,-0.09750958219060746,-0.08063631300327723,-0.021492959097035857,-0.01583387884432086,-0.09893302266153847,-0.07493609296017079,-0.10838913246450643,0.16666666666666666,0.0,0.16666666666666666,0.3333333333333333,0.0033344770723717407,0.03777876330558411,-0.029161997595424594,0.24948422656525607,1.1960378449212639
2025-03-21,AI_SOFTWARE,IGV,93.11000061035156,0.015819298388721315,-0.07307114545431626,-0.08965582986300802,0.04383412327220304,0.0828003596169633,-0.013131781807418363,-0.037505397454151934,0.05134845592728443,-0.06379769418686554,-0.01357381366526822,0.0,0.16666666666666666,0.0,0.16666666666666666,-0.02332976744881639,-0.0035219973338659893,0.24902553300162023,0.22733696639950293,1.301619848072825
2025-03-21,COMMUNICATION_SERVICES,XLC,97.5999984741211,0.010561157835248913,-0.05261112740785645,-0.005705024114668444,0.0978627311464062,0.19286236663595457,0.007328236239041441,0.04644540829418764,0.10537706380148759,-0.031477006561171805,0.04500702336999285,0.16666666666666666,0.6666666666666666,0.0,0.3333333333333333,-0.01174818649159278,0.04148361826433997,0.1535152106330683,0.15440145232212557,1.2877517803559526
2025-03-21,CONSUMER_DISCRETIONARY,XLY,98.7249984741211,0.003812913124738637,-0.09588352259686295,-0.14055022100137748,0.003863920369121754,0.0806151249405207,-0.035944158949965055,-0.0883997885925214,0.011378253024203144,-0.093496786256558,-0.03837257834888119,0.16666666666666666,0.16666666666666666,0.16666666666666666,0.16666666666666666,-0.04874949204826059,-0.09190666115493773,-0.028019917093987618,0.18355409913889956,1.6072183385755816
2025-03-21,CONSUMER_STAPLES,XLP,79.33000183105469,-0.0022638699577365307,-0.03467995209950858,0.0003782948063355551,-0.04479230685138891,0.04878374499182292,0.02525941154738931,0.05252872721519164,-0.03727797419630752,-0.009662426535267055,-0.01259919956037725,0.16666666666666666,0.3333333333333333,0.0,0.3333333333333333,-3.390190706165086e-05,0.04218407234758583,-0.024108669024461182,0.1307960349478132,1.8586207177593443
2025-03-21,DEFENSIVE,XLU,39.375,-0.0015215258324209335,-0.018936049665297938,0.035094612311844964,-0.016608414093953194,0.23316628949788654,0.041003313981599954,0.08724504472070105,-0.009094081438871804,-0.00044423538591575884,0.02214651019659586,0.5,0.5,0.3333333333333333,0.8333333333333334,0.042836545063206076,0.10239542934143252,-0.026686793412994514,0.1432948414004288,1.1793121439573697
2025-03-21,ENERGY,XLE,46.2599983215332,0.030748601171455503,0.017485937892382397,0.09413433436959329,0.04236136115752931,0.0012986484329644554,0.07742530153928029,0.14628476677844937,0.0498756938126107,0.02438049329419467,0.026013490582378562,0.6666666666666666,0.5,0.6666666666666666,1.0,0.07732522357972506,0.1322940259816038,0.014818941598026306,0.22388118121212197,1.3120242181614783
2025-03-21,FINANCIALS,XLF,49.459999084472656,0.019373425759285468,-0.02541873725177035,0.014564083784054382,0.08322381186507877,0.19410915671057039,0.03452062639512754,0.06671451619291047,0.09073814452016016,-0.022915855735774815,0.05003925466259429,0.0,0.6666666666666666,0.0,0.3333333333333333,-0.009274780907167676,0.02686118546506629,0.10440768264185939,0.216987516397174,1.53890850116741
2025-03-21,HEALTHCARE,XLV,146.60000610351562,0.011522897344446337,0.0011610560420556304,0.055055842556966716,-0.05589897439475333,0.007975822625392981,0.06110041968895352,0.1072062749658228,-0.04838464173967194,0.004963186010465304,-0.00711136565506576,1.0,0.3333333333333333,0.8333333333333334,0.8333333333333334,0.08589324101478295,0.11543861251794284,-0.05434887954456156,0.10889251155020652,1.0543374990315617
2025-03-21,MARKET,SPY,563.97998046875,0.0020788239640936457,-0.05993936364689789,-0.052150432408856084,-0.0075143326550813905,0.08205897180222976,0.0,0.0,0.0,-0.046472614535868706,-0.02084301442416614,0.0,0.0,0.0,0.0,-0.0009392803770061908,-0.005788322184653055,-0.02032691323117075,0.1284316598905056,1.6700642013545641
2025-03-21,MATERIALS,XLB,42.89500045776367,-0.002209844545102868,-0.02588848401495869,0.010007045557921312,-0.08801954721120775,-0.061070391412059166,0.0340508796319392,0.0621574779667774,-0.08050521455612636,-0.025866374363058497,-0.05119760854890276,0.5,0.3333333333333333,0.5,0.6666666666666666,0.06322189377277042,0.1106682228046449,-0.06702411436812551,0.16089346914418154,1.156284905384884
2025-03-21,NUCLEAR,URA,25.0,0.04602512129819747,-0.040675344883551845,-0.11032029677529798,-0.08020604417582189,-0.13344888494152574,0.019264018763346047,-0.05816986436644189,-0.0726917115207405,-0.06611879235149354,-0.11581888117909411,0.0,0.16666666666666666,0.16666666666666666,0.16666666666666666,-0.027483919874156864,-0.027622388355081167,0.04571741804299675,0.377640296178717,1.5103703596341749
2025-03-21,POWER_INDUSTRIALS,XLI,132.25,0.00854110482332704,-0.019207923525898396,-0.007579127633718485,-0.006982975874201047,0.05622554881401931,0.040731440120999496,0.0445713047751376,0.0005313567808803432,-0.028180931594440906,-0.0058297129906274,0.0,0.16666666666666666,0.16666666666666666,0.16666666666666666,0.0316586432050715,-0.04133386340587878,-0.007806141449966812,0.15187323276336642,1.5141149716338165
2025-03-21,SEMI,SOXX,199.3800048828125,-0.008651502966481095,-0.10983119615133519,-0.1004331103056102,-0.10859745824196676,-0.11563536224582305,-0.049891832504437295,-0.04828267789675411,-0.10108312558688537,-0.07493154925550227,-0.11091389429593501,0.0,0.0,0.0,0.3333333333333333,-0.041839504224126134,-0.0016360712750803825,-0.048253332576514374,0.2351783809907799,1.2062157120325956
2025-03-28,AI_SOFTWARE,IGV,89.87000274658203,-0.03479752811224146,-0.07797269292027886,-0.11431948688844917,0.007059669407144531,0.05394636196329272,-0.013143819504696341,-0.053013568628230034,0.034725160804954025,-0.08677977655526226,-0.0491833340307396,0.0,0.16666666666666666,0.16666666666666666,0.16666666666666666,-0.012006154026154958,-0.03360705185648102,0.21401943124072298,0.23443704696751813,1.1402070862680138
2025-03-28,COMMUNICATION_SERVICES,XLC,95.73999786376953,-0.01905738360072562,-0.061372569963043855,-0.02186350071207943,0.06365954440115096,0.17242215981179698,0.003456303452538667,0.03944241754813971,0.09132503579896045,-0.048376369250231144,0.022137028341480347,0.16666666666666666,0.5,0.0,0.3333333333333333,-0.017742452183113933,0.04263596238043912,0.13673031183306802,0.15929219248012796,1.1689877607379893
2025-03-28,CONSUMER_DISCRETIONARY,XLY,98.5199966430664,-0.0020764936360918584,-0.08760887590081501,-0.12767846189680232,-0.01892054929818232,0.07151010897890409,-0.022780002485232487,-0.06637254363658318,0.008744942099627173,-0.0818138437392395,-0.042052443673855744,0.16666666666666666,0.16666666666666666,0.0,0.16666666666666666,-0.03256620026706014,-0.07212513708565797,-0.03342414779621111,0.18438301819908343,1.6357956432616074
2025-03-28,CONSUMER_STAPLES,XLP,80.41000366210938,0.01361404016294765,-0.0321376758557953,0.026554344215909964,-0.03143812438560256,0.05303827945764561,0.03269119755978722,0.0878602624761291,-0.0037726329877930675,-0.00013675249027800263,-9.28166345848247e-06,0.3333333333333333,0.5,0.0,0.6666666666666666,0.005719651104545975,0.0835433483366655,0.013010892139073879,0.13026232942941124,1.6040001125482766
2025-03-28,DEFENSIVE,XLU,38.9900016784668,-0.009777735150049649,-0.015652585769532545,0.011676200110263935,-0.030340647445499913,0.187814189557852,0.049176287646049976,0.07298211837048307,-0.002675156047690419,-0.009136030081640545,0.009338822904163546,0.3333333333333333,0.5,0.0,1.0,0.04306930722305322,0.12310192977512853,0.001898653931663478,0.14361218574606535,1.1327766689444103
2025-03-28,ENERGY,XLE,46.21500015258789,-0.0009727230993946678,0.01571428906786565,0.05670514479538702,0.06009860898089703,-0.02097238936691459,0.08054316248344817,0.11801106305560616,0.08776410037870652,0.025120622534905435,0.02425443637832636,0.8333333333333334,0.5,0.8333333333333334,0.8333333333333334,0.09087798365479784,0.11687728042730532,0.05808827047719319,0.2161028394250145,1.2639221381979522
2025-03-28,FINANCIALS,XLF,49.209999084472656,-0.005054589660889897,-0.05691838258591442,0.01275980510265029,0.08992242350792967,0.16832859288656765,0.007910490829668104,0.07406572336286943,0.11758791490573917,-0.025891772707984595,0.040380530327117636,0.0,0.3333333333333333,0.0,0.16666666666666666,-0.034584799909352405,0.013827580987429958,0.11042853515299693,0.217208107153305,1.4308606990230424
2025-03-28,HEALTHCARE,XLV,144.52000427246094,-0.014188279293699257,-0.029611150340420722,0.040011494602489206,-0.05554829278964901,-0.021728772408538877,0.0352177230751618,0.10131741286270834,-0.027882801391839518,-0.012234251356719184,-0.020819079154196785,0.5,0.3333333333333333,0.16666666666666666,0.8333333333333334,0.04678444505524613,0.10564036378007809,-0.03542771416056941,0.11552786115320647,0.9828326540654676
2025-03-28,MARKET,SPY,555.6599731445312,-0.01475230967826835,-0.06482887341558252,-0.06130591826021914,-0.027665491397809494,0.062305170176029545,0.0,0.0,0.0,-0.05383341889323778,-0.035754489826353875,0.0,0.0,0.0,0.0,0.0011562105979301684,-0.011072220723354731,-0.020917347519256252,0.13027158536922664,1.520239307190394
2025-03-28,MATERIALS,XLB,42.525001525878906,-0.008625688959930988,-0.041798095934906354,0.022358463225934155,-0.12247209390673341,-0.08440086542582437,0.023030777480676168,0.0836643814861533,-0.09480660250892392,-0.03065873986437906,-0.05818643937678647,0.5,0.3333333333333333,0.3333333333333333,1.0,0.05928389879014347,0.13665322955428846,-0.08298147790288862,0.1551001157544672,1.163413026712473
2025-03-28,NUCLEAR,URA,23.100000381469727,-0.07599998474121095,-0.06854834306004254,-0.19902911722429717,-0.20618556430743806,-0.1987512853763388,-0.003719469644460016,-0.13772319896407803,-0.17852007290962857,-0.12090419982387968,-0.17827222170781998,0.0,0.0,0.0,0.0,-0.04862430642742255,-0.1315684045077605,-0.10229184238685161,0.3928720879951901,1.144363080237915
2025-03-28,POWER_INDUSTRIALS,XLI,130.14999389648438,-0.015879063164579432,-0.04533123928384308,-0.019364129751212267,-0.03471043440639032,0.03326448747591515,0.01949763413173944,0.04194178850900687,-0.0070449430085808284,-0.03824132696133686,-0.02293462258693235,0.0,0.16666666666666666,0.0,0.0,-0.0016009127053240129,-0.08746409454767633,-0.04537300228524253,0.15516528278133576,1.3818872491049727
2025-03-28,SEMI,SOXX,188.67999267578125,-0.053666425644438576,-0.09514680217805815,-0.1518856850789524,-0.18910091707502352,-0.1648371361322144,-0.030317928762475632,-0.09057976681873325,-0.16143542567721403,-0.10757533588638124,-0.1528576479505569,0.0,0.0,0.0,0.0,-0.018050901912079365,-0.06313140811043307,-0.1424766020233058,0.25111821058623146,1.1587162913086035
2025-04-04,AI_SOFTWARE,IGV,81.30000305175781,-0.09535995808290054,-0.12973662336482927,-0.16366625020631387,-0.09566182789936295,-0.03409760222908487,-0.007080722845608678,-0.034103307312652875,0.022492355487757076,-0.15449012377249416,-0.13857724308811947,0.0,0.16666666666666666,0.0,0.16666666666666666,-0.016459799544820353,-0.0013278706736157646,0.15037617353757537,0.28924204035433015,1.2388569562560008
2025-04-04,COMMUNICATION_SERVICES,XLC,87.2300033569336,-0.08888651239521639,-0.13022232963776692,-0.08955218056876535,-0.040162786166315634,0.057077155907312216,-0.007566429118546325,0.04001076232489564,0.07799139722080439,-0.12145349353066692,-0.0691072484200419,0.0,0.3333333333333333,0.0,0.3333333333333333,-0.010429538271364317,0.03837514394668042,0.10759218174432748,0.24034600896170272,1.2597280071802983
2025-04-04,CONSUMER_DISCRETIONARY,XLY,91.3949966430664,-0.07232034351171934,-0.11124619578212847,-0.1722217769074177,-0.07761015807095395,0.022086764868744835,0.01140970473709213,-0.0426588340137567,0.04054402531616608,-0.12905303340039354,-0.11137366215742706,0.0,0.16666666666666666,0.0,0.16666666666666666,-0.0006335206571761268,-0.0387401565717392,0.009373210757280592,0.223983713038532,1.6515820626413324
2025-04-04,CONSUMER_STAPLES,XLP,78.45999908447266,-0.024250770909435948,-0.05310163520960942,0.02777053770344229,-0.036946140801892735,0.055562991412338114,0.06955426530961117,0.15733348059710328,0.08120804258522729,-0.025063087290569608,-0.024829812616033564,0.16666666666666666,0.16666666666666666,0.0,0.6666666666666666,0.06653272343230865,0.14724518820390878,0.09610030093281136,0.12911695621136343,1.5021167065290386
2025-04-04,DEFENSIVE,XLU,37.26499938964844,-0.04424217016053722,-0.035709692114597846,-0.013892604211692139,-0.08338456503348268,0.1437997942077489,0.08694620840462275,0.11567033868196885,0.034769618353637344,-0.04696752176215935,-0.03730710934277681,0.16666666666666666,0.16666666666666666,0.0,0.6666666666666666,0.06371907549517523,0.16942386200201132,0.06715462009746802,0.16767331425571402,1.2323024285229458
2025-04-04,ENERGY,XLE,39.380001068115234,-0.1478956845592463,-0.09916502503354163,-0.10894894580738912,-0.15475421894953933,-0.1969820486759718,0.023490875485678964,0.020613997086271874,-0.03660003556241931,-0.11416036136093943,-0.12422229782065719,0.0,0.0,0.0,0.0,0.028966840332492583,0.016099539631280007,-0.06384913129611171,0.38367350341845047,1.1978668883199486
2025-04-04,FINANCIALS,XLF,44.20000076293945,-0.10180854327863664,-0.10016283135038184,-0.0659340437871141,-0.03176343295667694,0.06326680508594484,0.022493069168838753,0.0636288991065469,0.08639075043044309,-0.11339335905225767,-0.06706276199271632,0.0,0.0,0.0,0.0,-0.02227659219517662,-0.02589359039064687,0.04807846847277638,0.3028962888926143,1.254501823786925
2025-04-04,HEALTHCARE,XLV,135.27999877929688,-0.06393582355383864,-0.0937834948719306,-0.031223149737959477,-0.10788710548800207,-0.055439201045464626,0.02887240564728999,0.09833979315570152,0.01026707789911796,-0.06964588405578409,-0.08179541743601026,0.16666666666666666,0.0,0.16666666666666666,0.5,0.03459620282200202,0.10737792863363793,-0.003044978682071061,0.18138067592567303,1.0449733163097727
2025-04-04,MARKET,SPY,505.2799987792969,-0.09066691286062845,-0.1226559005192206,-0.129562942893661,-0.11815418338712003,-0.025365033046435226,0.0,0.0,0.0,-0.12430719669207702,-0.12169590918569906,0.0,0.0,0.0,0.0,-0.0008057108678241609,-0.008769845750297073,-0.01780037451656813,0.22048148622063746,1.5478229439920221
2025-04-04,MATERIALS,XLB,38.939998626708984,-0.08430341612070824,-0.11318609059380447,-0.06506609363474047,-0.18167491066705932,-0.16050447265766188,0.009469809925416128,0.06449684925892052,-0.06352072727993929,-0.1009835540787497,-0.13508714459937643,0.0,0.0,0.16666666666666666,0.5,0.01651658748904496,0.09204498365187175,-0.05253582879770916,0.2375230621958842,1.0434650645030557
2025-04-04,NUCLEAR,URA,20.81999969482422,-0.09870132679627441,-0.13032584668470704,-0.23371366815012107,-0.3133245414122382,-0.31827115027233743,-0.007669946165486441,-0.10415072525646007,-0.19517035802511817,-0.17727022292093852,-0.25398404531302554,0.0,0.0,0.0,0.0,-0.03881186283139839,-0.14267648190051604,-0.18528679570319576,0.4211303862432099,1.0819563339566873
2025-04-04,POWER_INDUSTRIALS,XLI,117.94000244140625,-0.09381476778853648,-0.12148973972881749,-0.10195689639046512,-0.12965827450124612,-0.061510271665216276,0.0011661607904031035,0.02760604650319587,-0.011504091114126092,-0.11331307309579608,-0.11394424266415071,0.0,0.0,0.0,0.0,0.028042578375231275,-0.0814437533489563,-0.05020502623127584,0.2476070648444471,1.2826482369784422
2025-04-04,SEMI,SOXX,157.6300048828125,-0.1645642834337161,-0.22673534381565075,-0.2775893350713341,-0.3178552724867223,-0.28876956454447666,-0.10407944329643015,-0.1480263921776731,-0.19970108909960227,-0.22776951135141676,-0.2851255069525789,0.0,0.0,0.0,0.0,-0.09851996138274004,-0.1486998185024484,-0.18970218496762392,0.4037923903487428,1.2778426587890208
2025-04-11,AI_SOFTWARE,IGV,87.19999694824219,0.07257064790917989,-0.048658155527773306,-0.13078152697860235,-0.060547325630894266,0.053649041776280715,0.002638010571660354,-0.02428530416586816,0.018199375950714303,-0.07808770654631914,-0.0756396373522582,0.0,0.16666666666666666,0.16666666666666666,0.16666666666666666,-0.0005720671282530287,0.014339092540432252,0.1661336022222536,0.32931821584344284,1.2359437453737971
2025-04-11,COMMUNICATION_SERVICES,XLC,91.2699966430664,0.04631426264655403,-0.05498037986452886,-0.06284015591884817,0.009288912253188952,0.12221805715263456,-0.003684213765095201,0.043656066893886014,0.08803561383479752,-0.07036202137133474,-0.02690488274093128,0.0,0.3333333333333333,0.3333333333333333,0.3333333333333333,-0.005268767571089905,0.05160085217739493,0.125381133864954,0.26137658106022466,1.8007927200800988
2025-04-11,CONSUMER_DISCRETIONARY,XLY,94.86000061035156,0.03791240324475709,-0.03548548976020427,-0.1723235310603094,-0.034896736933837214,0.07119869328042072,0.01581067633922939,-0.06582730824757521,0.043849964647771356,-0.07737196738336793,-0.07773077943984141,0.16666666666666666,0.16666666666666666,0.5,0.16666666666666666,0.002563330638062189,-0.06472124967726657,0.0187029868580559,0.22384051034092223,2.135722737212513
2025-04-11,CONSUMER_STAPLES,XLP,80.3499984741211,0.024088700123659157,0.010564662499334299,0.04026412087474118,-0.01580108923532042,0.09498502972999856,0.06186082859876796,0.14676034368747537,0.06294561234628815,-0.0032748930146692112,-0.002259989760968306,0.3333333333333333,0.5,0.6666666666666666,0.8333333333333334,0.07832631978569836,0.14319839388896968,0.08790175920259437,0.13570024115261534,1.6256025758096735
2025-04-11,DEFENSIVE,XLU,38.15999984741211,0.024017186969612192,-0.03233172261894368,-0.03196342922526607,-0.03697161268360605,0.18878509848455494,0.01896444348048998,0.07453279358746812,0.04177508889800252,-0.022127697727586715,-0.016653246804538835,0.16666666666666666,0.16666666666666666,0.3333333333333333,0.6666666666666666,0.03147564169784386,0.13842604054983007,0.041858409673630026,0.14743332508261897,1.5842343079723382
2025-04-11,ENERGY,XLE,39.44499969482422,0.0016505491352465373,-0.12110074072953358,-0.16038739720799555,-0.14998382216481798,-0.17934045933988152,-0.06980457463009992,-0.053891174395261365,-0.07123712058320941,-0.10387914435865697,-0.12003458224851771,0.0,0.0,0.0,0.0,-0.08016883879484653,-0.07136537207250787,-0.10710824328040586,0.34959123438569284,1.686549502918643
2025-04-11,FINANCIALS,XLF,46.66999816894531,0.05588229328893779,-0.038128653573051285,-0.07087400767936614,0.0034401172476077324,0.16500241061053345,0.013167512526382374,0.03562221513336805,0.0821868188292163,-0.054746550284545004,-0.017587474447071982,0.0,0.16666666666666666,0.16666666666666666,0.0,-0.01941251089726002,-0.06545013520937037,0.030136051200135332,0.29725778563015237,1.5863540064753971
2025-04-11,HEALTHCARE,XLV,136.8699951171875,0.011753373390286814,-0.05561304054312999,-0.023612482034075732,-0.11059850763509593,-0.014685828890222186,-0.004316874443696328,0.08288374077865845,-0.031851806053487364,-0.052192779328766314,-0.06981330412470055,0.16666666666666666,0.16666666666666666,0.16666666666666666,0.6666666666666666,-0.004148887903018317,0.11024938346710833,-0.04786391826770129,0.18338896537135602,1.5696547045844444
2025-04-11,MARKET,SPY,533.9400024414062,0.05672103335051637,-0.05129616609943366,-0.10649622281273419,-0.07874670158160857,0.04519917013216568,0.0,0.0,0.0,-0.06362127118955985,-0.07104195300224836,0.0,0.0,0.0,0.0,-0.0129320229891082,-0.022990563857741286,-0.027222294853244622,0.2495612006010101,2.093969038891536
2025-04-11,MATERIALS,XLB,40.25,0.033641536196472366,-0.06373578905532429,-0.08864487341493354,-0.1604963967838947,-0.10475976824695477,-0.012439622955890628,0.017851349397800642,-0.08174969520228614,-0.061760632587679054,-0.10414957149488324,0.16666666666666666,0.16666666666666666,0.16666666666666666,0.3333333333333333,0.028019769941538153,0.08498752467675663,-0.05648389295653881,0.2072759415185995,1.4674665560180373
2025-04-11,NUCLEAR,URA,22.649999618530273,0.08789625122621825,-0.05230125606490987,-0.19193724353629638,-0.24500001271565752,-0.25049635561966965,-0.0010050899654762135,-0.08544102072356219,-0.16625331113404895,-0.08447859121040246,-0.18326137559440692,0.16666666666666666,0.0,0.16666666666666666,0.0,0.002193035303375409,-0.11387450633225128,-0.09650800465453024,0.4676751309723742,1.0968416920068798
2025-04-11,POWER_INDUSTRIALS,XLI,125.66999816894531,0.06554176333326267,-0.04163811874137158,-0.08769511311110478,-0.0921109678417874,0.02253862171420007,0.009658047358062083,0.018801109701629404,-0.013364266260178836,-0.046104582098154934,-0.056659025355216164,0.16666666666666666,0.16666666666666666,0.5,0.0,0.042398282357193916,-0.0654674179151623,-0.01489549738571109,0.2674462517307886,1.7363604679772016
2025-04-11,SEMI,SOXX,172.25999450683594,0.09281221322615485,-0.14349642656631711,-0.25019591543466924,-0.2684108145967752,-0.21007021267841808,-0.09220026046688345,-0.14369969262193505,-0.1896641130151666,-0.13669716515243313,-0.21140007158341612,0.0,0.0,0.0,0.0,-0.09279281202035582,-0.1289063401525898,-0.1695599130060653,0.4465717203166245,2.2156024213097942
2025-04-18,AI_SOFTWARE,IGV,86.58999633789062,-0.006995420088301452,-0.0700247473925596,-0.16620127481784774,-0.061965132401529455,0.10263590581792581,-0.0034088946578710866,-0.032049916216585594,0.03755769733932357,-0.06674718249025224,-0.08192831685652135,0.16666666666666666,0.16666666666666666,0.16666666666666666,0.16666666666666666,-0.01332245757144986,-0.016450802795251223,0.19521039859676623,0.31286274350056587,1.1345838400448451
2025-04-18,COMMUNICATION_SERVICES,XLC,90.20999908447266,-0.01161386652329055,-0.07571720804491522,-0.10158354950330295,-0.0111805791398496,0.1351453089064707,-0.00910135531022671,0.0325678090979592,0.08834225060100342,-0.06928037354082661,-0.03920504326942609,0.3333333333333333,0.3333333333333333,0.3333333333333333,0.16666666666666666,-0.0038327626754792545,0.030533549990638138,0.11673469944372145,0.24853436710265153,1.621139213162164
2025-04-18,CONSUMER_DISCRETIONARY,XLY,92.69999694824219,-0.022770436940874994,-0.061028124780961646,-0.193948096499023,-0.07072327702293679,0.09213006536129842,0.005587727953726862,-0.059796737897760854,0.028799552717916233,-0.08041190133185483,-0.09806371058451668,0.16666666666666666,0.16666666666666666,0.3333333333333333,0.16666666666666666,0.0066532832644496205,-0.059227401120470126,0.007467407360892002,0.22014629232146177,1.916137411638744
2025-04-18,CONSUMER_STAPLES,XLP,81.87000274658203,0.018917290620117377,0.032018162824912766,0.050962787457510705,-0.004498967981497182,0.09981192989648457,0.09863401555960127,0.18511414605877285,0.09502386175935584,0.012415620945917194,0.01522153492760192,0.8333333333333334,0.8333333333333334,0.8333333333333334,0.6666666666666666,0.11306884023007376,0.17907523316614624,0.11759663066179667,0.1392102597847315,1.5184623464998541
2025-04-18,DEFENSIVE,XLU,38.8849983215332,0.018998911871595858,-0.012444487072172605,-0.021637957817672526,-0.05100671703277526,0.1885984453665741,0.0541713656625159,0.11251340078358962,0.04851611270807776,-0.003076569732279766,-6.754113798146388e-05,0.5,0.6666666666666666,0.5,0.6666666666666666,0.06542172316207255,0.17737652129709622,0.06877553122217867,0.15274570567044254,1.496138255181124
2025-04-18,ENERGY,XLE,40.75,0.03308404906254858,-0.11910934979365095,-0.10743618246510911,-0.09785252043654258,-0.14183427448210573,-0.052493497058962446,0.02671517613615304,0.0016703093043104467,-0.06674758769070765,-0.08862939140412052,0.0,0.0,0.0,0.0,-0.06253038969026077,0.01122325424648507,-0.030952623209101564,0.3603526274827485,1.5625360299152995
2025-04-18,FINANCIALS,XLF,46.650001525878906,-0.0004284689061700986,-0.0568135384271754,-0.08259581267007665,-0.02036953859224855,0.1552748957878205,0.009802314307513105,0.0515555459311855,0.07915329114860448,-0.04515306699288035,-0.020210101849727158,0.0,0.0,0.0,0.0,-0.017995044506224318,-0.03226414529764462,0.036342940100466216,0.29485338469189537,1.5062439776041394
2025-04-18,HEALTHCARE,XLV,135.49000549316406,-0.010082484644219458,-0.07578444848431098,-0.06111837166270151,-0.11519623083110331,-0.024900982591363086,-0.009168595749622477,0.07303298693856064,-0.015673401090250283,-0.05458676830348519,-0.07718813646733391,0.16666666666666666,0.16666666666666666,0.16666666666666666,0.5,-0.02847156225396667,0.0951127698628308,-0.03643326221452353,0.16959444300610044,1.5206731441533758
2025-04-18,MARKET,SPY,526.4099731445312,-0.0141027629742001,-0.06661585273468851,-0.13415135860126215,-0.09952282974085302,0.06311085154556717,0.0,0.0,0.0,-0.06462896641501936,-0.08280319126164548,0.0,0.0,0.0,0.0,-0.006453178926569519,-0.012701205972199037,-0.020627602305005655,0.24246243410054424,1.9672809071209945
2025-04-18,MATERIALS,XLB,40.375,0.0031055900621117516,-0.058748115884623364,-0.0926966292134831,-0.1728976516265036,-0.09228865972308287,0.007867736850065143,0.041454729387779055,-0.07337482188565059,-0.05050268016515236,-0.09892317479618562,0.16666666666666666,0.16666666666666666,0.16666666666666666,0.3333333333333333,0.03435647344186482,0.10765990433983201,-0.0595832903709406,0.20595948822748616,1.3620814517712394
2025-04-18,NUCLEAR,URA,22.8700008392334,0.00971307834032542,-0.08519996643066408,-0.25090074271641805,-0.31649726643757203,-0.20672907042125677,-0.018584113695975568,-0.1167493841151559,-0.216974436696719,-0.05170623079162029,-0.16910385554750562,0.16666666666666666,0.0,0.16666666666666666,0.0,0.0023573239204023877,-0.14146240592797568,-0.19027547979944895,0.409012399962844,1.030004770804727
2025-04-18,POWER_INDUSTRIALS,XLI,125.30000305175781,-0.0029441801748901764,-0.05255196180145316,-0.11178849828948412,-0.10030875847015064,0.04009298399695416,0.014063890933235346,0.022362860311778032,-0.0007859287292976136,-0.04014828521116265,-0.059634039452368226,0.3333333333333333,0.16666666666666666,0.16666666666666666,0.0,0.02819647452368823,-0.08175127978904596,-0.016938105907938022,0.25836120929106643,1.6068648125535765
2025-04-18,SEMI,SOXX,166.5500030517578,-0.03314751908256641,-0.164660452538111,-0.27787893040016676,-0.2738489596767074,-0.1604919423148704,-0.0980445998034225,-0.1437275717989046,-0.1743261299358544,-0.1437193974413239,-0.2293071386007386,0.0,0.0,0.0,0.0,-0.09590440176091576,-0.1370325338010667,-0.15730825282387825,0.44310994506519,2.3305718834127944
2025-04-25,AI_SOFTWARE,IGV,94.76000213623047,0.0943527675698117,0.05441191988652094,-0.07901639908295999,0.027765783869010185,0.16857820219128938,0.06344614718147135,0.0060256268598715135,0.07681242046853898,0.034689865441982715,0.0020620967002178414,0.5,0.3333333333333333,0.6666666666666666,0.16666666666666666,0.07301671518776687,0.032982798247370604,0.2632426415806017,0.38626813103357643,1.2053169958254426
2025-04-25,COMMUNICATION_SERVICES,XLC,94.36000061035156,0.0460037863651106,-0.014414009653327953,-0.07833558173687738,0.03863513698605403,0.1778804130749021,-0.0053797823583775495,0.006706444205954121,0.08768177358558282,-0.015339652915649538,0.002525978893041181,0.16666666666666666,0.5,0.3333333333333333,0.16666666666666666,0.0028112554820897326,-0.009126130983812097,0.1175831466197824,0.26787578252244887,1.6355500522811073
2025-04-25,CONSUMER_DISCRETIONARY,XLY,98.80000305175781,0.06580373575331921,0.0028421276718659794,-0.14889948028631084,-0.015985217340294455,0.1233016996751859,0.011876354966816383,-0.06385745434347934,0.03306141925923434,-0.00539579055050754,-0.03985614206204924,0.3333333333333333,0.16666666666666666,0.5,0.16666666666666666,0.009856156270542002,-0.07081037966176536,0.008771404017826723,0.2766383273940052,1.8562177967246951
2025-04-25,CONSUMER_STAPLES,XLP,80.83999633789062,-0.012580998829078593,0.005347502253427505,0.02355017601798748,-0.0027140541244662364,0.06945363479755007,0.014381729548377908,0.10859220196081898,0.046332582475062556,-0.0006058223440571497,0.0015951459464096374,0.5,0.6666666666666666,0.6666666666666666,0.3333333333333333,0.01684936098616502,0.08128926047042484,0.05810674249225106,0.14150840495703187,1.5227611175797433
2025-04-25,DEFENSIVE,XLU,39.10499954223633,0.005657740264869648,0.002949419308002854,0.0042373117962610785,-0.02699674350701775,0.18159837135082357,0.011983646602953257,0.08927933773909258,0.02204989309251104,0.0037088740694413147,0.0029848368287268556,0.3333333333333333,0.5,0.5,0.6666666666666666,-0.009645059689520452,0.09946899159791556,0.031040273340744533,0.14722140506603257,1.5223088146440333
2025-04-25,ENERGY,XLE,41.19499969482422,0.010920237909796793,-0.10862275108058328,-0.05990415377182334,-0.08221006493696892,-0.1394401375809209,-0.09958852378563288,0.025137872171008158,-0.033163428337440126,-0.0481856802537598,-0.0760993014216167,0.0,0.0,0.0,0.16666666666666666,-0.11818526281970582,0.004448856595215008,-0.06855716355331441,0.35455634425285515,1.588933027671989
2025-04-25,FINANCIALS,XLF,48.02000045776367,0.029367607439943155,-0.02418204935680368,-0.06702935071141469,0.029809121977457886,0.1763841454377173,-0.015147822061853278,0.018012675231416808,0.07885575857698668,-0.009447572534330706,0.005833508825667799,0.16666666666666666,0.3333333333333333,0.5,0.0,-0.006570321330918487,-0.043112297106784325,0.05906370326748402,0.3020433066869014,1.4721383240316128
2025-04-25,HEALTHCARE,XLV,138.0500030517578,0.018894364564203237,-0.044768897242110195,-0.060053056162984286,-0.07093339757654404,-0.013646781726826873,-0.03573466994715979,0.024988969779847214,-0.02188676097701525,-0.03216531319858096,-0.05817738993637689,0.16666666666666666,0.16666666666666666,0.16666666666666666,0.5,-0.05434470674803491,0.029577850057356525,-0.04953663816396542,0.1703411971821094,1.5197793124155532
2025-04-25,MARKET,SPY,550.6400146484375,0.04602884204333568,-0.009034227294950403,-0.0850420259428315,-0.04904663659952879,0.08338252876191321,0.0,0.0,0.0,-0.011198143328924104,-0.04065463574037864,0.0,0.0,0.25,0.0,-0.00551923066134738,-0.014764642774530795,-0.017955689627460247,0.2704261784493088,2.0223033036742035
2025-04-25,MATERIALS,XLB,41.310001373291016,0.02315792875024192,-0.028571431134423175,-0.06948978607191703,-0.12068961737319361,-0.0770776826991626,-0.019537203839472772,0.015552239870914475,-0.07164298077366482,-0.020184508438654825,-0.07612567262337766,0.3333333333333333,0.16666666666666666,0.16666666666666666,0.5,-0.0022796516617940945,0.07882972767679967,-0.033481509446933864,0.21569877853733704,1.4257496776250724
2025-04-25,NUCLEAR,URA,24.450000762939453,0.06908613317563028,0.058441573990304585,-0.1363475371183458,-0.22528513381869997,-0.1711864148156118,0.06747580128525499,-0.051305511175514296,-0.17623849721917118,0.029083747095285162,-0.10866451489134077,0.8333333333333334,0.0,1.0,0.0,0.07413891146227274,-0.057656711839860486,-0.14801670288245275,0.43224648401182175,1.0197359953666463
2025-04-25,POWER_INDUSTRIALS,XLI,129.00999450683594,0.02960886963063869,-0.008759119808758098,-0.06751001940463486,-0.04719349835815878,0.05176904170179908,0.0002751074861923053,0.017532006538196643,0.0018531382413700115,-0.005220299701834241,-0.032542346048214266,0.8333333333333334,0.16666666666666666,0.8333333333333334,0.0,0.09185097405977084,0.0014018191714272692,0.002834623422218019,0.26918778575715196,1.5774833591110338
2025-04-25,SEMI,SOXX,184.80999755859375,0.10963671073101922,-0.02051089287372143,-0.15275297564917534,-0.19500829303680678,-0.147948350580432,-0.011476665578771028,-0.06771094970634384,-0.145961656437278,-0.030774406712324343,-0.1396723326289645,0.16666666666666666,0.0,0.3333333333333333,0.0,-0.004099665282888003,-0.041996684681012454,-0.13453708217223806,0.51704576951091,2.413142193474504
2025-05-02,AI_SOFTWARE,IGV,99.47000122070312,0.0497045058916461,0.2234932040208879,-0.049225782743990254,0.07814869843408867,0.22999873676778404,0.1018180711542449,0.007384914627628358,0.08564373980843143,0.08728207418788658,0.04779713102217409,1.0,0.5,1.0,0.3333333333333333,0.14634765566526856,0.004894059107919291,0.34474069736380164,0.4010455168820703,1.0196943465849506
2025-05-02,COMMUNICATION_SERVICES,XLC,97.41999816894531,0.03242896925392835,0.11681754465049843,-0.05178119335644138,0.05432896710137425,0.2145617663746393,-0.0048575882161445705,0.004829504015177233,0.06182400847571701,0.022567423963557598,0.03127868025448555,0.6666666666666666,0.6666666666666666,1.0,0.3333333333333333,0.02630461661548596,-0.00098712283763915,0.11985201405066725,0.27931439095604993,1.2764839885246222
2025-05-02,CONSUMER_DISCRETIONARY,XLY,100.71499633789062,0.019382522540304148,0.1019749443311706,-0.10705740295791066,0.006696968176398865,0.13220161053080282,-0.019700188535472396,-0.05044670558629205,0.014192009550741624,0.022611865394264186,-0.02347862738702511,0.6666666666666666,0.16666666666666666,1.0,0.16666666666666666,-0.03743738646487852,-0.05603185685951767,-0.016522633461139396,0.28163699737731007,1.416058006779841
2025-05-02,CONSUMER_STAPLES,XLP,81.55999755859375,0.008906497443341044,0.039510559651976696,0.02785128074316745,0.017591965138760157,0.07485504099593165,-0.0821645732146663,0.08446197811478606,0.025087006513102916,0.009068716239289953,0.009555843080179649,0.6666666666666666,0.6666666666666666,0.6666666666666666,0.3333333333333333,-0.0810259518126274,0.052140996912971714,0.04924507275481327,0.14214162052474913,1.310228146448798
2025-05-02,DEFENSIVE,XLU,39.875,0.0196905885891141,0.07003892803166334,0.020604051995485984,0.020734708863837215,0.16576517659465595,-0.05163620483497966,0.0772147493671046,0.028229750238179974,0.02415595101981438,0.01992857611224408,0.5,0.5,0.8333333333333334,0.6666666666666666,-0.095468700987961,0.07195755234023456,0.011718794607094777,0.15252745228428638,1.2565537596304843
2025-05-02,ENERGY,XLE,40.9900016784668,-0.004976283963492256,0.040883711698401326,-0.0742998462404727,-0.06872651943948604,-0.1143998743956216,-0.08079142116824167,-0.017689148868854088,-0.061231478065143286,-0.04302753710363727,-0.07805801085023356,0.0,0.0,0.6666666666666666,0.0,-0.09491504440382507,-0.032494799207524704,-0.09751600379110122,0.3530394039157527,1.2791074151950674
2025-05-02,FINANCIALS,XLF,49.7599983215332,0.03623485729243092,0.125791797796883,-0.03975301785840746,0.06689534675631315,0.2271269853947422,0.004116664930239988,0.016857679513211155,0.0743903881306559,0.02854541474040384,0.03882544172784175,1.0,0.6666666666666666,1.0,0.0,0.05652520005232653,-0.05432806426087946,0.050984719683445555,0.31344860830692184,1.224740878943649
2025-05-02,HEALTHCARE,XLV,138.52999877929688,0.003476970061051743,0.024024246225062607,-0.05395065418036449,-0.062339287744871075,-0.016331768954437664,-0.09765088664158039,0.0026600431912541245,-0.054844246370528316,-0.02339124135307402,-0.05305665189523712,0.16666666666666666,0.16666666666666666,0.8333333333333334,0.3333333333333333,-0.12121678224219927,-0.0006379398032878939,-0.09009336014566004,0.17121129384463785,1.3719733807255092
2025-05-02,MARKET,SPY,566.760009765625,0.029275015778647218,0.121675132866643,-0.05661069737161861,-0.007495041374342759,0.1084902898426765,0.0,0.0,0.0,0.0238493841467442,-0.013528801311235572,1.0,0.0,1.0,0.0,-0.0021117312740639993,-0.013625296787739799,-0.021173036757930697,0.2806421405459991,1.6068870092092113
2025-05-02,MATERIALS,XLB,42.46500015258789,0.027959301401612624,0.09052392527464304,-0.038056411547286007,-0.08804893364196076,-0.05137940954808551,-0.031151207591999963,0.018554285824332606,-0.080553892267618,0.010975137472001295,-0.04859257722952981,0.8333333333333334,0.5,1.0,0.16666666666666666,-0.0012874972754933027,0.05434384594138797,-0.030410405801084506,0.22669935701165422,1.264779578310894
2025-05-02,NUCLEAR,URA,25.84000015258789,0.05685068900919443,0.24111433868136056,-0.11202749780572985,-0.1544502420104653,-0.16185532868850938,0.11943920581471756,-0.055416800434111235,-0.14695520063612255,0.08859586557818133,-0.05652970630264231,1.0,0.5,1.0,0.0,0.1735944862684734,-0.0807823896249764,-0.1482268321962393,0.4483010599449725,0.884683697471202
2025-05-02,POWER_INDUSTRIALS,XLI,134.5800018310547,0.04317500628932747,0.1410886810682861,-0.02002475761547784,0.004253468752956957,0.09619618401003893,0.019413548201643094,0.03658593975614077,0.011748510127299716,0.03793740421332559,0.007663436652200817,1.0,0.5,1.0,0.3333333333333333,0.11785234736910892,0.03210688358087813,0.019144653463879908,0.2871836154048182,1.2949817892696218
2025-05-02,SEMI,SOXX,190.02999877929688,0.028245231803805115,0.20554458474179227,-0.12376076424674332,-0.13849851662961032,-0.1209233455662937,0.08386945187514927,-0.0671500668751247,-0.13100347525526757,0.014667634507700589,-0.111303378814534,0.8333333333333334,0.0,1.0,0.0,0.10518514446313205,-0.0611496568478637,-0.11692431223806898,0.5235705400661167,2.0055645018126307
2025-05-09,AI_SOFTWARE,IGV,99.69000244140625,0.002211734372205232,0.14323401296192184,-0.06622330042484059,-0.015310109196653543,0.22484338603011822,0.08629873132904109,0.008173918606475317,0.04127722166441872,0.08704898911999948,0.04475502674001053,1.0,0.5,1.0,0.16666666666666666,0.10720571109233157,0.0032549315275853994,0.18112490746277202,0.3978333169553532,0.7241849851734948
2025-05-09,COMMUNICATION_SERVICES,XLC,97.18000030517578,-0.002463537962229534,0.06475297337000985,-0.07720062142147988,0.010397171936234573,0.18816480275557423,0.007817691737129095,-0.002803402390163967,0.06698450279730683,0.025235268037779646,0.025362371084730606,0.6666666666666666,0.8333333333333334,0.6666666666666666,0.16666666666666666,0.03623328070293769,-0.010790394958001048,0.12531707486137564,0.27170457559923594,0.618994565406562
2025-05-09,CONSUMER_DISCRETIONARY,XLY,101.20500183105469,0.0048652684404628666,0.06688805797889419,-0.10832597505678687,-0.05908326396230301,0.1364963319791479,0.009952776346013437,-0.03392875602547096,-0.0024959331012307517,0.03470489428584367,-0.02183957038444495,0.8333333333333334,0.16666666666666666,1.0,0.16666666666666666,0.010131778621006263,-0.04649380212427975,-0.025425176173251258,0.2812929369971507,0.7088387718749686
2025-05-09,CONSUMER_STAPLES,XLP,80.91000366210938,-0.007969518341603865,0.006969573100473081,0.003721660457589593,0.0011136348382208006,0.04238599328923898,-0.04996570853240767,0.0781188794889055,0.05770096569929306,0.003721660457589593,0.000999063049651694,0.5,0.6666666666666666,0.5,0.3333333333333333,-0.06850768711037734,0.03696649743375652,0.06371108725527397,0.1401634302959059,0.7914742983755226
2025-05-09,DEFENSIVE,XLU,40.119998931884766,0.006144173840370248,0.051362659651728926,0.014412129097845838,0.013387188109476034,0.1258594309415586,-0.005572621981151826,0.08880934812916175,0.0699745189705483,0.02910053684044711,0.02422381527166051,0.3333333333333333,0.5,0.5,0.5,-0.06094009724782631,0.06005101230590184,0.045464498704889666,0.15108113007018606,0.7641121744639702
2025-05-09,ENERGY,XLE,41.21500015258789,0.005489106243176556,0.044872619380345036,-0.08482290902114287,-0.12074666341145834,-0.1214963370288018,-0.012062662252535716,-0.010425689989826958,-0.06415933255038608,-0.028051269092006725,-0.0714388237740664,0.16666666666666666,0.0,1.0,0.0,-0.014602267290647434,-0.02301645770324869,-0.0949951194303454,0.35040198880831835,0.7020098697251735
2025-05-09,FINANCIALS,XLF,49.86000061035156,0.0020096923671937272,0.06835231554666965,-0.03745171149193771,0.013620695310993192,0.19196744986359016,0.011417033913788899,0.0369455075393782,0.07020802617206545,0.03557855897522244,0.03669282670588614,1.0,0.6666666666666666,1.0,0.0,0.06363465001411872,-0.027699212547854218,0.01995801140223587,0.31356394719118175,0.6428161064960664
2025-05-09,HEALTHCARE,XLV,132.67999267578125,-0.042229164477477044,-0.03061300935839728,-0.08370172735178982,-0.11652684014827586,-0.07598024890561572,-0.08754829099127803,-0.009304508320473914,-0.059939509287203596,-0.05379293639385463,-0.09021876377946092,0.0,0.0,0.5,0.0,-0.1173147419807603,-0.030034752921370905,-0.10334761449755825,0.18841176150019137,0.7728446738911369
2025-05-09,MARKET,SPY,564.3400268554688,-0.0042698547329707015,0.05693528163288075,-0.07439721903131591,-0.05658733086107226,0.08351892665129412,0.0,0.0,0.0,0.025003053149094123,-0.019082851716810567,1.0,0.0,1.0,0.0,0.014353707338565225,-0.007097940194762176,-0.025113314981762613,0.2773245199945184,0.8639384175002691
2025-05-09,MATERIALS,XLB,42.279998779296875,-0.004356561229865941,0.05043475228066763,-0.05887591547428894,-0.104901064190286,-0.07926828255211227,-0.006500529352213125,0.015521303557026966,-0.04831373332921374,0.011628428298733784,-0.051281434319576324,0.6666666666666666,0.16666666666666666,0.8333333333333334,0.16666666666666666,-0.01612564306713149,0.05679203519918844,0.00185918664316842,0.22190215674217587,0.6323920032678112
2025-05-09,NUCLEAR,URA,27.15999984741211,0.051083579219407316,0.19911701125116776,-0.031038202565863537,-0.1238709726641255,-0.13004482880323764,0.142181729618287,0.04335901646545237,-0.06728364180305324,0.13294121232981504,-0.010717831044623205,1.0,0.5,1.0,0.3333333333333333,0.1858060892549501,0.029142923353585926,0.003301755991065617,0.45889407686878986,0.7883697844951808
2025-05-09,POWER_INDUSTRIALS,XLI,136.11000061035156,0.011368693405262142,0.08307474014100924,-0.01046893790954262,-0.0420859728458195,0.08298854455641069,0.026139458508128488,0.06392828112177329,0.014501358015252763,0.04991553987945996,0.01657318733793356,1.0,0.5,1.0,0.5,0.07068146060318543,0.08972650287544921,-0.00826935450817721,0.28831025147573525,0.5926230659509857
2025-05-09,SEMI,SOXX,193.94000244140625,0.0205757179772994,0.12585631386229945,-0.13058682891633122,-0.1617392724335559,-0.11941519431434144,0.0689210322294187,-0.05618960988501531,-0.10515194157248364,0.04367013287451238,-0.0916510155775353,1.0,0.0,1.0,0.0,0.06173989671163327,-0.04441652618158054,-0.10488825740313172,0.5211505096974972,0.9036721878126488
2025-05-16,AI_SOFTWARE,IGV,105.16000366210938,0.05487010820285776,0.21445903810591527,0.04688906776467161,0.0398497628610901,0.2478937682592368,0.08568100858350047,0.05645667487707717,0.025423792383870714,0.13220144282386537,0.09556791348506222,1.0,0.8333333333333334,1.0,0.5,0.11867470685322275,0.06397095275722359,0.15460152226988824,0.3943489583517928,0.780429404327697
2025-05-16,COMMUNICATION_SERVICES,XLC,101.77999877929688,0.047334826709977795,0.12825628879554762,-0.012036477423560399,0.06967942351125167,0.2320542068431264,-0.0005217407268671703,-0.002468870311154836,0.055253453034032285,0.07207937161247058,0.0692243334137066,0.8333333333333334,0.8333333333333334,0.8333333333333334,0.3333333333333333,0.03664332549941205,0.008980990238902717,0.09398007979417085,0.2902155793562383,0.6805355371939533
2025-05-16,CONSUMER_DISCRETIONARY,XLY,108.83499908447266,0.0753915035361099,0.17405612370450485,-0.0032968598503382296,0.019818195648213965,0.21807499656527818,0.045278094182090056,0.006270747262067333,0.00539222517099458,0.1059287413511063,0.04642749146385783,1.0,0.6666666666666666,1.0,0.3333333333333333,0.04502720473212193,-0.017011234131005065,-0.019316351729895025,0.321827914797823,0.7579461596015958
2025-05-16,CONSUMER_STAPLES,XLP,82.06999969482422,0.014336867880505144,0.002442859918561968,-0.001338532610648313,0.026388202032399777,0.04935431090061093,-0.12633516960385283,0.00822907450175725,0.011962231555180391,0.01911064268555962,0.014434080562784057,0.6666666666666666,0.6666666666666666,0.5,0.3333333333333333,-0.13627908006860948,-0.014704755551472104,0.03302025321105669,0.1372493090090703,0.8406307818640336
2025-05-16,DEFENSIVE,XLU,41.09000015258789,0.024177498667185437,0.05670572010372532,0.02379473952892397,0.03697161268360616,0.13602439128312627,-0.07207230941868947,0.03336234664132953,0.022545642206386773,0.04741270029312106,0.04612604492781669,0.5,0.5,0.3333333333333333,0.3333333333333333,-0.13783317059757252,-0.018424604044406545,0.004505738311594972,0.15619204417648058,0.883557847695835
2025-05-16,ENERGY,XLE,42.7400016784668,0.037001128720926424,0.04883439701759018,-0.059936180907853465,-0.09764593763548057,-0.09983146397364673,-0.07994363250482461,-0.0503685737954479,-0.11207190811269996,0.010234744224897563,-0.03601410042653097,0.3333333333333333,0.0,1.0,0.0,-0.08381900223720533,-0.06528601276721598,-0.14251980148720855,0.3607366895072974,0.7118549853871015
2025-05-16,FINANCIALS,XLF,51.59000015258789,0.034697142419953364,0.1058949295846976,0.016551727144588968,0.03448969836659499,0.21416799516703278,-0.0228830999377172,0.02611933425699453,0.020063727889375604,0.06604125096058144,0.06756337825967229,1.0,1.0,1.0,0.5,0.04317389677269149,0.006928230443874713,-0.012791584222684912,0.3194783227595296,0.6323003340539798
2025-05-16,HEALTHCARE,XLV,133.08999633789062,0.003090169465951531,-0.017713551243412784,-0.09110152977626274,-0.06168922889109352,-0.09035610307770536,-0.14649158076582758,-0.08153392266385717,-0.0761151993683129,-0.039782423432455305,-0.08475743736445562,0.0,0.0,0.16666666666666666,0.0,-0.20766144339180295,-0.14134605606155504,-0.12543420202251795,0.18542704909625635,1.0459783304233123
2025-05-16,MARKET,SPY,594.2000122070312,0.05291133701421802,0.1287780295224148,-0.009567607112405563,0.014425970477219385,0.12229672019476845,0.0,0.0,0.0,0.07566593420877044,0.030078950344162747,1.0,0.75,1.0,0.25,0.004959143761862683,-0.0038850168261366225,-0.019960632716288673,0.30132421055335795,0.889804668033956
2025-05-16,MATERIALS,XLB,43.525001525878906,0.029446612642563874,0.07801861364405949,-0.01158165830136082,-0.046340882823263874,-0.05534452945927337,-0.05075941587835531,-0.002014051188955257,-0.06076685330048326,0.04237767710678919,-0.022931064738892948,0.8333333333333334,0.5,0.8333333333333334,0.5,-0.07759878728134423,0.022288990168443174,-0.026728310503685977,0.22949679462302547,0.6249564071449095
2025-05-16,NUCLEAR,URA,27.709999084472656,0.02025034021172689,0.21163087309276607,0.06331541259955298,-0.0854785550429984,-0.15130175223700149,0.08285284357035128,0.07288301971195854,-0.09990452552021778,0.137987642072799,0.006574856780272587,1.0,0.6666666666666666,1.0,0.8333333333333334,0.12146119049718178,0.0645675416678008,0.019021118969475004,0.4319569879953878,0.8102347837738436
2025-05-16,POWER_INDUSTRIALS,XLI,143.77999877929688,0.05635146671479774,0.1474859958295891,0.06630082085588174,0.033570542365433775,0.1472113355037914,0.018707966307174306,0.0758684279682873,0.01914457188821439,0.10098627006932648,0.06996281991258435,1.0,0.8333333333333334,1.0,1.0,0.09042717170419468,0.15052277208662165,0.015371727424367931,0.3067794081802835,0.6204411223732945
2025-05-16,SEMI,SOXX,213.1300048828125,0.09894813962995586,0.27967577891054907,-0.04844178521159115,0.009090469712196958,-0.06620224433356015,0.15089774938813427,-0.038874178099185586,-0.005335500765022427,0.14124006051910287,-0.0019293426862293517,1.0,0.6666666666666666,1.0,0.16666666666666666,0.17902207628269654,-0.010392561623149535,0.017677817658701096,0.5678390670779345,0.8987801614729559
2025-05-23,AI_SOFTWARE,IGV,101.93000030517578,-0.030715131651306793,0.07566481645533796,0.0457576590603892,-0.03875896430466497,0.229553660181252,0.023961398712800674,0.07112035640796177,-0.011219503766433103,0.08542402434633778,0.05739805154119115,1.0,0.5,1.0,0.5,0.04272703763546041,0.1058837591906923,0.12245757487072374,0.39479297178431305,0.7255441494821241
2025-05-23,COMMUNICATION_SERVICES,XLC,100.19000244140625,-0.015621893858914548,0.06178467351996941,-0.01774507410386028,0.034166033049422895,0.2078361196796814,0.01008125577743213,0.00761762324371229,0.06170549358765476,0.05133374142777902,0.04868446113664526,0.8333333333333334,0.8333333333333334,1.0,0.16666666666666666,0.04540827322014499,0.022643533882829598,0.10529408487604557,0.291356744538045,0.6984815492880647
2025-05-23,CONSUMER_DISCRETIONARY,XLY,105.32499694824219,-0.03225067456017683,0.06604244630504885,-0.024587945231999475,-0.03415869783834524,0.20001140454142408,0.014339028562511569,0.0007747521155730963,-0.006619237300113379,0.06272953117051272,0.009341111107741717,1.0,0.5,0.8333333333333334,0.3333333333333333,0.009890097267980328,-0.012823259142338636,-0.027343512486557753,0.32841395038747284,0.7568938988780433
2025-05-23,CONSUMER_STAPLES,XLP,81.5999984741211,-0.005726833464735126,0.009401313343135875,-0.01781419504471382,-0.0029325253483475366,0.05836575990997517,-0.04230210439940141,0.007548502302858751,0.024606935189884327,0.010651453058061922,0.008284969837061729,0.8333333333333334,0.6666666666666666,0.6666666666666666,0.16666666666666666,-0.04296321154303623,-0.02036305630041041,0.02263100624561894,0.13536870179066157,0.7971935594967581
2025-05-23,DEFENSIVE,XLU,40.529998779296875,-0.013628653473143015,0.03644033381259715,0.023226411380182777,-0.00478820631382304,0.13370625956075166,-0.015263083929940136,0.04858910872775535,0.022751254224408823,0.0302621824158682,0.029699423567703498,0.6666666666666666,0.5,0.5,0.3333333333333333,-0.05045437450379627,-0.013079801242193953,0.01849636948948345,0.1564490185045274,0.9206216527269648
2025-05-23,ENERGY,XLE,40.994998931884766,-0.040828326580557794,-0.004854976682147738,-0.09901101248604915,-0.15708850937218644,-0.10265956660664965,-0.05655839442468502,-0.07364831513847658,-0.12954904883395457,-0.022030874254061028,-0.07315613867562532,0.16666666666666666,0.0,0.16666666666666666,0.0,-0.06870002734073571,-0.0950565372455832,-0.16146021793067422,0.3685024113346677,0.7043606870057634
2025-05-23,FINANCIALS,XLF,50.04999923706055,-0.029850763926584145,0.04227402665442237,-0.04082025787002452,-0.013404303396644668,0.20283582078605678,-0.009429391088114913,-0.015457560522451952,0.014135157141587196,0.03095967834244928,0.032341887030586935,1.0,0.8333333333333334,1.0,0.0,0.020266082752934733,-0.02480681301104065,-0.01985778987964513,0.32009444758506617,0.6209089556476367
2025-05-23,HEALTHCARE,XLV,130.33999633789062,-0.020662710013292562,-0.055849377351889995,-0.12482372424714216,-0.09586575314336765,-0.09749343587848291,-0.10755279509442728,-0.0994610268995696,-0.06832629260513579,-0.049619040957206706,-0.10018348274779154,0.0,0.0,0.0,0.0,-0.15686608485731177,-0.15510216298869503,-0.11212547319975386,0.17817047041020798,1.2032994979597753
2025-05-23,MARKET,SPY,579.1099853515625,-0.02539553440838882,0.05170341774253728,-0.02536269734757257,-0.027539460538231864,0.09381607487366472,0.0,0.0,0.0,0.04526451139263088,0.0028416865179525796,1.0,0.5,1.0,0.25,0.001768675220731486,-0.0026495188406694126,-0.0306451161337081,0.30547112601865584,0.8755662015758439
2025-05-23,MATERIALS,XLB,42.849998474121094,-0.015508398118182054,0.03727903775442054,-0.03447504635355603,-0.08916994065467654,-0.06195275420639679,-0.014424379988116742,-0.009112349005983456,-0.061630480116444675,0.026556266069428736,-0.036767533135225516,0.8333333333333334,0.3333333333333333,0.8333333333333334,0.3333333333333333,-0.022829091044104577,0.03938822034687739,-0.010769094447981742,0.23063508357929496,0.6022026757859038
2025-05-23,NUCLEAR,URA,31.829999923706055,0.14868282119655674,0.3018404470544218,0.2834677783433168,-0.03894924667213151,-0.005312502384185791,0.25013702931188453,0.3088304756908894,-0.011409786133899646,0.2659587115726867,0.149439818210924,1.0,1.0,1.0,1.0,0.26582993330490134,0.2559974509606768,0.054900593226950435,0.5020890194015154,1.0603334037198313
2025-05-23,POWER_INDUSTRIALS,XLI,140.8300018310547,-0.020517436175322645,0.09162086526243862,0.03300814156502807,-0.012758444747991926,0.131528224867425,0.03991744751990134,0.05837083891260064,0.014781015790239938,0.07044589131917545,0.04531454318838146,1.0,0.6666666666666666,1.0,1.0,0.07969866690031065,0.17211464209013463,0.011585176883415501,0.31142702751291496,0.6272159811983049
2025-05-23,SEMI,SOXX,202.55999755859375,-0.049594177647725224,0.0960445876006919,-0.02858242179047532,-0.06295971099428332,-0.15090543413992907,0.04434116985815462,-0.0032197244429027494,-0.03542025045605146,0.08380550477692661,-0.048233247872803586,1.0,0.3333333333333333,1.0,0.5,0.07221922449044342,0.04077056780195611,-0.012649721347336532,0.5582304877705677,0.9266488175476304
2025-05-30,AI_SOFTWARE,IGV,103.6500015258789,0.016874337442887244,0.042022722970529,0.10950549729655479,-0.010595652803711442,0.32731471874312446,0.0020939974202369704,0.08611677640130755,0.011244814229959599,0.09148923141206211,0.07044378464825529,1.0,1.0,1.0,1.0,0.021746194679346537,0.1365124818902915,0.15105844093236492,0.3806320181234963,0.7265505261070717
2025-05-30,COMMUNICATION_SERVICES,XLC,101.4000015258789,0.012077044165961448,0.040854069305477525,0.011067909065894721,0.03048780440527743,0.21787171419918616,0.0009253437551854926,-0.012320811829352518,0.05232827143894847,0.059804779105432804,0.057503047689944964,0.8333333333333334,1.0,0.8333333333333334,0.6666666666666666,0.028673648754605985,0.03878076141089504,0.1016430054835913,0.29003609085381965,0.7699506159086742
2025-05-30,CONSUMER_DISCRETIONARY,XLY,106.9000015258789,0.014953758587913368,0.06141096572389371,0.039529367215407785,-0.0382366166590693,0.214979835020902,0.021482240173601674,0.016140646320160545,-0.01639614962539826,0.06979702514270913,0.02126238403264713,1.0,0.6666666666666666,1.0,0.5,0.026297284377864456,-0.004613254785934236,-0.038264411113218356,0.31193430082871426,0.7658409910669859
2025-05-30,CONSUMER_STAPLES,XLP,82.83000183105469,0.015073570832524918,0.015571411359454057,-0.0003620417460282743,-0.00468636606498174,0.07098533427877074,-0.024357314190837975,-0.023750762641275514,0.0171541009686893,0.021457660318074057,0.023170515232213695,0.8333333333333334,0.8333333333333334,0.6666666666666666,0.5,-0.02420502126010791,-0.026603215595539947,0.023497159748387248,0.13951846042261185,0.769959195569167
2025-05-30,DEFENSIVE,XLU,40.959999084472656,0.010609432966364407,0.027210008388028895,0.05990422044991606,-0.012178971813743389,0.12651260717557555,-0.012718717162263138,0.03651549955466882,0.009661495219927652,0.03701452041959241,0.03848029253403262,0.8333333333333334,0.6666666666666666,0.6666666666666666,0.3333333333333333,-0.030080721183173897,-0.04769844321428618,0.01469276753296093,0.1449673659078662,0.9422885442992207
2025-05-30,ENERGY,XLE,40.76499938964844,-0.0056104292774463715,-0.0054891993072681,-0.06748257469158025,-0.14655082360405158,-0.12521457672821756,-0.04541792485756013,-0.0908712955868275,-0.12471035657038054,-0.014600325145100235,-0.07604262050085198,0.16666666666666666,0.0,0.16666666666666666,0.0,-0.061587046309189465,-0.11316811030530011,-0.15705844715063383,0.3613344362136116,0.6586701395824279
2025-05-30,FINANCIALS,XLF,50.959999084472656,0.018181815410264424,0.024115771772849293,0.037459287308605926,-0.00740165693388839,0.22382324282985322,-0.01581295377744274,0.014070566413358687,0.01443881009978265,0.046471021950564184,0.04758428106171819,1.0,0.8333333333333334,1.0,0.8333333333333334,0.006929326099087807,0.030801339231750713,-0.015176155573502511,0.2954372195271795,0.5959541252202487
2025-05-30,HEALTHCARE,XLV,132.63999938964844,0.017646180116465127,-0.04251786213491748,-0.11146837838771595,-0.10019675670259454,-0.07696588582794006,-0.08244658768520952,-0.1348570992829632,-0.0783562896689235,-0.02290256028519433,-0.08068601853128832,0.16666666666666666,0.0,0.0,0.0,-0.12930768754104183,-0.19670635736933742,-0.1287046122333092,0.18615826412039446,1.2701590018810769
2025-05-30,MARKET,SPY,589.3900146484375,0.0177514281516562,0.03992872555029203,0.02338872089524724,-0.02184046703367104,0.11760248043210808,0.0,0.0,0.0,0.058962640093979335,0.019440465637295512,1.0,0.5,1.0,0.5,-0.0021337601914734328,-0.005089608674934604,-0.031971583086220806,0.3000169602337199,0.8497956764880276
2025-05-30,MATERIALS,XLB,43.16999816894531,0.007467904462528319,0.016601860681129788,-0.0168526914379028,-0.08904834933644068,-0.05670274784904916,-0.023326864869162245,-0.04024141233315004,-0.06720788230276964,0.033541581337371174,-0.027828646349685626,1.0,0.3333333333333333,0.8333333333333334,0.3333333333333333,-0.024395470278231635,-0.008007846885583944,-0.01315976639511183,0.23068045821577596,0.6020565375520894
2025-05-30,NUCLEAR,URA,32.0099983215332,0.005654992091064681,0.23877701751202896,0.33709263189008754,-0.01051005158036955,-0.007134098789058463,0.19884829196173692,0.3137039109948403,0.01133041545330149,0.23858529993913513,0.1505386439329579,1.0,0.8333333333333334,1.0,1.0,0.24056864205230266,0.3483917278020185,0.08177614508906329,0.4868962690458731,1.2016651233096836
2025-05-30,POWER_INDUSTRIALS,XLI,142.82000732421875,0.014130550786694895,0.061227562647147016,0.06383618118598688,-0.00812555124876957,0.15634365520202587,0.021298837096854983,0.040447460290739645,0.013714915784901471,0.07691964998453393,0.057428595426059825,1.0,0.6666666666666666,1.0,1.0,0.04856662111618119,0.20703388084256916,0.023367565879925795,0.30902422942852015,0.6942487819770122
2025-05-30,SEMI,SOXX,204.94000244140625,0.011749629302419518,0.07846131536013967,0.005347050798404807,-0.04856077879048093,-0.12422542945951176,0.03853258980984764,-0.018041670096842433,-0.02672031175680989,0.0932873977736508,-0.033821427330391396,1.0,0.6666666666666666,1.0,1.0,0.06310956847381595,0.029135415367315454,0.0008642561223024536,0.556160236885633,1.0585693203532776
2025-06-06,AI_SOFTWARE,IGV,105.9800033569336,0.02247951564644146,0.0630956039872137,0.15622953439553333,-0.03698318566070413,0.3184872726830934,0.0014306748010348702,0.09167841190759018,-0.022718887697555812,0.09740820054554522,0.08911352082481061,1.0,1.0,1.0,1.0,0.02230716438716022,0.13425872792779062,0.08232173181769137,0.3755296496018959,0.7038964050060444
2025-06-06,COMMUNICATION_SERVICES,XLC,103.70999908447266,0.022781040668961028,0.06719488329687828,0.07382477861090031,0.02754383008908312,0.22879143613134745,0.005529954110699453,0.009273656122957163,0.04180812805223144,0.07499351214794148,0.07699176687582243,0.8333333333333334,1.0,1.0,0.8333333333333334,0.030693299629862263,0.0586409580516978,0.08970073364494263,0.27884014874230195,0.8087645598921098
2025-06-06,CONSUMER_DISCRETIONARY,XLY,106.08499908447266,-0.007623970343994313,0.0482189335025589,0.0786476942588552,-0.08861685830058119,0.19424740400473217,-0.013445995683619927,0.014096571770912059,-0.07435256033743287,0.05366401065244797,0.010453618546983234,0.8333333333333334,0.5,0.6666666666666666,0.8333333333333334,-0.026036397745144397,-0.017003359220794323,-0.10473601838018692,0.2944207825060994,0.8759512635398433
2025-06-06,CONSUMER_STAPLES,XLP,81.69000244140625,-0.013763121628002084,0.009640325596254495,0.027417937952518567,-0.008375756676577084,0.05189284817485951,-0.052024603589924334,-0.03713318453542458,0.005888541286571236,0.0058115492958621395,0.009344090535685856,0.5,0.6666666666666666,0.8333333333333334,0.6666666666666666,-0.0494722377856369,-0.03530375493878446,0.00449062448329333,0.11098514638555654,0.8191284798142645
2025-06-06,DEFENSIVE,XLU,40.595001220703125,-0.008911080857614051,0.011839538919849124,0.02941548895691848,0.018822938311526594,0.16085215337853231,-0.049825390266329705,-0.03513563353102467,0.033087236274674914,0.023614148414478953,0.027630499383307416,0.5,0.5,1.0,0.5,-0.046389150298616566,-0.07381720090659472,0.02506635209399107,0.14309694568929346,1.003932363707333
2025-06-06,ENERGY,XLE,41.70500183105469,0.02305905692335042,0.011888916090081025,-0.07074418809041005,-0.08360792421031948,-0.07311917277319213,-0.049776013096097804,-0.1352953105783532,-0.06934362624717116,0.01923362361658376,-0.05262465953951623,0.5,0.0,0.5,0.0,-0.062035953528943956,-0.15948337311233604,-0.09958807884916121,0.3599428011656894,0.7178294516776391
2025-06-06,FINANCIALS,XLF,51.279998779296875,0.006279428975141332,0.028479706208637712,0.056883724144557,0.017460262436026275,0.23625842201569602,-0.03318522297754112,-0.007667398343386145,0.031724560399174595,0.04858496407859225,0.05116968293520929,1.0,0.8333333333333334,1.0,1.0,-0.00402055192877097,0.035288900475598926,0.008186957880096471,0.29317830564144104,0.6340110269558547
2025-06-06,HEALTHCARE,XLV,134.3800048828125,0.013118256190974176,0.01281287534576081,-0.07279368195767333,-0.06861653715168281,-0.08229180083105858,-0.04885205384041802,-0.13734480444561648,-0.05435223918853449,-0.0026347586304401593,-0.06492888130245478,0.3333333333333333,0.16666666666666666,0.8333333333333334,0.0,-0.07323817997684028,-0.2015862035208574,-0.10305452630276252,0.18585355898260889,1.3439779290948592
2025-06-06,MARKET,SPY,599.1400146484375,0.01654252660832012,0.06166492918617883,0.06455112248794315,-0.01426429796314832,0.12196401507791554,0.0,0.0,0.0,0.06813617076516243,0.03471801346760861,1.0,0.75,1.0,1.0,-0.0020840674704874496,-0.002384615890331121,-0.024725398395255782,0.2953461937727854,0.8985516651644767
2025-06-06,MATERIALS,XLB,43.88999938964844,0.016678277767939953,0.038079485734042295,0.020935047128235906,-0.04493531409263918,-0.022385589884573398,-0.023585443452136534,-0.04361607535970724,-0.030671016129490858,0.0473565464490453,-0.00980272069515109,1.0,0.5,0.8333333333333334,0.8333333333333334,-0.02902270991081,-0.020698434214000954,0.02578098121786097,0.22853181407168013,0.7392331325902026
2025-06-06,NUCLEAR,URA,33.63999938964844,0.05092162304234571,0.2385861405980001,0.4075313776811318,0.057861641406692366,0.12283045452704999,0.17692121141182127,0.34298025519318864,0.07212593936984069,0.2506505942985109,0.2007745638663101,1.0,1.0,1.0,1.0,0.16527269740106662,0.37877659061483665,0.17419600360569376,0.4847784347251884,1.1805585064260302
2025-06-06,POWER_INDUSTRIALS,XLI,144.92999267578125,0.01477373787534253,0.06480047039805026,0.10523897871659083,0.031089891811970416,0.18474610076388753,0.0031355412118714288,0.04068785622864768,0.045354189775118736,0.08078474942653102,0.07038201792667187,1.0,0.8333333333333334,1.0,1.0,0.04293499922639036,0.17511417441253485,0.050653092237807895,0.30205827997602697,0.8354643851958601
2025-06-06,SEMI,SOXX,217.33999633789062,0.06050548330616712,0.12065583996037144,0.0806483771603721,-0.011326959343236909,-0.09449215703214842,0.058990910774192606,0.01609725467242895,0.0029373386199114115,0.14197739615638771,0.026306946228307204,1.0,0.8333333333333334,1.0,1.0,0.09643566662016712,0.03653471945126163,0.0416594975945779,0.5668804042577882,1.2964852914621177
2025-06-13,AI_SOFTWARE,IGV,106.2699966430664,0.0027363019149577728,0.010555277123454276,0.14133815859143883,0.004727238497390873,0.2797446468138871,0.005843079655519556,0.08278994646553062,0.016660211653176327,0.07267584689648099,0.08570330309415675,1.0,0.6666666666666666,0.6666666666666666,1.0,0.0569417312403353,0.16151312566284495,0.1589059664494702,0.37612124985491413,0.6838024634093137
2025-06-13,COMMUNICATION_SERVICES,XLC,102.58000183105469,-0.010895740655610053,0.007860120469175502,0.051024625356465014,0.016247269169628042,0.2193035205036471,0.003147923001240782,-0.007523586769443202,0.028180242325413496,0.04662791542452238,0.060080366766468885,0.8333333333333334,0.8333333333333334,0.8333333333333334,0.8333333333333334,0.015629039586888365,0.04156602274322113,0.0752646309561374,0.28098830846660244,0.8967053129456692
2025-06-13,CONSUMER_DISCRETIONARY,XLY,105.87000274658203,-0.002026642218467045,-0.02724304095954766,0.07237279699056032,-0.10085353707586298,0.18734931486044148,-0.03195523842748238,0.0138245848646521,-0.08892056392007752,0.036625097904070314,0.004895415159639871,0.6666666666666666,0.6666666666666666,0.16666666666666666,0.6666666666666666,-0.042705528733153954,-9.514238230767802e-05,-0.11650774898129274,0.29497846623480806,0.8462554371896134
2025-06-13,CONSUMER_STAPLES,XLP,80.95999908447266,-0.008936263130328581,-0.013525047087596942,0.020547046713667028,-0.013164332264777978,0.05211179071167038,-0.018237244555531662,-0.03800116541224119,-0.0012313591089925247,-0.0062355887692667755,0.0009519787989178408,0.0,0.6666666666666666,0.0,0.6666666666666666,-0.02595805610765987,-0.04132165118282719,-0.008036634271893384,0.11314877707705386,0.7875673434760151
2025-06-13,DEFENSIVE,XLU,40.709999084472656,0.0028328084816235943,-0.009248018172404393,0.033904738653273814,0.04868622886414986,0.1641406252045341,-0.013960215640339113,-0.024643473472634403,0.060619202019935314,0.017673664397972466,0.028747942650061198,0.5,0.6666666666666666,0.3333333333333333,0.5,-0.003676730419513089,-0.06873273961178128,0.03437769082356958,0.14279065637055538,0.9560184913865892
2025-06-13,ENERGY,XLE,44.04999923706055,0.05622820532427619,0.030650386222463633,-0.04777343633071296,-0.01255326979666238,0.0006814806675357055,0.025938188754528912,-0.10632164845662118,-0.0006202966408769273,0.06439528798936323,5.1068025496148195e-05,1.0,0.5,1.0,0.16666666666666666,0.03129514032794752,-0.11582594326691485,-0.023697074213129943,0.37543351355172166,0.8576473066446577
2025-06-13,FINANCIALS,XLF,49.959999084472656,-0.02574102430277625,-0.0315952910117111,0.010109179321779793,0.008477960459901235,0.22902822162667702,-0.03630748847964582,-0.048439032804128423,0.02041093361568669,0.009700880086439767,0.021144380025515108,1.0,0.8333333333333334,0.0,0.8333333333333334,-0.027179844341328696,-0.010174012961433979,0.01369911166275308,0.2980201595701275,0.5986978552819424
2025-06-13,HEALTHCARE,XLV,136.1300048828125,0.013022770772527448,0.02284175090969165,-0.07141883209275013,-0.034470532810832455,-0.06683575317832158,0.01812955344175693,-0.12996704421865835,-0.022537559655047,0.009716697752214731,-0.049806091757798154,0.8333333333333334,0.3333333333333333,1.0,0.0,0.05020506317725496,-0.18171900657515896,-0.05790966025607044,0.18654571074717824,1.1044051625824947
2025-06-13,MARKET,SPY,597.0,-0.0035718105887039275,0.00471219746793472,0.05854821212590822,-0.011932973155785453,0.0998930833423668,0.0,0.0,0.0,0.0471975526368571,0.028507044223841538,1.0,0.75,0.5,1.0,-0.005732088035493521,-0.00862806792312415,-0.0252703111229943,0.29593540378077515,0.8540972307469776
2025-06-13,MATERIALS,XLB,43.689998626708984,-0.0045568641084698935,0.0037908580136860603,0.018533585743357284,-0.020733004974966995,-0.017981636807737345,-0.0009213394542486597,-0.04001462638255093,-0.008800031819181542,0.03089862055674364,-0.013616705295287246,0.8333333333333334,0.5,0.8333333333333334,0.8333333333333334,0.025849414169485885,-0.018441962478889573,0.06075643262441074,0.2287981930247725,0.8002738410175917
2025-06-13,NUCLEAR,URA,36.130001068115234,0.07401907620821802,0.30386150349462615,0.44520004272460945,0.22932976585364329,0.2222598687710564,0.29914930602669143,0.38665183059870123,0.24126273900942874,0.2708854055423813,0.2749215310178996,1.0,1.0,1.0,1.0,0.2885937615978242,0.45456080584190656,0.35872651286109697,0.49233579491926677,1.4129473733328577
2025-06-13,POWER_INDUSTRIALS,XLI,142.64999389648438,-0.015731724932860458,-0.007859263405246453,0.07863889524751899,0.03798298405660194,0.17746588609008684,-0.012571460873181173,0.020090683121610775,0.049915957212387396,0.0445345517363096,0.05029290166862155,1.0,0.6666666666666666,0.3333333333333333,1.0,0.011308994866551292,0.13627714116041312,0.05585538259499545,0.30650000938985017,0.9923769586643381
2025-06-13,SEMI,SOXX,220.9600067138672,0.016655978821075612,0.03673814879026516,0.10823553667650154,-0.010479159453250175,-0.12331370972931877,0.03202595132233044,0.049687324550593326,0.0014538137025352782,0.12360925001428669,0.041307599254766014,1.0,1.0,1.0,1.0,0.06167999488040562,0.10478853539602295,0.07628171420115536,0.5655162058190966,1.3682620249656274
2025-06-20,AI_SOFTWARE,IGV,105.11000061035156,-0.010915555371766583,0.03119788379922439,0.169578250784566,0.01437944242689837,0.2399434324968659,0.005002438496890083,0.10007521292169952,0.00908466994352608,0.04212728162188695,0.06899769835551384,1.0,0.6666666666666666,0.8333333333333334,1.0,0.059511069934549556,0.19701172595519412,0.1333680627127747,0.365100204254442,0.603044687342661
2025-06-20,COMMUNICATION_SERVICES,XLC,102.83999633789062,0.002534553540602724,0.02644968391965219,0.07415916683248547,0.04981622395902496,0.2107369129031076,0.0002542386173178812,0.004656128969618978,0.044521451475652674,0.037038495949035966,0.058400321792095644,0.8333333333333334,0.6666666666666666,0.6666666666666666,0.8333333333333334,-0.005073596665771933,0.045708853898561795,0.07744038434633772,0.2758455386348897,0.9640116808013504
2025-06-20,CONSUMER_DISCRETIONARY,XLY,105.33999633789062,-0.005006200008892625,0.0001424105395968489,0.06922452220063269,-0.07963833250921248,0.15371552473363548,-0.02605303476273746,-0.00027851566223380253,-0.08493310499258477,0.02095899746586749,-0.0022897288440303365,0.6666666666666666,0.3333333333333333,0.3333333333333333,0.5,-0.04841247859248212,-0.03006537475001053,-0.12736912778314002,0.2954486650306927,0.7834302974443644
2025-06-20,CONSUMER_STAPLES,XLP,81.0199966430664,0.0007410765720383683,-0.007107865709564121,0.007586033493049982,0.013510059653197626,0.04313117745714745,-0.03330331101189843,-0.06191700436981651,0.008215287169825336,-0.006316345192978523,0.0025955438979095025,0.0,0.6666666666666666,0.0,0.5,-0.04638774147716346,-0.07274529096216514,-0.009471925749349575,0.10992717138774145,0.7946498071443641
2025-06-20,DEFENSIVE,XLU,40.38999938964844,-0.007860469221829813,-0.0034542164782879192,0.03590658248047274,0.05691480383032932,0.1641446820843695,-0.029649661780622227,-0.03359645538239375,0.05162003134695703,0.00407696368528776,0.019939828777343793,0.16666666666666666,0.5,0.16666666666666666,0.3333333333333333,-0.042115748081893424,-0.10267343371225744,0.013912711869273823,0.14203566998067502,0.9492427562131305
2025-06-20,ENERGY,XLE,44.4900016784668,0.00998870485872927,0.08525436852405233,-0.03732551051445787,0.05752322322788861,-0.008579349783469747,0.05905892322171802,-0.10682854837732436,0.05222845074451632,0.06208002541680502,0.009069531697790678,1.0,0.5,1.0,0.16666666666666666,0.07106163012565676,-0.1282157248115564,0.031719714397367406,0.37636935119106607,1.0602896905690173
2025-06-20,FINANCIALS,XLF,50.36000061035156,0.00800643581283067,0.006193833726604092,0.02336926533781969,0.03813651520983785,0.21848532250758046,-0.020001611575730216,-0.0461337725250468,0.03284174272646556,0.010250974466176954,0.026252392333625085,1.0,0.8333333333333334,1.0,1.0,0.015046196490836494,0.030344228715555754,0.05627116712177991,0.29787183748723667,0.6114944204389371
2025-06-20,HEALTHCARE,XLV,132.60000610351562,-0.02593108537927158,0.01733934194509401,-0.08247991846493963,-0.03913039055423462,-0.09679171508334594,-0.008856103357240297,-0.15198295632780612,-0.04442516303760691,-0.013341429087493695,-0.07062475940488644,0.16666666666666666,0.0,0.8333333333333334,0.0,-0.0066248646708624475,-0.2138851398768283,-0.09584679011743706,0.1905873534087695,1.0308932852150237
2025-06-20,MARKET,SPY,594.280029296875,-0.004556064829355111,0.026195445302334308,0.06950303786286649,0.00529477248337229,0.09140331424333725,0.0,0.0,0.0,0.03150871420082724,0.022400102780953945,1.0,0.75,1.0,1.0,0.001957376833269797,-0.001826891272886988,-0.012950256213785816,0.2933805506904868,0.8206785048090772
2025-06-20,MATERIALS,XLB,43.209999084472656,-0.010986485633416532,0.008401414776455063,0.016108113674655256,0.00981533442297522,-0.035921477494732845,-0.017794030525879245,-0.053394924188211235,0.0045205619396029295,0.012501014200070104,-0.022724337902065628,0.5,0.3333333333333333,0.6666666666666666,0.5,-0.01512598554613137,-0.04048561308553331,0.08181530851232162,0.22936898236951722,0.8107385335595745
2025-06-20,NUCLEAR,URA,36.77000045776367,0.017713793820317347,0.15519951448000002,0.5917748853051836,0.31462285879311946,0.24097203844849324,0.12900406917766571,0.5222718474423171,0.3093280863097472,0.23219732839266483,0.28465370438592963,1.0,1.0,1.0,1.0,0.19314938510311352,0.6654197695341401,0.5248452244953156,0.42850844237741337,1.3415305564690057
2025-06-20,POWER_INDUSTRIALS,XLI,142.3699951171875,-0.0019628376535372194,0.010935122247461626,0.0938916772475793,0.06389170023174384,0.15776200458570222,-0.015260323054872682,0.024388639384712807,0.05859692774837155,0.029890451148015806,0.045959520944136134,1.0,0.8333333333333334,1.0,1.0,0.006973649040064256,0.20321595262072178,0.08007278781457655,0.3029003165999319,1.0802760218557925
2025-06-20,SEMI,SOXX,225.11000061035156,0.01878165174867341,0.11132505590218944,0.19307827723509563,0.047900535030717784,-0.09876690803711419,0.08512961059985513,0.12357523937222914,0.042605762547345494,0.11475360856943406,0.06058268076289375,1.0,0.8333333333333334,1.0,1.0,0.11032276546382917,0.18773971932395192,0.13737988554775446,0.5458090075855165,1.3200495152788017
2025-06-27,AI_SOFTWARE,IGV,107.77999877929688,0.025401942283714174,0.03984560726115194,0.3257071922947059,0.053773954493958165,0.24027614369143468,-0.003453325299346277,0.10873843313129394,0.020329200536382208,0.046610969716408546,0.09099833793879597,1.0,0.8333333333333334,0.6666666666666666,1.0,0.020854834548920714,0.21077589307435282,0.13071659519985,0.2669617384863143,0.6329531683755468
2025-06-27,COMMUNICATION_SERVICES,XLC,107.68000030517578,0.04706343970864091,0.06193292588554966,0.23443764944687118,0.09698447726058101,0.25706275626517017,0.018633993325051446,0.017468890283459215,0.06353972330300506,0.06704719236481727,0.1028831922308846,0.8333333333333334,0.8333333333333334,0.8333333333333334,0.8333333333333334,0.020714277030616346,0.09517462834280778,0.1091777872582464,0.18265560914903564,1.065771573530221
2025-06-27,CONSUMER_DISCRETIONARY,XLY,109.29499816894531,0.03754511077035305,0.0224040842739055,0.19585318872307078,-0.04853316309163758,0.1984101077434508,-0.020894848286592715,-0.02111557044034118,-0.08197791704921353,0.04252314238284027,0.032492391367179296,0.8333333333333334,0.6666666666666666,0.6666666666666666,0.8333333333333334,-0.015820921046556486,-0.0294487147401285,-0.10453998663564261,0.24055846202269854,0.8833116512422895
2025-06-27,CONSUMER_STAPLES,XLP,80.55000305175781,-0.005800957921278993,-0.027526243256004057,0.026637828086576887,0.015762924992375416,0.051841226505340954,-0.07082517581650227,-0.19033093107683507,-0.01768182896520054,-0.010478690311794603,-0.002448947983946459,0.16666666666666666,0.5,0.0,0.6666666666666666,-0.07360471913504613,-0.19254040716218432,-0.024852948930742396,0.09591875706762615,0.8807706605779101
2025-06-27,DEFENSIVE,XLU,40.665000915527344,0.006808653875577608,-0.0072021038949959815,0.0912384699199369,0.06900630748745629,0.19357209509177098,-0.0505010364554942,-0.12573028924347507,0.03556155352988033,0.006459786340885509,0.026479231241625545,0.16666666666666666,0.3333333333333333,0.16666666666666666,0.5,-0.06440398317879253,-0.20289460840899265,-0.0053575634585527054,0.09276757162004545,1.0490647860113538
2025-06-27,ENERGY,XLE,42.650001525878906,-0.0413576103207578,0.04624070071025521,0.08303708402921517,0.008751247806639162,-0.06417990538881324,0.002941768149756996,-0.1339316751341968,-0.024693506150936795,0.013557692895203477,-0.031713336798083414,0.6666666666666666,0.0,1.0,0.8333333333333334,0.009505125760191505,-0.15867853990132563,-0.05774582350309589,0.2090584598915075,1.4004435258296777
2025-06-27,FINANCIALS,XLF,51.939998626708984,0.03137406666418219,0.019230760593457852,0.17511307081829997,0.06543586926582523,0.2634395002570351,-0.024068171967040364,-0.041855688345112,0.031991115308249274,0.031005580726935822,0.05507450195912589,1.0,1.0,1.0,1.0,0.03488039107851104,0.11537889699221804,0.06805043753864021,0.18425593991678593,0.7183748664424245
2025-06-27,HEALTHCARE,XLV,133.92999267578125,0.010030064185874599,0.009725522407032505,-0.009979347395752902,-0.036128135176072385,-0.08109782040630364,-0.03357341015346571,-0.22694810655916486,-0.06957288913364834,-0.0022870507911695315,-0.0577782318374267,0.0,0.0,0.6666666666666666,0.16666666666666666,-0.030675160271238733,-0.28866653742504184,-0.12871114152687316,0.14173590373749853,1.1160273901034683
2025-06-27,MARKET,SPY,614.9099731445312,0.034714179899440145,0.043298932560498216,0.21696875916341196,0.03344475395757596,0.12989233443615777,0.0,0.0,0.0,0.05116947277523143,0.055773108889300094,1.0,1.0,1.0,1.0,0.0004929710725087855,-0.003519637742942394,-0.014694925375951906,0.19784310671329952,0.8917924586771935
2025-06-27,MATERIALS,XLB,43.94499969482422,0.017009965885782297,0.017952317784354355,0.12853110540898416,0.034730361001309884,-0.004755952673044073,-0.02534661477614386,-0.0884376537544278,0.0012856070437339273,0.02118117694042687,-0.004361377630717311,0.8333333333333334,0.5,0.6666666666666666,1.0,-0.009565133196672201,-0.03529813322551012,0.0884706545564216,0.12083685328962367,0.9064255881384852
2025-06-27,NUCLEAR,URA,38.06999969482422,0.03535488770400774,0.1893158916292239,0.8285302715104406,0.35480424121022835,0.3150258615384838,0.1460169590687257,0.6115615123470286,0.3213594872526524,0.21392812258124239,0.3175403807255297,1.0,1.0,1.0,1.0,0.14459837505225895,0.7749900511915163,0.463128554527847,0.29035719348012917,1.2610199607143149
2025-06-27,POWER_INDUSTRIALS,XLI,146.7899932861328,0.031045854607967938,0.02779712756141861,0.24461582370289947,0.10153083698801146,0.20448010156666463,-0.015501804999079605,0.02764706453948751,0.0680860830304355,0.04560960339745135,0.07574315169870349,1.0,1.0,1.0,1.0,0.029806683791221682,0.23978764983972986,0.12008994187459045,0.1967795761483417,1.1843712793508587
2025-06-27,SEMI,SOXX,238.86000061035156,0.06108124900146139,0.1655118462226195,0.5153206446192031,0.07769356284119966,-0.0315046998282017,0.12221291366212128,0.29835188545579117,0.0442488088836237,0.14195287856775907,0.12335454190137263,1.0,1.0,1.0,1.0,0.1545165647214266,0.40698675784290445,0.1632231181476795,0.36058838923699915,1.246646625128462
2025-07-04,AI_SOFTWARE,IGV,111.2699966430664,0.03238075620056424,0.04991501338527482,0.2760321162523782,0.0965802237554696,0.2512087738808928,0.0061856486850973,0.1048517888819962,0.040173409058488874,0.06345152097704321,0.12008130023372976,1.0,1.0,1.0,1.0,0.04452494570667779,0.20612241140604648,0.1613291948797443,0.24486127081852202,0.6592573934135647
2025-07-04,COMMUNICATION_SERVICES,XLC,108.04000091552734,0.0033432448860633013,0.04175105456830508,0.1837406035856901,0.10380061245613281,0.23108475712906307,-0.0019783101318724405,0.012560276215308086,0.04739379775915209,0.056295349599762456,0.10148519144947454,1.0,1.0,0.8333333333333334,0.8333333333333334,-0.007274958590991014,0.07098973058479102,0.09619882483415948,0.17279872054329606,1.0232215148676753
2025-07-04,CONSUMER_DISCRETIONARY,XLY,110.6050033569336,0.011985957362507182,0.04260738380986151,0.16598147422807275,-0.020674685974830465,0.16856842655932036,-0.00112198089031601,-0.005198853142309279,-0.07708150067181119,0.04327119423213377,0.042360504134208776,0.6666666666666666,0.5,0.8333333333333334,0.8333333333333334,0.013302976041371853,0.00016968061960901762,-0.09993343148388832,0.2351403175548161,0.8580455653447894
2025-07-04,CONSUMER_STAPLES,XLP,82.18000030517578,0.02023584347191898,0.005998259874223866,0.022775381030580633,0.049151007074210495,0.06203157433616724,-0.037731104825953654,-0.1484049463398014,-0.007255807622770227,0.007885990756977046,0.018002088759599966,0.6666666666666666,0.6666666666666666,0.5,0.5,-0.04217673031489366,-0.17001548840812464,-0.015811782349986054,0.09203306335203487,0.9044754315847917
2025-07-04,DEFENSIVE,XLU,40.91999816894531,0.0062706811183324,0.008005836641690856,0.07232700032938744,0.061753949062805846,0.19387297876702303,-0.035723528058486664,-0.09885332704099459,0.005347134365825124,0.008241825275349557,0.03245336370435692,0.8333333333333334,0.6666666666666666,0.6666666666666666,0.5,-0.04219418119312692,-0.15855464700888133,-0.006839110085259614,0.08472755377430478,0.9720473085506349
2025-07-04,ENERGY,XLE,43.51499938964844,0.02028130909314685,0.04340001148845363,0.10318163839048689,-0.00503032394267422,-0.034073249132251626,-0.00032935321172389287,-0.06799868897989514,-0.06143713863965494,0.028443775916887848,-0.012030354744014482,1.0,0.16666666666666666,1.0,1.0,0.015016125141803357,-0.06786298154040626,-0.08273525566814821,0.21037529257653,1.3549402515809534
2025-07-04,FINANCIALS,XLF,53.189998626708984,0.024066230902001218,0.03724648777065154,0.13970432212491812,0.09466965341995581,0.2804525145503056,-0.0064828769295259825,-0.0314760052454639,0.03826283872297509,0.04509282531323855,0.07607258728842115,1.0,1.0,1.0,1.0,0.05645513072830621,0.13453930773850112,0.08351603897799727,0.16027616991834412,0.73205678839728
2025-07-04,HEALTHCARE,XLV,135.5,0.011722596954212072,0.008334536958561678,-0.0100094627461228,-0.02489929869528351,-0.061699352095835436,-0.03539482774161584,-0.18118979011650482,-0.08130611339226423,0.011329886122365629,-0.04378645972580031,0.8333333333333334,0.3333333333333333,0.8333333333333334,0.6666666666666666,-0.03236750544916617,-0.22081568787788342,-0.1367969437025168,0.14172317960184638,1.0715128473132074
2025-07-04,MARKET,SPY,625.3400268554688,0.016961919901217648,0.04372936470017752,0.17118032737038202,0.05640681469698072,0.12747008931882586,0.0,0.0,0.0,0.05552060701301742,0.07120408936580636,1.0,1.0,1.0,1.0,0.0018806552313547775,0.01587594660120073,-0.013100862625944037,0.17606682446246072,0.8623834469466339
2025-07-04,MATERIALS,XLB,45.685001373291016,0.03959498670042616,0.04089774455695094,0.13503109001965252,0.09832912687960627,0.03947669124535236,-0.0028316201432265764,-0.0361492373507295,0.04192231218262554,0.05093054842089617,0.03669038140313696,1.0,0.6666666666666666,0.8333333333333334,1.0,0.0110188352599222,-0.03610602119746109,0.12935522930722207,0.1267734255310572,0.8171487852121616
2025-07-04,NUCLEAR,URA,37.900001525878906,-0.004465410304913209,0.12663502418318529,0.6732892787721019,0.3141470639859909,0.2765241106143981,0.08290565948300777,0.5021089514017198,0.2577402492890102,0.15880882981000344,0.3017457373712418,1.0,1.0,1.0,1.0,0.09706238689799292,0.5939904936093379,0.3525672804726119,0.3002706420868998,1.1908404103606693
2025-07-04,POWER_INDUSTRIALS,XLI,149.4199981689453,0.017916785905738974,0.03098051279977998,0.18898703227536884,0.12582878838639688,0.23263485121484995,-0.01274885190039754,0.017806704904986814,0.06942197368941616,0.04909147006062553,0.09209777780174333,1.0,1.0,1.0,1.0,0.016252564470111808,0.15277658225026727,0.09154157168776811,0.16575808952636126,1.1093851195091171
2025-07-04,SEMI,SOXX,243.33999633789062,0.018755738575280345,0.11962823427851155,0.4126320915924211,0.09381037893951039,-0.04482649715490905,0.07589886957833403,0.24145176422203907,0.03740356424252966,0.1317033944502164,0.14299132307447238,1.0,1.0,1.0,1.0,0.08672885622783051,0.29525731103446645,0.130669539740043,0.33802266636649947,1.0339673901572746
2025-07-11,AI_SOFTWARE,IGV,107.4800033569336,-0.03406123304101838,0.011386155566855738,0.2412519679239411,0.10564761206855477,0.23087498548519036,-0.03320345099459732,0.05658597196651605,0.03134830353887863,0.01942486731053683,0.07716440705957917,0.6666666666666666,0.6666666666666666,0.8333333333333334,1.0,-0.015481268426075187,0.18458170840326296,0.2274931376246092,0.26514821547887896,0.6962969971049594
2025-07-11,COMMUNICATION_SERVICES,XLC,106.01000213623047,-0.018789325824645764,0.033437319593977666,0.1751469151104046,0.10646075396671195,0.22824707606164463,-0.011152286967475389,-0.009519080847020467,0.03216144543703581,0.027816307383415895,0.0766371689342622,0.8333333333333334,0.8333333333333334,0.8333333333333334,0.8333333333333334,-0.018211291092768145,0.04203004792809423,0.07192337963833123,0.17846086347720397,0.919891369945685
2025-07-11,CONSUMER_DISCRETIONARY,XLY,110.71499633789062,0.0009944665939032316,0.04576361070761381,0.19433656939284338,0.002762364511051274,0.15635274073709304,0.0011740041461607564,0.009670573435418328,-0.07153694401862487,0.03455039420160455,0.040545920708774164,0.6666666666666666,0.5,0.6666666666666666,0.8333333333333334,0.006599001038402885,-0.0004861449681704359,-0.09824200757122613,0.22275907146476123,0.8281258468669446
2025-07-11,CONSUMER_STAPLES,XLP,80.80999755859375,-0.016670756163233436,-0.0018527856666894493,-0.012947418497949559,0.058553856891979894,0.04338283722072922,-0.046442392228142504,-0.19761341445537461,-0.01574545163769625,-0.008003765115835115,0.0012358711183260152,0.16666666666666666,0.6666666666666666,0.16666666666666666,0.16666666666666666,-0.0487554431406636,-0.21801988215793214,-0.04228596241628887,0.0908309678829825,0.9792426381042205
2025-07-11,DEFENSIVE,XLU,41.224998474121094,0.007453575728828987,0.012650439725626628,0.06017745283769438,0.0908969959083108,0.157030514686477,-0.03193916683582643,-0.12448854311973068,0.01659768737863465,0.012389314009867869,0.03977499039548604,0.5,0.6666666666666666,0.16666666666666666,0.16666666666666666,-0.05021051050253076,-0.19817733791335024,-0.014862657182403427,0.07953902919757473,1.0282704234555267
2025-07-11,ENERGY,XLE,44.564998626708984,0.024129593284800244,0.01169124627850504,0.09361959820144738,0.008371963670996463,-0.01535571631900745,-0.032898360282948014,-0.09104639775597767,-0.06592734485867968,0.044435031796385305,0.012973259194684283,1.0,0.6666666666666666,0.8333333333333334,1.0,-0.024302769370767308,-0.08037478541958769,-0.08007243570004587,0.20623518490690615,1.2034472363240079
2025-07-11,FINANCIALS,XLF,52.15999984741211,-0.019364519757285148,0.04403524426050698,0.11811357216090457,0.10228233693579836,0.2307691961493341,-0.0005543623009460763,-0.06655242379652049,0.027983028406122212,0.02004498664661969,0.05177194593074175,1.0,1.0,1.0,1.0,0.04754532000312287,0.06763335301165192,0.06303546681468326,0.17123407448255082,0.751697063872003
2025-07-11,HEALTHCARE,XLV,135.19000244140625,-0.0022878048604705326,-0.006905181867990495,-0.0022142079828386674,-0.03186763798118486,-0.08821745096208988,-0.05149478842944355,-0.18688020394026372,-0.106166946510861,0.011537792361889565,-0.04319729470929712,0.8333333333333334,0.3333333333333333,0.3333333333333333,0.3333333333333333,-0.05176481698358789,-0.21980899554605685,-0.14320586615929318,0.1401936190979435,1.1239002259216315
2025-07-11,MARKET,SPY,623.6199951171875,-0.002750554361489521,0.044589606561453055,0.18466599595742506,0.07429930852967614,0.11362703975508759,0.0,0.0,0.0,0.04261090254473476,0.0659460185431926,1.0,1.0,1.0,1.0,0.004778161593671226,0.004140636406851694,-0.010819371307015047,0.16909400980008682,0.8427612515216513
2025-07-11,MATERIALS,XLB,45.7599983215332,0.001641609849792669,0.047379257493470606,0.13337457143116294,0.09867939123845137,0.01127068113885521,0.002789650932017551,-0.05129142452626212,0.02438008270877523,0.044736909556152726,0.039468414603455626,0.8333333333333334,0.6666666666666666,1.0,1.0,0.0046856137308755414,-0.04811400581818296,0.09267028853663101,0.12722661375624403,0.8751381937456713
2025-07-11,NUCLEAR,URA,37.5099983215332,-0.010290321600103347,0.03819532833160699,0.6401397877163584,0.3805667359662981,0.20301468744073947,-0.006394278229846062,0.4554737917589333,0.30626742743662194,0.10737161111915161,0.2804450850425311,1.0,1.0,0.8333333333333334,1.0,0.04406497839722726,0.6141939939693849,0.45104337128881694,0.31382962289028055,0.9449011740960445
2025-07-11,POWER_INDUSTRIALS,XLI,150.1999969482422,0.005220176608588645,0.05292676743636293,0.19872301109361423,0.1436838106608893,0.20953451907812481,0.008337160874909877,0.014057015136189177,0.06938450213121317,0.04312798928122774,0.09485989947834073,1.0,1.0,1.0,1.0,0.04443372591232316,0.16929235657096733,0.09448352494520758,0.16247273511748717,0.9832817476487867
2025-07-11,SEMI,SOXX,246.1699981689453,0.011629826060838289,0.11409300637704933,0.4780546001698027,0.12818515862462498,-0.05279162609633825,0.06950339981559628,0.29338860421237767,0.05388585009494884,0.11573411964536562,0.15423882634873753,1.0,1.0,1.0,1.0,0.0834669150139767,0.38895354703864893,0.13805904886365505,0.3100594115863348,0.8210061540215934
2025-07-18,AI_SOFTWARE,IGV,111.05999755859375,0.033308467527408236,0.05660733435155363,0.1720134556237114,0.10705739529945024,0.3088980501569083,0.0005731650183391501,0.032285138765864696,0.056854913385652184,0.042141685707519416,0.10797960196757717,1.0,1.0,1.0,1.0,0.030499739972369988,0.1614249934207493,0.2614884451046709,0.2069610778308287,0.7811777282352294
2025-07-18,COMMUNICATION_SERVICES,XLC,106.19000244140625,0.0016979558678289486,0.03257493409965573,0.1253709384753534,0.09035838491537307,0.24767949336015893,-0.02345923523355875,-0.014357378382493291,0.04015590300157501,0.020645526322074614,0.07416701177043317,0.6666666666666666,0.8333333333333334,0.8333333333333334,0.8333333333333334,-0.020175208175864046,0.02255807388250136,0.07734282378682165,0.1639256108634904,0.9330940533683829
2025-07-18,CONSUMER_DISCRETIONARY,XLY,111.08499908447266,0.003341938841354697,0.054537715457614544,0.12434206126774283,-0.030756491642148442,0.1829508602151586,-0.0014964538755999346,-0.01538625559010387,-0.0809589735559465,0.02851243536465886,0.040894101993840026,0.6666666666666666,0.6666666666666666,1.0,0.8333333333333334,0.01557717760435795,-0.026654744527053853,-0.09998533724660395,0.1916338704675397,0.9513117643238411
2025-07-18,CONSUMER_STAPLES,XLP,80.88999938964844,0.000989999176731482,-0.0016045082548037382,0.0006185434688643632,0.04725532919248043,0.03585610427797148,-0.05763867758801822,-0.13910977338898234,-0.002947152721317625,-0.006997304920591363,0.002459977790355561,0.16666666666666666,0.5,0.3333333333333333,0.3333333333333333,-0.04657217555333628,-0.1427471666105297,-0.02821095459741783,0.0869716386308636,1.0540388905936258
2025-07-18,DEFENSIVE,XLU,41.875,0.015767169191939212,0.03676654203496099,0.07083494412963387,0.06227808079881436,0.19421079823182552,-0.019267627298253487,-0.06889337272821283,0.012075598885016303,0.023938783361356686,0.05467299722381025,0.3333333333333333,0.6666666666666666,0.5,0.5,-0.0373763842230407,-0.13638570258683783,-0.010227323659194598,0.08269345232534368,1.0344880321663101
2025-07-18,ENERGY,XLE,42.97999954223633,-0.035566007703694225,-0.03394025801894518,0.0433304978913831,-0.08514261470785855,-0.06939486274234807,-0.08997442735215966,-0.0963978189664636,-0.1353450966216566,0.00313917117447704,-0.021149040784921636,0.6666666666666666,0.0,0.16666666666666666,0.5,-0.09466860862731293,-0.10252239960139868,-0.1629346817473235,0.22483846922138592,1.0379065405491659
2025-07-18,FINANCIALS,XLF,52.540000915527344,0.007285296572601352,0.043288329601959497,0.09412745553260193,0.045988480874833204,0.22613775464329233,-0.012745839731254982,-0.04560086132524477,-0.004214001038964854,0.022119359379907166,0.05622373346741316,1.0,1.0,1.0,1.0,0.01391452023765638,0.05508762067329035,0.006967832245433477,0.1652518681167691,0.8081123554870716
2025-07-18,HEALTHCARE,XLV,131.83999633789062,-0.02477998404480819,-0.005731596762006852,-0.04498374919657866,-0.059494912067658556,-0.10840602765011953,-0.06176576609522133,-0.18471206605442536,-0.10969739398145661,-0.01290769669867664,-0.06325217199953859,0.6666666666666666,0.3333333333333333,0.6666666666666666,0.3333333333333333,-0.044774849199077336,-0.2155251615272733,-0.11828791973187185,0.14182459488337343,1.1692092588414111
2025-07-18,MARKET,SPY,627.5800170898438,0.006350056129794446,0.05603416933321448,0.1397283168578467,0.05020248191379806,0.14315384297246858,0.0,0.0,0.0,0.03825418514865908,0.07051904548308685,1.0,1.0,1.0,1.0,-0.0008199069957667837,0.003437256352344986,-0.016437182215465418,0.1535451624906923,0.8409832128326789
2025-07-18,MATERIALS,XLB,45.11000061035156,-0.014204495957679586,0.043971339183889624,0.0919873907222244,0.0213970264968788,0.0012207369837584636,-0.012062830149324855,-0.04774092613562231,-0.028805455416919257,0.023285381024386265,0.02635569328114218,0.6666666666666666,0.6666666666666666,0.8333333333333334,1.0,-0.007925962330158206,-0.05000471790647191,0.031162840681717763,0.13345396688225436,0.9822270263377909
2025-07-18,NUCLEAR,URA,40.93000030517578,0.09117574344649526,0.11313570289971975,0.6740285901019765,0.46022116669716295,0.45141841127061744,0.05710153356650527,0.5343002732441298,0.4100186847833649,0.16113476671332383,0.38427849717621476,1.0,1.0,1.0,1.0,0.0646629034933699,0.7360596014125022,0.541917309891386,0.32568589878225046,0.9034938508442522
2025-07-18,POWER_INDUSTRIALS,XLI,151.4600067138672,0.008388880101370289,0.06384780437196413,0.17401762005223298,0.0995281794110141,0.2129414862050445,0.007813635038749656,0.03428930319438628,0.04932569749721605,0.04078342760334408,0.10142719486612717,1.0,1.0,1.0,1.0,0.056359106722777184,0.16431719679577708,0.09354707793548034,0.15971117840617471,0.9535449448292861
2025-07-18,SEMI,SOXX,246.72999572753906,0.0022748408122805763,0.09604191310278609,0.33504679934489845,0.07395312017123001,0.043520526052620134,0.04000774376957161,0.19531848248705175,0.023750638257431955,0.09214123867577073,0.15533825945240487,1.0,1.0,0.8333333333333334,1.0,0.039245712677606105,0.2532005011000457,0.079288054440584,0.26310200198032013,0.8017360883659418
2025-07-25,AI_SOFTWARE,IGV,112.69000244140625,0.014676795593773884,0.045555796230464685,0.1329044039254681,0.08512281268341138,0.32936188396821775,0.009469208907883386,0.00879549608385699,0.03720925397734032,0.05001772528680304,0.11855559642187252,1.0,1.0,1.0,1.0,0.04792969850389861,0.1057727289193953,0.19419478439281102,0.19032222614970506,0.8250759137614148
2025-07-25,COMMUNICATION_SERVICES,XLC,107.62000274658203,0.013466430664834217,-0.0005571838635188842,0.1047013423255041,0.07180558531533454,0.28578263644539104,-0.03664377118610018,-0.019407565516107006,0.023892026609263484,0.028616230593485392,0.08413863285302625,0.8333333333333334,1.0,0.3333333333333333,0.8333333333333334,-0.040533699006444546,0.0073592969631905425,0.042456342768890466,0.15630397173172011,0.9486859550715105
2025-07-25,CONSUMER_DISCRETIONARY,XLY,112.43499755859375,0.012152842285163112,0.028729579964809737,0.1163679853731363,-0.02234685236469447,0.23142212565350784,-0.007357007357771561,-0.007740922468474798,-0.07026041107076553,0.03755345083849271,0.05042377761908767,0.6666666666666666,0.5,0.8333333333333334,0.8333333333333334,-0.012396049130013798,-0.003567438903772461,-0.09319761662897436,0.19057165503688742,1.0579316815379314
2025-07-25,CONSUMER_STAPLES,XLP,81.5,0.0075411128069513556,0.011793878488518095,-0.0007356248208645333,0.04621307321701584,0.038348862506720316,-0.024292708834063204,-0.12484453266247564,-0.0017004854890552146,0.0011916037764674314,0.010251259449326255,0.5,0.5,0.5,0.16666666666666666,-0.03077114774909016,-0.1344151878131473,-0.028922940830438337,0.0863637271846257,1.0645527676495992
2025-07-25,DEFENSIVE,XLU,42.2599983215332,0.009193989767957156,0.039222854299674426,0.059811870132494116,0.06327838614258519,0.1875790194968181,0.0031362669770931273,-0.06429703770911699,0.015364827436514128,0.030404969097863832,0.06350915700151738,0.6666666666666666,0.6666666666666666,0.6666666666666666,0.3333333333333333,-0.011409495648115739,-0.11180021758719556,-0.0007202977291902631,0.0770396415078051,1.0764184334804903
2025-07-25,ENERGY,XLE,43.54999923706055,0.013261975358191513,0.021101938545900145,0.06245419501747884,-0.04610666079331671,-0.05521210361742035,-0.014984648776681153,-0.06165471282413226,-0.09402021949938777,0.014524810990465653,-0.007251862950451549,1.0,0.16666666666666666,1.0,1.0,-0.001142974785859378,-0.0585058794321864,-0.10686585898107805,0.22460688442695,0.835239244080398
2025-07-25,FINANCIALS,XLF,53.439998626708984,0.017129762000359205,0.02887947708240146,0.07395499255037752,0.050934124489817156,0.23105272551376932,-0.007207110240179837,-0.050153915291233586,0.0030205657837460986,0.03589980821880623,0.07118336205273135,1.0,1.0,1.0,1.0,-0.0009775382492617224,0.04501117226497183,0.015435916315214218,0.15410170835473486,0.8195450391523678
2025-07-25,HEALTHCARE,XLV,136.47999572753906,0.035194171105380256,0.019039820736277413,-0.014798260808648656,-0.054258207771609834,-0.08989070674055655,-0.017046766586303885,-0.13890716865025976,-0.10217176647768089,0.01924524358646673,-0.02740763199396734,0.8333333333333334,0.5,0.8333333333333334,0.3333333333333333,-0.0035504098573062213,-0.16913112582841736,-0.10483806356513381,0.16312644326495157,1.1516767944246091
2025-07-25,MARKET,SPY,637.0999755859375,0.015169314249741106,0.0360865873225813,0.1241089078416111,0.04791355870607106,0.17019317597718864,0.0,0.0,0.0,0.04657595399120695,0.08432997529172992,1.0,1.0,1.0,1.0,0.001052140273406721,-0.0005842944359502056,-0.015702549173566754,0.14840122959092056,0.836170883272722
2025-07-25,MATERIALS,XLB,46.185001373291016,0.023830652812998787,0.05097284546643466,0.08760158265244744,0.037865199399798044,0.011387286704003019,0.01488625814385336,-0.036507325189163664,-0.010048359306273014,0.04138720575837085,0.052388752344495915,0.8333333333333334,0.8333333333333334,0.8333333333333334,0.8333333333333334,0.013212404867508317,-0.020706012371564404,0.07189369743954244,0.1307127086073178,1.1395166723392405
2025-07-25,NUCLEAR,URA,41.83000183105469,0.021988798416038513,0.09876548900371174,0.6188081108376229,0.37012777236366223,0.5188816427188458,0.06267890168113044,0.4946992029960118,0.3222142136575912,0.14096344267364636,0.40477556394881686,1.0,1.0,1.0,1.0,0.08610466197199336,0.6465183668294153,0.3947987789398224,0.3276401632318033,0.9226627010332826
2025-07-25,POWER_INDUSTRIALS,XLI,154.99000549316406,0.02330647446732015,0.05586220166280165,0.15165703213268733,0.09867439885328166,0.22715757520329638,0.01977561434022035,0.027548124291076226,0.050760840147210606,0.056898970284058104,0.12388560200712906,1.0,1.0,1.0,1.0,0.0761911436000412,0.17999327137877083,0.10489778970795442,0.1472334594445677,0.9702540003113163
2025-07-25,SEMI,SOXX,241.5399932861328,-0.021035149885616278,0.011219930791815935,0.2710624366559107,0.04725977248235114,0.05305837044085715,-0.024866656530765363,0.14695352881429957,-0.000653786223719921,0.05588946503927961,0.12942515365754703,0.8333333333333334,1.0,0.6666666666666666,1.0,-0.02833699827635607,0.2051587407017277,0.06082609397214408,0.27967696857698565,0.7892392298949148
2025-08-01,AI_SOFTWARE,IGV,108.62999725341797,-0.03602808678701819,-0.023726066947921898,0.08967794756817549,0.05578771404237193,0.35431989145162524,-0.01793712653649926,-0.011998242524843716,0.022721409936955927,0.005907821297922,0.07387788688238284,0.6666666666666666,0.6666666666666666,0.5,0.6666666666666666,0.015895847453336037,0.09792478708858932,0.18710871976631424,0.21366682494006722,1.028865068692859
2025-08-01,COMMUNICATION_SERVICES,XLC,106.12000274658203,-0.013937929397122573,-0.017771178754862227,0.09199426233105412,0.03653062701209642,0.25230122046006676,-0.011982238343439588,-0.009681927761965081,0.003464322906680417,0.008563108667428931,0.06493261538903172,0.6666666666666666,0.8333333333333334,0.3333333333333333,0.8333333333333334,-0.011297525714694482,0.012583682367448371,0.014826627815724044,0.16185061088202274,1.3463698301766776
2025-08-01,CONSUMER_DISCRETIONARY,XLY,108.04499816894531,-0.0390447768486023,-0.023145473624975987,0.06758555618929663,-0.06925960269575226,0.2266688910405028,-0.01735653321355335,-0.03409063390372258,-0.10232590680116826,-0.005453927716269735,0.007612215219283458,0.5,0.6666666666666666,0.3333333333333333,0.8333333333333334,-0.009232700211838104,-0.023291432769161218,-0.11494501428994074,0.2158886630206501,1.4518148760890304
2025-08-01,CONSUMER_STAPLES,XLP,80.16000366210938,-0.016441672857553713,-0.024580148887383024,-0.009269558349448315,0.014940494492549083,0.011355053010621896,-0.018791208475960386,-0.11094574844246752,-0.018125809612866917,-0.013524615479559632,-0.006081755644756215,0.3333333333333333,0.3333333333333333,0.3333333333333333,0.3333333333333333,-0.015477643222476781,-0.10939702333284933,-0.04856664001130778,0.09169749566277006,1.3294282796650556
2025-08-01,DEFENSIVE,XLU,42.900001525878906,0.015144420959893878,0.04838718097588379,0.0692921901297654,0.10169499329293119,0.1560226575127639,0.05417612138730643,-0.03238399996325381,0.06862868918751519,0.040000046608665185,0.07777778834643967,0.3333333333333333,0.5,0.3333333333333333,0.3333333333333333,0.00010903876992977383,-0.09078507046706298,-0.016137668680456185,0.07994739961180751,1.3012936074938226
2025-08-01,ENERGY,XLE,42.79499816894531,-0.017336419778228973,-0.016546046898817224,0.03833550917160955,-0.023391180580039417,-0.03178738845570783,-0.010757106487394585,-0.06334068092140965,-0.05645748468545542,-0.007226327693456325,-0.02329924249887161,0.3333333333333333,0.16666666666666666,0.16666666666666666,0.8333333333333334,-0.01821769336134003,-0.06870639163823966,-0.08325851258565825,0.22958586560197383,0.9829927365908335
2025-08-01,FINANCIALS,XLF,51.400001525878906,-0.03817359942465459,-0.033652888645333445,0.030886500133889383,-0.0013600095815824442,0.22206371487469778,-0.027863948233910807,-0.07078968995912982,-0.034426313686998444,-0.006244766342691888,0.027835582862477892,0.5,0.8333333333333334,0.0,1.0,-0.035404401575849155,0.015089410582289001,-0.016910899344023473,0.1797942753616125,1.110613124741049
2025-08-01,HEALTHCARE,XLV,131.1300048828125,-0.03919981691241392,-0.03225088647370844,-0.011682151631982052,-0.10716954284512692,-0.13078347903828158,-0.0264619460622858,-0.11335834172500125,-0.14023584695054292,-0.02128641036869694,-0.06261724035707594,0.3333333333333333,0.3333333333333333,0.3333333333333333,0.6666666666666666,-0.027788030377756956,-0.12884172512741468,-0.16061423229478336,0.15959108144899395,1.4137614183616136
2025-08-01,MARKET,SPY,621.719970703125,-0.02414064585180309,-0.005788940411422638,0.1016761900930192,0.033066304105416,0.16667281332314143,0.0,0.0,0.0,0.014211835685427943,0.056235415363987684,0.75,0.75,0.0,1.0,-0.01074185742328207,-0.01189965300025797,-0.021997918243420456,0.1625194214164603,1.0953084677508773
2025-08-01,MATERIALS,XLB,43.36000061035156,-0.06116706027799668,-0.05089199284338264,0.02554403647673542,-0.023313432520330357,-0.036872497346362,-0.04510305243196,-0.07613215361628378,-0.05637973662574636,-0.02343440099608529,-0.009941107810955141,0.16666666666666666,0.5,0.16666666666666666,0.8333333333333334,-0.0326203772637064,-0.05627118942700454,0.031501229744911464,0.19303689168930374,1.7166010529388043
2025-08-01,NUCLEAR,URA,38.220001220703125,-0.08630170815989513,0.00844326337574719,0.40721654769614624,0.35005305339841897,0.5587275900152635,0.014232203787169828,0.30554035760312703,0.31698674929300297,0.024637436042383554,0.27640393704378075,0.8333333333333334,1.0,0.6666666666666666,1.0,0.051273226181060894,0.3795894794564572,0.4536083272243596,0.4208716717084634,1.1354230317730563
2025-08-01,POWER_INDUSTRIALS,XLI,149.74000549316406,-0.03387315190611795,0.0021416632856394724,0.10013962840123525,0.08232742238642388,0.2200766022769325,0.00793060369706211,-0.0015365616917839553,0.049261118281007876,0.014931888195749199,0.08300067667118838,1.0,1.0,1.0,1.0,0.06917158083004782,0.14908341843700237,0.19505934754390328,0.17557807297065442,1.3338945441947934
2025-08-01,SEMI,SOXX,237.24000549316406,-0.017802384335892985,-0.025067769115342586,0.22326494022211718,0.08760830780991435,0.14713992695613687,-0.019278828703919948,0.12158875012909798,0.054542003704498354,0.021604259395669123,0.1083262512759906,0.8333333333333334,1.0,0.3333333333333333,1.0,-0.020645694263069708,0.17174666249221704,0.13968279685490156,0.29104140986210275,1.0029514299798374
2025-08-08,AI_SOFTWARE,IGV,109.62999725341797,0.009205560391087442,0.020003664210396455,0.04250659410084445,0.04788753943136004,0.3293318252782642,-0.0017403428207534155,-0.029825919507006082,-0.012717970099458631,0.009577289525877442,0.07913099648646349,0.6666666666666666,0.6666666666666666,0.6666666666666666,0.6666666666666666,0.04332785412150053,0.1008946535466388,0.1269763837327253,0.18513351695588773,1.0452724554008301
2025-08-08,COMMUNICATION_SERVICES,XLC,107.62999725341797,0.014229122387434012,0.015281530841832147,0.057476896681895484,0.04759586812657379,0.26311463924227163,-0.006462476189317723,-0.01485561692595505,-0.013009641404244876,0.016893073295939365,0.07597449049707539,0.6666666666666666,1.0,0.6666666666666666,0.8333333333333334,0.010245863194306981,0.009095091612465633,0.008571313562302304,0.13602979945997082,1.3461370970849293
2025-08-08,CONSUMER_DISCRETIONARY,XLY,111.88999938964844,0.035587035826414315,0.010612862671031786,0.02807001728189129,-0.007979444264327618,0.28358382172720664,-0.011131144360118084,-0.044262496325959244,-0.06858495379514629,0.02522987626366513,0.040596415635678396,1.0,0.8333333333333334,0.8333333333333334,0.6666666666666666,0.0015452889105811256,-0.03800158772127823,-0.06966911100119204,0.16525600150575945,1.576800679344656
2025-08-08,CONSUMER_STAPLES,XLP,82.4800033569336,0.028942110639159635,0.020665831565320314,0.004995779988229199,0.03944555693763885,0.042072037483990465,-0.0010781754658295561,-0.06733673361962134,-0.02115995259317982,0.015463444291377693,0.021946232670883914,0.8333333333333334,0.8333333333333334,0.8333333333333334,0.5,0.009626720760662991,-0.0665808861521317,-0.05646436713359737,0.10681484284914108,1.225545135734337
2025-08-08,DEFENSIVE,XLU,43.09000015258789,0.004428872259931493,0.04523958150386709,0.04867364304144539,0.10289225720921169,0.1707648361716836,0.023495574472717218,-0.023658870566405144,0.04228674767839302,0.03923981472695259,0.07982133444314754,0.6666666666666666,0.6666666666666666,0.6666666666666666,0.5,-0.0021438397895086427,-0.056642438327250355,-0.03078135188203292,0.06799394548768543,1.1222562890941687
2025-08-08,ENERGY,XLE,42.46500015258789,-0.007711135190487939,-0.047122148296499855,-0.006434289075319732,-0.04098913000778104,-0.05010628759018998,-0.06886615532764973,-0.07876680268317027,-0.10159463953859971,-0.018751511502119067,-0.02997283930136918,0.3333333333333333,0.16666666666666666,0.0,0.3333333333333333,-0.0778024915943285,-0.07451608629896302,-0.1186533391483472,0.21738173150255838,0.9648779543081673
2025-08-08,FINANCIALS,XLF,51.849998474121094,0.008754804180611142,-0.005943277879560727,0.005039703833382481,0.0005789035019980737,0.22287727849430317,-0.027687284910710597,-0.06729280977446805,-0.060026606028820595,0.000733400809859619,0.03414057733468079,0.6666666666666666,0.8333333333333334,0.5,1.0,-0.028110824163098458,-0.011066792869276032,-0.050218330380422095,0.1656042291998647,1.1335141024132052
2025-08-08,HEALTHCARE,XLV,130.16000366210938,-0.0073972484144264605,-0.037206884299576526,-0.02201512327299604,-0.11111104164087582,-0.13215090432083787,-0.058950891330726396,-0.09434763688084657,-0.1717165511716945,-0.026724673355817075,-0.06661882843870426,0.3333333333333333,0.3333333333333333,0.3333333333333333,0.5,-0.07531750873829646,-0.08133000000246442,-0.19846569200684175,0.15989010100940268,1.3085150058624928
2025-08-08,MARKET,SPY,637.1799926757812,0.02486653590228416,0.02174400703114987,0.07233251360785053,0.06060550953081867,0.19548209975874054,0.0,0.0,0.0,0.031391067114378,0.07946797678003592,1.0,1.0,0.5,1.0,-0.010500763680792974,-0.012058133771323698,-0.023086424721818766,0.1341662203796595,1.1034463024341712
2025-08-08,MATERIALS,XLB,44.17499923706055,0.018796093524833024,-0.03463721902556993,0.014933892898203904,0.0006795510020569662,-0.002371263440174687,-0.0563812260567198,-0.05739862070964663,-0.0599259585287617,-0.0073256914748515145,0.010046136614593637,0.6666666666666666,0.6666666666666666,0.5,0.8333333333333334,-0.01668731114949079,0.015832907523714707,0.035975253084901126,0.18717653341425733,1.6571728492585662
2025-08-08,NUCLEAR,URA,39.95000076293945,0.045264246127214136,0.06504938817887207,0.44171786657782675,0.372852241898209,0.6161003993781364,0.0433053811477222,0.3693853529699762,0.3122467323673903,0.048694061763628005,0.32380110810646445,1.0,1.0,1.0,1.0,0.07637557677400926,0.4857788969569969,0.40239012275890534,0.42124321440071916,1.114091127333001
2025-08-08,POWER_INDUSTRIALS,XLI,150.8300018310547,0.00727925936893592,0.004194440050685255,0.04903326687726306,0.09830335556689129,0.2136305384014907,-0.017549566980464615,-0.023299246730587475,0.037697846036072624,0.016799490933432137,0.08757648979009103,1.0,1.0,0.8333333333333334,1.0,0.017686184919470604,0.08339427800251276,0.16479826261893782,0.1376503889575877,1.3044410139608824
2025-08-08,SEMI,SOXX,242.8699951171875,0.02373119833781856,-0.01340538276923997,0.13953919932919456,0.11988749290076162,0.14680326998344428,-0.03514938980038984,0.06720668572134403,0.05928198336994295,0.029040388408127837,0.13168201678979252,1.0,1.0,0.5,1.0,-0.021021126946262642,0.13015461109132828,0.1520783862773658,0.22675038124147653,1.0348283092097714
2025-08-15,AI_SOFTWARE,IGV,109.11000061035156,-0.0047431967170845635,-0.017558049622803162,0.07044050116431921,0.022011974776118715,0.27584196554336193,-0.042829704104580646,-0.04064378112584133,-0.03332669925841314,0.0019007878299361902,0.07193645943297033,0.6666666666666666,0.6666666666666666,0.5,0.6666666666666666,-0.01930366227889141,0.08738025184375765,0.09338371744311273,0.1694915587391706,1.3112117764683082
2025-08-15,COMMUNICATION_SERVICES,XLC,111.4800033569336,0.03577075352376591,0.04981637436580977,0.11268590318809535,0.05858898434507043,0.2923719058211147,0.024544719884032284,0.0016016208979348079,0.0032503103105385733,0.04559227064536775,0.11021760979199935,0.8333333333333334,1.0,0.8333333333333334,1.0,0.035086554140077775,0.008993906059105475,0.008207090282078703,0.14146504096684157,1.3268266535126743
2025-08-15,CONSUMER_DISCRETIONARY,XLY,114.5199966430664,0.023505203930328067,0.030922245009712412,0.08730121017086523,0.00898675456446174,0.2506961567150001,0.005650590527934929,-0.023783072119295312,-0.04635191947007011,0.04128021380396807,0.06333512580522194,1.0,0.8333333333333334,1.0,0.6666666666666666,0.019496767568795998,-0.01500690272647881,-0.05891456490769106,0.14978389546715581,1.5513462414832728
2025-08-15,CONSUMER_STAPLES,XLP,82.0199966430664,-0.005577190775277963,0.013969554480705915,0.005147036480380729,0.01749157700085391,0.018755365380327405,-0.011302100001071569,-0.10593724580977981,-0.037847097033677946,0.009389919316127093,0.015869038990572903,0.6666666666666666,0.6666666666666666,0.8333333333333334,0.5,-0.0028646365768513573,-0.09863443297637786,-0.07245400467360252,0.10677394923878734,1.196126799847427
2025-08-15,DEFENSIVE,XLU,42.810001373291016,-0.006497999032382462,0.022328391003964443,0.056254691898949494,0.08242736280954621,0.15018807010351543,-0.0029432634778130407,-0.05482959039121105,0.027088688775014358,0.027000483145877663,0.07064483982429781,0.6666666666666666,0.6666666666666666,0.8333333333333334,0.6666666666666666,-0.0011512696326632839,-0.08336957796227051,-0.032889472145533394,0.060451824138408924,1.0828866490295093
2025-08-15,ENERGY,XLE,42.779998779296875,0.007417841176901252,-0.004653344929492431,0.04354189276545606,-0.05007218998014085,-0.054272174155622466,-0.029924999411269915,-0.06754238952470448,-0.1054108640146727,-0.013922203106920716,-0.020486690249579054,0.3333333333333333,0.16666666666666666,0.3333333333333333,0.8333333333333334,-0.022032742982507514,-0.05220902582511564,-0.11647742335932426,0.19690953134376218,0.8504077909565715
2025-08-15,FINANCIALS,XLF,52.459999084472656,0.011764718000059737,-0.001522684234119276,0.048151845837143936,0.012741309983261617,0.19853777783471793,-0.02679433871589676,-0.0629324364530166,-0.04259736405127024,0.010206037876146379,0.044603731645966205,1.0,1.0,0.3333333333333333,1.0,-0.021953248414109356,0.0070875276799483205,-0.0263922378844418,0.15140638744417637,1.1111142826046523
2025-08-15,HEALTHCARE,XLV,136.2100067138672,0.04648127597985785,0.033146317486058896,0.04503614040895987,-0.05932317787880281,-0.10898141515965287,0.007874663004281413,-0.06604814188120067,-0.11466185191333467,0.017122585990591244,-0.020781648428978783,0.8333333333333334,0.3333333333333333,0.8333333333333334,0.8333333333333334,0.015008575130164403,-0.04035444556429948,-0.12712239060130096,0.18170508236713545,1.2638903417771157
2025-08-15,MARKET,SPY,643.4400024414062,0.009824554815879738,0.025271654481777484,0.11108428229016054,0.055338674034531854,0.16079451078886775,0.0,0.0,0.0,0.03410868589042382,0.08798815227320089,1.0,1.0,1.0,1.0,-0.0041135030621811675,-0.0030219308635226483,-0.015415463046306921,0.11367985241943446,1.0775822955554
2025-08-15,MATERIALS,XLB,45.01499938964844,0.019015283918401904,-0.0021059902331573843,0.050525110679639385,0.0020033423286882623,-0.005962249280632381,-0.027377644714934868,-0.060559171610521156,-0.05333533170584359,0.008999508198317852,0.03056022033341832,0.8333333333333334,0.8333333333333334,0.5,1.0,0.011795030365028547,-0.013636635587502166,0.03722300681460341,0.1860968376948031,1.6397225745801467
2025-08-15,NUCLEAR,URA,39.0099983215332,-0.023529472426900844,-0.04690940555404255,0.22557330867222825,0.39172305978996835,0.5406792571765877,-0.07218106003582003,0.1144890263820677,0.3363843857554365,0.009784581878938159,0.28413181698766166,0.8333333333333334,1.0,0.3333333333333333,1.0,-0.054604601313502865,0.1920254553217333,0.3583636489824615,0.34169292920044986,0.9795264177229758
2025-08-15,POWER_INDUSTRIALS,XLI,150.44000244140625,-0.0025856884234827238,-0.006734479250274261,0.06823830494499394,0.09371137116440598,0.18484682204505032,-0.032006133732051745,-0.0428459773451666,0.03837269712987412,0.01041717321680724,0.08313400502842727,0.6666666666666666,1.0,0.3333333333333333,1.0,-0.03296873368938676,0.03027927211896912,0.18615850464501252,0.12710812897037557,1.2590493098069782
2025-08-15,SEMI,SOXX,248.32000732421875,0.02244003918393278,0.0064443384436949636,0.2259084237616471,0.11319316434728344,0.0739091463584034,-0.01882731603808252,0.11482414147148656,0.05785449031275158,0.03850049510946163,0.15479549934599302,0.8333333333333334,0.8333333333333334,0.6666666666666666,1.0,-0.030922235383568048,0.12135274566662164,0.10406351395926138,0.17990195115114369,1.0688339318510478
2025-08-22,AI_SOFTWARE,IGV,107.45999908447266,-0.015122367488304866,-0.04641053548342022,0.03675829717805157,0.06978598655251766,0.24418195747626315,-0.059297087496085976,-0.05811942643508372,-0.00583823409047679,-0.014327386067400916,0.054087446087877744,0.3333333333333333,0.6666666666666666,0.0,0.6666666666666666,-0.043864465660614436,0.026125950270774728,0.11376520066813152,0.17279152805849965,1.3856045138623911
2025-08-22,COMMUNICATION_SERVICES,XLC,111.30999755859375,-0.0015249891749242739,0.03428725811037858,0.0977317148282848,0.08046982319607054,0.2721142578125,0.02140070609771283,0.0028539912151495095,0.004845602553076089,0.03551889404015829,0.10408238322634511,0.6666666666666666,1.0,0.8333333333333334,0.8333333333333334,0.01939211253086348,-0.0027001965384102857,0.020489892864320364,0.1429431583190646,1.2784444719230164
2025-08-22,CONSUMER_DISCRETIONARY,XLY,116.55000305175781,0.017726217850132286,0.03659897347371399,0.09027129455693017,0.06735659487604018,0.24075164827739015,0.02371242146104824,-0.004606429056205119,-0.008267625766954279,0.049546180938985884,0.07972030250553708,1.0,1.0,0.8333333333333334,0.8333333333333334,0.03392168542801751,0.005628134717842792,-0.03282288325941385,0.15057172664940105,1.4862144803638653
2025-08-22,CONSUMER_STAPLES,XLP,82.47000122070312,0.005486522751214418,0.01190185546875,-0.004346258630850253,0.0035288502610175687,0.007698007221449643,-0.000984696543915753,-0.09922398224398554,-0.07209537038197689,0.013045413659701355,0.02064938019284024,0.6666666666666666,0.6666666666666666,0.8333333333333334,0.16666666666666666,0.0020056587990739208,-0.10437173701176838,-0.10210703568138622,0.10237438471006961,1.24617691356477
2025-08-22,DEFENSIVE,XLU,43.02000045776367,0.0049053743923417326,0.017983960397916388,0.050293003401748804,0.07188245314271291,0.1408114956830493,0.005097408385250635,-0.044584720211386486,-0.0037417675002815454,0.026350647923813808,0.0736178301003294,1.0,0.6666666666666666,1.0,0.5,0.007744238101632199,-0.06997486329913712,-0.06917791751831122,0.058919514760729604,0.972955169195312
2025-08-22,ENERGY,XLE,44.06999969482422,0.030154299961121733,0.011940309227862267,0.08107445982238937,-0.03068295288863576,-0.024892134253711173,-0.000946242784803486,-0.013803263790745923,-0.10630717353163022,0.015765454762148856,0.010956615586140472,1.0,0.8333333333333334,1.0,1.0,-0.0013217308540426354,0.007327810070701786,-0.11320269696020559,0.20273324771522913,0.8505663942950871
2025-08-22,FINANCIALS,XLF,53.56999969482422,0.02115899027303092,0.0024326547802391296,0.051216653399564604,0.05556649644973821,0.2057168428284637,-0.010453897232426623,-0.043661070213570685,-0.020057724193256243,0.02445927791123559,0.06474534160398115,1.0,1.0,0.8333333333333334,1.0,0.006355519199364075,0.0428233027605334,0.032118683734454666,0.15283266383533034,1.125022142693938
2025-08-22,HEALTHCARE,XLV,138.1699981689453,0.014389482111952567,0.012382784981764372,0.041691788334917934,-0.056409171071426956,-0.11116113939230465,-0.0005037670309013809,-0.053185935278217356,-0.1320333917144214,0.030189138742553467,-0.00603559098370654,0.8333333333333334,0.3333333333333333,0.8333333333333334,0.8333333333333334,0.018008619131632153,-0.020130846413581777,-0.15223770443513276,0.1806697150729901,1.2350453060832278
2025-08-22,MARKET,SPY,645.3099975585938,0.002906246285733216,0.012886552012665753,0.09487772361313529,0.07562422064299446,0.1479728745188078,0.0,0.0,0.0,0.0291237665515256,0.0884097815304572,1.0,1.0,1.0,1.0,0.006793953174539735,0.009084961682598203,-0.00191892344903416,0.11242765019370762,1.0895253608855096
2025-08-22,MATERIALS,XLB,46.09000015258789,0.02388094585172107,-0.002056971265092633,0.06763961333088742,0.04666743073229629,-0.005931230797444842,-0.014943523277758386,-0.027238110282247874,-0.028956789910698166,0.02756752913969529,0.0548992789440661,0.8333333333333334,1.0,0.6666666666666666,1.0,0.012734264314114915,0.018013380809642026,0.0707192057337065,0.19045029564458263,1.5181818839117458
2025-08-22,NUCLEAR,URA,39.439998626708984,0.01102282296019541,-0.05713610087799137,0.2321149857786029,0.5134305232144314,0.47109285387382793,-0.07002265289065712,0.1372372621654676,0.43780630257143693,0.012242345779068353,0.28859407088178224,0.6666666666666666,1.0,0.16666666666666666,1.0,-0.06773834873246924,0.15394713601372167,0.4513845444163714,0.3409487241622722,0.9771744407478326
2025-08-22,POWER_INDUSTRIALS,XLI,153.13999938964844,0.01794733385020919,-0.011936292908881874,0.07225872802262256,0.13571643094605634,0.1845606500281971,-0.024822844921547627,-0.022618995590512725,0.06009221030306189,0.021355486207230268,0.09979603516951197,0.6666666666666666,1.0,0.16666666666666666,1.0,-0.06061694086995426,0.0403154748805199,0.23990249685249865,0.12855079433100403,1.113536926021353
2025-08-22,SEMI,SOXX,249.08999633789062,0.0031007932947848538,0.031257776192839204,0.21542887367295305,0.1121082288120796,0.06726936453704169,0.01837122418017345,0.12055115005981776,0.03648400816908515,0.029608094462593382,0.1532972082980919,0.6666666666666666,0.8333333333333334,0.8333333333333334,1.0,-0.005641482899640671,0.11821980594729482,0.07598093866829357,0.18207326449928787,1.081803726846686
2025-08-29,AI_SOFTWARE,IGV,108.0999984741211,0.005955698819105182,-0.004878935770019965,0.0200037275904541,0.1090591681572699,0.24539164370377198,-0.04240389586332205,-0.05662272369317489,0.023445388251783994,-0.011168949066789557,0.05982988045339632,0.5,0.6666666666666666,0.5,0.6666666666666666,-0.037482435017233716,0.018849689891212846,0.1718166249633756,0.1674517471644041,1.3444746948108717
2025-08-29,COMMUNICATION_SERVICES,XLC,111.38999938964844,0.0007187299686406412,0.049660728483501115,0.07405265039989395,0.09205881754557299,0.27565276888395296,0.012135768390199031,-0.0025738008837350446,0.006445037640087081,0.028085673620705576,0.10091470486856635,0.6666666666666666,1.0,0.8333333333333334,0.8333333333333334,0.009287272278243663,-0.010595753708582012,0.02350916253815949,0.13947855913314983,1.0526983667339687
2025-08-29,CONSUMER_DISCRETIONARY,XLY,115.87000274658203,-0.005834408300047889,0.07242357082926776,0.09223739215303972,0.07306907894388215,0.23845666706025948,0.034898610735965674,0.015610940869410728,-0.01254470096160376,0.03362149592213526,0.07172796462155429,1.0,1.0,1.0,1.0,0.029580490393624908,0.03257250575754248,-0.034279699515077276,0.14976998727851598,1.230901588550267
2025-08-29,CONSUMER_STAPLES,XLP,80.77999877929688,-0.020492329530631737,0.007734469671444977,-0.011139718875171956,-0.02768419596854277,-0.020967195638623592,-0.029790490421857108,-0.08776617015880095,-0.11329797587402868,-0.007421626050418517,6.188050515065768e-05,0.3333333333333333,0.6666666666666666,0.6666666666666666,0.16666666666666666,-0.021804463424389093,-0.07982098213999857,-0.13625476076613466,0.10740168153187751,1.1304681279367714
2025-08-29,DEFENSIVE,XLU,42.15999984741211,-0.019990715973978168,-0.017249455760984023,0.038551510768543684,0.06437766215015239,0.10525624174769832,-0.05477441585428611,-0.03807494051508531,-0.021236117755333517,0.0016036092849889272,0.0512142822471604,0.6666666666666666,0.6666666666666666,0.8333333333333334,0.5,-0.013918490526411012,-0.0570785594352465,-0.10139922074381635,0.07327580500643754,0.8453682134051546
2025-08-29,ENERGY,XLE,45.19499969482422,0.02552756995213068,0.05608135596604602,0.0836829567328008,-0.0067033034104567735,-0.009750212549852644,0.018556395872743936,0.0070565054491718016,-0.09231708331594268,0.040005528157533776,0.038813274266652265,1.0,0.8333333333333334,1.0,1.0,0.03183230536584029,0.02786907598461859,-0.0971313484497593,0.20372725051392648,0.8135344932431657
2025-08-29,FINANCIALS,XLF,53.9900016784668,0.007840246145888186,0.0503891065311326,0.05284717167863939,0.034687645893161756,0.18036728677873848,0.012864146437830515,-0.0237792796049896,-0.050926134012324153,0.025373228543698945,0.07135773956756797,1.0,1.0,1.0,1.0,0.037341501433778866,0.056686287936731805,0.02401696298629726,0.152958926450536,1.0033433004832926
2025-08-29,HEALTHCARE,XLV,137.42999267578125,-0.005355761040535256,0.04804383099504106,0.022696738221051005,-0.07721748852184096,-0.12576338839860268,0.010518870901738975,-0.05392971306257799,-0.16283126842732687,0.020994869106888858,-0.010160969959190358,0.8333333333333334,0.3333333333333333,0.8333333333333334,0.8333333333333334,0.0474305196530951,-0.024532336638323753,-0.1917830345884132,0.18020793012089628,1.036530561679941
2025-08-29,MARKET,SPY,645.0499877929688,-0.00040292226466143166,0.037524960093302084,0.076626451283629,0.08561377990548591,0.14435494637821944,0.0,0.0,0.0,0.020446895821684574,0.08570329982732283,1.0,1.0,1.0,1.0,0.012589355053715667,0.0029741622775028564,0.0020143168704592207,0.11165345012452109,0.9285128774246438
2025-08-29,MATERIALS,XLB,46.13999938964844,0.0010848174635500474,0.06411436208866639,0.05126452566164019,0.039657464605102666,-0.021213407147807284,0.026589401995364303,-0.0253619256219888,-0.045956315300383244,0.02200612171605476,0.056590792915293786,1.0,1.0,1.0,1.0,0.047845379071068374,0.028202370248785764,0.0716291187271632,0.1889983926048713,1.1061918746002601
2025-08-29,NUCLEAR,URA,40.66999816894531,0.03118660205539059,0.06410248220806092,0.20897737535215644,0.6399193314558254,0.5702702227009986,0.026577522114758834,0.13235092406852744,0.5543055515503394,0.03346627436538152,0.3206367208920049,0.6666666666666666,1.0,0.6666666666666666,1.0,0.0006790264177022887,0.15788586226297285,0.562375623269559,0.33451146704883983,0.9260362346457697
2025-08-29,POWER_INDUSTRIALS,XLI,152.00999450683594,-0.007378900922791032,0.015159536065166623,0.04885118463293625,0.11501498177350933,0.15632121362733065,-0.02236542402813546,-0.027775266650692743,0.02940120186802342,0.007342474430112267,0.0898492538187361,0.6666666666666666,1.0,0.5,1.0,-0.06014686978815287,0.02227379451590465,0.2321183122260044,0.1296512515411719,0.8637383050824099
2025-08-29,SEMI,SOXX,245.32000732421875,-0.015135047850568406,0.034058344478024916,0.12873843497645332,0.1764818832617776,0.061348135208160626,-0.0034666156152771688,0.052111983692824326,0.0908681033562917,0.005624181193810918,0.1320223929001736,0.8333333333333334,0.8333333333333334,0.8333333333333334,0.8333333333333334,-0.01650095505566085,0.04447510691834938,0.14956387410146568,0.1630941852080319,0.9439502434925677
2025-09-05,AI_SOFTWARE,IGV,108.13999938964844,0.00037003622656772706,-0.013591151154781933,0.01759671408349517,0.15756798875207378,0.29726485841963535,-0.029379464777668396,-0.06655737341127033,0.033731328381591874,-0.011128687013402527,0.05934444093888391,0.3333333333333333,0.6666666666666666,0.3333333333333333,1.0,-0.048928751999334885,-0.03423617799829659,0.17209691228390026,0.1674683014822232,1.3080758716535072
2025-09-05,COMMUNICATION_SERVICES,XLC,114.69000244140625,0.02962566720387727,0.0655951441805327,0.11805420544148815,0.14358362144205983,0.36910596917039595,0.04980683055764623,0.03390011794672265,0.019746961071577918,0.05173869567467171,0.1289858412337468,0.8333333333333334,1.0,0.8333333333333334,0.8333333333333334,0.03712280192681098,0.03248111229262387,0.07019307519228361,0.14157353721795723,1.0212860793875012
2025-09-05,CONSUMER_DISCRETIONARY,XLY,117.55500030517578,0.01454213790154979,0.05063009157591836,0.11037118405072488,0.1431419395318081,0.2889803096363104,0.034841777953031894,0.026217096555959385,0.019305279161326183,0.040982233253576306,0.08570518612771338,0.8333333333333334,1.0,0.8333333333333334,1.0,0.02818608244322209,0.03715476496553749,-0.011230097888422552,0.1487151841945634,1.3411496174510742
2025-09-05,CONSUMER_STAPLES,XLP,80.87000274658203,0.0011141862917212197,-0.019519890213683166,-0.0011116148580575524,-0.02401638726902111,-0.02554518823662988,-0.03530820383656963,-0.08526570235282305,-0.14785304763950302,-0.006706269248955898,0.0019048497194309455,0.6666666666666666,0.5,0.3333333333333333,0.3333333333333333,-0.024405499360253508,-0.06578391865570572,-0.14388363963659315,0.1058429932475124,1.0807111236168285
2025-09-05,DEFENSIVE,XLU,41.73500061035156,-0.010080627101487827,-0.03144580035827527,0.0251781269695448,0.079958600491286,0.09959158469079799,-0.04723411398116173,-0.058975960525220694,-0.04387805987919591,-0.011007222455541199,0.04044227217616769,0.5,0.5,0.5,0.5,-0.00803911301662267,-0.06279851065586795,-0.13866606247985105,0.07834130820230668,0.791986360726409
2025-09-05,ENERGY,XLE,43.68000030517578,-0.03352139395681719,0.02861180144170672,-0.008399521868174609,-0.0008006370190997147,0.015695831189294074,0.012823487818820256,-0.0925536093629401,-0.12463729738958162,0.002766352869472577,0.0063530748075655286,0.5,0.6666666666666666,0.6666666666666666,0.16666666666666666,0.013586669272619367,-0.09403560154644425,-0.13497088499633575,0.18630506181537473,0.7486284083149312
2025-09-05,FINANCIALS,XLF,53.06999969482422,-0.017040228839435456,0.023529436000119475,0.0622498131974174,0.08041532672704177,0.19823884844894524,0.007741122377233012,-0.021904274297348092,-0.04342133364344014,0.005742222960962717,0.052198522950966275,1.0,1.0,1.0,1.0,0.03110902618755466,0.051339643662230504,0.07492660802336593,0.14572610903869707,0.9757397572078907
2025-09-05,HEALTHCARE,XLV,137.89999389648438,0.0034199319344498935,0.05946519680859663,0.013002196063943261,-0.07623261639784229,-0.10425465001570478,0.04367688318571017,-0.07115189143082223,-0.2000692767683242,0.021473873953502087,-0.00507207797085707,0.8333333333333334,0.3333333333333333,1.0,0.8333333333333334,0.08944257816018646,-0.052258912645613144,-0.23108713486076868,0.1785721732562905,0.944676893986937
2025-09-05,MARKET,SPY,647.239990234375,0.003395089501356807,0.015788313622886463,0.0841540874947655,0.12383666037048191,0.1977940776152689,0.0,0.0,0.0,0.018701259307492002,0.08734463243511525,1.0,1.0,1.0,1.0,0.015935750717417208,0.010374985402135495,0.00521195704567512,0.10967149103253052,0.9027182939823597
2025-09-05,MATERIALS,XLB,45.97999954223633,-0.003467703717568882,0.04086022266779077,0.05241476281776292,0.04714187433426331,0.023028142272549568,0.025071909044904306,-0.03173932467700258,-0.0766947860362186,0.013891941394406304,0.05377747229134444,0.6666666666666666,0.8333333333333334,0.8333333333333334,1.0,0.0354036167154285,0.02419968744892694,0.03946220824901103,0.1887652554490189,0.9718448577682985
2025-09-05,NUCLEAR,URA,40.72999954223633,0.001475322743850871,0.01952437457824674,0.1273179722704354,0.7013366179458875,0.7571181624679215,0.0037360609553602764,0.0431638847756699,0.5774999575754056,0.028042093021439785,0.31364848323890304,0.6666666666666666,1.0,0.3333333333333333,1.0,-0.04322530985546604,0.07064010448704712,0.6593235750325861,0.30910471569584164,0.8809211363347207
2025-09-05,POWER_INDUSTRIALS,XLI,150.92999267578125,-0.0071048080394879864,0.0006629373699706953,0.058044157964040055,0.12424575549930172,0.19890375254217196,-0.015125376252915768,-0.02610992953072544,0.00040909512881981414,-0.002551003790051909,0.08076170139057393,0.3333333333333333,1.0,0.5,1.0,-0.03495362196328002,0.023459734223209943,0.2605090250994437,0.12454666458248433,0.8098489632470242
2025-09-05,SEMI,SOXX,247.0500030517578,0.007051996069984856,0.01721088655909675,0.11807564964313166,0.2119205084855631,0.21144516218627563,0.0014225729362102868,0.03392156214836617,0.08808384811508119,0.009327250963451661,0.13585816241935,0.6666666666666666,0.8333333333333334,0.5,0.8333333333333334,-0.027846918147358957,0.028548585842343172,0.16926113972005105,0.16256974742206765,1.0532897100164453
2025-09-12,AI_SOFTWARE,IGV,111.66999816894531,0.032642859249311096,0.023462538211652006,0.06241078413567913,0.21830671729623452,0.2787128801964056,0.001751157740871978,-0.04381850296042056,0.050221615758768046,0.020777524275163994,0.09349064238764182,0.8333333333333334,0.8333333333333334,0.6666666666666666,1.0,0.022028031062217235,0.03653479541700729,0.26604358924662147,0.17626976168757197,1.2645935179598322
2025-09-12,COMMUNICATION_SERVICES,XLC,117.3499984741211,0.023192919836877657,0.05265513940103772,0.14109298573442652,0.21505483795081015,0.3508690544934778,0.030943758930257692,0.034863698638326834,0.04696973641334368,0.06702186383181563,0.1505212002448757,0.5,0.8333333333333334,0.5,0.6666666666666666,-0.003486414821951315,0.016363279581291024,0.053276569443698296,0.14327846453947946,1.0699380727277552
2025-09-12,CONSUMER_DISCRETIONARY,XLY,119.31500244140625,0.01497173350058656,0.04187046750695278,0.13266571662570703,0.21316730343215706,0.2397652232941656,0.02015908703617275,0.02643642952960734,0.04508220189469059,0.048480666526349525,0.10121889573475085,0.6666666666666666,1.0,0.5,1.0,0.015380369437550204,0.05078138292203482,0.030261029723782935,0.14563012775617826,1.425851970039915
2025-09-12,CONSUMER_STAPLES,XLP,80.31999969482422,-0.006801076209695833,-0.02072661567690881,-0.008639804705571907,0.010187366832237199,-0.043012040953477104,-0.04243799614768884,-0.1148690918016716,-0.15789773470522928,-0.011202765073651921,-0.004273871595379619,0.5,0.3333333333333333,0.3333333333333333,0.3333333333333333,-0.030786282623215977,-0.08399141714212394,-0.14001633059913085,0.10675577822949342,1.0839957885047837
2025-09-12,DEFENSIVE,XLU,42.75,0.02432010003125984,-0.001401573729648331,0.058430320525243884,0.08406234338194296,0.0886172523980282,-0.02311295420042836,-0.047798966570855805,-0.08402275815552351,0.008671029860072288,0.06381986428044106,0.6666666666666666,0.3333333333333333,0.5,0.5,-0.024849018027227,-0.06521696315582744,-0.1597815265306354,0.08709603426779296,0.82992487838995
2025-09-12,ENERGY,XLE,44.29999923706055,0.014194114641782551,0.03553063350014085,-0.004270677326097094,-0.012923391649978022,0.03516768623692457,0.013819253029360823,-0.11049996442219678,-0.1810084931874445,0.015170262228839881,0.021349180565334747,0.8333333333333334,0.6666666666666666,0.8333333333333334,0.16666666666666666,0.00915363711132335,-0.11291508839626209,-0.19896137181252804,0.18761407932820706,0.7586416170479648
2025-09-12,FINANCIALS,XLF,53.79999923706055,0.013755408826722215,0.025543274418098783,0.06830815299874904,0.10882107851365497,0.20871717065495798,0.003831893947318754,-0.03792113409735065,-0.05926402302381151,0.018399321597956986,0.06487734726725636,1.0,1.0,1.0,1.0,0.03889719970552811,0.0325582560048114,0.09989431490372798,0.14673117442388192,0.9532221562146229
2025-09-12,HEALTHCARE,XLV,138.11000061035156,0.0015228913934892674,0.013949003765014512,0.041553501155456196,-0.047057147658086884,-0.11558659470073684,-0.007762376705765517,-0.0646757859406435,-0.21514224919555336,0.02105544135761539,-0.002446743307313537,0.8333333333333334,0.3333333333333333,0.8333333333333334,0.8333333333333334,0.028038182912511905,-0.0039606388528868886,-0.23420699357015784,0.16754425365320216,0.9017393855653232
2025-09-12,MARKET,SPY,657.4099731445312,0.015712846955691973,0.02171138047078003,0.10622928709609969,0.16808510153746647,0.16974780114448662,0.0,0.0,0.0,0.02951145646622355,0.10213398701175702,1.0,1.0,1.0,1.0,0.004260743855312277,-0.0005548217854681181,-0.0030125702332032267,0.1077966255625534,0.9442662410116553
2025-09-12,MATERIALS,XLB,45.84000015258789,-0.0030447888438936976,0.018327241455637244,0.06086556639294893,0.06629444900786363,-0.010896559603274736,-0.003384139015142784,-0.045363720703150756,-0.10179065252960284,0.010459496223672149,0.05063816968638957,1.0,1.0,0.8333333333333334,1.0,0.014543881888513466,0.019343465183933595,0.006285386396647182,0.18637700078570243,0.8694499545949288
2025-09-12,NUCLEAR,URA,42.04999923706055,0.03240853694229484,0.07792876304353213,0.1435952872875761,0.7594142221014146,0.6535587389868056,0.056217382572752106,0.0373660001914764,0.5913291205639482,0.05035718693392699,0.34510497999095247,1.0,1.0,0.8333333333333334,1.0,0.04416619475629554,0.034712747758509487,0.7106339519606687,0.3121385435230969,0.9488614963764769
2025-09-12,POWER_INDUSTRIALS,XLI,151.5800018310547,0.004306693081670865,0.007577767689098902,0.06469064430525728,0.1559520795146605,0.16090980568505264,-0.014133612781681126,-0.041538642790842406,-0.012133022022805973,0.00031677202439617247,0.08327915113928053,0.8333333333333334,1.0,1.0,1.0,-0.006037636268806083,0.015081971020660149,0.2253390155748439,0.12360570513801801,0.8717307235228257
2025-09-12,SEMI,SOXX,255.63999938964844,0.034770274162235104,0.029478059961042025,0.13562257872382144,0.2710819689543724,0.14713929723161678,0.007766679490261996,0.02939329162772175,0.10299686741690595,0.03919966203975256,0.170534252476086,0.8333333333333334,1.0,0.8333333333333334,0.8333333333333334,0.07124632776632035,0.0764088442562149,0.1985886747344707,0.17008445550221116,1.1882319846116918
2025-09-19,AI_SOFTWARE,IGV,117.19000244140625,0.04943139932813234,0.09054535119886786,0.08730751316279384,0.25861885590383693,0.31378930998624477,0.06204739716435337,0.00796250138326915,0.08180401283901872,0.061811423774102536,0.14434421365391925,1.0,1.0,1.0,1.0,0.08332298444723811,0.09501409440868569,0.28397296353424534,0.19527606205907577,1.2364976755164279
2025-09-19,COMMUNICATION_SERVICES,XLC,119.41000366210938,0.017554369107576573,0.07276979859110821,0.10893390902386324,0.22346317140334038,0.343194618813915,0.04427184455659372,0.029588897244338552,0.04664832833852217,0.07268303328121584,0.16544182203931457,0.6666666666666666,0.8333333333333334,0.6666666666666666,0.6666666666666666,0.014987993413760262,-0.0016273783570307139,0.06228603929785977,0.11961190762031332,1.0664705120485216
2025-09-19,CONSUMER_DISCRETIONARY,XLY,120.69499969482422,0.011565999456737863,0.03556410583040215,0.10430487869405591,0.22253736703234428,0.227261154066833,0.007066151795887654,0.024959866914531226,0.045722523967526074,0.05138680608280377,0.1131978662714499,0.6666666666666666,0.8333333333333334,0.6666666666666666,0.8333333333333334,0.0005778807529022156,0.0216516534005526,0.045287121592175184,0.1323634505087765,1.3574696664956631
2025-09-19,CONSUMER_STAPLES,XLP,79.37999725341797,-0.011703217691456547,-0.037468217794926484,-0.014525211098850632,0.000630220864859643,-0.04419031503289228,-0.06596617182944098,-0.09387022287837532,-0.17618462219995856,-0.021051500431120584,-0.015115131281384753,0.16666666666666666,0.16666666666666666,0.16666666666666666,0.3333333333333333,-0.04689146030502498,-0.078434903707638,-0.15764956450428805,0.10879664497180805,1.032046836817858
2025-09-19,DEFENSIVE,XLU,42.474998474121094,-0.006432784231085509,-0.01266857224182627,0.04450995986336315,0.07873011997767865,0.06081412344946946,-0.041166526276340765,-0.03483505191616154,-0.09808472308713956,-0.0007646086482271386,0.05457860138446602,0.3333333333333333,0.3333333333333333,0.0,0.5,-0.052353053576389086,-0.057386654643285094,-0.17746454547150617,0.08997404390480786,0.8737760237352667
2025-09-19,ENERGY,XLE,44.2599983215332,-0.0009029552193282608,0.004311291763664293,0.037749044268553966,-0.0432338969426429,-0.0027039825077482815,-0.0241866622708502,-0.04159596751097072,-0.2200487400074611,0.014962999907194519,0.020632845437991154,0.6666666666666666,0.6666666666666666,0.5,1.0,-0.03952307475911413,-0.04432316362729501,-0.24115160784675094,0.16275494562639706,0.7710192029597223
2025-09-19,FINANCIALS,XLF,54.25,0.00836432656730346,0.012693677600328357,0.044474421146849075,0.096845956413111,0.1881296579346079,-0.015804276434186137,-0.03487059063267561,-0.0799688866517072,0.022870828087078632,0.07128752660671789,1.0,1.0,1.0,1.0,0.02222956069553698,0.029105918687180488,0.07758992997131438,0.13506201052747915,0.9793224996164233
2025-09-19,HEALTHCARE,XLV,137.2899932861328,-0.005937349363513755,-0.006369001190377754,0.025087738326735165,-0.06350622394114314,-0.11585526554990311,-0.03486695522489225,-0.05425727345278952,-0.24032106700596134,0.01341970819638072,-0.007706594955251389,0.8333333333333334,0.3333333333333333,0.5,0.8333333333333334,-0.008917181224420404,0.002461109715547564,-0.26060660520008794,0.16796420683568636,0.8534745422958706
2025-09-19,MARKET,SPY,663.7000122070312,0.009567909401211772,0.028497954034514494,0.07934501177952469,0.1768148430648182,0.16797186486059168,0.0,0.0,0.0,0.032878786579212615,0.10991171463024418,1.0,1.0,0.75,1.0,-0.0010989801033568225,0.007276638087505116,-0.0008148827614486431,0.09022149383506893,0.9891045377951643
2025-09-19,MATERIALS,XLB,45.415000915527344,-0.009271362034159014,-0.01464524267359213,0.033450932550040724,0.05874811588462325,-0.03444241388626046,-0.043143196708106624,-0.045894079229483964,-0.11806672718019495,0.0018530537147596338,0.040420401234031234,0.6666666666666666,0.6666666666666666,0.3333333333333333,1.0,-0.01645199624729406,0.014180527098296905,-0.013847494781192368,0.18656566546014053,0.8669517351132423
2025-09-19,NUCLEAR,URA,49.43000030517578,0.17550537935826904,0.25329619742181,0.29839770689296863,0.9772000122070312,0.8186166206835186,0.22479824338729548,0.21905269511344394,0.800385169142213,0.19900064295405961,0.5562377136366148,1.0,1.0,1.0,1.0,0.1926463837957619,0.20555462026339763,0.9527542458310094,0.4618989693501137,1.117153844598089
2025-09-19,POWER_INDUSTRIALS,XLI,153.1199951171875,0.010159607253793501,-0.00013062735105562329,0.04312284297687663,0.15780714644376181,0.1497222070731674,-0.028628581385570118,-0.03622216880264806,-0.01900769662105639,0.008536164000303215,0.09122586530808863,0.8333333333333334,1.0,0.6666666666666666,1.0,-0.00708756122015386,0.0008499036255775749,0.20190889384944852,0.10999540346096844,0.9282249940376459
2025-09-19,SEMI,SOXX,265.8599853515625,0.039978039376915575,0.06732502011410912,0.11303686122506362,0.3334335381716147,0.18862604519158488,0.03882706607959463,0.033691849445538935,0.1566186951067965,0.07216306507713033,0.21142798265874707,1.0,1.0,0.8333333333333334,1.0,0.13083373554940278,0.08975839705158568,0.3032268179917574,0.14438621904630708,1.2871298681556167
2025-09-26,AI_SOFTWARE,IGV,114.97000122070312,-0.01894360589174915,0.06355229272483931,0.033252491141036344,0.2792922856016682,0.28832366621312633,0.03755427730183558,-0.025083740192483273,0.08824013264755481,0.03801949819732231,0.11956414277108718,0.8333333333333334,1.0,1.0,0.6666666666666666,0.055856986415624234,0.03352266126300426,0.2937636181005509,0.19337532032029933,1.2109381317257542
2025-09-26,COMMUNICATION_SERVICES,XLC,118.16999816894531,-0.010384435601165087,0.060867212644288404,0.09376154357253519,0.23428035100953215,0.31285407581809177,0.034869197221284676,0.03542531223901557,0.043228198055418776,0.050241275184902845,0.14767988090722173,0.5,0.8333333333333334,0.6666666666666666,0.5,-0.004579204696750623,-0.002312604914227042,0.0541290599048872,0.1258137966798984,1.1091897595739226
2025-09-26,CONSUMER_DISCRETIONARY,XLY,119.8550033569336,-0.006959661460827271,0.03439199547675087,0.08363093638855834,0.21655508973638082,0.19353719918706913,0.008393980053747141,0.025294705055038724,0.02550293678226745,0.03615366601630199,0.10407566103392507,0.5,1.0,0.5,0.6666666666666666,0.005788881420090246,0.027086167430527552,0.019299954363945198,0.13580690050152797,1.3693304557348078
2025-09-26,CONSUMER_STAPLES,XLP,77.95999908447266,-0.017888614488257293,-0.03490962784647822,-0.051350708262741906,-0.030468902699369083,-0.06094914193201606,-0.06090764326948195,-0.10968693959626152,-0.22152105565348246,-0.0350768763906264,-0.03213893711441962,0.16666666666666666,0.16666666666666666,0.16666666666666666,0.3333333333333333,-0.048075139121388756,-0.08643291933657582,-0.1997313997710424,0.1021729195828868,0.9356290407470175
2025-09-26,DEFENSIVE,XLU,43.404998779296875,0.02189524046110103,0.029530335303385558,0.06072826787752539,0.11323408337446605,0.07945784052648697,0.003532319880381829,0.002392036544005771,-0.07781806957964732,0.01745171354935171,0.07420833354191614,0.3333333333333333,0.3333333333333333,0.3333333333333333,0.3333333333333333,-0.03968449801155218,-0.053354635094146154,-0.19790688849300697,0.0976317083216071,0.9083294397559435
2025-09-26,ENERGY,XLE,45.994998931884766,0.039200196026836664,0.01770105636602448,0.05699183217330539,-0.004760385588591265,0.05505213084021876,-0.008296959056979247,-0.001344399160214227,-0.19581253854270464,0.04750733824695974,0.058247297587136426,1.0,0.8333333333333334,0.5,0.8333333333333334,-0.02072826936926823,-0.009792143098633022,-0.2217952633063854,0.1762745430281612,0.8610466937911936
2025-09-26,FINANCIALS,XLF,53.86000061035156,-0.007188928841445841,-0.002407873014886097,0.012596390316621298,0.09449302199532306,0.19291248704566022,-0.028405888437889826,-0.04573984101689832,-0.09655913095879032,0.01299630892936543,0.0607843795979528,1.0,1.0,0.6666666666666666,1.0,0.006637367478043332,0.00538182426389755,0.08652120551179325,0.12839289003378587,0.95971027578209
2025-09-26,HEALTHCARE,XLV,135.5,-0.01303804627917926,-0.014043460515452466,0.0,-0.06241353449904197,-0.11449486200030135,-0.040041475938456195,-0.05833623133351962,-0.25346568745315534,-0.00248825045262846,-0.020201555592423093,0.5,0.3333333333333333,0.5,0.5,-0.012306384789796287,-0.0031024746608961373,-0.268047698379148,0.16931102397079428,0.8716480895279849
2025-09-26,MARKET,SPY,661.8200073242188,-0.0028326123975210837,0.02599801542300373,0.05833623133351962,0.19105215295411337,0.15810110986221892,0.0,0.0,0.0,0.024493947462109977,0.10350739521648733,1.0,1.0,0.75,1.0,-0.0017986595115175585,-0.0008458878264438474,-0.00016611172312319678,0.08872132233311131,1.0694435761086778
2025-09-26,MATERIALS,XLB,44.41999816894531,-0.021909120918719216,-0.03727787697129903,-0.027689682966393958,0.04456194180059447,-0.08336774642700773,-0.06327589239430276,-0.08602591429991358,-0.1464902111535189,-0.018602839605632915,0.016676588983843832,0.16666666666666666,0.5,0.16666666666666666,0.16666666666666666,-0.06811244044783465,-0.04940261308046073,-0.07428172737628223,0.17306741698565914,0.8972209912358237
2025-09-26,NUCLEAR,URA,48.40999984741211,-0.020635250889465717,0.19031231932478643,0.27730865167265906,1.0956709544578822,0.6635738561102764,0.1643143039017827,0.21897242033913944,0.9046188015037688,0.1533330179108645,0.4999922505743182,1.0,1.0,1.0,1.0,0.17003716572609576,0.23919458289601092,1.1502093239039892,0.4677636254200352,1.2434758691109267
2025-09-26,POWER_INDUSTRIALS,XLI,152.5800018310547,-0.00352660203338917,0.0037498016236894305,0.021148465405122385,0.17233967719130416,0.13164725772414654,-0.022248213799314298,-0.03718776592839723,-0.01871247576280921,0.004238638438295306,0.08375522718783901,0.6666666666666666,1.0,0.6666666666666666,1.0,-0.007752887157674619,-0.004078950914793748,0.24730477536083464,0.10580856813814365,0.952295379161573
2025-09-26,SEMI,SOXX,268.8299865722656,0.011171298368860327,0.09583392526552359,0.10475051622414244,0.4247932849680056,0.1553635681382204,0.06983590984251986,0.046414284890622826,0.23374113201389224,0.07456346253115687,0.2174705971540316,1.0,1.0,1.0,1.0,0.1571369793587245,0.10998035650768538,0.3952474644870634,0.1428552023687702,1.452779461300166
2025-10-03,AI_SOFTWARE,IGV,114.83000183105469,-0.001217703645837842,0.061864272971751566,0.06838479944694709,0.4124230937353195,0.27730811882132556,0.027920091416582915,-0.004720660949494748,0.08798906984876753,0.034756222442848594,0.11479485643391474,1.0,0.8333333333333334,0.8333333333333334,1.0,0.04498372904585581,0.028197009346883812,0.320940640619274,0.17476320262305026,1.109888467502382
2025-10-03,COMMUNICATION_SERVICES,XLC,116.38999938964844,-0.015063034669358655,0.01482253825141111,0.09791526312846344,0.33428860381210823,0.2806998559330507,-0.01912164330375754,0.024809802732021602,0.009854579925556273,0.02642114343843005,0.12541094100214178,0.3333333333333333,0.8333333333333334,0.3333333333333333,0.5,-0.06805762717379053,-0.018869837613831115,0.017116403896083876,0.12230430777424962,1.1077078726047387
2025-10-03,CONSUMER_DISCRETIONARY,XLY,118.93000030517578,-0.007717684083684895,0.011696652600318602,0.07419955958101476,0.3012747379338987,0.20028259982910956,-0.02224752895485005,0.0010940991845729275,-0.023159285952653264,0.022416124835199502,0.09453137449361737,0.3333333333333333,0.8333333333333334,0.3333333333333333,0.6666666666666666,-0.024739957171918753,0.007260408960691689,-0.03180015793938936,0.13877006760545163,1.1771459176111043
2025-10-03,CONSUMER_STAPLES,XLP,78.02999877929688,0.0008978924531330978,-0.035118138627801554,-0.0344016688935197,-0.005480503571161477,-0.04222416091644876,-0.0690623201829702,-0.10750712928996153,-0.32991452745771344,-0.03004464229997228,-0.03088790457841606,0.16666666666666666,0.16666666666666666,0.16666666666666666,0.3333333333333333,-0.06183634452719703,-0.07920905650058273,-0.31248763994014905,0.09859321785924759,0.8867414336188439
2025-10-03,DEFENSIVE,XLU,44.45500183105469,0.024190832422247066,0.06517314438539823,0.07835059979350212,0.19294250796106294,0.0934695158247778,0.03122896283022958,0.005245139397060283,-0.13149151592548902,0.03673044577121409,0.09584487493730043,0.5,0.5,0.5,0.5,-0.022319131295274148,-0.032946330161845006,-0.26243706906358183,0.10551174210579224,0.9940045804060672
2025-10-03,ENERGY,XLE,44.45500183105469,-0.03348183795178905,0.017742708801837592,-0.0024682328967552403,0.12887254000225323,-0.045825248219378056,-0.01620147275333106,-0.07557369329319708,-0.19556148388429873,0.010352443195737138,0.021537233700207326,0.5,0.6666666666666666,0.6666666666666666,0.16666666666666666,-0.025482232174915742,-0.09454066528751548,-0.22269362292504344,0.18703844678219522,0.9541936920827674
2025-10-03,FINANCIALS,XLF,53.720001220703125,-0.00259932023880316,0.01224800319609387,0.02990800187604714,0.21538462202348962,0.17677983406527042,-0.02169617835907478,-0.043197458520394694,-0.10904940186306233,0.009831402098477104,0.05544425066461445,1.0,1.0,0.8333333333333334,1.0,-0.0028420904975966685,-0.0011923072315263388,0.1267054589522457,0.12018563700972218,0.9423614048301537
2025-10-03,HEALTHCARE,XLV,144.82000732421875,0.06878234187615306,0.05018139038446168,0.07123311420152034,0.07052046592997074,-0.04497488850488118,0.016237208829293026,-0.0018723461949214926,-0.2539135579565812,0.059617238314146004,0.046081228036671584,1.0,0.8333333333333334,1.0,1.0,0.05901085742361948,0.060639201123754906,-0.24590835389725196,0.2210154776830968,0.9897585508582388
2025-10-03,MARKET,SPY,669.2100219726562,0.01116620012488867,0.03394418155516865,0.07310546039644183,0.32443402388655196,0.16794660334411904,0.0,0.0,0.0,0.030809889130421153,0.11238876576309575,1.0,1.0,1.0,1.0,-0.001485983563395299,0.003734766584952698,0.006819779005593385,0.08784382781007238,1.1232295338739022
2025-10-03,MATERIALS,XLB,44.93000030517578,0.011481363288011526,-0.02283599929347624,-0.01813806920457972,0.15382644811800916,-0.05579486876912054,-0.05678018084864489,-0.09124352960102156,-0.1706075757685428,-0.004574999882101971,0.026903952302224088,0.16666666666666666,0.5,0.16666666666666666,0.3333333333333333,-0.06147251581956481,-0.03820867990653648,-0.054332593011078144,0.1752626232593965,0.9088113825889593
2025-10-03,NUCLEAR,URA,49.599998474121094,0.024581669705842746,0.21777557160752536,0.32231406807734886,1.3823246494307821,0.6358838711528112,0.1838313900523567,0.24920860768090702,1.0578906255442302,0.16020675800429696,0.5116881106367894,1.0,1.0,1.0,1.0,0.21386296175217664,0.24903398280238645,1.5349280521335313,0.46182409119920276,1.479909987089301
2025-10-03,POWER_INDUSTRIALS,XLI,154.41000366210938,0.011993720075327952,0.023057120222643057,0.0280293395433151,0.30922503362522624,0.13947317483154364,-0.010887061332525594,-0.04507612085312673,-0.015208990261325717,0.016671300558440016,0.09264988250080797,0.6666666666666666,1.0,0.8333333333333334,0.8333333333333334,0.002911847252547395,-0.020400481897480005,0.25484436033796226,0.10775167325027458,0.9395197952724968
2025-10-03,SEMI,SOXX,279.9599914550781,0.041401649513606475,0.13321185183885853,0.13726284087203378,0.7760577477822823,0.2115284284087906,0.09926767028368988,0.06415738047559194,0.45162372389573036,0.10212659710733685,0.25955907814137746,1.0,1.0,1.0,1.0,0.23059228115845487,0.1746690278306481,0.794052238883301,0.15850983303927418,1.430048044094865
2025-10-10,AI_SOFTWARE,IGV,112.08999633789062,-0.023861407728577255,0.003761065423408594,0.009274255374924323,0.2854357828065288,0.20760608388733837,0.01043871528059459,-0.031262412059730904,0.06241443856305939,0.006926013171899337,0.08539663826474686,0.5,0.6666666666666666,0.6666666666666666,0.6666666666666666,0.003626454030259759,0.004880619032012849,0.2888174182715127,0.172724019223955,0.8543653833350034
2025-10-10,COMMUNICATION_SERVICES,XLC,112.80000305175781,-0.030844542973766154,-0.03877286307222816,0.062246920222069235,0.23589358168697805,0.24737368872154786,-0.03209521321504216,0.02171025278741401,0.012872237443508627,-0.011064133715536606,0.08677852088861449,0.3333333333333333,0.6666666666666666,0.16666666666666666,0.8333333333333334,-0.02801356671277888,0.002335133574565329,0.03335892969035328,0.1465250978883929,0.9423425804425635
2025-10-10,CONSUMER_DISCRETIONARY,XLY,114.375,-0.03829984270989317,-0.041403028456812985,0.029616968471373184,0.2057242174160272,0.1636483765861032,-0.03472537859962699,-0.010919698963282043,-0.017297126827442222,-0.02206395403337369,0.05226357685905958,0.16666666666666666,0.5,0.16666666666666666,0.5,-0.04229050923591495,-0.009530766981932485,-0.01730205989901984,0.1669671870337145,1.0442725433903555
2025-10-10,CONSUMER_STAPLES,XLP,78.0999984741211,0.0008970869655171576,-0.027639457534088918,-0.03449129603880774,-0.028002489641921646,-0.043361109039599,-0.02096180767690292,-0.07502796347346297,-0.25102383388539107,-0.02668213431706934,-0.029949251028799084,0.3333333333333333,0.3333333333333333,0.3333333333333333,0.3333333333333333,-0.008095981303751035,-0.04260885835791034,-0.23814901659341403,0.09857639877285002,0.8161158952909697
2025-10-10,DEFENSIVE,XLU,45.099998474121094,0.014508977988970218,0.054970724540844396,0.07701488893423503,0.18186579283174797,0.13817030849516954,0.06164837439803039,0.0364782214995798,-0.04115555141172145,0.04640367689376079,0.10726810494538763,0.5,0.5,0.6666666666666666,0.5,0.019318672151209415,-0.005475106013141144,-0.17560644941469902,0.1050152500127111,0.9534544866657284
2025-10-10,ENERGY,XLE,42.61000061035156,-0.04150266887210596,-0.03814895385585382,-0.008608630428698971,0.08023833033373395,-0.08177994329866056,-0.03147130399866782,-0.0491452978633542,-0.14278301390973547,-0.031172532528098262,-0.02022607170755475,0.0,0.16666666666666666,0.0,0.16666666666666666,-0.04509393201550813,-0.060957194777467694,-0.1642642596973529,0.19271261245959384,0.9805839854881662
2025-10-10,FINANCIALS,XLF,52.15999984741211,-0.029039488790811974,-0.030483260462924155,-0.007232604900905715,0.1176344952616668,0.12147928896533777,-0.02380561060573816,-0.04776927233556094,-0.10538684898180262,-0.020892386532913587,0.023000850157013364,0.16666666666666666,1.0,0.0,0.6666666666666666,-0.028523298966947164,-0.013411491643552634,0.09649964536622424,0.1361948422744241,0.9501842861052078
2025-10-10,HEALTHCARE,XLV,142.11000061035156,-0.018712930374323977,0.028962421130423133,0.07789748602647184,0.03828454504347434,-0.07654817613891851,0.03564007098760913,0.037360818591816614,-0.18473679919999508,0.03150178504130752,0.02592240193941442,1.0,0.8333333333333334,1.0,1.0,0.05720959638914617,0.10455114049569932,-0.15178913713880857,0.21732882487239558,0.9179851489946405
2025-10-10,MARKET,SPY,653.02001953125,-0.02419270768492432,-0.006677649857185997,0.04053666743465523,0.22302134424346942,0.12671244742039112,0.0,0.0,0.0,0.001045499484099155,0.08272928910563304,0.75,1.0,0.25,1.0,0.0005611243013086686,0.0008363233859506325,0.01515985596914643,0.10792498917419001,1.1655146098219906
2025-10-10,MATERIALS,XLB,43.42499923706055,-0.03349657373454018,-0.05268326587016836,-0.03735316671453004,0.07888196862262231,-0.09427469989642356,-0.046005616012982364,-0.07788983414918527,-0.1441393756208471,-0.038056851014408366,-0.008530536184072957,0.16666666666666666,0.3333333333333333,0.16666666666666666,0.16666666666666666,-0.04675753162238113,-0.013300818009327586,-0.08559726030581945,0.1862606555161569,0.9224965331764509
2025-10-10,NUCLEAR,URA,51.869998931884766,0.045766139669299655,0.23353150708667347,0.26728557403224773,1.2900662165772934,0.7289999643961589,0.24020915694385947,0.2267489065975925,1.067044872333824,0.17576389171416618,0.5536103126754799,1.0,1.0,1.0,1.0,0.24578190878289005,0.21828442838002782,1.3834999908349168,0.44040224073109924,1.7861410333442767
2025-10-10,POWER_INDUSTRIALS,XLI,149.89999389648438,-0.029208015404844634,-0.011083308578151208,-0.010299833277638282,0.19280652566705148,0.08293596213985954,-0.004405658720965211,-0.05083650071229351,-0.030214818576417946,-0.013127607664578544,0.057521659302683936,0.3333333333333333,1.0,0.3333333333333333,0.5,0.004574466369592893,-0.03667314382709763,0.1747258043023375,0.12494090604024088,0.8959174438174655
2025-10-10,SEMI,SOXX,271.989990234375,-0.028468357850989445,0.06395709154969054,0.10237909838384729,0.5789504174376447,0.15514304968528836,0.07063474140687653,0.06184243094919206,0.3559290731941753,0.05630053722472472,0.21692342457006863,1.0,1.0,1.0,1.0,0.12208626667341389,0.17287654470221048,0.5857447640991412,0.1782015782184143,1.4596823866671471
2025-10-17,AI_SOFTWARE,IGV,112.68000030517578,0.005263663007951447,-0.038484529757437436,-8.875797332308366e-05,0.3013050591372819,0.22066951885306008,-0.03952415975399526,-0.042923540751962364,0.03918988552140812,0.009460335777429218,0.08703883852569794,0.8333333333333334,0.8333333333333334,0.0,0.3333333333333333,-0.03838722208809037,-0.006040134205008485,0.26566241177951766,0.1703028853563429,0.7453835075926445
2025-10-17,COMMUNICATION_SERVICES,XLC,114.94000244140625,0.018971625281485993,-0.037434059824265176,0.06801709262227917,0.27413816215402487,0.2598925595969592,-0.038473689820823,0.025182309843639894,0.012022988538151091,0.0012805802351461004,0.10231729525833799,0.3333333333333333,0.8333333333333334,0.0,0.6666666666666666,-0.03583114753506065,-0.0005237074761452002,0.03657585214304452,0.1484232040699904,0.8637384558296476
2025-10-17,CONSUMER_DISCRETIONARY,XLY,117.20999908447266,0.024786877241290917,-0.028874440690694225,0.0424689965719125,0.26440132624724155,0.17497872098288902,-0.029914070687252048,-0.0003657862067267814,0.002286152631367777,-0.0023619676703032777,0.07666198502631372,0.3333333333333333,0.6666666666666666,0.3333333333333333,0.6666666666666666,-0.02861664655863107,0.00926266858135529,0.007944313761399943,0.17233948732739726,1.0138100218202477
2025-10-17,CONSUMER_STAPLES,XLP,79.7300033569336,0.020870741544926075,0.004409248118241171,-0.02171775022167366,-0.026138992522969917,-0.03052036201403774,0.0033696181216833487,-0.06455253300031294,-0.2882541661388437,-0.00295120735698573,-0.010744912028739173,0.5,0.3333333333333333,0.6666666666666666,0.5,0.020028244150212222,-0.02586219732593842,-0.2667891626733237,0.10860459881387259,0.7521745349570554
2025-10-17,DEFENSIVE,XLU,45.78499984741211,0.015188501030306556,0.07792822818599299,0.08341224954764792,0.17744636296044058,0.11738868950364711,0.07688859818943516,0.04057746676900864,-0.08466881065543319,0.055695820326021606,0.11859665850849321,0.6666666666666666,0.5,0.8333333333333334,0.5,0.0361392841175466,-0.008606028421922115,-0.21868347957447065,0.10652700616452929,0.9475303471763746
2025-10-17,ENERGY,XLE,42.9900016784668,0.008918119283549464,-0.028694005676193846,-0.012858727173459927,0.05496936634274352,-0.0482620451372362,-0.029733635672751668,-0.05569350995209921,-0.20714580727313026,-0.023697826249334586,-0.010803121379915681,0.16666666666666666,0.3333333333333333,0.0,0.16666666666666666,-0.0369606514737405,-0.07810000000359164,-0.22539687518513263,0.1914658498949234,1.0137251151803335
2025-10-17,FINANCIALS,XLF,52.18000030517578,0.000383444360087859,-0.0381566764022897,-0.023577813508839918,0.11854230650408715,0.09575811582468963,-0.039196306398847525,-0.0664125962874792,-0.14357286711178663,-0.021123322501265696,0.020960217944188342,0.3333333333333333,0.8333333333333334,0.0,0.5,-0.04812405528493513,-0.022085443008361627,0.04584161471314282,0.1303171514280326,1.0739173241413815
2025-10-17,HEALTHCARE,XLV,143.27000427246094,0.008162716607749365,0.04355751532353036,0.049750943416477345,0.05742120055998812,-0.06438973614542254,0.04251788532697254,0.006916160637838065,-0.20469397305588566,0.030119171734132477,0.03361954562273928,1.0,0.8333333333333334,1.0,0.8333333333333334,0.05547891291626187,0.06747942362023664,-0.18884206843631046,0.20763086778470047,0.8718914613541757
2025-10-17,MARKET,SPY,664.3900146484375,0.017411403597318742,0.0010396299965578226,0.04283478277863928,0.2621151736158738,0.13650590007875407,0.0,0.0,0.0,0.014244536636602634,0.0977634043287019,0.75,1.0,0.75,1.0,-1.2436887305067312e-05,0.006028922582265339,0.008671208705343048,0.10917256224175152,1.1868464935180976
2025-10-17,MATERIALS,XLB,43.939998626708984,0.011859514074761712,-0.03247830582590738,-0.048608913712847146,0.08829717960889116,-0.09986684701723325,-0.033517935822465206,-0.09144369649148643,-0.1738179940069826,-0.026141711944364654,0.001918185578814402,0.16666666666666666,0.5,0.16666666666666666,0.16666666666666666,-0.04066677306368623,-0.03927200331336994,-0.10538187603236344,0.17970430336113763,0.8836769989462766
2025-10-17,NUCLEAR,URA,53.310001373291016,0.027761759611702574,0.07849486231358505,0.274444155862158,1.3310012862718357,0.5932457511043354,0.07745523231702722,0.2316093730835187,1.068886112655962,0.17288573031860777,0.5660872496162084,1.0,1.0,1.0,1.0,0.12050575072837144,0.23765254197081465,1.3704999477826874,0.44059266403025393,1.9792823021119836
2025-10-17,POWER_INDUSTRIALS,XLI,151.72999572753906,0.01220815147142984,-0.009077843743298342,-0.02103367733456063,0.21093369538757134,0.0894664398135725,-0.010117473739856164,-0.06386846011319991,-0.051181478228302435,-0.0016712442331643373,0.06659446755693788,0.5,1.0,0.3333333333333333,0.3333333333333333,0.005183305461289089,-0.06631490670100292,0.17767659557360801,0.11671548706255302,0.918036680229756
2025-10-17,SEMI,SOXX,288.1700134277344,0.059487568566096716,0.08391645717827756,0.19305299924539931,0.7302312107324394,0.2564091936731909,0.08287682718171974,0.15021821646676004,0.4681160371165656,0.09978900926926193,0.2793028977170744,1.0,1.0,1.0,1.0,0.12379991943425299,0.2791090726702073,0.7568753328649954,0.19343716754867887,1.4052438720880058
2025-10-24,AI_SOFTWARE,IGV,116.0,0.029463965972954753,0.008958848120037999,0.06784500536614102,0.2241451813522981,0.25813453188201607,-0.014355636943908179,-0.021471780186161693,-0.0057872281773618806,0.03282790312496919,0.11485130763791807,1.0,1.0,0.6666666666666666,0.8333333333333334,-0.008917175895358231,0.0054760046785943635,0.1800510088436685,0.15852057935873307,0.68843531590787
2025-10-24,COMMUNICATION_SERVICES,XLC,115.55000305175781,0.005307121954017058,-0.022171406937332327,0.08886166661430384,0.22456551827408155,0.2718767748209989,-0.045485892001278505,-0.00045511893799887737,-0.005366891255578432,0.003038214292538033,0.10336335107705152,0.3333333333333333,0.6666666666666666,0.16666666666666666,0.3333333333333333,-0.05158674678442985,-0.04457801159657626,-0.0057715438862462705,0.14164250633504016,0.8307811068508025
2025-10-24,CONSUMER_DISCRETIONARY,XLY,118.83000183105469,0.013821369842469622,-0.0085520128252502,0.09981955523054697,0.20273277490491437,0.18350683009576385,-0.03186649788919638,0.010502769678244261,-0.027199634624745617,0.007729919727681889,0.09048614154004109,0.3333333333333333,1.0,0.3333333333333333,0.8333333333333334,-0.033603173454634726,0.001952894561950987,-0.03703193246308097,0.1429301933785211,0.9704202830736817
2025-10-24,CONSUMER_STAPLES,XLP,79.08999633789062,-0.008027179130769668,0.014494577561418032,-0.013348394153386622,-0.02164770013948847,-0.024303001234105892,-0.008819907502528146,-0.10266517970568934,-0.25158010966914846,-0.007317450554010008,-0.01924864334803611,0.5,0.5,0.8333333333333334,0.6666666666666666,0.01033732423001991,-0.06333564813119748,-0.21302242132976112,0.10455121930299895,0.7950414056773888
2025-10-24,DEFENSIVE,XLU,45.69499969482422,-0.00196571263269274,0.05275892132082305,0.06515147015226241,0.16852065540801742,0.13697440299131514,0.02944443625687687,-0.0241653154000403,-0.06141175412164257,0.04665811311658308,0.11213534448173812,0.6666666666666666,0.6666666666666666,0.8333333333333334,0.8333333333333334,0.021002934362593224,-0.03467351419509244,-0.1711267347491804,0.10614369277295571,0.9868220440790982
2025-10-24,ENERGY,XLE,44.03499984741211,0.02430793505804263,-0.04261330862025392,0.028975388048190664,0.06894040960375847,-0.01893725088351661,-0.0659277936842001,-0.06034139750411205,-0.16099199992590152,-0.002808038402224544,0.014961664582319623,0.3333333333333333,0.6666666666666666,0.16666666666666666,0.8333333333333334,-0.06469902834198386,-0.05923342734257059,-0.1659667665539861,0.19402363819777887,0.9547356566548842
2025-10-24,FINANCIALS,XLF,53.11000061035156,0.017822926403538775,-0.013924990558872308,0.03326846369083669,0.10599750320837331,0.1389663176882756,-0.037239475622818485,-0.05604832186146602,-0.12393490632128668,-0.004890290197816283,0.037694852462138995,0.5,1.0,0.3333333333333333,1.0,-0.04039996964417042,0.0017622148505345898,0.04506749617310849,0.10645068225073794,1.1387684148107076
2025-10-24,HEALTHCARE,XLV,146.02999877929688,0.01926428718175499,0.07771216811289205,0.11362764692794847,0.05780511083760853,-0.01722859964793566,0.05439768304894588,0.024310861375645754,-0.17212729869205146,0.04260225656382155,0.05242105910350281,1.0,0.8333333333333334,1.0,1.0,0.05620707439456396,0.09904320048598166,-0.1680337489473749,0.1838685503767068,0.85235771417587
2025-10-24,MARKET,SPY,677.25,0.019356078610494043,0.023314485063946178,0.08931678555230271,0.22993240952966,0.16960836159747594,0.0,0.0,0.0,0.028567519422952437,0.11534127431184604,1.0,1.0,1.0,1.0,0.003324427339684688,0.01504675906751668,0.01079679481741902,0.09330726050021786,1.1295381192140947
2025-10-24,MATERIALS,XLB,44.505001068115234,0.012858499295965276,0.0019136177999519166,0.026406836753833485,0.07734203797170403,-0.05268196037115758,-0.02140086726399426,-0.06290994879846923,-0.15259037155795596,-0.012503160539993008,0.014604702461244123,0.16666666666666666,0.5,0.3333333333333333,0.5,-0.021722753591221906,-0.04931167382547939,-0.11547750137517958,0.12620089245982719,0.9041660001254165
2025-10-24,NUCLEAR,URA,51.5,-0.03395237904079007,0.06382979058722471,0.34746201871137883,1.1063394025763014,0.6318124483992986,0.04051530552327853,0.2581452331590761,0.8764069930466414,0.10276012517428379,0.4872787173210129,1.0,1.0,0.8333333333333334,1.0,0.08004474899608864,0.2787514953065836,1.2629383113232915,0.390350567556346,1.9078194778181747
2025-10-24,POWER_INDUSTRIALS,XLI,154.91000366210938,0.020958334041481397,0.015270689494646827,0.03452649912705752,0.2007597105501857,0.14409165912179245,-0.00804379556929935,-0.054790286425245194,-0.029172698979474276,0.016263131914866058,0.0856744638509701,0.8333333333333334,1.0,0.8333333333333334,0.6666666666666666,0.0010351464797347016,-0.06947354868691363,0.11806737779106398,0.09972550183522727,0.9964974825105953
2025-10-24,SEMI,SOXX,295.8599853515625,0.02668553827775888,0.1005468144530477,0.2470914622369098,0.6008873397542278,0.2887010322845214,0.07723232938910152,0.1577746766846071,0.3709549302245678,0.10901610691481123,0.3038735281653717,1.0,1.0,1.0,1.0,0.13223474214860298,0.32552184209970836,0.6556986955555697,0.17926716434479442,1.2803280445833927
2025-10-31,AI_SOFTWARE,IGV,115.51000213623047,-0.004224119515254587,0.005921800002896882,0.053634999818712226,0.16125465686823448,0.25200519685301126,-0.013279908226246473,-0.016800364440518356,-0.04218239903951959,0.021146078476171448,0.10704061799958287,0.8333333333333334,1.0,0.8333333333333334,0.8333333333333334,0.002657922106243308,-0.013263386375751548,0.10841485355873415,0.15957971935761525,0.7123549115837033
2025-10-31,COMMUNICATION_SERVICES,XLC,114.80999755859375,-0.00640420141601028,-0.013575065206119508,0.0667100296237142,0.17850543745125913,0.24253242059133906,-0.03277677343526286,-0.0037253346355163863,-0.02493161845649494,-0.006404181734830816,0.0925415075718865,0.16666666666666666,0.5,0.3333333333333333,0.5,-0.03110236828546949,-0.05575864111764071,-0.035465369362829256,0.1433700244608067,0.8733842419110759
2025-10-31,CONSUMER_DISCRETIONARY,XLY,119.96499633789062,0.00955141369474699,0.008702564786504885,0.07216906776557952,0.19113340316687122,0.19911038566172534,-0.01049914344263847,0.001733703506348938,-0.012303652740882853,0.014417349219849607,0.09965050021081878,0.5,0.5,0.5,0.5,-0.013571008084360717,-0.007075763898733267,-0.008994878426785738,0.12888168515452558,0.8953130339967778
2025-10-31,CONSUMER_STAPLES,XLP,76.27999877929688,-0.03552911478954679,-0.022427271913072366,-0.07516979055888362,-0.06473760344957902,-0.04828449997387063,-0.04162898014221572,-0.1456051548181142,-0.2681746593573331,-0.03508994576966806,-0.05361858016718912,0.16666666666666666,0.3333333333333333,0.3333333333333333,0.16666666666666666,-0.01673700409383344,-0.1046849368719303,-0.2276927490700147,0.10333078633889443,0.9086625875346384
2025-10-31,DEFENSIVE,XLU,44.54999923706055,-0.025057456295231484,0.0021369340252619384,0.03388254999541873,0.11724136017706699,0.14040703451097603,-0.017064774203881417,-0.03655281426381185,-0.08619569573068708,0.016867899908702855,0.08110730406903932,0.6666666666666666,0.5,0.5,0.5,-0.01948946391555158,-0.051153192419362815,-0.16977773413407618,0.12368159966353867,0.9761845594813956
2025-10-31,ENERGY,XLE,44.064998626708984,0.0006812485386811229,-0.00877298815165628,0.037678051769030496,0.07501821962250776,0.0011359590538198017,-0.027974696380799635,-0.032757312490200086,-0.1284188362852463,-0.0021174016765093118,0.016584497290919265,0.5,0.6666666666666666,0.5,0.8333333333333334,-0.023114659520098724,-0.03704165987433944,-0.13607254868846289,0.19267322395746486,0.870096623160912
2025-10-31,FINANCIALS,XLF,52.369998931884766,-0.013933377329364283,-0.0251303473220712,0.010028938728382286,0.05245178252391747,0.1228559094601549,-0.044332055551214555,-0.060406425530848296,-0.1509852733838366,-0.01654431425145131,0.02247710314888196,0.6666666666666666,1.0,0.5,1.0,-0.01596759221675446,0.012295159027289579,0.03179966476853061,0.11086811980248878,1.2421303541066664
2025-10-31,HEALTHCARE,XLV,144.25,-0.01218926791875885,-0.0039359708285515715,0.10825135173219369,0.0412907043319628,-0.023622616511446815,-0.023137679057694926,0.03781598747296311,-0.16214635157579127,0.025442350422137272,0.03960405485003249,0.6666666666666666,0.8333333333333334,0.3333333333333333,1.0,-0.04102333426709683,0.11372056001316133,-0.1559294561093202,0.18618156260797117,0.7270097389514757
2025-10-31,MARKET,SPY,682.0599975585938,0.007102248148532775,0.019201708229143355,0.07043536425923058,0.20343705590775407,0.1944172453823083,0.0,0.0,0.0,0.030123158429645525,0.11984671080683196,0.75,1.0,0.75,1.0,-0.007603747185408877,0.006919578115131053,-0.00047606044810821757,0.0843318525456546,1.1295306596719599
2025-10-31,MATERIALS,XLB,42.834999084472656,-0.037523917392713435,-0.046628114989391345,-0.030333903242350302,0.00871303262817058,-0.08010307424548824,-0.0658298232185347,-0.10076926750158088,-0.1947240232795835,-0.042643554959234775,-0.0225396812975166,0.0,0.3333333333333333,0.16666666666666666,0.16666666666666666,-0.06556901625004491,-0.09634688495964683,-0.129860201116613,0.14455521138840546,1.041442018703342
2025-10-31,NUCLEAR,URA,55.119998931884766,0.07029124139582077,0.11129033523345266,0.3797246027343788,1.1331268810524548,0.803664918034874,0.09208862700430931,0.3092892384751482,0.9296898251447008,0.1419337364419948,0.5640539744093662,1.0,1.0,1.0,1.0,0.09169024107987667,0.26868749225288063,1.2168822432334492,0.3994374739805278,1.9777274201243107
2025-10-31,POWER_INDUSTRIALS,XLI,155.05999755859375,0.0009682647533308941,0.004209532291099105,0.028044790003232345,0.15217710988924393,0.15707785922403006,-0.01499217593804425,-0.04239057425599824,-0.05125994601851014,0.015967446209975922,0.08406842280405424,0.8333333333333334,1.0,0.8333333333333334,0.8333333333333334,0.017499921196527084,-0.016813361219574552,0.10283931329086278,0.09928597703172451,1.0802979421017542
2025-10-31,SEMI,SOXX,306.54998779296875,0.03613196434355115,0.09497784379721708,0.2621978587558951,0.6131662882816706,0.3897451502777649,0.07577613556807372,0.1917624944966645,0.40972923237391656,0.12485916206249392,0.3397797889097218,1.0,1.0,1.0,1.0,0.0800127147369254,0.31253482616283895,0.7010801430927661,0.18268890144409825,1.1290736462696913
2025-11-07,AI_SOFTWARE,IGV,109.4800033569336,-0.052203260910559046,-0.02328479852108578,0.003391098382478974,0.09820444052332644,0.08139081061866449,-0.05077239558550617,-0.03939450424909774,-0.09074183082624221,-0.033340371764571275,0.04759538221016313,0.3333333333333333,1.0,0.5,0.6666666666666666,-0.05389696082425257,-0.03422972715171888,0.04821820400416429,0.19852416580420845,0.7521429436977756
2025-11-07,COMMUNICATION_SERVICES,XLC,112.11000061035156,-0.023517089153008985,-0.0061170427547740935,0.005651213082590756,0.15363243731519738,0.1656269521171807,-0.03360463981919448,-0.03713438954898596,-0.03531383403437127,-0.030374844301051418,0.06438428747753533,0.16666666666666666,0.5,0.3333333333333333,0.3333333333333333,-0.04789800704819952,-0.07139570255329238,-0.04051009726979491,0.13733847810157593,0.9309845901183954
2025-11-07,CONSUMER_DISCRETIONARY,XLY,117.93000030517578,-0.016963248404418874,0.031081969881318283,0.029776491111308756,0.16525861539966935,0.09641133304166294,0.003594372816897895,-0.013009111520267957,-0.0236876559498993,-0.004524505422469183,0.08054000139173345,0.3333333333333333,0.5,0.6666666666666666,0.5,-0.005372294564754261,-0.02945958194844069,-0.03933900397935305,0.1303787875319672,0.8719218938076768
2025-11-07,CONSUMER_STAPLES,XLP,76.70999908447266,0.005637130467449403,-0.01779768779520552,-0.06474028012585431,-0.0519095833338048,-0.050853756816022,-0.04528528485962591,-0.10752588275743102,-0.24085585468337345,-0.024629042308571214,-0.04761314778308645,0.16666666666666666,0.5,0.3333333333333333,0.3333333333333333,-0.03273853978600418,-0.07243442203344651,-0.19682847293650116,0.10634394034824003,0.9934656747981329
2025-11-07,DEFENSIVE,XLU,44.845001220703125,0.0066218179280499445,-0.005654041287036615,0.04753561742891543,0.11777174512991406,0.13273556574542544,-0.033141638351457,0.00475001479733872,-0.07117452621965459,0.017366381356151317,0.08438144795920444,0.6666666666666666,0.6666666666666666,0.3333333333333333,0.6666666666666666,-0.024587652495622097,-0.030600016527523793,-0.13731971092042472,0.12196470025929107,0.9488831307585128
2025-11-07,ENERGY,XLE,44.77000045776367,0.015999134302193463,0.050692321437971755,0.04651710461080816,0.0862550113311733,-0.044906656901041675,0.023204724373551366,0.003731501979231444,-0.10269126001839535,0.014824564177365884,0.03228336500895734,0.6666666666666666,0.8333333333333334,0.8333333333333334,0.6666666666666666,0.029417516722051968,-0.009549050352047636,-0.11749636594362671,0.19433668441176202,0.9157851105685918
2025-11-07,FINANCIALS,XLF,52.779998779296875,0.007828906927139334,0.011886482624587691,0.0060998799162947925,0.05856394170077661,0.07298231861788684,-0.015601114439832697,-0.03668572271528192,-0.13038232964879204,-0.006587636832519728,0.02982349860151512,0.6666666666666666,1.0,1.0,0.8333333333333334,0.01604615701026002,0.025615246334198483,0.03974288191621941,0.10934391208389807,1.2615334331376586
2025-11-07,HEALTHCARE,XLV,146.13999938964844,0.013102248801722283,0.028358305270482997,0.07290207904211421,0.10144714694670087,-0.026901008677331806,0.0008707082060626092,0.030116476410537496,-0.08749912440286778,0.03248505446229455,0.05336375082618927,0.6666666666666666,0.8333333333333334,0.5,1.0,-0.030093430194858255,0.056995879783125813,-0.06490101581001904,0.16622663023331388,0.7924382777949045
2025-11-07,MARKET,SPY,670.969970703125,-0.0162596060393001,0.027487597064420388,0.042785602631576714,0.18894627134956865,0.12166697531667237,0.0,0.0,0.0,0.009422151359624875,0.0985204444947585,0.5,1.0,1.0,1.0,-0.004720836765773784,0.00016530989911150984,-0.006813603997096684,0.09516113933002011,1.1003895418977059
2025-11-07,MATERIALS,XLB,42.90999984741211,0.001750922482606887,-0.011859514074761712,-0.04676218084588912,0.014900687944762403,-0.09156347426809663,-0.0393471111391821,-0.08954778347746584,-0.17404558340480625,-0.033993693331521024,-0.019998002550735805,0.16666666666666666,0.16666666666666666,0.3333333333333333,0.16666666666666666,-0.04408018271995856,-0.07620715157298229,-0.11145429693638875,0.1367328778027669,1.1862241696359876
2025-11-07,NUCLEAR,URA,47.81999969482422,-0.13243830512554278,-0.07807980182106755,0.22583957324673776,0.7606774655184934,0.5425806353169103,-0.10556739888548794,0.18305397061516104,0.5717311941689247,-0.02376286027411112,0.33838984245711035,0.5,1.0,0.3333333333333333,1.0,-0.07924608667882956,0.19971362895117237,0.6939674481731858,0.5143076304247716,1.9300752825210576
2025-11-07,POWER_INDUSTRIALS,XLI,153.3300018310547,-0.0111569441169721,0.022881975144968703,0.019210312036348487,0.12651532689357348,0.0791048334355311,-0.004605621919451686,-0.023575290595228227,-0.062430944455995174,0.0037642175794756483,0.06917418275414744,0.8333333333333334,1.0,0.8333333333333334,0.8333333333333334,0.008098747939308445,0.0066305747694590704,0.0817744972560418,0.1028575155915048,1.0542331185575489
2025-11-07,SEMI,SOXX,294.3800048828125,-0.039699831658043805,0.08231925972402121,0.18548645376953288,0.5178921376560852,0.27238936767897504,0.05483166265960082,0.14270085113795616,0.32894586630651657,0.0611003552352245,0.2759603677435478,1.0,1.0,1.0,1.0,0.10560123786846602,0.3568253390632214,0.6532473116191296,0.22046883213334958,0.8460766507247035
2025-11-14,AI_SOFTWARE,IGV,107.44000244140625,-0.018633548163826785,-0.046503353297637884,-0.0001860845266775657,0.021681235259583653,0.062394990204303724,-0.057852075977242845,-0.0414375686473315,-0.10913326974191961,-0.05076598113493258,0.02738188897312077,0.0,0.8333333333333334,0.3333333333333333,0.5,-0.05801190479820728,-0.02833228267955314,0.006252223761046116,0.19997044618900656,0.9172550489774621
2025-11-14,COMMUNICATION_SERVICES,XLC,111.33000183105469,-0.006957441575688117,-0.031407695612255204,0.00017971676309125328,0.09382986015225203,0.1700472942270541,-0.042756418291860165,-0.04107176735756268,-0.036984644849251236,-0.034314651949460595,0.05482824852690671,0.16666666666666666,0.3333333333333333,0.16666666666666666,0.3333333333333333,-0.05543903454389215,-0.07127972397480736,-0.05323133909629363,0.13820540099670858,0.9677648838725349
2025-11-14,CONSUMER_DISCRETIONARY,XLY,115.44499969482422,-0.021071827388458808,-0.015058437022735682,-0.009480938035178577,0.06073414495295948,0.08175598176837817,-0.026407159702340643,-0.05073242215583251,-0.07008036004854379,-0.023762213886092898,0.05712814145789813,0.3333333333333333,0.6666666666666666,0.16666666666666666,0.3333333333333333,-0.031236972092349324,-0.06134612617639187,-0.08253016932591652,0.13406229535918757,0.884752067275125
2025-11-14,CONSUMER_STAPLES,XLP,77.26000213623047,0.007169900382245409,-0.030979570007610202,-0.06317447565606127,-0.05860847540489389,-0.03376684566228938,-0.04232829268721516,-0.1044259597767152,-0.18942298040639716,-0.01310575544879311,-0.040161977629974865,0.3333333333333333,0.5,0.16666666666666666,0.3333333333333333,-0.03301529614548587,-0.061566391189546245,-0.1504622667366695,0.10721733658614246,1.0487435377049108
2025-11-14,DEFENSIVE,XLU,44.380001068115234,-0.010369052066682038,-0.03068687963261596,0.03161321701255648,0.08006816508420322,0.12000002695558942,-0.04203560231222092,-0.009638267108097454,-0.05074633991730004,0.0008118619329746668,0.06970370994927033,0.6666666666666666,0.6666666666666666,0.5,0.6666666666666666,-0.006813315875907851,-0.02367251001827179,-0.072528250753099,0.12552644508476168,0.9184306226853013
2025-11-14,ENERGY,XLE,46.0099983215332,0.02769707060734472,0.0702488142627613,0.044020845022534116,0.07650904339374165,-0.028607691521514433,0.058900091583156344,0.00276936090188018,-0.05430546160776162,0.03745289731802415,0.059817702185144705,1.0,0.8333333333333334,1.0,0.6666666666666666,0.061290714580998405,-0.018615375648742032,-0.06784779886898507,0.19284279070158958,0.9906489141501167
2025-11-14,FINANCIALS,XLF,52.45000076293945,-0.006252330882714263,0.005174405062946974,-0.020907204373065813,0.01666990904841903,0.05173454754989271,-0.006174317616657987,-0.06215868849371975,-0.11414459595308424,-0.011645422236050695,0.02307030303359281,0.5,1.0,1.0,0.6666666666666666,0.01680722383986159,-0.011274876829949765,0.014905397106508178,0.0994347787448492,1.1080104203042884
2025-11-14,HEALTHCARE,XLV,151.8300018310547,0.038935284420216654,0.0597473113933531,0.09886374642204743,0.14080701787373018,0.07043151262755187,0.048398588713748136,0.05761226230139349,0.00999251287222691,0.06223109233372015,0.09331289884128724,0.8333333333333334,0.8333333333333334,0.8333333333333334,1.0,0.048896605195504296,0.09977184803830412,0.09854959943713626,0.17933703966751122,0.9490996506574134
2025-11-14,MARKET,SPY,671.9299926757812,0.0014307972257687762,0.011348722679604961,0.041251484120653936,0.13081450500150327,0.14712760166586647,0.0,0.0,0.0,0.007125543623062391,0.09689738119236413,0.5,1.0,0.5,0.75,-0.013452208107450264,-0.014829898459916974,-0.013112050434210154,0.0952598544975822,1.0259266494972188
2025-11-14,MATERIALS,XLB,43.3849983215332,0.011069645206483125,-0.01263086760404275,-0.05868956003687076,-0.0032166157251588556,-0.049408437736015554,-0.02397959028364771,-0.0999410441575247,-0.13403112072666212,-0.01756097097459397,-0.008719578265028893,0.16666666666666666,0.16666666666666666,0.3333333333333333,0.16666666666666666,-0.028433252054307228,-0.08357090244373482,-0.03514094916892189,0.12669751216915975,1.251683137609027
2025-11-14,NUCLEAR,URA,44.75,-0.0641990739108369,-0.16057027110825928,0.13463492794584053,0.6149405080664812,0.47689772695655264,-0.17191899378786424,0.0933834438251866,0.4841260030649779,-0.09387275158234121,0.23890008318180245,0.0,1.0,0.0,1.0,-0.1552723429391811,0.11064044533367105,0.5599224843936291,0.5431388633050879,1.4195607632944027
2025-11-14,POWER_INDUSTRIALS,XLI,152.00999450683594,-0.008608930466675324,0.0018453752532865408,-0.007378900922791032,0.05724019889701171,0.0927323257845234,-0.00950334742631842,-0.04863038504344497,-0.07357430610449156,-0.005580189197885721,0.05726409255928777,0.16666666666666666,1.0,0.3333333333333333,0.5,-0.026002120797928574,-0.029027911710371352,0.025182580845815077,0.09773162524082027,1.0662312239764669
2025-11-14,SEMI,SOXX,288.5199890136719,-0.019906297207493373,0.0012144760718666436,0.15829617108466465,0.3537276892210077,0.36603370977843364,-0.010134246607738318,0.11704468696401071,0.22291318421950446,0.024661177907813858,0.24092618129019194,1.0,1.0,1.0,1.0,0.04153261145509579,0.3539761235366831,0.5021732774770026,0.2311378511089528,0.7938490436668757
2025-11-21,AI_SOFTWARE,IGV,100.91999816894531,-0.06068507189411787,-0.13000001578495424,-0.0664199852592473,-0.009908781842505099,-0.0482836920254337,-0.10309714283829496,-0.0880927885589402,-0.14791373075872027,-0.09982073634861466,-0.03361567784191,0.0,0.3333333333333333,0.0,0.0,-0.11198725635192515,-0.08331073402098908,-0.053556033404120205,0.23599231120114628,1.1772833150672513
2025-11-21,COMMUNICATION_SERVICES,XLC,111.9000015258789,0.005119910944483719,-0.031588069489223436,0.004578527148083156,0.11687791994336938,0.1550372078683253,-0.004685196542564163,-0.017094276151609744,-0.021127028972845796,-0.0247601082029405,0.058576466588529996,0.16666666666666666,0.3333333333333333,0.16666666666666666,0.3333333333333333,-0.010651579408693379,-0.056340970972349004,-0.04864912388516333,0.13858914387010438,1.0779360876911845
2025-11-21,CONSUMER_DISCRETIONARY,XLY,112.75,-0.023344447156207537,-0.05116554521053418,-0.026926751295637374,0.0704961145681926,0.03392936125353496,-0.024262672263874907,-0.048599554595330274,-0.06750883434802257,-0.04122926787772563,0.03262736479831552,0.16666666666666666,0.6666666666666666,0.16666666666666666,0.16666666666666666,-0.03258882024427031,-0.06325534384427127,-0.08845861792066356,0.14199380971837583,1.1623304016402074
2025-11-21,CONSUMER_STAPLES,XLP,77.9000015258789,0.008283709189134347,-0.015046085056418357,-0.03565235574323977,-0.04534310070380232,-0.04814265625996328,0.011856787890240916,-0.05732515904293267,-0.1833480496200175,-0.001845086826399056,-0.031395693613524456,0.5,0.5,0.16666666666666666,0.3333333333333333,0.01742693496788017,-0.02064048262363673,-0.13850061586121482,0.1046723443464,1.163187729411138
2025-11-21,DEFENSIVE,XLU,44.07500076293945,-0.0068724717853805295,-0.035452433366976455,0.045422223018458885,0.08746612608963122,0.08225911391862017,-0.008549560420317182,0.023749419718765985,-0.05053882282658395,-0.009027220590117624,0.059463378725048255,0.5,0.6666666666666666,0.5,0.6666666666666666,0.04612659642497948,0.029007151152259047,-0.05668889766552546,0.11697823321343245,0.997344210736046
2025-11-21,ENERGY,XLE,44.709999084472656,-0.028254711681920064,0.015328698521619666,-0.0107312891608915,0.0906208134987525,-0.08070318438404778,0.04223157146827894,-0.0324040924605844,-0.04738413541746267,0.007208815386448686,0.0300656413560747,0.6666666666666666,0.6666666666666666,0.6666666666666666,0.16666666666666666,0.02800594383191,-0.056986543801943644,-0.05470061228390166,0.19682156671019377,1.0558294112166955
2025-11-21,FINANCIALS,XLF,51.66999816894531,-0.014871355245914097,-0.02711358359739091,-0.04297098420811474,0.03236761152006573,0.018529442838381538,-0.00021071065073163808,-0.06464378750780764,-0.10563733739614944,-0.022419861062742186,0.007919756997294192,0.0,1.0,0.16666666666666666,0.5,0.011019386573025536,-0.022989803802944204,0.03019313748092108,0.1003993880192843,1.3064964469216431
2025-11-21,HEALTHCARE,XLV,154.61000061035156,0.01830994365916072,0.058755063362166515,0.1250091599371661,0.1862053472024343,0.07248887821018313,0.08565793630882579,0.1033363566374732,0.04820039828621914,0.0693363762332222,0.11136869633009305,0.8333333333333334,0.8333333333333334,0.8333333333333334,1.0,0.10188036059463568,0.15168719313266854,0.1346902414390154,0.1776623649486591,1.267167984140887
2025-11-21,MARKET,SPY,659.030029296875,-0.019198374115636074,-0.026902872946659273,0.0216728032996929,0.13800494891621518,0.10666490653322458,0.0,0.0,0.0,-0.012449429244037913,0.07367717652696326,0.0,1.0,0.0,0.75,-0.011824004281315637,-0.01096703389315315,-0.006652651798684905,0.10625797098405414,1.225929759433301
2025-11-21,MATERIALS,XLB,43.17499923706055,-0.004840361705590435,-0.029884323090322185,-0.06426094910727487,0.007584615507880033,-0.08226164486152276,-0.0029814501436629115,-0.08593375240696777,-0.13042033340833514,-0.01638037664917169,-0.012530639789721132,0.0,0.16666666666666666,0.5,0.16666666666666666,0.006825358541812506,-0.08579342361495625,-0.07218224158658827,0.12597625753326075,1.5035155413312804
2025-11-21,NUCLEAR,URA,41.59000015258789,-0.07061452172987959,-0.19242718150314775,0.022621146423976723,0.30662897430963776,0.25573676008029755,-0.16552430855648848,0.0009483431242838236,0.16862402539342258,-0.15707336146091433,0.1407099701224943,0.0,1.0,0.0,0.8333333333333334,-0.15504494089711487,0.04181513824943894,0.29325912153825057,0.5679299092631184,1.2305268595558096
2025-11-21,POWER_INDUSTRIALS,XLI,149.6300048828125,-0.01565679698722977,-0.03408429833113713,-0.01565679698722977,0.06248670693276459,0.04893102898688695,-0.0071814253844778575,-0.03732960028692267,-0.07551824198345058,-0.019899352839759077,0.03852931426353279,0.16666666666666666,0.8333333333333334,0.0,0.16666666666666666,-0.022038767439010065,-0.028875829596814284,-0.00756012478225454,0.10190306522287017,1.3472753039256733
2025-11-21,SEMI,SOXX,270.8299865722656,-0.06131291804731076,-0.08460082477714714,0.10398654201217461,0.33703588979321397,0.2528564965828486,-0.05769795183048787,0.08231373871248171,0.1990309408769988,-0.04332469961294594,0.15889001360335464,0.3333333333333333,1.0,0.0,1.0,-0.0279128052942005,0.2807769457449365,0.44132733549165143,0.27359915585751937,0.9754932425108185
2025-11-28,AI_SOFTWARE,IGV,104.08999633789062,0.03141100105490069,-0.09886594742567223,-0.03745148025352674,0.00424500535971406,-0.006395626046938885,-0.10081594756437628,-0.09330406192261054,-0.15524191783844965,-0.060568080277196734,-0.004128374231642362,0.0,0.5,0.0,0.16666666666666666,-0.11049491409241101,-0.07839619382402692,-0.07492211848768537,0.2480064809796208,1.2053563511544818
2025-11-28,COMMUNICATION_SERVICES,XLC,115.38999938964844,0.031188541699549432,0.005051840809931818,0.0061033824513152535,0.13796841867106924,0.1726625772388959,0.0031018406712277624,-0.04974919921776855,-0.021518504527094473,0.009191952713354823,0.08840777239574393,0.3333333333333333,0.3333333333333333,0.3333333333333333,0.3333333333333333,0.0025985826598105555,-0.08793032293394944,-0.045938564234833945,0.14016834192268723,1.0116563564370376
2025-11-28,CONSUMER_DISCRETIONARY,XLY,118.2300033569336,0.04860313398610727,-0.014462493509942553,0.0057420190549570815,0.10598691926409254,0.06369772140224628,-0.01641249364864661,-0.05011056261412672,-0.05350000393407117,0.007481789202492761,0.0805809040276142,0.6666666666666666,0.6666666666666666,0.3333333333333333,0.5,-0.023873404516514412,-0.06353166873742466,-0.07372985090756752,0.1747759441005267,1.094206423775003
2025-11-28,CONSUMER_STAPLES,XLP,79.37000274658203,0.0188703618987065,0.04050870499127246,-0.018548286744844877,-0.04177229274399741,-0.046262898553807164,0.038558704852568404,-0.07440086841392868,-0.20125921594216112,0.017003481613284466,-0.012255000508402336,0.6666666666666666,0.5,0.8333333333333334,0.5,0.031343214817411,-0.04801463390247005,-0.16386524442836217,0.11401888182357359,1.1060365563023369
2025-11-28,DEFENSIVE,XLU,45.314998626708984,0.028133813778902672,0.017171703765418878,0.08577927312811573,0.10632323338813854,0.09284935391181492,0.015221703626714822,0.02992669145903193,-0.05316368981002517,0.012388125089139557,0.08588987120275915,0.8333333333333334,0.6666666666666666,0.8333333333333334,0.6666666666666666,0.046832370553708126,0.006136176153654378,-0.08073548115818054,0.12241948643914521,0.943092343028668
2025-11-28,ENERGY,XLE,45.224998474121094,0.011518662495953569,0.02632474488967773,0.035370836954006224,0.10940755921132661,-0.05317703230365389,0.024374744750973676,-0.020481744715077577,-0.0500793639868371,0.016600512319251637,0.04207466986226116,0.6666666666666666,0.8333333333333334,0.6666666666666666,0.6666666666666666,0.007722496085144322,-0.04254708097795904,-0.05868762716693532,0.18300648913903916,1.072059590049533
2025-11-28,FINANCIALS,XLF,53.33000183105469,0.032127031564461506,0.01833116132804502,0.0048992300306311964,0.04650711909655758,0.03876123242213292,0.016381161189340965,-0.050953351638452604,-0.11297980410160613,0.010746199478713248,0.03899397108976199,1.0,1.0,1.0,0.8333333333333334,0.024578851209775283,0.006385235943415557,0.04991662083631713,0.11954547054008842,1.2055543192446587
2025-11-28,HEALTHCARE,XLV,157.64999389648438,0.019662332799507576,0.09289423845049827,0.1432197307769678,0.1885554479939766,0.06946604694378089,0.09094423831179421,0.08736714910788401,0.0290685247958129,0.07522110185168018,0.13094049090036353,0.8333333333333334,0.8333333333333334,0.8333333333333334,1.0,0.10869780471240154,0.13350182162380217,0.11712271143704422,0.17797722985411948,1.3515761351683266
2025-11-28,MARKET,SPY,683.3900146484375,0.036963392059012,0.0019500001387040555,0.0558525816690838,0.1594869231981637,0.13416318727608156,0.0,0.0,0.0,0.021041177917852094,0.10959256280492347,1.0,1.0,0.75,1.0,0.001982523986852114,-0.007501519215140473,0.0032582850691167398,0.12904229331598344,1.1538233553626198
2025-11-28,MATERIALS,XLB,44.70000076293945,0.035321402497440646,0.04353920201536421,-0.027838164246197783,0.03544134025687229,-0.05676300192771411,0.04158920187666015,-0.08369074591528158,-0.12404558294129142,0.02002399013499989,0.021959576837439432,0.8333333333333334,0.5,0.6666666666666666,0.16666666666666666,0.039411259410463216,-0.09115960020900672,-0.05203202795634513,0.15195536454769332,1.2975913487710706
2025-11-28,NUCLEAR,URA,45.279998779296875,0.08872321743618405,-0.17851959984157106,0.11171125185852926,0.41455798667870947,0.3996909092752925,-0.18046959998027512,0.05585867018944546,0.25507106348054576,-0.07450180618607216,0.22576319852705362,0.3333333333333333,1.0,0.0,1.0,-0.15851919768616354,0.09677587037668052,0.33495049867423243,0.5940550959411882,0.9779688647078335
2025-11-28,POWER_INDUSTRIALS,XLI,153.69000244140625,0.02713357900224267,-0.008835258214613395,0.018286688528196482,0.07610975045331902,0.06736576552671014,-0.01078525835331745,-0.03756589314088732,-0.08337717274484469,0.006318562392576554,0.06323073571080307,0.6666666666666666,1.0,0.5,0.6666666666666666,-0.02170189556009013,-0.0028781587672909725,0.016890340341345733,0.11644670213720221,1.2823366543908161
2025-11-28,SEMI,SOXX,296.739990234375,0.09566888803576346,-0.03200129815441066,0.20113331944467516,0.447935916362717,0.37762302062543474,-0.03395129829311472,0.14528073777559136,0.2884489931645533,0.03688897647781331,0.25995281734832165,0.8333333333333334,1.0,0.3333333333333333,1.0,-0.011581422456010829,0.33204543315859497,0.5523173273259783,0.3275719307356612,0.9683115487483276
2025-12-05,AI_SOFTWARE,IGV,109.45999908447266,0.05158999841973522,-0.00018272078779280054,-0.019790446142294638,0.03283634286950021,-0.0053612353559651105,-0.022121156755136817,-0.06280778760671701,-0.111620688336727,-0.007165541183921431,0.04425389818507375,0.3333333333333333,1.0,0.16666666666666666,0.16666666666666666,-0.04215677371510005,-0.09008332558570077,-0.03235216109269037,0.2634035934522251,1.178850239201661
2025-12-05,COMMUNICATION_SERVICES,XLC,117.12999725341797,0.015079277866133944,0.044777420531053824,-0.0018747441292181755,0.12939926995867213,0.16050725155314827,0.022838984563709808,-0.04489208559364055,-0.01505776124755509,0.025342466210868775,0.10089239527855964,0.5,0.5,0.6666666666666666,0.16666666666666666,0.0033933435863840455,-0.06929618540701997,-0.056301810157901346,0.13492765639780008,0.9547215499969509
2025-12-05,CONSUMER_DISCRETIONARY,XLY,119.7300033569336,0.01268713488463269,0.015263317621468708,0.0034781955918004037,0.1286233151738616,0.028608262778367255,-0.006675118345875308,-0.03953914587262197,-0.015833716032365608,0.020372533724648756,0.09136032571574093,0.8333333333333334,0.6666666666666666,0.6666666666666666,0.6666666666666666,-0.007615966581091482,-0.056532551836359,-0.015843181300791393,0.1739596495687932,1.0465429657231682
2025-12-05,CONSUMER_STAPLES,XLP,78.45999908447266,-0.01146533489503454,0.022813192815618555,-0.02315737820491326,-0.039539763256224325,-0.04758434449671789,0.0008747568482745383,-0.06617471966933564,-0.18399679446245154,0.004699512809235973,-0.022174323595653855,0.5,0.5,0.5,0.5,-0.005753296827603264,-0.046856774063173866,-0.1454740341294313,0.11545924739013841,1.090314855122414
2025-12-05,DEFENSIVE,XLU,43.29999923706055,-0.04446650007092312,-0.03445204463344542,0.012865479229486443,0.06663377103134294,0.08671095270445695,-0.05639048060078944,-0.030151862234935933,-0.07782326017488428,-0.0324022516857978,0.0353154815099086,0.6666666666666666,0.6666666666666666,0.5,0.6666666666666666,-0.007338937778832673,-0.011923056515322735,-0.09016024616125239,0.1556753854315326,0.9242210996710903
2025-12-05,ENERGY,XLE,45.91999816894531,0.015367600182936814,0.025686792482089826,0.036568825277303985,0.10106692609594914,0.009009005988429575,0.0037483565147458098,-0.006448516187118392,-0.04339010511027808,0.03239727665313574,0.0578329246469953,0.8333333333333334,0.8333333333333334,0.6666666666666666,0.8333333333333334,0.006610212307194681,-0.013741253473619394,-0.043208518925920814,0.18335578342997724,1.0662734434863772
2025-12-05,FINANCIALS,XLF,53.68000030517578,0.006562881344535976,0.0170519429081899,-0.0022304634495626807,0.046801902944815454,0.0650793388887636,-0.004886493059154118,-0.04524780491398506,-0.09765512826141176,0.017726803062458663,0.04504926450277025,1.0,1.0,1.0,0.6666666666666666,0.022813119730376957,0.008797698750546201,0.06860073565326741,0.11668825670410517,1.1183860132358396
2025-12-05,HEALTHCARE,XLV,153.25999450683594,-0.027846492607738305,0.04872037188260614,0.1096951258383303,0.1404970154636318,0.06224005963068824,0.026781935915262123,0.06667778437390792,-0.003960015742595413,0.03277016638318386,0.09859464245058502,0.6666666666666666,0.8333333333333334,1.0,0.8333333333333334,0.0500670239018548,0.0835819857597132,0.07226841212838302,0.19539935098874692,1.3673623885051887
2025-12-05,MARKET,SPY,685.6900024414062,0.003365556627501931,0.021938435967344017,0.043017341464422376,0.14445703120622722,0.1281321551070813,0.0,0.0,0.0,0.020836863157158936,0.10920678087962332,1.0,1.0,1.0,1.0,0.005395937317017208,0.0013399109781448426,0.0012200442996003202,0.12659091204009795,1.0820380593872063
2025-12-05,MATERIALS,XLB,44.09000015258789,-0.013646545859956949,0.027499424595009536,-0.038176265143428534,0.0045568641084698935,-0.04058321410416088,0.00556098862766552,-0.08119360660785091,-0.13990016709775732,0.006862386886922867,0.00818046914594217,0.6666666666666666,0.5,0.6666666666666666,0.3333333333333333,0.00679754531046195,-0.0847819198775388,-0.05822442031382417,0.1538428997823653,1.0426474618916624
2025-12-05,NUCLEAR,URA,47.91999816894531,0.05830387501811307,0.0020911433450283567,0.13959569651338488,0.42449462064173105,0.5069182175670652,-0.01984729262231566,0.0965783550489625,0.28003758943550383,-0.019559728547400845,0.2772450321424209,0.3333333333333333,1.0,0.5,1.0,-0.04326981624228402,0.09084476078728258,0.3172006451210332,0.6006831134974937,0.7653525187956367
2025-12-05,POWER_INDUSTRIALS,XLI,154.5800018310547,0.005790873677601338,0.008152351040713546,0.019791528986413898,0.06658393460945788,0.0997439137448517,-0.01378608492663047,-0.02322581247800848,-0.07787309659676933,0.010822310485889552,0.06602303168111856,0.8333333333333334,1.0,0.6666666666666666,0.8333333333333334,-0.01995973694888122,-0.008845104475741142,0.007752004373403547,0.11664873326034178,1.2002564089822652
2025-12-05,SEMI,SOXX,309.3999938964844,0.042663624987350435,0.051022449774233314,0.21029570738221826,0.4235759598314863,0.4074511728124657,0.029084013806889297,0.16727836591779588,0.2791189286252591,0.06601433659579325,0.2997883612323533,0.8333333333333334,1.0,0.5,1.0,0.015591474766767718,0.27304208464865626,0.48603273085070403,0.3300755128933111,0.8640198377461749
2025-12-12,AI_SOFTWARE,IGV,107.97000122070312,-0.01361225905565433,0.004932974378755395,-0.07867566369676482,0.015997032382965015,0.020799892667680675,-0.009696551311411117,-0.10588674886540594,-0.12597953338860113,-0.01454856265880844,0.026477168662462747,0.3333333333333333,0.8333333333333334,0.5,0.16666666666666666,-0.0376194772968233,-0.1255413903947804,-0.09386585449728552,0.2377277282951162,1.1660809084827053
2025-12-12,COMMUNICATION_SERVICES,XLC,116.55000305175781,-0.004951713611034303,0.046887641559770765,-0.02395109725014677,0.13618640057845943,0.15464632685552848,0.032258115869604254,-0.051162182418787894,-0.005790165193106711,0.020122380158988262,0.09127172324035349,0.5,0.5,0.6666666666666666,0.16666666666666666,-0.008497769323507412,-0.09484775483067322,-0.06900658880226214,0.12909684174686545,1.0111506690762766
2025-12-12,CONSUMER_DISCRETIONARY,XLY,120.69999694824219,0.008101508094148224,0.04551948778474091,4.1403980534537865e-05,0.14007739507817218,0.025096557244302486,0.030889962094574397,-0.027169681188106587,-0.001899170693393959,0.02708978615096025,0.09574115565230468,0.6666666666666666,0.8333333333333334,0.6666666666666666,0.5,0.022014705493111908,-0.040752694671107724,-0.009455691543534836,0.1730702223203282,0.9303940366200525
2025-12-12,CONSUMER_STAPLES,XLP,79.41999816894531,0.012235522504137286,0.027957493825927937,0.0005039168167220165,-0.019021750653931302,-0.03193567427284305,0.013327968135761425,-0.02670716835191911,-0.16099831642549745,0.015185578790345655,-0.009148125023106246,0.6666666666666666,0.5,0.5,0.6666666666666666,0.0047373236882212915,-0.00879375837253756,-0.11774885759376957,0.11653329997088165,1.082515514361563
2025-12-12,DEFENSIVE,XLU,42.83000183105469,-0.010854443747970954,-0.034925624149525825,0.00835793689668729,0.05207572572485342,0.10329732528991009,-0.049555149839692336,-0.018853148271953835,-0.08990084004671273,-0.039416835860842436,0.021522252695330035,0.6666666666666666,0.6666666666666666,0.5,0.8333333333333334,-0.006980718489086398,0.02426385110080002,-0.0760262613290909,0.15697780472205333,0.9714446130618324
2025-12-12,ENERGY,XLE,45.5099983215332,-0.00892856846168999,-0.010867203178444695,0.028242206222404143,0.03314413416026385,0.020174797105311004,-0.025496728868611207,0.0010311210537630178,-0.1088324316113023,0.0207583123216748,0.047305329814698815,0.8333333333333334,0.8333333333333334,0.3333333333333333,0.8333333333333334,-0.009069802695443996,0.012675582016124102,-0.11112859413841403,0.18497848326517352,0.9904287419441711
2025-12-12,FINANCIALS,XLF,54.95000076293945,0.023658726723986723,0.04766444163269612,0.012903239869851646,0.09987993934967188,0.1092046779861171,0.03303491594252961,-0.014307845298789479,-0.04209662642189427,0.03938111392941024,0.06674692538791138,1.0,1.0,1.0,1.0,0.06161741387445067,0.027034171189268208,0.11980897234441934,0.125892315677083,1.1265473567084205
2025-12-12,HEALTHCARE,XLV,154.05999755859375,0.005219907871797158,0.014687451100872995,0.12215023011553172,0.1317122752711004,0.0927015501539461,5.792541070648305e-05,0.0949391449468906,-0.010264290500465734,0.03173698568992278,0.1033840499874763,0.8333333333333334,0.8333333333333334,0.8333333333333334,1.0,0.018592603464480457,0.12929581424226377,0.061201605638394975,0.19271817159724494,1.279726415338969
2025-12-12,MARKET,SPY,681.760009765625,-0.005731442287022492,0.014629525690166512,0.027211085168641125,0.14197656577156614,0.12834939006767798,0.0,0.0,0.0,0.013093123805138385,0.09814901424927824,1.0,1.0,1.0,1.0,0.016315628939793825,0.002277420431475552,0.011077816815323771,0.12721837363772331,1.0692201028078738
2025-12-12,MATERIALS,XLB,45.150001525878906,0.024041763883477785,0.040682338887395586,-0.00583506295951286,0.033417325361905226,0.011991478813959677,0.026052813197229074,-0.033046148128153985,-0.10855924040966092,0.03055137911343886,0.03168758389180204,0.5,0.5,0.5,0.3333333333333333,0.026675622996712795,-0.04327341051636759,-0.03793079108747344,0.16282039493051872,0.9658121809404672
2025-12-12,NUCLEAR,URA,46.04999923706055,-0.03902335148870317,0.029050262280682526,-0.06837954778975219,0.2745640153799973,0.5668594825925717,0.014420736590516015,-0.09559063295839332,0.13258744960843116,-0.050926409472317746,0.20958208402283107,0.16666666666666666,1.0,0.6666666666666666,0.5,0.014643011171179684,-0.04730323732200566,0.18233848266276695,0.48255513222142504,0.7007729062239291
2025-12-12,POWER_INDUSTRIALS,XLI,156.74000549316406,0.013973370659356776,0.031116447320938656,0.023641656814356926,0.09877330669151152,0.14050799568139505,0.016486921630772144,-0.0035694283542841987,-0.04320325908005462,0.02338764743451982,0.07674397796254695,0.6666666666666666,0.8333333333333334,0.8333333333333334,0.8333333333333334,0.02446406448354153,0.002230545875936111,0.04026032064220927,0.11820751659846841,1.130065746440566
2025-12-12,SEMI,SOXX,299.4800109863281,-0.03206200098851708,0.03798704557741028,0.12645763743012273,0.3553584444543425,0.3411554271985964,0.02335751988724377,0.0992465522614816,0.21338187868277636,0.024942557858584014,0.24560427730460166,0.8333333333333334,1.0,0.6666666666666666,0.8333333333333334,0.017262511879523195,0.19760571533705643,0.41880725432783955,0.34026030341552577,0.838777498029987
2025-12-19,AI_SOFTWARE,IGV,107.76000213623047,-0.0019449762165270057,0.06777649714018663,-0.06271200320013848,0.025211697369335928,0.03995366994704108,0.03506175486721874,-0.09107321821861225,-0.12002286092587022,-0.0125628682597132,0.020575370584313246,0.3333333333333333,0.8333333333333334,0.8333333333333334,0.16666666666666666,0.03606664268287028,-0.09240421920375208,-0.07383127513223593,0.23608324137262038,0.9650992283891944
2025-12-19,COMMUNICATION_SERVICES,XLC,116.5199966430664,-0.00025745523728626374,0.04128681907228615,-0.013962947883945365,0.13302217806609828,0.18946506463918134,0.008572076799318262,-0.04232416290241914,-0.012212380229107866,0.01654987482283099,0.08592221210482864,0.6666666666666666,0.5,0.6666666666666666,0.16666666666666666,-0.01843702575821306,-0.07733795153403579,-0.05489984369372545,0.12765307325427722,0.9450998770460511
2025-12-19,CONSUMER_DISCRETIONARY,XLY,121.8499984741211,0.009527767646688945,0.08070952083477678,0.016645071639156406,0.1567306123998018,0.06461051526592132,0.04799477856180889,-0.011716143379317367,0.011496054104595643,0.030321979106126662,0.10031265541867618,0.5,0.6666666666666666,0.8333333333333334,0.6666666666666666,0.017625324831909667,-0.05056101313745315,-0.011556696762620389,0.1732191533292956,0.6661797172848718
2025-12-19,CONSUMER_STAPLES,XLP,78.77999877929688,-0.008058416071566876,0.01129649853890724,0.010518210677962214,-0.02764746922463901,-0.014510928529926193,-0.02141824373406065,-0.01784300434051156,-0.17288202751984516,0.006130252609155562,-0.016908981820740854,0.5,0.5,0.5,0.6666666666666666,-0.036222794855624685,-0.007974622190916011,-0.12712427099928506,0.11100028934857802,0.990089342381487
2025-12-19,DEFENSIVE,XLU,42.630001068115234,-0.004669641708827554,-0.03278501803315337,-0.017855033590078007,0.05545931449161867,0.11553057432680292,-0.06549976030612126,-0.04621624860855178,-0.08977524380358748,-0.038576452256457894,0.014818810551735506,0.5,0.6666666666666666,0.5,0.6666666666666666,-0.04765816971443382,0.021407118812242665,-0.061928534805538095,0.1497668405962743,0.8779055771156442
2025-12-19,ENERGY,XLE,44.130001068115234,-0.03032294669993474,-0.0129724452747495,-0.04054784013652135,-0.008091719414922038,0.04896604203076449,-0.04568718754771739,-0.06890905515499512,-0.1533262777101282,-0.013557125498412703,0.015986331065286796,0.5,0.5,0.3333333333333333,0.16666666666666666,-0.025858028759467633,-0.06202755440685709,-0.15125716357285265,0.1764144207750238,0.9302606313972702
2025-12-19,FINANCIALS,XLF,54.84000015258789,-0.0020018309158196246,0.06135092115307672,0.01819531249778672,0.08895948149205268,0.13048860132087148,0.02863617888010883,-0.010165902520687053,-0.05627507680315347,0.03206865570602635,0.06135602225156833,1.0,1.0,1.0,1.0,0.06100585278103943,0.029418832278044538,0.0823583014297657,0.12471429646112724,0.8975287737510453
2025-12-19,HEALTHCARE,XLV,154.94000244140625,0.005712092021018078,0.0021344145252697455,0.14346865270410514,0.16847658604518223,0.12275364087975538,-0.030580327747698144,0.11510743768563136,0.02324202774997608,0.028790756766903458,0.1077013452596216,0.8333333333333334,0.8333333333333334,0.8333333333333334,0.8333333333333334,-0.025608739792718143,0.1444925726284021,0.11106600756157614,0.18597000389700902,0.9570916153301343
2025-12-19,MARKET,SPY,680.5900268554688,-0.001716121352671407,0.03271474227296789,0.028361215018473773,0.14523455829520615,0.1512983147214746,0.0,0.0,0.0,0.007228026617703609,0.09108955897355031,1.0,1.0,1.0,1.0,0.012595460023178684,0.0030749695150131817,0.0050062461904969435,0.12702312390917744,0.968177352126324
2025-12-19,MATERIALS,XLB,45.369998931884766,0.004872589115634041,0.05083960008365396,0.021386780776672998,0.04998842613232779,0.060294413675069825,0.018124857810686068,-0.006974434241800775,-0.09524613216287836,0.030995754751459215,0.03530698400495824,0.5,0.5,0.6666666666666666,0.5,0.0343088121647304,0.02340390463866206,-0.014373224582148847,0.1553545316989778,0.7457169609844151
2025-12-19,NUCLEAR,URA,45.88999938964844,-0.0034744810002806936,0.1033902193143652,-0.05205537008276573,0.24802825179076526,0.6406864682237552,0.07067547704139732,-0.0804165851012395,0.10279369349555911,-0.042422223175306195,0.18822134928008483,0.16666666666666666,1.0,1.0,0.3333333333333333,0.05156456618196462,-0.057154136375605846,0.11747530830579352,0.4810424959472087,0.6472702202938713
2025-12-19,POWER_INDUSTRIALS,XLI,155.86000061035156,-0.005614424218269409,0.04163600564217229,0.02149691139031895,0.09475314993204975,0.16469879001526566,0.008921263369204402,-0.006864303628154822,-0.0504814083631564,0.013697202961582944,0.06617050440293948,0.6666666666666666,0.8333333333333334,0.6666666666666666,0.8333333333333334,0.012337063809337115,-0.011158619825897739,-0.0012868334476309566,0.11875364128633414,0.8227990163609298
2025-12-19,SEMI,SOXX,299.80999755859375,0.0011018651000407331,0.10700443977090912,0.11524016119384894,0.3318377537457442,0.395633494724275,0.07428969749794123,0.08687894617537517,0.18660319545053805,0.016394670896272334,0.23431046345217377,0.8333333333333334,1.0,1.0,1.0,0.1082382290221443,0.22639386125572203,0.4426022256577824,0.3408786335625669,0.6683382681325052
2025-12-26,AI_SOFTWARE,IGV,108.0999984741211,0.0031551255674697742,0.03852437580277601,-0.0586084059010572,0.002969008150385033,0.056902617953514145,0.028398411475193397,-0.0901380825244591,-0.11965060725198229,-0.005272715944183437,0.020174621943394255,0.3333333333333333,0.8333333333333334,0.6666666666666666,0.3333333333333333,0.02205470749090399,-0.08810346393511032,-0.062308453869169576,0.23657956566937594,0.8827748251355868
2025-12-26,COMMUNICATION_SERVICES,XLC,117.97000122070312,0.012444255230100065,0.022358972568693236,0.013575065206119508,0.09556092947961048,0.2018133335323069,0.012233008241110621,-0.017954611417282385,-0.027058685922756842,0.026486617487965658,0.09424241147001622,0.6666666666666666,0.5,0.5,0.5,-0.018121648953975555,-0.043771250065907784,-0.08055591537792117,0.12618993647287055,0.854235542157479
2025-12-26,CONSUMER_DISCRETIONARY,XLY,122.05000305175781,0.001641399919091402,0.03230990092499386,0.0262339421388722,0.11670254903244648,0.06250544209540743,0.022183936597411247,-0.0052957344845296905,-0.0059170663699208426,0.027806806908157622,0.09634573113652278,0.6666666666666666,0.6666666666666666,0.3333333333333333,0.6666666666666666,-0.0012834160112754622,-0.03890992155691,-0.04157269973588897,0.17191975896883796,0.6694191199461733
2025-12-26,CONSUMER_STAPLES,XLP,78.2300033569336,-0.00698140937910019,-0.014363101300226777,0.002563175455153166,-0.028801981464029125,-0.01349305994510297,-0.024489065627809392,-0.028966501168248726,-0.15142159686639645,0.0010237153798284826,-0.02343721521171216,0.3333333333333333,0.3333333333333333,0.16666666666666666,0.6666666666666666,-0.03481870477187077,-0.021042175015992926,-0.12218930202669098,0.11223345022951306,0.902191673395724
2025-12-26,DEFENSIVE,XLU,42.779998779296875,0.003518595060365337,-0.05594173947338399,-0.03767861844035991,0.05201027458877916,0.12460561907701573,-0.0660677038009666,-0.0692082950637618,-0.07060934081358816,-0.02861038530711668,0.01633003231854846,0.5,0.5,0.16666666666666666,0.6666666666666666,-0.034218157585631605,-0.007870092843652718,-0.04769325574214006,0.13892313673446066,0.8345257710674591
2025-12-26,ENERGY,XLE,44.20000076293945,0.0015862155705859138,-0.022664405655384856,-0.005736161457923994,0.036342302030635265,0.04541159032820841,-0.03279036998296747,-0.037265838081325886,-0.08627731337173206,-0.014657494521084447,0.01880586307803722,0.5,0.6666666666666666,0.5,0.3333333333333333,-0.009323828912059962,-0.02547219651857367,-0.07639415013213778,0.1624807673654722,0.8882727306936601
2025-12-26,FINANCIALS,XLF,55.619998931884766,0.01422317244942728,0.04294012792432689,0.03536853440072907,0.07085098965103609,0.14092305501302094,0.03281416359674427,0.003838857777327176,-0.05176862575133123,0.04001494037456266,0.07325307636210954,1.0,1.0,1.0,1.0,0.0504316181545286,0.06061677663009261,0.06565582110597623,0.12690796181762362,0.8465406440271359
2025-12-26,HEALTHCARE,XLV,156.0500030517578,0.007164067334846758,-0.010149006702639962,0.0775445046235752,0.16516099145562446,0.12306589765442921,-0.020274971030222577,0.04601482800017331,0.04254137605325714,0.02744238202676552,0.11375585365713548,0.8333333333333334,0.8333333333333334,0.8333333333333334,0.6666666666666666,-0.005081999161293926,0.06232081142453666,0.14441824415776516,0.13298909361890077,0.8194400371600589
2025-12-26,MARKET,SPY,690.3099975585938,0.014281682539537321,0.010125964327582615,0.03152967662340189,0.12261961540236732,0.1601653522274482,0.0,0.0,0.0,0.017709020717595836,0.1010971262049456,1.0,1.0,1.0,1.0,-2.2628061446872128e-05,-0.005993139851158291,0.0022051170291660926,0.12819104511185628,0.929961209184026
2025-12-26,MATERIALS,XLB,46.11000061035156,0.016310374606307132,0.031543620209088186,0.02626308250970233,0.04926614929029882,0.0857075414416053,0.02141765588150557,-0.005266594113699563,-0.0733534661120685,0.04267011867311621,0.05026694137772836,0.6666666666666666,0.5,0.6666666666666666,0.5,0.05010515924169606,0.025398879255306945,0.019951119022038128,0.15706661264178126,0.6959888398421413
2025-12-26,NUCLEAR,URA,45.880001068115234,-0.00021787582624066548,0.01325093429756663,-0.07499995000900606,0.205148448539463,0.632740229369191,0.003124969969984015,-0.10652962663240795,0.08252883313709569,-0.02755401625125742,0.17212003036340273,0.3333333333333333,1.0,0.5,0.3333333333333333,-0.006387596989438897,-0.08991921319320396,0.13113362885471022,0.4772325243039164,0.6219314375862617
2025-12-26,POWER_INDUSTRIALS,XLI,157.2100067138672,0.0086616585283521,0.02290327423088523,0.018133559907717922,0.07098585669544244,0.17972394712805317,0.012777309903302614,-0.01339611671568397,-0.05163375870692488,0.01884618944623684,0.07083443760039931,0.6666666666666666,0.8333333333333334,0.6666666666666666,0.8333333333333334,-3.315079723511157e-05,-0.006188258694866407,-0.015753465825716333,0.11761167282012636,0.7297931033660424
2025-12-26,SEMI,SOXX,306.0400085449219,0.020779864037424378,0.03134063023727074,0.09315622905363785,0.28125264909531666,0.3807977323032572,0.021214665909688124,0.06162655243023596,0.15863303369294934,0.031267630189771634,0.24627773479965498,1.0,1.0,1.0,1.0,0.07826539771670467,0.1579313866162471,0.4352659586930974,0.33458354124269235,0.6265611006270478
2026-01-02,AI_SOFTWARE,IGV,102.62000274658203,-0.05069376322748942,-0.0624885473698209,-0.0844856267348042,-0.07773878096026154,0.01133341393558851,-0.05881338873796471,-0.13065567126199729,-0.17021639884998196,-0.043927869166237365,-0.0344463957435156,0.0,0.16666666666666666,0.0,0.0,-0.05306059033704106,-0.1426866037247631,-0.12531063001351098,0.2529735107791836,0.8317886728903368
2026-01-02,COMMUNICATION_SERVICES,XLC,116.9000015258789,-0.00907009988770302,-0.001963593724342516,0.036347503219834376,0.08200666915283428,0.19431962409251868,0.001711564907513674,-0.009822541307358712,-0.010470948736886143,0.015982839223266154,0.07902298145346331,0.6666666666666666,0.5,0.16666666666666666,0.5,-0.018524647426492458,-0.05731229678103137,-0.06339960906086321,0.10662160623415774,0.8265108520562561
2026-01-02,CONSUMER_DISCRETIONARY,XLY,118.3499984741211,-0.030315481238191055,-0.011525973808741097,0.03475408501963795,0.07002391286218401,0.047901504478199186,-0.007850815176884907,-0.01141595950755514,-0.022453705027536408,-0.002948622795946987,0.05839622937212097,0.0,0.5,0.0,0.6666666666666666,-0.02157575364704717,-0.037393235408850166,-0.048639171868821184,0.16358106753702736,0.620705927511743
2026-01-02,CONSUMER_STAPLES,XLP,77.69000244140625,-0.006902734147454015,-0.009813875249187864,-0.005249629202626616,-0.054636138319492655,-0.008170552466331027,-0.006138716617331674,-0.051419673729819704,-0.14711375620921308,-0.004102014696085732,-0.029354226388550453,0.16666666666666666,0.3333333333333333,0.0,0.3333333333333333,-0.016078374104835997,-0.05504841531164606,-0.11606760028110959,0.11321574908076669,0.7362840384112822
2026-01-02,DEFENSIVE,XLU,43.18000030517578,0.009350199562709882,-0.0027713379676472805,-0.042572022924724284,0.05522977119646133,0.1203943767364839,0.0009038206642089097,-0.08874206745191737,-0.03724784669325909,-0.01389634048845445,0.023286412688978686,0.3333333333333333,0.5,0.3333333333333333,0.5,0.004474055670434999,-0.0275170686830636,-0.03785925481041652,0.1362344563183653,0.7563545211853167
2026-01-02,ENERGY,XLE,45.650001525878906,0.032805446559069695,-0.005879718071265083,0.0713447752166616,0.04906359108759073,0.043786461387954834,-0.002204559439408893,0.025174730689468516,-0.04341402680212969,0.01401634980673494,0.052570939505097725,0.8333333333333334,1.0,0.6666666666666666,1.0,0.021458436124191644,0.06000624896986706,-0.0339453247775795,0.14608689636783959,0.8242176527246526
2026-01-02,FINANCIALS,XLF,54.93000030517578,-0.012405585040625278,0.02328613995703499,0.05310583715235784,0.032712948362308536,0.1304795252660691,0.02696129858889118,0.0069357926251647495,-0.059764669527411884,0.023629391646065923,0.05702204687358514,1.0,1.0,1.0,1.0,0.03734539034092421,0.08096538999115725,0.046354559712356504,0.11072135131513687,0.8025134620774875
2026-01-02,HEALTHCARE,XLV,155.50999450683594,-0.0034604840394829584,0.014680934886107222,0.09429310983697436,0.1476752362128113,0.11909892770116848,0.018356093517963412,0.04812306530978128,0.05519761832309089,0.017535796302722284,0.10772953201552338,1.0,0.8333333333333334,1.0,0.6666666666666666,0.038545758307653756,0.06372852741246028,0.15381000610463916,0.12277204241770816,0.6532461616220266
2026-01-02,MARKET,SPY,683.1699829101562,-0.010343200408062247,-0.00367515863185619,0.04617004452719309,0.09247761788972042,0.15410080044262475,0.0,0.0,0.0,0.006304379875028854,0.08419544406380397,0.75,1.0,0.25,1.0,-0.0030479338484161456,-0.0026035661702616952,-0.004614163438991181,0.1172103137557827,0.9039995864655301
2026-01-02,MATERIALS,XLB,46.119998931884766,0.00021683629149538142,0.046042158590868576,0.0620610188180315,0.009521671128767117,0.10878705561689972,0.049717317222724766,0.01589097429083841,-0.0829559467609533,0.03910147013996057,0.04834858272512976,0.6666666666666666,0.5,0.6666666666666666,0.5,0.06059431346068032,0.024852548577050566,-0.005841867912205294,0.13475616630059456,0.622181659600678
2026-01-02,NUCLEAR,URA,46.060001373291016,0.003923284677098016,-0.03881462576640238,-0.112010751460076,0.21530341738483294,0.5970874178084193,-0.03513946713454619,-0.15818079598726908,0.12282579949511252,-0.012350937263746475,0.15971225219275498,0.6666666666666666,1.0,0.8333333333333334,0.16666666666666666,0.026383368140955803,-0.09519989359676122,0.21299419733472078,0.46420122698712085,0.5936112619837876
2026-01-02,POWER_INDUSTRIALS,XLI,157.97999572753906,0.004897837165501295,0.021995043706884765,0.053902616144430704,0.05728816532921632,0.19032545414786806,0.025670202338740955,0.007732571617237616,-0.0351894525605041,0.021803352602930204,0.07100362271912797,0.6666666666666666,0.8333333333333334,0.6666666666666666,0.8333333333333334,0.017200338123571246,0.004424264492642771,0.010747385873327667,0.09451018790813712,0.6373017948354731
2026-01-02,SEMI,SOXX,313.69000244140625,0.02499671181182017,0.013865574109730439,0.15331451047554423,0.2891016978804868,0.4100328166502216,0.01754073274158663,0.10714446594835114,0.19662407999076637,0.050732908353415374,0.2613772031188941,1.0,1.0,1.0,1.0,0.09909778392141351,0.24683342463290084,0.5158548888152129,0.32509253933209287,0.641314666052106
2026-01-09,AI_SOFTWARE,IGV,105.0,0.02319233277838939,-0.0275076520063392,-0.06815761700723932,-0.023074090802711278,0.08013579867188425,-0.045563855629701666,-0.1128301617797347,-0.13604354777753558,-0.012080843701175126,-0.017530071158567972,0.16666666666666666,0.16666666666666666,0.3333333333333333,0.16666666666666666,-0.027979399432570533,-0.12139896307337944,-0.10612860202959906,0.2596661248679601,0.6520104357380925
2026-01-09,COMMUNICATION_SERVICES,XLC,117.91000366210938,0.008639881292104912,0.011668816600095777,0.02583957854200647,0.11225357311649287,0.23066492711264397,-0.0063873870232666885,-0.018832966230488912,-0.0007158838583314342,0.022007289318348944,0.08069467612075032,0.6666666666666666,0.5,0.8333333333333334,0.5,-0.0024667326460547367,-0.06109855648525427,-0.044357151612346046,0.10138216951927778,0.7992928059181531
2026-01-09,CONSUMER_DISCRETIONARY,XLY,124.41000366210938,0.051204100262945085,0.030737421770259843,0.06142824531930691,0.12369604640028187,0.12680010448006662,0.012681218146897377,0.016755700546811525,0.010726589425457567,0.04419425904946217,0.10443829243543301,0.8333333333333334,0.8333333333333334,0.5,0.5,-0.0042141992808390665,-0.016750947675042278,-0.015106167564157244,0.1876248208335845,0.8139374205541834
2026-01-09,CONSUMER_STAPLES,XLP,79.25,0.02007977229464375,-0.002140495755032501,-0.006020360425481597,-0.01930451188867599,0.03811899137680497,-0.020196699378394967,-0.05069290519797698,-0.1322739688635003,0.012042336684562782,-0.01010813950880729,0.5,0.3333333333333333,0.16666666666666666,0.3333333333333333,-0.026934588429048223,-0.057607225865417534,-0.09730641815568891,0.11252560481605563,0.863629528185075
2026-01-09,DEFENSIVE,XLU,42.5099983215332,-0.015516488626848624,-0.007471480173728562,-0.07153001063216158,0.031170403759232856,0.124900695730507,-0.025527683797091028,-0.11620255540465696,-0.08179905321559144,-0.024653301002137695,0.0042878563712422935,0.5,0.6666666666666666,0.16666666666666666,0.5,-0.02296141650691828,-0.037079921310192644,-0.04785828556005667,0.13127629127253906,0.792428321620291
2026-01-09,ENERGY,XLE,46.66999816894531,0.022343846855912508,0.025488901124903984,0.0856012176506098,0.047234367936785926,0.05600177602017142,0.007432697501541519,0.040928672878114414,-0.06573508903803837,0.030709233778159595,0.07158639035288461,0.8333333333333334,1.0,0.8333333333333334,1.0,0.03004428010667215,0.08843545798009662,-0.05307673599778009,0.1499982776351702,1.110651774360576
2026-01-09,FINANCIALS,XLF,55.72999954223633,0.014563976563189085,0.014194700063096866,0.06803371437903993,0.06844324588320227,0.17772611795540616,-0.0038615035602656,0.023361169606544552,-0.044526211091622026,0.03207525444425685,0.06650080806264125,1.0,1.0,1.0,1.0,0.009998191269336173,0.09378979496936331,0.07464161244177477,0.1121974481879054,0.7471542176192815
2026-01-09,HEALTHCARE,XLV,157.30999755859375,0.011574838372711005,0.02109567734326312,0.09799673949497856,0.16362153056972306,0.1265396608864151,0.003039473719900654,0.053324194722483176,0.05065207359489876,0.02059219814710289,0.11617246077041399,0.8333333333333334,1.0,0.6666666666666666,0.6666666666666666,0.0012677985226918025,0.07323007605765035,0.12171612737128108,0.1230419833560416,0.7016240835181164
2026-01-09,MARKET,SPY,694.0700073242188,0.015955069289828483,0.018056203623362466,0.04467254477249538,0.1129694569748243,0.19566231804270284,0.0,0.0,0.0,0.020554607892171672,0.09330470359266041,1.0,1.0,1.0,1.0,0.0034657209289110646,0.005928051496907727,0.00927036344917992,0.11645278940579572,0.8832374905554001
2026-01-09,MATERIALS,XLB,48.2599983215332,0.04640068168277778,0.0688814327917957,0.09831588142559244,0.054632869136788775,0.15870339864326843,0.05082522916843324,0.05364333665309706,-0.058336587838035525,0.07418698515660149,0.0912132819779301,1.0,0.6666666666666666,1.0,0.8333333333333334,0.08186400830523348,0.08305939726199589,0.046749815572682894,0.15970932706794888,0.7339988651664
2026-01-09,NUCLEAR,URA,50.310001373291016,0.09227094818248238,0.09250819124448673,-0.056274618696652956,0.3412424320053826,0.8516746864931708,0.07445198762112426,-0.10094716346914834,0.22827297503055832,0.09002278098696026,0.24363478409893924,0.8333333333333334,1.0,0.8333333333333334,0.3333333333333333,0.10513267506159901,-0.055852337596321654,0.2582178298958136,0.5052443766562904,0.7186104494645634
2026-01-09,POWER_INDUSTRIALS,XLI,161.92999267578125,0.025003146316414426,0.033112077330146095,0.06722465719012005,0.07809584531204172,0.23300076462414854,0.015055873706783629,0.02255211241762467,-0.03487361166278258,0.042718369923977484,0.08965802643867793,0.5,0.8333333333333334,0.5,0.6666666666666666,-0.022427635496637826,-0.025329120242335523,-0.03447916161640376,0.10285203841829518,0.7005123522438695
2026-01-09,SEMI,SOXX,328.7799987792969,0.04810480480871959,0.09783620514928582,0.1409237028812036,0.3355811074656494,0.5067827835821861,0.07978000152592335,0.09625115810870821,0.2226116504908251,0.09313854461245263,0.29969393737307626,1.0,1.0,1.0,1.0,0.1830268995910198,0.2673368886548502,0.5952969941924027,0.3181674713000999,0.6599054316706093
2026-01-16,AI_SOFTWARE,IGV,98.30999755859375,-0.06371430896577379,-0.0876949182470319,-0.15250002104660565,-0.11480281181595808,-0.02003590652257714,-0.1039601379126931,-0.17377720546082687,-0.21690924336206296,-0.06520108275637282,-0.08251189334146858,0.0,0.16666666666666666,0.0,0.0,-0.08752413651067838,-0.16915340107879404,-0.18890988738028466,0.27286300455161544,0.7790000068457639
2026-01-16,COMMUNICATION_SERVICES,XLC,115.16999816894531,-0.023238108795382684,-0.011585981059169748,-0.0032886618154590597,0.08456535946021915,0.18256493367620563,-0.027851200724830938,-0.024565846229680277,-0.017541072085885734,-0.004382913253526688,0.04983213934238773,0.3333333333333333,0.3333333333333333,0.16666666666666666,0.16666666666666666,-0.03571064115456942,-0.06102148467087071,-0.06676461106950293,0.1139108790585431,0.8739178424712106
2026-01-16,CONSUMER_DISCRETIONARY,XLY,122.30000305175781,-0.01696005584954574,0.003693102858202346,0.0292013899455843,0.1009587618464749,0.06709713288939367,-0.012572116807458844,0.007924205531363082,-0.0011476696996299829,0.022733466479207154,0.07913513007527273,0.6666666666666666,0.8333333333333334,0.6666666666666666,0.6666666666666666,0.0064914154227712255,-0.01719340781897429,-0.024339598163815274,0.19189880624664094,0.7532479777983219
2026-01-16,CONSUMER_STAPLES,XLP,82.11000061035156,0.036088335777306746,0.04226963547414786,0.038184402734813494,0.015082225613902711,0.06305027034272315,0.02600441580848667,0.016907218320592277,-0.08702420593220217,0.04138394217556285,0.025052048265496563,0.6666666666666666,0.8333333333333334,0.8333333333333334,0.6666666666666666,0.018512502171351326,-0.0007531349229728349,-0.06051779705238042,0.13382942877527848,1.10442233511772
2026-01-16,DEFENSIVE,XLU,43.38999938964844,0.02070103747027141,0.017827780963900475,-0.05044316272173788,0.03617908990205221,0.10071033498501403,0.0015625612982392845,-0.0717203471359591,-0.06592734164405267,-0.0011280312480778099,0.02192100924657492,0.5,0.8333333333333334,1.0,0.6666666666666666,0.00552186333564042,0.005544601550629247,-0.01734393443565868,0.14257294941950366,0.8031270665853809
2026-01-16,ENERGY,XLE,47.689998626708984,0.021855592410166214,0.08067068824899515,0.08300212994122846,0.10958583375144415,0.015112794623046932,0.06440546858333396,0.06172494552700725,0.0074794022053392695,0.04648737498540445,0.0898484886499038,0.8333333333333334,1.0,1.0,1.0,0.09238038839649028,0.09727644001479556,0.04850668135070065,0.1487474146112746,1.2034263249605952
2026-01-16,FINANCIALS,XLF,54.439998626708984,-0.023147334041330514,-0.007293973828700451,0.025042327265539344,0.0361628792933677,0.08381443605096273,-0.02355919349436164,0.003765142851318126,-0.06594355225273718,0.005095611255726107,0.03795571515336116,0.6666666666666666,1.0,0.5,1.0,-0.0012091989138381203,0.07242147372614705,0.06483965291264104,0.12300974801947966,0.8220447176855318
2026-01-16,HEALTHCARE,XLV,155.74000549316406,-0.00998024340344239,0.0051633086301283715,0.06649323286335473,0.1812804142835418,0.11100023990849506,-0.011101911035532819,0.04521604844913352,0.07917398273743692,0.004152307933179111,0.10134631516962167,0.5,1.0,0.6666666666666666,0.6666666666666666,-0.0051881188808419005,0.07374668485974445,0.1524526829048228,0.12537214450827625,0.7420184374835187
2026-01-16,MARKET,SPY,691.6599731445312,-0.0034723214578579187,0.01626521966566119,0.021277184414221217,0.10210643154610488,0.15743490974287866,0.0,0.0,0.0,0.013926306777621411,0.08278318375973481,1.0,1.0,1.0,1.0,0.01242684904243685,0.01227724849703854,0.01916490507490387,0.11160161572770909,0.7672485988215223
2026-01-16,MATERIALS,XLB,48.68000030517578,0.008702900916910616,0.07295572958378105,0.09380966491093168,0.07913987245668541,0.10223025690147947,0.05669050991811986,0.07253248049671046,-0.02296655908941947,0.06979607540716959,0.09548966981532625,1.0,0.6666666666666666,1.0,0.8333333333333334,0.09470819574730471,0.14319978697201338,0.10671461139152817,0.15935412818144604,0.8051342362663713
2026-01-16,NUCLEAR,URA,54.400001525878906,0.08129596583074683,0.18544350074997173,0.056310709240367185,0.3290984881571033,0.9407777450322008,0.16917828108431054,0.03503352482614597,0.22699205661099842,0.16207039501327403,0.318859856760338,0.8333333333333334,0.8333333333333334,0.8333333333333334,0.6666666666666666,0.1660295081726805,0.02667727459784906,0.23579216395942648,0.5278198827389325,0.7902234843485538
2026-01-16,POWER_INDUSTRIALS,XLI,166.89999389648438,0.030692283366270168,0.07083275531181776,0.07739971564733561,0.10194101741845207,0.21161520070043105,0.05456753564615657,0.05612253123311439,-0.0001654141276528076,0.06541205100789371,0.1153658148793184,1.0,0.8333333333333334,1.0,0.8333333333333334,0.05865901121482656,0.04692446058184093,0.0021625664269600553,0.11139601285922661,0.6871180244845115
2026-01-16,SEMI,SOXX,342.4700012207031,0.04163879339447307,0.14229013044760808,0.15754079016043754,0.38803553338074304,0.4906850919827863,0.12602491078194689,0.13626360574621632,0.28592910183463816,0.12073593327502508,0.3314154222723118,1.0,1.0,1.0,0.8333333333333334,0.18855586656154052,0.2876173754266261,0.7230023862213283,0.3229328824060163,0.6162862674619587
2026-01-23,AI_SOFTWARE,IGV,97.70999908447266,-0.006103127749174098,-0.09611470431367097,-0.154099235759383,-0.13293107669176352,-0.0591237311493894,-0.09455016505788238,-0.16461148238844914,-0.21475497699072177,-0.06223007494686261,-0.09047118031049528,0.0,0.16666666666666666,0.0,0.0,-0.08257784405869417,-0.16723426754730142,-0.18843046180990541,0.2726042491581359,1.140532892042059
2026-01-23,COMMUNICATION_SERVICES,XLC,116.95999908447266,0.015542250099731314,-0.008561516705767547,0.018726605448986744,0.08678680635126867,0.16482416909430486,-0.006996977449978958,0.008214358819920609,0.004962906052310423,0.006194072014277463,0.05968903844160467,0.6666666666666666,0.3333333333333333,0.16666666666666666,0.5,-0.024265533968828617,-0.036878754708619066,-0.06254718608204142,0.11733398899875065,1.054849333345261
2026-01-23,CONSUMER_DISCRETIONARY,XLY,123.12999725341797,0.0067865427714577375,0.008848784716557256,0.026382703389685958,0.09512162517947931,0.07064910390020929,0.010413323972345845,0.015870456760619822,0.013297724880521056,0.02309926441923693,0.07921438298874772,0.8333333333333334,0.8333333333333334,0.6666666666666666,0.6666666666666666,0.02530519693785016,-0.003266932471409504,-0.0050536812938700715,0.19151957453553337,0.8421622689756506
2026-01-23,CONSUMER_STAPLES,XLP,82.91000366210938,0.009743064740118434,0.05982359841942908,0.08691668837063404,0.017300658430789984,0.06431324824257056,0.06138813767521767,0.07640444174156791,-0.06452324186816827,0.04404879084781643,0.034703351299560925,0.8333333333333334,0.8333333333333334,1.0,0.6666666666666666,0.05577934719430333,0.05202572786732775,-0.03411507644646224,0.1008860165123747,1.2994629460119285
2026-01-23,DEFENSIVE,XLU,42.560001373291016,-0.01912878608049562,-0.005142529506389937,-0.04466886414925186,0.007098983996053576,0.07082658238916095,-0.0035779902506013483,-0.055181110778318,-0.07472491630290468,-0.01611296661079442,0.000208608220446882,0.8333333333333334,0.8333333333333334,0.8333333333333334,0.6666666666666666,0.035656762995707025,0.04879257925553091,-0.00041705252919025754,0.13894582987107496,1.0159300913093416
2026-01-23,ENERGY,XLE,49.189998626708984,0.03145313573483555,0.11289587732209982,0.11630546147103704,0.1295063028347625,0.07742853886604695,0.11446041657788841,0.1057932148419709,0.04768240253580425,0.07192275783027524,0.11873318426984314,1.0,1.0,1.0,1.0,0.13731073654785134,0.13775906494493084,0.06926153235009887,0.15630343101851685,1.5239074326417144
2026-01-23,FINANCIALS,XLF,53.06999969482422,-0.025165300632697396,-0.045846804854912215,0.013366446003749477,-0.006923632885346698,0.04365784242516635,-0.04428226559912363,0.0028541993746833416,-0.08874753318430495,-0.0213181894461566,0.00874837653894911,0.5,1.0,0.3333333333333333,0.6666666666666666,-0.032348690375546774,0.042870069569836355,0.028414939076542522,0.1318745803952546,0.9636722171102956
2026-01-23,HEALTHCARE,XLV,157.47999572753906,0.011172403833332067,0.00916368245957,0.09171574161205598,0.15386870352724236,0.09126185567010303,0.010728221715358588,0.08120349498298984,0.0720448032282841,0.011685632300322268,0.10933826612905162,0.8333333333333334,1.0,0.6666666666666666,1.0,0.01773896508675904,0.12241387816267106,0.16290986878636635,0.1190475108240083,0.921039799776192
2026-01-23,MARKET,SPY,689.22998046875,-0.003513276422132172,-0.0015645392557885884,0.010512246629066135,0.08182390029895825,0.1336579332555632,0.0,0.0,0.0,0.007808241103511637,0.07214701802018242,1.0,1.0,0.5,0.75,0.020377275166525377,0.02287699131094928,0.023253698347854734,0.11143422095845944,0.895084424107943
2026-01-23,MATERIALS,XLB,49.970001220703125,0.026499607794583158,0.08371287267962013,0.16656944761828774,0.0819530093074976,0.1229213757461376,0.08527741193540872,0.1560572009892216,0.00012910900853935203,0.08248039470789337,0.11848201318780616,1.0,0.6666666666666666,1.0,1.0,0.09959001711123412,0.20911398709314877,0.1134070241400048,0.12556888796945134,0.9995579813349591
2026-01-23,NUCLEAR,URA,57.0,0.047794088257226086,0.24237137473853987,0.034107422070861704,0.3626583195050943,0.8670160077963265,0.24393591399432846,0.02359517544179557,0.28083441920613605,0.18656063685544044,0.3538870849311677,0.8333333333333334,0.8333333333333334,0.8333333333333334,0.5,0.18206745961792917,-0.015022937097286823,0.24373453875972828,0.5170491845738843,0.9815407222890141
2026-01-23,POWER_INDUSTRIALS,XLI,164.22000122070312,-0.01605747617608333,0.04459000195575724,0.05907393142224193,0.059552199499381064,0.16410287583865468,0.04615454121154583,0.0485616847931758,-0.022271700799577188,0.040196616601251955,0.09036585753284188,0.8333333333333334,0.8333333333333334,0.8333333333333334,0.8333333333333334,0.04358525550832454,0.02063447339806999,-0.044511872512508564,0.12054021985947257,0.8686352206694882
2026-01-23,SEMI,SOXX,344.7099914550781,0.0065406903565006225,0.1263559725214165,0.1244821568477148,0.427134226366928,0.494580265206805,0.1279205117772051,0.11396991021864866,0.34531032606796974,0.10769772484562168,0.3173135304395187,1.0,1.0,0.8333333333333334,0.8333333333333334,0.17873934598405558,0.27390501238219017,0.8309025123430765,0.31883775235327994,0.7513708456244846
2026-01-30,AI_SOFTWARE,IGV,90.30999755859375,-0.07573433215858927,-0.11995717071249334,-0.17510052256612185,-0.16864586355540745,-0.12226651672349353,-0.13283828085067984,-0.2063984955260646,-0.2816388560767057,-0.12433461582292482,-0.15848229064171282,0.0,0.0,0.0,0.0,-0.12503490103979237,-0.20947228750344468,-0.26263224472744623,0.2922202892336106,1.831785664561566
2026-01-30,COMMUNICATION_SERVICES,XLC,120.08000183105469,0.02667581028560595,0.027202739637876006,0.07109090337447754,0.1315491775646631,0.17288537851612218,0.014321629499689514,0.0397929304145348,0.01855618504336487,0.02581627606162873,0.08165564341204568,0.6666666666666666,0.5,0.6666666666666666,0.6666666666666666,0.006371022383185636,-0.004038613080612097,-0.047407586876511976,0.1128383502641208,1.27499004042052
2026-01-30,CONSUMER_DISCRETIONARY,XLY,121.16999816894531,-0.015918128223772476,0.023827627639900983,0.02747390702438013,0.12147716435218037,0.043804101516789595,0.010946517501714492,-0.003824065935562615,0.008484171830882126,-0.00018155002626740746,0.056854888365617695,0.5,0.6666666666666666,0.6666666666666666,0.8333333333333334,0.014040572223277112,-0.017799126546259758,-0.02485491903891242,0.19102943966786592,0.9343070040259774
2026-01-30,CONSUMER_STAPLES,XLP,83.51000213623047,0.007236744031110076,0.07491310994891087,0.08864558900945485,0.041791396221013244,0.05735627483863848,0.06203199981072438,0.05734761604951211,-0.071201596300285,0.044227439123303514,0.041323779668973604,1.0,0.6666666666666666,1.0,1.0,0.06456936223940102,0.04147321754422839,-0.04041843866887022,0.10083443208947991,1.5036231653073155
2026-01-30,DEFENSIVE,XLU,43.25,0.0162123732247339,0.001621113810317043,-0.03556697908989637,0.00815847230005251,0.11068314137881807,-0.011259996327869448,-0.06686495204983911,-0.10483452022124573,0.001748719892489925,0.013955072565415838,0.8333333333333334,0.8333333333333334,0.8333333333333334,0.8333333333333334,0.04049592162125928,0.0391920143823668,0.0006631148007469149,0.14364551510034557,1.287740180869212
2026-01-30,ENERGY,XLE,51.04999923706055,0.03781257699286922,0.11829129311464293,0.14027247520851538,0.19289639961021354,0.1649931445136521,0.10541018297645643,0.10897450224857264,0.0799034070889153,0.09729491562880188,0.15456595300439946,1.0,1.0,1.0,1.0,0.11623361089495736,0.1505156992370109,0.11570792450262617,0.16687764643010114,1.878445155646171
2026-01-30,FINANCIALS,XLF,53.439998626708984,0.00697190378768453,-0.027125462774235665,0.01250473404086172,0.03968865837101143,0.03827467183376432,-0.040006572912422156,-0.018793238919081023,-0.07330433415028681,-0.017701252750427332,0.013171781000095084,0.5,1.0,0.5,0.6666666666666666,-0.021839738556250432,0.0402588748437435,0.0643880517166145,0.13168471124446332,1.1269631543980108
2026-01-30,HEALTHCARE,XLV,154.74000549316406,-0.017398973258264117,-0.004951379595335426,0.05884772231718505,0.18005032968199153,0.053584875315731306,-0.017832489733521917,0.027549749357242304,0.06705733716069329,-0.005999675836250606,0.08684242886116023,0.3333333333333333,0.8333333333333334,0.3333333333333333,0.8333333333333334,-0.027484400299608525,0.0652894672838298,0.1600852178592108,0.12875455193736046,1.086528997338657
2026-01-30,MARKET,SPY,691.969970703125,0.003975436809222188,0.012881110138186491,0.031297972959942744,0.11299299252129824,0.14979555727920446,0.0,0.0,0.0,0.006964618129785549,0.07052542335067091,1.0,1.0,1.0,1.0,0.011596853352585479,0.014188578037896638,0.02072159720976513,0.10437289729779806,0.9900932187372908
2026-01-30,MATERIALS,XLB,49.27000045776367,-0.014008419968767893,0.06830012139703623,0.14821721353921502,0.13630073256966657,0.10980966211810173,0.05541901125884974,0.11691924057927228,0.02330774004836833,0.05340802893127994,0.0979234435174916,1.0,1.0,1.0,1.0,0.08257157849664698,0.1665080233550071,0.12542321227010783,0.13611954861023956,1.2563592993919552
2026-01-30,NUCLEAR,URA,54.9900016784668,-0.03526312844795099,0.19387755186551203,0.14993730718109188,0.4387755081671647,0.9424232679559428,0.18099644172732554,0.11863933422114914,0.32578251564586647,0.11365388208484806,0.28287981437456744,0.8333333333333334,0.8333333333333334,0.8333333333333334,0.6666666666666666,0.08597769775311524,0.0709363753371857,0.27434640417216954,0.426390781708467,1.3897347787738807
2026-01-30,POWER_INDUSTRIALS,XLI,165.44000244140625,0.007429065958071135,0.04722121101163412,0.07897998086307245,0.10484837967338612,0.19580769889971283,0.03434010087344763,0.04768200790312971,-0.008144612847912125,0.03753411385516903,0.09186367416962793,1.0,1.0,1.0,0.8333333333333334,0.04744604766888764,0.04644880581292179,-0.0121671221773527,0.11489781057835974,1.094964685701575
2026-01-30,SEMI,SOXX,346.29998779296875,0.004612562377954266,0.10395608753152308,0.17637061637669538,0.45970316883569273,0.5875852933621575,0.09107497739333659,0.14507264341675263,0.3467101763143945,0.08645860805827121,0.30328216238908356,1.0,1.0,1.0,1.0,0.14919880811505523,0.2955351092144004,0.9119852052568848,0.298407808014175,0.9737635361010315
2026-02-06,AI_SOFTWARE,IGV,82.45999908447266,-0.0869228068468052,-0.21466667538597473,-0.2325018874655811,-0.24783361169060159,-0.2118142141114917,-0.2096959776600612,-0.26031728883943295,-0.33170316669183386,-0.18332178534512167,-0.22857257295626476,0.0,0.0,0.0,0.0,-0.20064021926860184,-0.26020319053498636,-0.3277631203300699,0.3284074469903991,3.520281084499739
2026-02-06,COMMUNICATION_SERVICES,XLC,115.76000213623047,-0.03597601289931851,-0.0182342588338823,0.039791612613987004,0.07553660773278814,0.12672770627974028,-0.01326356110796878,0.011976211240135148,-0.008332947268444135,-0.01140098480989149,0.03845309852692069,0.5,0.3333333333333333,0.16666666666666666,0.6666666666666666,-0.025307652462886205,-0.03228699624013931,-0.08565975375719082,0.14105196746540608,1.5134574587058338
2026-02-06,CONSUMER_DISCRETIONARY,XLY,117.98999786376953,-0.026244122746803655,-0.05160361393265622,0.02204511391288455,0.05451781667169664,0.04610335052782433,-0.0466329162067427,-0.005770287460967305,-0.029351738329535637,-0.026228064884685987,0.02525667054199432,0.5,0.6666666666666666,0.3333333333333333,0.6666666666666666,-0.030915950569974,-0.017901203257172055,-0.05524191303411582,0.19433145586775627,0.894405010213205
2026-02-06,CONSUMER_STAPLES,XLP,87.94000244140625,0.05304754151423796,0.10965302765181395,0.13823453287438459,0.06619785235512676,0.10825462044698919,0.11462372537772747,0.11041913150053273,-0.017671702646105514,0.08796240602916039,0.09438684334653824,1.0,1.0,1.0,1.0,0.13811250980235398,0.1155855563276635,0.03044784881538576,0.13884803495795278,1.6328445216835916
2026-02-06,DEFENSIVE,XLU,43.349998474121094,0.002312103447886571,0.019760060826970127,-0.023208710437236713,0.006033843597412769,0.10954693659400938,0.024730758552883647,-0.05102411181108857,-0.07783571140381951,0.008655558593885004,0.014233750924464328,1.0,1.0,1.0,0.8333333333333334,0.09645557574968204,0.06670156469096922,0.054279118203807486,0.14292308081343486,1.376215810801428
2026-02-06,ENERGY,XLE,53.25,0.04309502048615754,0.14098997405646108,0.1573571385043584,0.2539738563207059,0.202574558897618,0.1459606717823746,0.12954173713050654,0.17010430131947363,0.12517433584238513,0.1960312059798699,1.0,1.0,1.0,1.0,0.14284937910352902,0.1717098108869238,0.19866201613820914,0.17683536114496665,1.7354559509007288
2026-02-06,FINANCIALS,XLF,54.2599983215332,0.015344306060935953,-0.026377197788940432,0.03450900919476574,0.04648022986181899,0.0470860409316578,-0.021406500063026912,0.006693607820913883,-0.03738932513941329,-0.004330615228508861,0.02652872246704341,0.6666666666666666,1.0,0.3333333333333333,1.0,0.006850744781809119,0.08086416038816986,0.11152967137532484,0.13357636025657915,1.274474525404062
2026-02-06,HEALTHCARE,XLV,157.7100067138672,0.01919349305460849,0.0025428082224998594,0.038727555897386745,0.21166258663664927,0.0770334945181732,0.007513505948413379,0.01091215452353489,0.127793031635417,0.013039609485560266,0.10398467644488907,0.6666666666666666,0.8333333333333334,0.6666666666666666,0.6666666666666666,0.020684719805470986,0.04368463174573498,0.2543790468916129,0.10916979047829865,1.07585237083896
2026-02-06,MARKET,SPY,690.6199951171875,-0.0019509164314829297,-0.00497069772591352,0.027815401373851856,0.08386955500123228,0.1495580216470236,0.0,0.0,0.0,0.003943847801322065,0.06334297406029599,0.75,1.0,0.5,1.0,0.007443339618334488,0.028365071704768374,0.029283053340275034,0.1047986836153907,1.1011476529448239
2026-02-06,MATERIALS,XLB,51.5099983215332,0.045463727277407884,0.06734355808192971,0.1872767157851274,0.16604412475731234,0.16683651121073373,0.07231425580784323,0.15946131441127553,0.08217456975608006,0.08549508890986734,0.14208425741793929,1.0,0.8333333333333334,1.0,1.0,0.05600647596185412,0.1807714415276832,0.12347705968499317,0.15308506021067578,1.4181677994197053
2026-02-06,NUCLEAR,URA,52.15999984741211,-0.05146393425484963,0.03677198218291511,0.16558658876898558,0.305632011296469,0.7924398338024252,0.04174267990882863,0.13777118739513372,0.22176245629523672,0.041824780607288004,0.1984605657564622,0.6666666666666666,0.8333333333333334,0.5,0.8333333333333334,-0.032016805378246194,0.09012331507548589,0.1322826581036145,0.416150736798499,1.510068835606144
2026-02-06,POWER_INDUSTRIALS,XLI,173.17999267578125,0.046784272969992546,0.06947446741707042,0.13926714646380245,0.14818000777962514,0.2610499553391816,0.07444516514298394,0.1114517450899506,0.06431045277839287,0.07295973703348224,0.13571263752171236,1.0,1.0,1.0,1.0,0.14455291895661934,0.14870972074880787,0.09842371562575576,0.1363842137439446,1.1730441996705352
2026-02-06,SEMI,SOXX,348.510009765625,0.006381813602539088,0.06000976659037116,0.20792327407551103,0.4349652767830172,0.6069996662161805,0.06498046431628468,0.18010787270165918,0.35109572178178494,0.07591715676743216,0.2923298156025793,1.0,1.0,1.0,0.8333333333333334,0.06620480052061806,0.29407003793828507,0.7749346991120921,0.28898913943669385,1.1475476065656618
2026-02-13,AI_SOFTWARE,IGV,82.7699966430664,0.003759368930821738,-0.15807142001265284,-0.1798454404992642,-0.2414077886531164,-0.22470967603158865,-0.14374360934077457,-0.21432030460730056,-0.30094713562134034,-0.15799435300155718,-0.22259611980350225,0.0,0.0,0.0,0.0,-0.13238257514564308,-0.19168628943950894,-0.2844386770347273,0.3187003819397639,4.46061228850641
2026-02-13,COMMUNICATION_SERVICES,XLC,114.58000183105469,-0.010193506249137063,-0.005122830140408152,0.023949957717882553,0.02780766398253154,0.08802587111734739,0.00920498053147012,-0.010524906390153799,-0.0317316829856924,-0.01934268287199503,0.023872191510390106,0.16666666666666666,0.3333333333333333,0.3333333333333333,0.8333333333333334,0.006439048579936953,-0.048347497248989624,-0.10316229688817126,0.1437623058323693,1.4634954153897113
2026-02-13,CONSUMER_DISCRETIONARY,XLY,116.18000030517578,-0.015340262660938131,-0.05004090428347763,0.03042128873770089,0.014495317069238567,0.023612337490535484,-0.035713093611599356,-0.0040535753703354604,-0.04504402989898537,-0.038348517383880454,0.0062555382085027755,0.3333333333333333,0.6666666666666666,0.3333333333333333,0.8333333333333334,-0.017306567631915664,-0.00084613849554153,-0.05996017868300855,0.1900347748389819,0.9739003726737846
2026-02-13,CONSUMER_STAPLES,XLP,89.51000213623047,0.01785307768066402,0.09012302363746416,0.1490372321301514,0.09131926115236233,0.11040815604132392,0.10445083430934243,0.11456236802211506,0.03177991418413839,0.09245134113598419,0.11095254120194853,1.0,1.0,1.0,1.0,0.11836132797675718,0.10325575421369448,0.06439351409212242,0.13938616460184874,1.4773496340203232
2026-02-13,DEFENSIVE,XLU,46.5,0.07266439761836163,0.07167551634244806,0.05501983426168455,0.08619477945196152,0.17572695061968346,0.08600332701432634,0.0205449701536482,0.026655432483737584,0.07395260864616482,0.08388766385459645,1.0,1.0,1.0,1.0,0.09967167942988435,0.05835707665169702,0.0863888642504637,0.20977536487089657,1.5282061921152186
2026-02-13,ENERGY,XLE,54.349998474121094,0.020657248340302248,0.13965191946309163,0.21561171073690133,0.27045348351958,0.20683909533185574,0.1539797301349699,0.18113684662886498,0.21091413655135605,0.128319023842963,0.21180025674468728,1.0,1.0,1.0,1.0,0.13698194998090107,0.21824082593760863,0.2274879559758353,0.15092485525027094,1.6627221500241618
2026-02-13,FINANCIALS,XLF,51.650001525878906,-0.04810167483212979,-0.051249029596067364,-0.00038700684681702846,-0.015440289224738057,-0.0028957087527199388,-0.03692121892418909,-0.03486187095485338,-0.074979636192962,-0.04868027444151901,-0.02367559662885821,0.16666666666666666,0.8333333333333334,0.16666666666666666,0.8333333333333334,-0.018064516531429525,0.03926162919231391,0.061290866539599954,0.16804426295659267,1.2655438061663606
2026-02-13,HEALTHCARE,XLV,157.6699981689453,-0.000253684250958508,0.012392401487785865,0.019791718171617845,0.15755077011455243,0.08888117987530153,0.026720212159664136,-0.014683145936418507,0.09801142314632849,0.009921775359479135,0.09889878904923766,0.6666666666666666,0.8333333333333334,0.8333333333333334,0.5,0.0490986256287668,0.021052247786023843,0.19797442602032408,0.10379252133315234,1.071382867730545
2026-02-13,MARKET,SPY,681.75,-0.0128435249194927,-0.014327810671878272,0.03447486410803635,0.05953934696822394,0.11817284951685925,0.0,0.0,0.0,-0.008382378852232142,0.04496331191319802,0.5,1.0,0.25,1.0,0.005127083299676621,0.031223699678451455,0.02830698042906743,0.09930260655279294,1.1114190195621485
2026-02-13,MATERIALS,XLB,53.310001373291016,0.034944731322294365,0.09511094985804602,0.23474238136247116,0.18427195592831835,0.18664445806630803,0.1094387605299243,0.2002675172544348,0.12473260896009442,0.10201553226441384,0.17481134135163878,1.0,1.0,1.0,1.0,0.08768202879393498,0.24291958544117764,0.18372536974013332,0.15158284460026877,1.5399428736560627
2026-02-13,NUCLEAR,URA,51.90999984741211,-0.004792944799297261,-0.04577208839382596,0.24813656304307719,0.3306844932305011,0.8519442945338165,-0.03144427772194769,0.21366169893504083,0.27114514626227715,0.02863369261988402,0.17599750733790187,0.6666666666666666,0.6666666666666666,0.0,0.6666666666666666,-0.09002894051191797,0.11286544943778802,0.17682478117019174,0.3729318659606531,1.497249844976872
2026-02-13,POWER_INDUSTRIALS,XLI,174.1699981689453,0.005716627410982111,0.043559044567550886,0.16400449432152397,0.15773727294893836,0.26623042024512356,0.05788685523942916,0.12952963021348762,0.09819792598071442,0.06615328608793591,0.13512200511342187,1.0,1.0,1.0,1.0,0.11693622982631342,0.20353246649379028,0.16645195096194762,0.12319112271502462,1.230672227141064
2026-02-13,SEMI,SOXX,354.6600036621094,0.017646534458566343,0.035594365631897995,0.3095300418939222,0.42823773035351076,0.5899044784924068,0.04992217630377627,0.27505517778588584,0.3686983833852868,0.07981550135936066,0.2958279322553219,0.8333333333333334,1.0,0.8333333333333334,1.0,0.06633856453501213,0.43257127723495303,0.9049836296728156,0.22885062814042134,1.2417224368357067
2026-02-20,AI_SOFTWARE,IGV,80.77999877929688,-0.02404250265166863,-0.17326783813127855,-0.22394080486780166,-0.24827843413811168,-0.19581880305163635,-0.17355803474590525,-0.23277906398467063,-0.31664866748969,-0.1548617998171442,-0.23691849395285602,0.0,0.0,0.0,0.0,-0.16046255641924106,-0.21566693047729477,-0.29546876175254466,0.30052815084556794,4.561833114679664
2026-02-20,COMMUNICATION_SERVICES,XLC,116.80000305175781,0.019375119438176158,-0.0013679551467787876,0.012219461561379097,0.049321764563637904,0.13376050143386253,-0.0016581517614054908,0.003381202444510123,-0.01904846878794042,-0.0005561790378670883,0.04021946352339478,0.16666666666666666,0.3333333333333333,0.16666666666666666,0.6666666666666666,-0.004044904187052815,-0.045399546591943694,-0.09456305229495666,0.13427505593245503,1.4456872148233062
2026-02-20,CONSUMER_DISCRETIONARY,XLY,117.44999694824219,0.010931284556123577,-0.046130109899097826,-0.00659736434529723,0.007721955151598792,0.07559867463243597,-0.04642030651372453,-0.015435623462166204,-0.06064827819997953,-0.025214152314129823,0.01536114861979443,0.5,0.6666666666666666,0.3333333333333333,0.5,-0.03101408646221489,-0.010443281426203136,-0.0774109393126274,0.16110364188529638,1.0619928092473434
2026-02-20,CONSUMER_STAPLES,XLP,87.88999938964844,-0.01809856672907295,0.06006507668042671,0.10734529857923314,0.06572084501903319,0.06948161430115052,0.05977488006580001,0.09850703946236417,-0.002649388332545133,0.0617042086687567,0.08887951572041297,1.0,1.0,1.0,1.0,0.0686956372008752,0.08861716535118895,0.03459173422542409,0.151274190124747,1.496078647021932
2026-02-20,DEFENSIVE,XLU,46.33000183105469,-0.003655874600974496,0.08858083496514113,0.0223988355976128,0.07694098879754119,0.1543541489622473,0.08829063835051443,0.013560576480743824,0.008570755445962863,0.06144615743318904,0.07663755712361153,1.0,1.0,0.8333333333333334,0.8333333333333334,0.06842257915592011,0.07007230635526407,0.06194599228172437,0.20344091757412294,1.5110192161719957
2026-02-20,ENERGY,XLE,54.880001068115234,0.009751657936963865,0.1156739703244618,0.2134881795412107,0.24529161443494618,0.20708239049662547,0.1153837737098351,0.2046499204243417,0.17692138108336786,0.11758240013363963,0.215392868402005,1.0,1.0,1.0,1.0,0.0983092013014919,0.2384220996455302,0.17868324675643052,0.1512507616791153,1.600714627691307
2026-02-20,FINANCIALS,XLF,52.4900016784668,0.016263313219207154,-0.010928924433628473,-0.015750986756927987,-0.02016050070020381,0.034285747358951735,-0.011219121048255176,-0.02458924587379696,-0.08853073405178213,-0.02880822376092329,-0.008219142793878476,0.16666666666666666,0.8333333333333334,0.6666666666666666,0.5,0.017365316678225735,0.034118249279739034,0.038017931932071834,0.15666434423206083,1.2705571558050839
2026-02-20,HEALTHCARE,XLV,156.82000732421875,-0.0053909485291918635,-0.004190934856654338,-0.005264742178237025,0.13497871753945745,0.07095550889934565,-0.004481131471281041,-0.014103001295105999,0.06660848418787912,0.002704691725623487,0.08847414150999144,0.6666666666666666,0.8333333333333334,0.5,0.3333333333333333,0.0022684616998471427,0.01421063780284069,0.15098441020234224,0.0961518483502815,1.0739370068084997
2026-02-20,MARKET,SPY,689.4299926757812,0.011265115769389489,0.0002901966146267032,0.008838259116868974,0.06837023335157832,0.14916489960696544,0.0,0.0,0.0,0.0016708316560665182,0.0528927995520283,0.75,1.0,0.5,0.75,0.0007003055742969555,0.02149050796957891,0.015790566159543773,0.06670806587925522,1.0665116452838987
2026-02-20,MATERIALS,XLB,52.959999084472656,-0.006565415115402984,0.05983585732895169,0.18478743133225017,0.1490561707342286,0.20267966998948594,0.05954566071432499,0.1759491722153812,0.08068593738265029,0.07738626713944208,0.1610629430750199,1.0,1.0,0.8333333333333334,1.0,0.05262581878386419,0.21854511849234273,0.14807518214911336,0.153920520945694,1.5723701126744285
2026-02-20,NUCLEAR,URA,54.36000061035156,0.04719708669121858,-0.046315778765762095,0.2005300811802646,0.37829620951200216,1.085955553506217,-0.0466059753803888,0.19169182206339563,0.30992597616042383,0.05973175099153427,0.21318977160834063,0.6666666666666666,0.6666666666666666,0.16666666666666666,0.6666666666666666,-0.0667679264440572,0.09824900821401163,0.23663065786721973,0.34569673392766465,1.3787561155801928
2026-02-20,POWER_INDUSTRIALS,XLI,177.22999572753906,0.017569027908156398,0.07922295950632208,0.15316541682733953,0.15730701602392072,0.31437259374751747,0.07893276289169537,0.14432715771047055,0.0889367826723424,0.07144583153339878,0.14880388747185647,1.0,1.0,1.0,1.0,0.13663160026366092,0.1866716467734905,0.17094165190311386,0.11950905851726969,1.2419445182968658
2026-02-20,SEMI,SOXX,359.42999267578125,0.013449469814522219,0.04270256617328538,0.211262399759101,0.4429724114179776,0.6047414926867425,0.04241236955865868,0.20242414064223202,0.3746021780663993,0.07472190327634087,0.2959378965952939,1.0,1.0,1.0,1.0,0.07488659774729671,0.3795852777448334,0.9847423474094512,0.1590958451439138,1.2364143903342297
2026-02-27,AI_SOFTWARE,IGV,81.56999969482422,0.00977965990920282,-0.09677774443631182,-0.25479626916610076,-0.2454208987398654,-0.1631271296475747,-0.08813577914600645,-0.25523376685733234,-0.308888851946844,-0.12255412792982145,-0.22573296537903664,0.0,0.0,0.0,0.0,-0.0828364181169199,-0.23873576491365367,-0.29188754355458846,0.2637378147733481,5.261344452305904
2026-02-27,COMMUNICATION_SERVICES,XLC,118.05000305175781,0.010702054514896586,-0.016905385978865706,0.007854570305754871,0.059789960486599014,0.15735297109566493,-0.008263420688560341,0.00741707261452329,-0.003677992720379608,0.008819168688878776,0.04718778166387372,0.5,0.3333333333333333,0.3333333333333333,0.5,0.009258480038109787,-0.009857029306594286,-0.07091515364395486,0.13242843123914227,1.38370437269696
2026-02-27,CONSUMER_DISCRETIONARY,XLY,116.86000061035156,-0.005023383169184936,-0.035569840915441686,-0.023970622785552842,0.008544039357060829,0.08223742338722362,-0.02692787562513632,-0.024408120476784423,-0.054923913849917794,-0.026077384845318408,0.007748266738677012,0.3333333333333333,0.6666666666666666,0.5,0.3333333333333333,-0.010983269866523112,-0.01890758982146427,-0.07037377218943396,0.1585395702191641,1.1516082519589095
2026-02-27,CONSUMER_STAPLES,XLP,90.01000213623047,0.024121091834160557,0.07783498783051757,0.14720880941284098,0.11426099896524322,0.0834135791097852,0.08647695312082293,0.1467713117216094,0.0507930457582646,0.07276086254629233,0.11224728227347835,1.0,1.0,1.0,1.0,0.09590230218445688,0.14784541476906887,0.08551592656001687,0.14688874240261834,1.5359737756660132
2026-02-27,DEFENSIVE,XLU,47.72999954223633,0.0302179506982716,0.10358380444477056,0.10230947767278797,0.13211574276526283,0.20499870756787386,0.11222576973507592,0.1018719799815564,0.06864778955828421,0.080891339205728,0.10455108677762115,1.0,1.0,1.0,1.0,0.09227538943880002,0.14219323533508413,0.11339386447670215,0.18056307304813313,1.539384577728123
2026-02-27,ENERGY,XLE,55.91999816894531,0.018950384121517505,0.09539665043421408,0.21777004352676088,0.23730497945659534,0.22901094876802874,0.10403861572451945,0.2173325458355293,0.17383702624961672,0.11206122626727821,0.22827534350986878,1.0,1.0,1.0,1.0,0.08789070153924823,0.23987869566398937,0.174902638714489,0.15131270738479025,1.439623045150522
2026-02-27,FINANCIALS,XLF,51.43000030517578,-0.02019434824529387,-0.0376122450072186,-0.04191505192266287,-0.04741621214492453,-0.014373323028240903,-0.02897027971691324,-0.04235254961389445,-0.11088416535190315,-0.04237886755725606,-0.028880550902662838,0.0,0.5,0.0,0.3333333333333333,-0.04453638978446243,-0.031135216650153414,-0.028452788133880618,0.16033378516703176,1.4473831394518277
2026-02-27,HEALTHCARE,XLV,160.1999969482422,0.02155330612270312,0.03528493771004371,0.045282543978537815,0.16568438831382992,0.07567316743911756,0.04392690300034907,0.044845046287306234,0.1022164351068513,0.02088282677916431,0.10620268790639265,0.6666666666666666,0.8333333333333334,1.0,0.8333333333333334,0.06338224753292628,0.07810983560464169,0.1907519884288582,0.08355438390046778,1.1576085265584326
2026-02-27,MARKET,SPY,685.989990234375,-0.004989632708108704,-0.008641965290305365,0.0004374976912315809,0.06346795320697862,0.15451546448937825,0.0,0.0,0.0,-0.004108473657027822,0.043381565336366945,0.5,1.0,0.5,0.75,0.011010692275313066,0.01989681026743295,0.01813277605626562,0.06743625751398952,1.0705510205258604
2026-02-27,MATERIALS,XLB,53.40999984741211,0.008496993404808917,0.08402677798222102,0.21138579411588365,0.15756394785290584,0.20346999914302555,0.09266874327252639,0.21094829642465207,0.09409599464592722,0.06905524440626487,0.16419041292056025,1.0,1.0,1.0,1.0,0.09486770099895774,0.2634652019529002,0.17468859992243557,0.14119852230911165,1.5518827332885876
2026-02-27,NUCLEAR,URA,54.34000015258789,-0.0003679260032948273,-0.011820358356770866,0.13397333532877886,0.3361200540717182,1.1911291058180136,-0.0031783930664655013,0.13353583763754728,0.27265210086473957,0.04217409281322704,0.19770114173251785,0.8333333333333334,0.8333333333333334,0.3333333333333333,0.6666666666666666,-0.02116334515614428,0.08197016271853476,0.20509326112286105,0.3334170329916278,0.9819315824503062
2026-02-27,POWER_INDUSTRIALS,XLI,177.13999938964844,-0.0005077940532649539,0.07072048341141657,0.14594383032321523,0.16531810927525825,0.2993471503738925,0.07936244870172193,0.14550633263198365,0.10185015606827963,0.05729975915175123,0.14150388826322002,1.0,1.0,1.0,1.0,0.11923437482032302,0.19345957785157997,0.19129554541487917,0.12177147417211973,1.2487232455625066
2026-02-27,SEMI,SOXX,352.2900085449219,-0.019864742164964255,0.017297201741555357,0.13862319164358872,0.43604271167059716,0.689478233870574,0.02593916703186072,0.13818569395235714,0.37257475846361854,0.037098773105102234,0.25327963006608156,0.8333333333333334,1.0,0.6666666666666666,0.8333333333333334,0.025713673027205564,0.3039676579478591,0.9314443750873752,0.16334293172531017,1.2902271317264464
2026-03-06,AI_SOFTWARE,IGV,87.97000122070312,0.07846023721739703,0.06682030314584386,-0.1852366377130782,-0.18651746146464343,-0.05833865398269589,0.09323134013193624,-0.17147812335545676,-0.2253593362371431,-0.03276523409956367,-0.1618651859376279,0.16666666666666666,0.0,1.0,0.0,0.09469040756006879,-0.14810014459903026,-0.2015397536711977,0.3390635059886125,3.8711439993731602
2026-03-06,COMMUNICATION_SERVICES,XLC,117.45999908447266,-0.0049979157308998046,0.014685529689620891,0.00780777356402762,0.024152032296638648,0.1712034900010353,0.041096566675713264,0.021566287921649052,-0.014689842475861026,0.004214844665928252,0.03825618148738741,0.5,0.3333333333333333,0.5,0.6666666666666666,0.05565319726904513,0.02365530243345611,-0.09128736450646462,0.13243796464966878,1.2700797513680289
2026-03-06,CONSUMER_DISCRETIONARY,XLY,114.44000244140625,-0.02070852435654491,-0.030087257281435686,-0.051864081732498346,-0.02649821662781604,0.11285071678175251,-0.003676220295343313,-0.038105567374876914,-0.06534009140031571,-0.040158330605441495,-0.014722320779972042,0.16666666666666666,0.3333333333333333,0.3333333333333333,0.16666666666666666,-0.01148518564848581,-0.047720846308989394,-0.09031030169792592,0.16135150943006013,1.201891083155681
2026-03-06,CONSUMER_STAPLES,XLP,85.77999877929688,-0.04699481453773846,-0.024562242462394357,0.08008059376710541,0.06071467622056392,0.03524014177451651,0.0018487945236980163,0.09383910812472684,0.02187280144806425,0.013229357286063115,0.05901232562118186,1.0,1.0,0.0,1.0,-0.008378113748541749,0.09636998866040962,0.04634441953157068,0.19098972645533754,1.36194818374459
2026-03-06,DEFENSIVE,XLU,46.7400016784668,-0.020741627346832048,0.07820076871212467,0.09129114359684887,0.11992334958475692,0.20947085327506731,0.10461180569821704,0.1050496579544703,0.08108147481225725,0.049064092616198485,0.07803597938991613,0.8333333333333334,1.0,0.3333333333333333,0.8333333333333334,0.020343346584098365,0.09155058936896439,0.08264892836242847,0.1866259756036001,1.4763255666738921
2026-03-06,ENERGY,XLE,56.56999969482422,0.011623775879160858,0.062347412109375,0.24302355045480062,0.29510071656572445,0.29406381098857937,0.08875844909546737,0.25678206481242205,0.2562588417932248,0.09797757071705604,0.2318613780459855,0.8333333333333334,1.0,0.8333333333333334,1.0,0.06989971165808641,0.25411299347564476,0.2528908548513686,0.14048232505041255,1.6006635536802891
2026-03-06,FINANCIALS,XLF,50.56999969482422,-0.016721769497345607,-0.06800587432463301,-0.07970884453689198,-0.047107594015000864,0.029519560147999613,-0.041594837338540636,-0.06595033017927054,-0.08594946878750054,-0.049453960369725825,-0.044943558054362565,0.0,0.5,0.0,0.0,-0.08243795823341597,-0.06919538054423417,-0.022132170349137448,0.14989355325776463,1.473297052348292
2026-03-06,HEALTHCARE,XLV,152.6999969482422,-0.04681648029258778,-0.03176722815512045,-0.008827733557728479,0.10732417481372436,0.022909955767092427,-0.0053561911690280795,0.004930780799892953,0.06848230004122469,-0.02482951137964129,0.0507754150745785,0.5,0.8333333333333334,0.5,0.5,0.013226817120132314,0.032774395980943595,0.156866783821986,0.13415007946980656,1.147337027195115
2026-03-06,MARKET,SPY,672.3800048828125,-0.019839918286435276,-0.026411036986092373,-0.013758514357621432,0.038841874772499674,0.16748858319733628,0.0,0.0,0.0,-0.021319373302487454,0.019463872324246845,0.0,1.0,0.0,0.25,-0.0026607077858111505,0.007879750373356198,0.007826553491430688,0.07864413050800609,1.0374257720630102
2026-03-06,MATERIALS,XLB,49.86000061035156,-0.06646693965928852,-0.03203257163555129,0.10431891307407803,0.08438453907662913,0.1355044587477976,-0.005621534649458915,0.11807742743169947,0.045542664304129454,-0.009436758488139074,0.08286256693418603,0.3333333333333333,0.6666666666666666,0.3333333333333333,1.0,0.01122710589586832,0.15215507038303877,0.08603136506788962,0.22089412429221844,1.3224884664883674
2026-03-06,NUCLEAR,URA,48.779998779296875,-0.10231875888256192,-0.06480063416416848,0.05928337866375588,0.19764299846634747,1.0375938885173075,-0.03838959717807611,0.07304189302137731,0.1588011236938478,-0.06963440909720775,0.06530970707534944,0.16666666666666666,0.6666666666666666,0.16666666666666666,0.6666666666666666,-0.013518157836895603,0.04145346009031805,0.13607605749647386,0.39844214793758953,0.8637073142976359
2026-03-06,POWER_INDUSTRIALS,XLI,169.94000244140625,-0.04064579978011973,-0.01870880223699245,0.0842158765192711,0.12595249909314687,0.2658473179993017,0.007702234749099923,0.09797439087689253,0.0871106243206472,0.006676055884302423,0.09034275095235111,0.5,0.8333333333333334,0.3333333333333333,1.0,0.004155323555043129,0.12098719833184161,0.14710326045486902,0.1627944796881116,1.3016235710825232
2026-03-06,SEMI,SOXX,323.510009765625,-0.08169405342538127,-0.07173395110462577,0.08023907405424091,0.309492029019925,0.5870002456676193,-0.0453229141185334,0.09399758841186234,0.27065015424742533,-0.05249898461693647,0.13888416309687424,0.0,1.0,0.16666666666666666,1.0,-0.033121702463070356,0.21394300634667895,0.6981620596930549,0.24002923756759104,1.2378273172541303
2026-03-13,AI_SOFTWARE,IGV,84.19000244140625,-0.042969179570811256,0.01715604513629998,-0.21872679312892895,-0.24608217227660945,-0.08149684619520792,0.04570026511819403,-0.19183828741179887,-0.2535052493246658,-0.055180814177565374,-0.19369433639889377,0.0,0.0,0.6666666666666666,0.0,0.04934170657009943,-0.166832432529231,-0.243270846944172,0.3418245679871154,3.113697215747931
2026-03-13,COMMUNICATION_SERVICES,XLC,114.44999694824219,-0.025625763321058703,-0.001134621057208518,-0.01776518841796071,-0.024712412131121075,0.1850279020334571,0.02740959892468553,0.009123317299169376,-0.03213548917917741,-0.01946508729751706,0.009254776327634495,0.3333333333333333,0.3333333333333333,0.16666666666666666,0.3333333333333333,0.04833359867498647,0.011102769032269385,-0.07402391924896316,0.14346806887325692,1.3414728821298616
2026-03-13,CONSUMER_DISCRETIONARY,XLY,110.86000061035156,-0.031282783595602104,-0.04579101119684892,-0.09019284367166913,-0.07086285595314645,0.1271988035619771,-0.01724679121495487,-0.06330433795453905,-0.07828593300120279,-0.06430675035503097,-0.04652449904388534,0.16666666666666666,0.16666666666666666,0.16666666666666666,0.16666666666666666,-0.029016532767139096,-0.04445034268517467,-0.10110839062459966,0.16719473993897083,1.3334101149446234
2026-03-13,CONSUMER_STAPLES,XLP,84.73999786376953,-0.012124049082853916,-0.05329018164027288,0.07565370876901967,0.055029857890178,0.06577783407146831,-0.024745961658378834,0.10254221448614975,0.047606780842121665,-0.00732153745744446,0.04518891271702841,0.6666666666666666,0.8333333333333334,0.0,1.0,-0.009889551371559188,0.12462916128849995,0.082842245169219,0.19266122485087378,1.1936197257419003
2026-03-13,DEFENSIVE,XLU,46.959999084472656,0.004706833506752162,0.009892453429519499,0.10157161407148085,0.0984795107478984,0.19082027257841694,0.03843667341141355,0.12846011978861094,0.09105643369984207,0.04513485080494184,0.07914948400457233,0.5,0.8333333333333334,0.16666666666666666,0.8333333333333334,-0.0009863857017177735,0.10373381311359846,0.1096964587569969,0.18472155233096685,1.3403000656514699
2026-03-13,ENERGY,XLE,57.70000076293945,0.019975270889361907,0.061637578341671384,0.3075005521499705,0.30248310963104297,0.2856506102877996,0.09018179832356543,0.3343890578671006,0.29506003258298663,0.09431603443667425,0.24562173161090217,0.8333333333333334,1.0,0.8333333333333334,1.0,0.07872360186054472,0.32935096048327134,0.29479596909006306,0.08657951549067994,1.689067964137045
2026-03-13,FINANCIALS,XLF,48.88999938964844,-0.033221283672416724,-0.05343663223025441,-0.10849746072910382,-0.09126393897845664,0.007625699266158303,-0.024892412248360363,-0.08160895501197374,-0.09868701602651297,-0.07047931192338808,-0.07562867246993143,0.0,0.0,0.0,0.0,-0.0669715259126835,-0.0865345911652195,-0.05407994462601743,0.15907718110968358,1.5099161017591056
2026-03-13,HEALTHCARE,XLV,149.7899932861328,-0.019056998822964744,-0.04997783328676764,-0.033238731600130356,0.08457021666905873,0.03353343583769952,-0.02143361330487359,-0.006350225883000271,0.07714713962100239,-0.03990620875720463,0.02802547194058347,0.16666666666666666,0.8333333333333334,0.0,0.3333333333333333,-0.012689612852372986,0.031920889825886,0.15049231247421788,0.13849861425048218,1.2479514375656002
2026-03-13,MARKET,SPY,662.2899780273438,-0.01500643502512733,-0.028544219981894048,-0.026888505717130085,0.007423077048056337,0.1767558872448658,0.0,0.0,0.0,-0.0330671951599818,0.001767420848932888,0.0,1.0,0.0,0.25,-0.009082953822849876,0.007356903406123189,0.01212787187223674,0.0838320488011654,1.09315020632192
2026-03-13,MATERIALS,XLB,49.189998626708984,-0.013437664970735619,-0.07728386119768893,0.08419660094238246,0.0730802457017874,0.14421950933181038,-0.04873964121579488,0.11108510665951254,0.06565716865373106,-0.028671877007928726,0.06524602504530308,0.3333333333333333,0.8333333333333334,0.3333333333333333,0.8333333333333334,-0.03576108925757393,0.14053882935347312,0.09468927016906026,0.22564653847860777,1.2493038943913284
2026-03-13,NUCLEAR,URA,49.290000915527344,0.010455148605844622,-0.05047195029062168,0.07409024996949243,0.17217602401490328,1.0623431674581099,-0.021927730308727633,0.10097875568662251,0.16475294696684695,-0.06566325826354247,0.06732785690448817,0.16666666666666666,0.6666666666666666,0.3333333333333333,0.6666666666666666,0.011595503004933358,0.055120847150429975,0.12783113179585046,0.3978955238841891,0.8297707377034236
2026-03-13,POWER_INDUSTRIALS,XLI,164.64999389648438,-0.031128683470190155,-0.05465926607650595,0.05639672303163734,0.08622504227171746,0.2556240964348917,-0.026115046094611905,0.08328522874876743,0.07880196522366112,-0.028498958196886415,0.0530708371406563,0.3333333333333333,0.8333333333333334,0.3333333333333333,1.0,-0.016357607071225244,0.15975599244375194,0.15136573118501748,0.17990116620671806,1.477595058321263
2026-03-13,SEMI,SOXX,331.32000732421875,0.02414144021154674,-0.06580949669229419,0.10509993002974083,0.29604133983437486,0.64737477808294,-0.03726527671040014,0.1319884357468709,0.2886182627863185,-0.03460974054741184,0.15479429062577554,0.3333333333333333,1.0,0.16666666666666666,0.8333333333333334,-0.01002669504173235,0.2526458870703317,0.6829681646295499,0.24214671060730514,1.3146207404368442
2026-03-20,AI_SOFTWARE,IGV,82.98999786376953,-0.0142535282437114,0.02735824607413906,-0.2322849302940817,-0.29183380719474217,-0.10868867662167037,0.08662457592001471,-0.1718193563026923,-0.2690373560804804,-0.045060193479502075,-0.2007319663141427,0.16666666666666666,0.0,0.8333333333333334,0.0,0.0887917260508765,-0.1483660483779744,-0.25232980551571677,0.338316702511277,2.8384965031249667
2026-03-20,COMMUNICATION_SERVICES,XLC,112.2300033569336,-0.019397061166480767,-0.03912670869365564,-0.04865641946574961,-0.06012896813480384,0.149897593355923,0.02013962115222001,0.011809154525639798,-0.03733251702054208,-0.033782714918913825,-0.01242278785147477,0.3333333333333333,0.16666666666666666,0.16666666666666666,0.16666666666666666,0.04245767137262518,0.009107845868570089,-0.08009849729423672,0.14434617333469382,1.4806167950616462
2026-03-20,CONSUMER_DISCRETIONARY,XLY,107.73999786376953,-0.028143629166557105,-0.08267347242888101,-0.1172470694811849,-0.10733669053242678,0.0913142520028658,-0.023407142583005358,-0.0567814954897955,-0.08454023941816502,-0.07766326820763914,-0.07373119641403891,0.0,0.0,0.0,0.0,-0.04636083576161073,-0.05437488859874647,-0.11466404166126525,0.1708662759299447,1.3414605167076208
2026-03-20,CONSUMER_STAPLES,XLP,81.29000091552734,-0.040712733481401586,-0.07509385049442197,0.03911539597706715,0.024061523408872798,0.024706908347825074,-0.01582752064854631,0.09958096996845656,0.04685797452313456,-0.05000642804277544,0.0025344005565723915,0.0,0.8333333333333334,0.0,0.8333333333333334,-0.0036035813829204955,0.11509972283366321,0.07574749297128978,0.21522888056068457,1.1550245546686027
2026-03-20,DEFENSIVE,XLU,44.650001525878906,-0.04919074965138903,-0.036261606707938654,0.04371208041003993,0.05120666580089428,0.13396829272073418,0.023004723137937,0.10417765440142934,0.07400311691515604,-0.01098654943633759,0.023748007444573505,0.0,0.6666666666666666,0.0,0.6666666666666666,-0.004127578423526827,0.09619896199330684,0.10939597182919764,0.2204251396662606,1.375126821059627
2026-03-20,ENERGY,XLE,59.310001373291016,0.02790295648289942,0.08072157833374338,0.3418552115279805,0.3400362318684442,0.2821012435204362,0.13998790817961904,0.4023207855193699,0.362832682982706,0.09851645291074096,0.26991947775678127,0.8333333333333334,1.0,0.8333333333333334,1.0,0.14147579506123695,0.404616173126271,0.38000049038554645,0.0724839902729008,1.6594639789607397
2026-03-20,FINANCIALS,XLF,49.08000183105469,0.003886325297162596,-0.0649647502071048,-0.11758355315395297,-0.09529950541834675,-0.007682920753172118,-0.0056984203612291395,-0.05711797916256356,-0.07250305430408499,-0.05491793383855226,-0.071650111764053,0.0,0.3333333333333333,0.0,0.0,-0.036516331807436374,-0.051479040815572585,-0.026739271341793214,0.15319830353945343,1.5786827870972346
2026-03-20,HEALTHCARE,XLV,145.3300018310547,-0.02977496264759505,-0.07326874733151212,-0.06869593727048873,0.05856223277806771,-0.008663057432372612,-0.014002417485636465,-0.008230363279099318,0.08135868389232948,-0.061284856501023444,-0.004155903123687743,0.0,0.5,0.0,0.3333333333333333,-0.008744836678006554,0.0100822580143801,0.14634779482737245,0.1472076817689127,1.3447436826236345
2026-03-20,MARKET,SPY,648.5700073242188,-0.020715956995137508,-0.059266329845875654,-0.06046557399138941,-0.022796451114261762,0.14998764102435347,0.0,0.0,0.0,-0.04676586840169583,-0.02089449937596155,0.0,0.0,0.0,0.0,-0.004360123446131597,0.015105897194733459,0.010781430964736466,0.08294335480105851,1.2274023366998812
2026-03-20,MATERIALS,XLB,46.97999954223633,-0.04492781350216746,-0.11291540116339627,0.018867901114047125,0.03445994924936602,0.09523252222586942,-0.053649071317520614,0.07933347510543654,0.05725640036362778,-0.06996081088408335,0.015577917685711151,0.3333333333333333,0.8333333333333334,0.0,0.5,-0.05651303115923558,0.08117510528458201,0.06090769727100457,0.24879658126740356,1.2793682935104307
2026-03-20,NUCLEAR,URA,46.439998626708984,-0.05782110440011279,-0.1456953990933989,0.012205700644216444,-0.06048961480895876,0.8575999450683593,-0.08642906924752325,0.07267127463560585,-0.037693163694696996,-0.11318199532537687,3.227277346540269e-05,0.0,0.6666666666666666,0.0,0.6666666666666666,-0.053592634426917474,0.026609121332042223,-0.019392008330560446,0.420517700097499,0.8494362317597385
2026-03-20,POWER_INDUSTRIALS,XLI,161.6699981689453,-0.018098972596455654,-0.0877955082869527,0.0283696410190708,0.055838579704853286,0.22245745307331055,-0.028529178441077052,0.08883521501046021,0.07863503081911505,-0.0459357686140317,0.030876225283545278,0.3333333333333333,1.0,0.3333333333333333,0.8333333333333334,0.006253133695959904,0.1843183914488785,0.17714113521019725,0.18576273810944138,1.560742214571101
2026-03-20,SEMI,SOXX,332.510009765625,0.003591701120064794,-0.07489631766606364,0.08649196340882259,0.2506959606047041,0.6677199399260769,-0.015629987820187985,0.146957537400212,0.2734924117189659,-0.032194196718877355,0.14778548406402603,0.5,0.8333333333333334,0.0,0.8333333333333334,-0.0018663061639164202,0.25633738932256517,0.6433258123833946,0.24079823760997723,1.4497162651905542
2026-03-27,AI_SOFTWARE,IGV,76.88999938964844,-0.07350281517219004,-0.05737403852746048,-0.2507308776873969,-0.3312168515850852,-0.1444308774924039,0.01828298871454659,-0.17888937808634953,-0.28931727139429564,-0.09289320776412868,-0.2544144633322355,0.0,0.0,0.3333333333333333,0.0,0.04513893574189117,-0.14572306917925185,-0.2593127554633932,0.3509495993946066,1.8859206062528984
2026-03-27,COMMUNICATION_SERVICES,XLC,107.04000091552734,-0.046244340070988765,-0.09326558112330796,-0.08434559864542679,-0.09418631992788584,0.11802802698864512,-0.017608553881300892,-0.012504099044379435,-0.0522867397370963,-0.07196920550679275,-0.05896212302367776,0.3333333333333333,0.16666666666666666,0.0,0.3333333333333333,-0.022467106260952257,-0.010846781509150916,-0.09152573540511222,0.16917124448739887,1.5056786255512609
2026-03-27,CONSUMER_DISCRETIONARY,XLY,105.68000030517578,-0.0191200816729038,-0.09567003462932933,-0.10705533022643665,-0.11826792920395668,0.07267563851072545,-0.020013007387322257,-0.0352138306253893,-0.07636834901316714,-0.08224054706582129,-0.09150792197857249,0.0,0.0,0.0,0.16666666666666666,-0.03760826391723319,-0.03655864537668948,-0.10176890069662957,0.16612350221856007,1.3166232328622853
2026-03-27,CONSUMER_STAPLES,XLP,81.77999877929688,0.006027775350608167,-0.09143432020451969,0.05264507928127937,0.048999483577278014,0.017037620380473406,-0.015777292962512623,0.12448657888232673,0.09089906376806756,-0.04391135905929533,0.008341174055759737,0.0,0.8333333333333334,0.0,1.0,-0.003377458036308826,0.15045853576655085,0.12403362204321401,0.21392199948846016,1.1529553144861897
2026-03-27,DEFENSIVE,XLU,45.59000015258789,0.021052600102693608,-0.044835520850042165,0.05581287240341304,0.050339855655823884,0.16927412644268003,0.030821506391964903,0.1276543720044604,0.09223943584661343,0.0049376137320624736,0.04219412015661317,0.3333333333333333,0.6666666666666666,0.0,0.8333333333333334,-0.006398296753128585,0.1203662067773385,0.13911400817559819,0.22309921378974712,1.2470801463403944
2026-03-27,ENERGY,XLE,62.560001373291016,0.054796828945338216,0.11874111984562208,0.3704271474739351,0.36014790360008075,0.3536730751214301,0.19439814708762915,0.4422686470749825,0.4020474837908703,0.12765423250557184,0.3266745520435643,1.0,1.0,1.0,1.0,0.2116735203510033,0.45395305325999624,0.43744070582982414,0.094885393052841,1.6608289132232583
2026-03-27,FINANCIALS,XLF,47.810001373291016,-0.025876128980910074,-0.07038691251029328,-0.1296194955821598,-0.11232824300967004,-0.028449456151755648,0.005270114731713793,-0.05777799598111244,-0.0704286628188805,-0.06746764817683237,-0.09458042837957492,0.0,0.0,0.0,0.0,0.01706524580600168,-0.044979815461732485,-0.014907499823587281,0.15665867752738108,1.379234246730301
2026-03-27,HEALTHCARE,XLV,143.25999450683594,-0.01424349616829379,-0.10574283872726453,-0.07877307203854034,0.057269332153770725,-0.008718583783387746,-0.030085811485257463,-0.006931572437492983,0.09916891234456027,-0.0671355421532619,-0.020129580102734357,0.3333333333333333,0.3333333333333333,0.0,0.3333333333333333,-0.016239425874444786,0.021964675797438254,0.18059197587960155,0.1481337547638496,1.4247826324711543
2026-03-27,MARKET,SPY,634.0900268554688,-0.022326009999274476,-0.07565702724200707,-0.07184149960104735,-0.04189958019078954,0.14114756776000004,0.0,0.0,0.0,-0.06009493782716058,-0.0441900909137527,0.0,0.0,0.0,0.0,0.000689355871088454,0.021861963845419358,0.019095455359326025,0.08996214206350356,1.3095897363423121
2026-03-27,MATERIALS,XLB,48.90999984741211,0.04108131809240767,-0.0842538852809609,0.06049438378452554,0.10108063627985064,0.15014692751151504,-0.008596858038953825,0.1323358833855729,0.1429802164706402,-0.032194234901460006,0.054052234491648754,0.3333333333333333,0.8333333333333334,0.16666666666666666,0.8333333333333334,-0.020420628802511148,0.14271201518786983,0.1960209802906665,0.2615427099240184,1.2654151407729277
2026-03-27,NUCLEAR,URA,46.630001068115234,0.004091353295109235,-0.14188441411157182,0.012375155836507279,-0.03676923744902738,1.0186147315183907,-0.06622738686956475,0.08421665543755463,0.005130342741762162,-0.09614264527626382,-0.0011780844967702597,0.3333333333333333,0.5,0.0,0.5,-0.02983004994310262,0.015857864608159227,0.007990895318039426,0.4205203916397736,0.7680966608756016
2026-03-27,POWER_INDUSTRIALS,XLI,159.1999969482422,-0.015278043228045157,-0.10127584116077748,0.007722504454343637,0.043387043110128864,0.22320402930531769,-0.02561881391877041,0.07956400405539099,0.08528662330091841,-0.05622347861117738,0.012410278373766959,0.3333333333333333,1.0,0.0,1.0,0.016719626624248623,0.18245087350411104,0.2045448847494757,0.18931623417922316,1.6310361525481467
2026-03-27,SEMI,SOXX,323.4800109863281,-0.027157073513852437,-0.0817792070731409,0.031209182532843105,0.20328842444580397,0.7144372670301129,-0.006122179831133834,0.10305068213389046,0.24518800463659352,-0.05324402356210811,0.10721578694084433,0.0,0.8333333333333334,0.0,0.8333333333333334,-0.014277406869209086,0.14679840608015268,0.5216565951704982,0.2472335070469323,1.3815655453081672
2026-04-03,AI_SOFTWARE,IGV,80.33999633789062,0.044869254462585495,-0.08673416820434043,-0.23485717773437498,-0.3003570925994409,-0.011808200219328713,-0.06212012901105235,-0.17976188499611367,-0.2803633620163696,-0.032362997567437324,-0.21574372908281392,0.3333333333333333,0.0,0.16666666666666666,0.0,-0.031323520631981884,-0.14472759839049987,-0.24140900000831314,0.3668804582397943,1.3039292025601221
2026-04-03,COMMUNICATION_SERVICES,XLC,111.69999694824219,0.04353508961936914,-0.04903798894198952,-0.052667343914796105,-0.04029557922502547,0.2805226716681488,-0.024423949748701435,0.002427948823465198,-0.020301848641954168,-0.027130635739636144,-0.018860831380086873,0.16666666666666666,0.16666666666666666,0.0,0.3333333333333333,-0.027159481404379404,-0.0002572879440516836,-0.05288608465619721,0.19767565965068146,1.2906744199612352
2026-04-03,CONSUMER_DISCRETIONARY,XLY,108.1500015258789,0.0233724566007798,-0.05496330637311764,-0.13069690264129985,-0.09064154335857455,0.18332518735404535,-0.030349267179829553,-0.07560160990303855,-0.07064781277550325,-0.04841092241825007,-0.07004538906201385,0.0,0.0,0.0,0.0,-0.06742352292949753,-0.10226426947263506,-0.1211990550472712,0.12276763951980003,1.0789732013551985
2026-04-03,CONSUMER_STAPLES,XLP,81.88999938964844,0.0013450796281915256,-0.04534855962934914,0.033312295137519765,0.04946816187027436,0.04371654786132395,-0.020734520436061055,0.08840758787578107,0.06946189245334566,-0.04148232542808328,0.00928058854087821,0.3333333333333333,0.8333333333333334,0.3333333333333333,1.0,0.007926364514922271,0.12978336688693426,0.11791043116604898,0.21108629738689227,0.917841210746845
2026-04-03,DEFENSIVE,XLU,46.34000015258789,0.01645097603618728,-0.008558012655424996,0.09009649452549184,0.042402389919966366,0.2435261213357307,0.01605602653786309,0.14519178726375315,0.062396120503037666,0.013029029058813313,0.055914600813899096,0.3333333333333333,0.8333333333333334,0.16666666666666666,0.8333333333333334,-0.0010629774163465888,0.11220268022418249,0.10082518195326444,0.21911170363159788,1.0809504363035982
2026-04-03,ENERGY,XLE,59.25,-0.052909227951266735,0.04737493936067638,0.26955222465437223,0.33280840309425086,0.504570807337354,0.07198897855396447,0.32464751739263353,0.35280213367732216,0.04896961943194533,0.24551981763131914,1.0,1.0,1.0,1.0,0.0928568687782666,0.32404090612552444,0.3884848511437176,0.1913937622507009,1.2234210675589012
2026-04-03,FINANCIALS,XLF,49.529998779296875,0.035975682003781095,-0.02056557092749567,-0.1112506874908663,-0.07799706526796335,0.12058818833384466,0.004048468265792415,-0.056155394752605,-0.05800333468489205,-0.0272022266353783,-0.060935863440361504,0.0,0.5,0.8333333333333334,0.0,0.043674464064962004,-0.03574798975917959,0.025357937633948818,0.17821629803239203,1.2101378026985643
2026-04-03,HEALTHCARE,XLV,146.80999755859375,0.024780142313829412,-0.03857236088645677,-0.06674718811872737,0.01374112783960757,0.08523062450723073,-0.013958321693168685,-0.01165189538046607,0.03373485842267887,-0.037330428410541905,0.0019450465163313169,0.3333333333333333,0.6666666666666666,0.3333333333333333,0.3333333333333333,-0.0026560518048310278,0.030184039408946334,0.09229989963430839,0.15802118373468224,1.247337960539439
2026-04-03,MARKET,SPY,655.8300170898438,0.034285336961040525,-0.024614039193288084,-0.0550952927382613,-0.0199937305830713,0.29795364683791137,0.0,0.0,0.0,-0.023033167743001792,-0.012941912901842878,0.0,0.5,0.25,0.0,0.006318314650575058,0.010402783568220442,0.015409772129274801,0.11565124301472153,1.2473496926493675
2026-04-03,MATERIALS,XLB,50.40999984741211,0.03066857502923037,0.011030871045484059,0.044550385425927264,0.12196749399098161,0.29455576849547804,0.03564491023877214,0.09964567816418857,0.1419612245740529,-0.0033807142854557215,0.08260762247520503,0.5,0.8333333333333334,0.6666666666666666,0.8333333333333334,0.04213803542171394,0.10872833041719716,0.1963167110818064,0.25178522314308294,1.0745570210645656
2026-04-03,NUCLEAR,URA,48.900001525878906,0.048681115285580834,0.002460080967303435,-0.028026233530589084,-0.014112842132594228,1.3487032777447774,0.02707412016059152,0.02706905920767222,0.005880888450477073,-0.037022425521829994,0.041406037339343005,0.3333333333333333,0.6666666666666666,0.5,0.5,0.015651039432287444,-0.031405031050587694,-0.008589925519733402,0.384852497539048,0.6378817826735689
2026-04-03,POWER_INDUSTRIALS,XLI,163.77000427246094,0.028706076707429196,-0.03630692056199469,0.011363006730715997,0.060617838147544845,0.3885874248122343,-0.011692881368706609,0.0664582994689773,0.08061156873061615,-0.028872290433665126,0.03866866690066195,0.3333333333333333,1.0,0.6666666666666666,1.0,0.061479744995136,0.21644015492589738,0.2092387096714089,0.19168181057126743,1.3296565370774902
2026-04-03,SEMI,SOXX,339.6099853515625,0.049863898285560815,0.04976654539252601,0.03293991913278016,0.21306613700927945,1.1544755112076541,0.07438058458581409,0.08803521187104146,0.23305986759235076,-0.004549208880978206,0.1524899876478245,0.16666666666666666,0.8333333333333334,0.6666666666666666,0.8333333333333334,0.06398589807678816,0.09162297708687689,0.4156110775861346,0.2487690582074161,1.2430437280541187
2026-04-10,AI_SOFTWARE,IGV,74.66999816894531,-0.0705750364376253,-0.11307761012462947,-0.24046383864020304,-0.3338388740431777,-0.14369265158041333,-0.1390028762693084,-0.22282518432222986,-0.37432768242670234,-0.08338756097835542,-0.2645233887607741,0.0,0.0,0.0,0.0,-0.1408130782830004,-0.21342131106391501,-0.3626436167644124,0.370924107878791,1.1225683696310074
2026-04-10,COMMUNICATION_SERVICES,XLC,113.94999694824219,0.020143241373968612,-0.004368720081540212,-0.010593047148559243,0.010194981075990706,0.24849349336421533,-0.03029398622621915,0.007045607169413937,-0.030293827307533938,-0.002206646801817147,-0.000394786613450826,0.5,0.16666666666666666,0.5,0.5,-0.017377104253095504,0.030807972195910693,-0.0651275951056186,0.19850236572528207,1.0205307285599416
2026-04-10,CONSUMER_DISCRETIONARY,XLY,112.88999938964844,0.0438279962727075,0.018311372615194887,-0.07694197405806302,-0.012983611893784164,0.19006956212616077,-0.00761389352948405,-0.059303319740089844,-0.05347242027730881,0.0005849784034996919,-0.02976392434970332,0.3333333333333333,0.16666666666666666,0.3333333333333333,0.0,-0.06274133673102235,-0.10549172224467362,-0.12163822023249521,0.16712157197512625,0.9691461414618752
2026-04-10,CONSUMER_STAPLES,XLP,82.37000274658203,0.005861562590196767,-0.027967844901265804,0.003166509978051124,0.05467355129175622,0.02514006609610009,-0.05389311104594474,0.020805164296024303,0.014184742908231573,-0.034575687943672606,0.015137119988258174,0.16666666666666666,0.8333333333333334,0.3333333333333333,1.0,-0.040636595432401036,0.06363335384627322,0.0503288778252417,0.19772988798543867,0.8255310725108624
2026-04-10,DEFENSIVE,XLU,46.959999084472656,0.01337934678125241,0.0,0.08227701647942198,0.04124170007275829,0.23060794738596768,-0.025925266144678938,0.09991567079739516,0.0007528916892336479,0.018323732605199705,0.06637295391561326,0.16666666666666666,0.8333333333333334,0.16666666666666666,0.8333333333333334,-0.041251123744451924,0.05530974998574121,0.04420076737751764,0.21757218207194357,0.9622157404953918
2026-04-10,ENERGY,XLE,56.939998626708984,-0.03898736495005939,-0.01317161397194666,0.19396100369815272,0.33630598007727164,0.4435289407336558,-0.0390968801166256,0.2115996580161259,0.295817171693747,-0.002330372113281687,0.1885745113355033,0.5,1.0,0.5,1.0,-0.010675495576964955,0.21002056093877966,0.35518609019018355,0.22769187675681452,1.0734442689022283
2026-04-10,FINANCIALS,XLF,50.77000045776367,0.025035366626843247,0.03845369383484365,-0.06741363448794735,-0.026648761382567443,0.08785092028451258,0.012528427690164712,-0.04977498016997417,-0.06713756976609209,0.0024087845771145755,-0.036320661040220914,1.0,0.8333333333333334,1.0,0.16666666666666666,0.08344734505852185,-0.013141592836226049,0.05716948806019084,0.18868941469991152,1.0056777048096617
2026-04-10,HEALTHCARE,XLV,147.30999755859375,0.003405762606871754,-0.016556484669851823,-0.0541287250368071,0.0365913512483893,0.07627677952693412,-0.04248175081453076,-0.03649007071883392,-0.0038974571351353404,-0.029322624886166215,0.0033356979202439074,0.3333333333333333,0.6666666666666666,0.3333333333333333,0.3333333333333333,-0.02590413509681022,0.008689025598470679,0.057292063448058074,0.15868973784116983,1.0415542742221715
2026-04-10,MARKET,SPY,679.4600219726562,0.03603068518831676,0.025925266144678938,-0.01763865431797318,0.040488808383524644,0.2725400210995039,0.0,0.0,0.0,0.014057376349566386,0.02054429645501732,0.75,1.0,1.0,0.0,0.00681860527200806,0.0019185874747248144,0.019069141620097596,0.1433749566169554,1.1652448670027544
2026-04-10,MATERIALS,XLB,51.959999084472656,0.030747852444996893,0.056312269467306386,0.06737877483020749,0.19654576850580607,0.2909316542726126,0.03038700332262745,0.08501742914818067,0.15605696012228143,0.021828898215721537,0.11214859330176075,0.8333333333333334,0.8333333333333334,1.0,0.8333333333333334,0.05227188248583814,0.0982551942264916,0.21878147197542364,0.25775828271694734,0.8872445874382128
2026-04-10,NUCLEAR,URA,50.959999084472656,0.042126738125019436,0.0338810740094595,-0.063235337222735,-0.017543857068651802,1.249889622195913,0.007955807864780562,-0.04559668290476182,-0.058032665452176446,0.01157272243616192,0.07778287121677896,0.5,0.6666666666666666,0.6666666666666666,0.16666666666666666,-0.0019505451993302263,-0.08072211237168324,-0.06267296848803962,0.3525159528843535,0.5796291596523419
2026-04-10,POWER_INDUSTRIALS,XLI,171.52000427246094,0.04732246319726818,0.04172493550346412,0.027681309436368373,0.14422956141617038,0.3648444877183563,0.015799669358785184,0.04531996375434155,0.10374075303264574,0.01343010921979615,0.08402251577777675,1.0,1.0,1.0,1.0,0.08913069421056559,0.19494485277627802,0.25403240357225904,0.20631825666926165,1.0969245109882029
2026-04-10,SEMI,SOXX,386.6000061035156,0.1383646617554819,0.16684775310052946,0.12885801595910618,0.42137585934828214,1.2442820064537612,0.14092248695585052,0.14649667027707935,0.3808870509647575,0.11995643346842355,0.2961997735670623,1.0,1.0,0.8333333333333334,1.0,0.09748792494290003,0.15039175139025115,0.6294937821775548,0.3708412836085244,1.1534381807140988
2026-04-17,AI_SOFTWARE,IGV,85.08000183105469,0.13941347150640238,0.02518380553179389,-0.1292600283671994,-0.24494141284496718,-0.017438440590107573,-0.06974813185186002,-0.15959828232049733,-0.3138015687643916,0.041052341698557315,-0.1573400732388932,0.8333333333333334,0.0,0.6666666666666666,0.0,-0.053968440117123075,-0.132475263813152,-0.293488806562949,0.5004383694083624,1.2631576364561476
2026-04-17,COMMUNICATION_SERVICES,XLC,119.0999984741211,0.045195275680596225,0.06121353391871809,0.01829684854992908,0.0361927609566175,0.3202527400825692,-0.03371840346493582,-0.012041405403368843,-0.032667394962806906,0.039847719587324804,0.041791933712811424,0.8333333333333334,0.5,0.8333333333333334,0.8333333333333334,-0.022878488557949366,0.012277311623666742,-0.07231799985330774,0.21845321649137553,0.8131950365351209
2026-04-17,CONSUMER_DISCRETIONARY,XLY,120.41000366210938,0.06661355578987171,0.11759797707031949,-0.022090421927895343,0.02730146406135958,0.2989213336149159,0.022666039686665584,-0.052428675881193265,-0.04155869185806482,0.06495324210736952,0.03271570063178664,0.5,0.5,0.8333333333333334,0.3333333333333333,-0.02780083978671181,-0.10655675779225192,-0.118733792213652,0.22561371409176686,0.8620142324277136
2026-04-17,CONSUMER_STAPLES,XLP,82.45999908447266,0.0010925863164956695,0.014392891570528032,-0.005427627038477323,0.034240506868129295,0.007206501992150782,-0.08053904581312588,-0.035765880991775245,-0.03461964905129511,-0.027273168431420913,0.015729878234998163,0.3333333333333333,0.8333333333333334,1.0,0.6666666666666666,-0.06219026805531928,0.003464708291819126,-0.004103847113024787,0.19665787141790073,0.7268671335017265
2026-04-17,DEFENSIVE,XLU,46.15999984741211,-0.017035759213314572,0.033818550278391646,0.08458642758363055,0.008190455416616116,0.1870901849017248,-0.06111338710526226,0.05424817363033263,-0.06066970050280829,-0.005086654906245713,0.04527801532083342,0.0,0.8333333333333334,0.8333333333333334,0.5,-0.07849136990353241,-0.01273564211280348,-0.007167831562802003,0.21642348341095816,0.8377079259821513
2026-04-17,ENERGY,XLE,55.02000045776367,-0.033719673608223366,-0.07233182964415263,0.11852006492818101,0.2798324798699081,0.3501840603132189,-0.16726376702780654,0.08818181097488309,0.2109723239504837,-0.03895195706963017,0.14226399276931212,0.16666666666666666,1.0,0.16666666666666666,1.0,-0.1445893883755294,0.09288424751250275,0.27021094708440946,0.24560739476188814,1.008892378915508
2026-04-17,FINANCIALS,XLF,52.43000030517578,0.032696470995565274,0.06825587508436937,-0.012059532566962794,0.004791107676080264,0.1239013631347996,-0.026676062299284542,-0.042397786520260716,-0.06406904824334414,0.03893787278951932,-0.004939238474056307,1.0,0.8333333333333334,1.0,0.8333333333333334,0.024741428173854385,-0.0010246441726694533,0.05005798678605874,0.19835483360277414,0.8403871361811871
2026-04-17,HEALTHCARE,XLV,148.8000030517578,0.010114761508779546,0.023876702518293325,-0.05511806522270146,0.038598440806774326,0.09823601017763095,-0.07105523486536058,-0.08545631917599938,-0.03026171511265008,-0.013713855623630256,0.011140920856913539,0.16666666666666666,0.8333333333333334,0.8333333333333334,0.3333333333333333,-0.04857255903288175,-0.056679662708548885,0.035744034256088075,0.15821358397071666,0.8497997413086031
2026-04-17,MARKET,SPY,710.1400146484375,0.045153492013715546,0.09493193738365391,0.030338253953297922,0.0688601559194244,0.3490246212593342,0.0,0.0,0.0,0.0567669737221117,0.06317139131648819,1.0,1.0,1.0,1.0,0.008768050482752199,0.00361451981616584,0.020341333197501255,0.17263376973721675,0.9491969122106061
2026-04-17,MATERIALS,XLB,51.880001068115234,-0.001539607732235826,0.10429973549645677,0.03822292977292885,0.18070101705874686,0.2849535868263835,0.009367798112802861,0.007884675819630926,0.11184086113932246,0.019513847878850576,0.10681172928604887,0.8333333333333334,1.0,1.0,0.6666666666666666,0.04731187250679758,0.02560995407077643,0.1741515837768256,0.2538163753404919,0.7567739527122701
2026-04-17,NUCLEAR,URA,55.86000061035156,0.09615387782398765,0.20284242597339053,-0.019999989292077802,0.04783341158077947,1.442501030193403,0.10791048858973662,-0.050338243245375724,-0.02102674433864493,0.10075473379671873,0.17006348061844778,0.8333333333333334,0.6666666666666666,1.0,0.3333333333333333,0.056159751553071256,-0.07799494527927743,-0.057323087870997214,0.39777294407450553,0.6000880418599025
2026-04-17,POWER_INDUSTRIALS,XLI,173.50999450683594,0.011602088297606894,0.07323558156732224,0.05657041296478593,0.1435444499610159,0.3847565066312406,-0.02169635581633167,0.02623215901148801,0.07468429404159149,0.024988160196373954,0.09257544789774008,1.0,1.0,1.0,1.0,0.025505262954922243,0.18165552341781657,0.21707056373579892,0.20245998507468174,0.8978544254580741
2026-04-17,SEMI,SOXX,415.7099914550781,0.07529742600099198,0.25021797613881747,0.205970240956165,0.442585876685353,1.4960071080028157,0.15528603875516356,0.17563198700286708,0.3737257207659286,0.18128960770553415,0.37427062743913164,1.0,1.0,1.0,1.0,0.06907514227992843,0.14275735065930648,0.5646609640231453,0.39357361096959265,0.9941444428627476
2026-04-24,AI_SOFTWARE,IGV,85.19999694824219,0.0014103798143514368,0.10807644198931432,-0.056582889475067955,-0.26551726768756734,-0.10088650245326569,-0.017852010129580265,-0.08833286804127227,-0.31969224360695636,0.0394299935284923,-0.15071349739445028,0.6666666666666666,0.0,1.0,0.16666666666666666,-0.021991045105883306,-0.062310299440358465,-0.30201450669146657,0.47726266696310315,1.234879437094164
2026-04-24,COMMUNICATION_SERVICES,XLC,115.54000091552734,-0.029890827911028817,0.0794095658379892,-0.03780813496251312,-8.656110745397516e-05,0.2244595185266698,-0.04651888628090539,-0.06955811352871744,-0.054261537026843,0.007921007626898735,0.008589688818326335,0.6666666666666666,0.3333333333333333,0.6666666666666666,0.3333333333333333,-0.02282112228953287,-0.0480088118519311,-0.075197758816636,0.21989682587768947,0.6163324667301604
2026-04-24,CONSUMER_DISCRETIONARY,XLY,118.69000244140625,-0.014284537566577438,0.12310751418112265,-0.020467077370763365,-0.0011781485104029876,0.2013157770777474,-0.002820937937771939,-0.05221705593696768,-0.05535312442979201,0.04741567314771,0.016306605971609267,0.3333333333333333,0.3333333333333333,0.6666666666666666,0.16666666666666666,-0.06254942925127648,-0.11057501171596841,-0.13115348702805363,0.22514258781097216,0.7428180297586491
2026-04-24,CONSUMER_STAPLES,XLP,83.2300033569336,0.00933791269718709,0.01773055269357382,-0.003352877166020285,0.052345520429105896,0.02956466015972281,-0.10819789942532076,-0.0351028557322246,-0.0018294554902831273,-0.01086229421652296,0.024476442118045894,0.3333333333333333,0.8333333333333334,1.0,0.6666666666666666,-0.09778893179331656,-0.0025849877415500635,0.022071283266847246,0.19707723867398963,0.593754900904921
2026-04-24,DEFENSIVE,XLU,46.18000030517578,0.0004332854815811693,0.01294143782876045,0.0677456717959719,0.01061386614707649,0.18092317723461226,-0.11298701429013414,0.03599569322976759,-0.043561109772312534,-0.003968596626415133,0.04318853001982936,0.0,0.6666666666666666,0.8333333333333334,0.5,-0.1203088661450204,-0.03209609111432279,-0.0014836699861832299,0.21580822969360788,0.7640414040912417
2026-04-24,ENERGY,XLE,56.869998931884766,0.03362410866465293,-0.09095272245047459,0.11400587231741022,0.2914726723957728,0.38050732742279814,-0.21688117456936917,0.0822558937512059,0.23729769647638377,-0.010990941417489464,0.1722208065501698,0.5,1.0,0.16666666666666666,1.0,-0.2076548520326157,0.09178095829100685,0.28433239314422426,0.24350393537259016,0.8761629361515405
2026-04-24,FINANCIALS,XLF,51.41999816894531,-0.019263820910768947,0.07550714687222371,-0.03779941073490389,-0.031820794991232915,0.07080378339796423,-0.05042130524667088,-0.06954938930110821,-0.08599577091062194,0.019388564425182553,-0.023589037287786163,1.0,0.8333333333333334,1.0,0.5,-0.008834098438431859,-0.03686626161615749,0.019138477792169612,0.20108159953218394,0.6959877298851739
2026-04-24,HEALTHCARE,XLV,144.17999267578125,-0.03104845619102281,0.006421877734341441,-0.06824358564372235,-0.012668671635830409,0.04440412523370374,-0.11950657438455314,-0.09999356420992667,-0.06684364755521943,-0.035714322890308514,-0.022303038719939106,0.16666666666666666,0.5,0.5,0.5,-0.0903196245434524,-0.04376184764234555,0.009613898439728189,0.16584536827416477,0.6097366224919303
2026-04-24,MARKET,SPY,713.9400024414062,0.0053510402379592925,0.12592845211889458,0.03174997856620432,0.05417497591938902,0.2965639681984056,0.0,0.0,0.0,0.057356795353311396,0.06541671614661726,1.0,1.0,1.0,1.0,0.003072879304375442,0.014429642015522992,0.019680234961439613,0.17270354713964242,0.741201666246344
2026-04-24,MATERIALS,XLB,51.91999816894531,0.0007709541250311425,0.06154157290786544,0.05378521791274049,0.16661042406181203,0.2568384517777864,-0.06438687921102915,0.022035239346536173,0.11243544814242301,0.023094478719524636,0.10365641272163595,0.8333333333333334,0.8333333333333334,1.0,0.8333333333333334,-0.047286084128137805,0.021255671046426727,0.18401152633905737,0.2507871142755808,0.6553204613467417
2026-04-24,NUCLEAR,URA,55.310001373291016,-0.009846029914984067,0.1861462600546886,0.005819234134512241,0.07398060919011673,1.2621676747400428,0.06021780793579401,-0.025930744431692077,0.019805633270727707,0.08266292943270814,0.1498841251157812,1.0,0.6666666666666666,1.0,0.5,-0.0012268506091562454,-0.058557690991457044,-0.04749878313570838,0.3906601176966629,0.6530636845955102
2026-04-24,POWER_INDUSTRIALS,XLI,172.47000122070312,-0.005993852337375483,0.0833542997916965,0.04249273860949487,0.1133561238362355,0.3368731769968747,-0.04257415232719808,0.010742760043290556,0.05918114791684648,0.019868737238607048,0.08244657735331673,1.0,1.0,1.0,1.0,0.04566619953376402,0.19929583870732648,0.2887396640804744,0.20360975966760594,0.7375680168622851
2026-04-24,SEMI,SOXX,461.6000061035156,0.11038949169302414,0.42698154577169567,0.3329483753244531,0.56019748853502,1.4977004069120556,0.3010530936528011,0.3011983967582488,0.506022512615631,0.2730070724957643,0.49934998790229956,1.0,1.0,1.0,1.0,0.19365263594963947,0.18758417228185328,0.6086772061176088,0.4369710085355665,0.9365016776032543
2026-05-01,AI_SOFTWARE,IGV,86.62999725341797,0.016784041741744193,0.07829227286833729,0.050569951676491476,-0.2500216807956763,-0.1290841842737679,-0.020544324474139897,0.007087241200118166,-0.30660032049540975,0.04938643274181698,-0.13081432632093992,0.8333333333333334,0.0,0.8333333333333334,1.0,-0.027493353898424795,0.03523054809963825,-0.2895281704865483,0.4381576987370244,1.191141842292067
2026-05-01,COMMUNICATION_SERVICES,XLC,116.72000122070312,0.010212915837160885,0.04494184789268196,0.008293011979585874,0.01663621376818325,0.19811130583566472,-0.05389474944979522,-0.035189698496787436,-0.039942425931550174,0.018285886360905668,0.01687089809896225,0.5,0.3333333333333333,0.6666666666666666,0.5,-0.03513456872342922,-0.012695763848141436,-0.05679833219175321,0.2076136097620751,0.5459210833626155
2026-05-01,CONSUMER_DISCRETIONARY,XLY,118.62999725341797,-0.0005055622778161739,0.09690240942836548,0.005424183415846606,-0.011128238446425853,0.1778781866349275,-0.0019341879141117069,-0.0380585270605267,-0.06770687814615928,0.0457971227144538,0.014447492445054388,0.5,0.3333333333333333,0.8333333333333334,0.3333333333333333,-0.031408336383085524,-0.10294291829337661,-0.14916855313953079,0.21791242858766366,0.7247913487734212
2026-05-01,CONSUMER_STAPLES,XLP,84.16999816894531,0.011293941776987948,0.02784221267908671,-0.042870186124600806,0.10343470786459763,0.03200098931435735,-0.07099438466339048,-0.08635289660097412,0.046856068164864206,0.004750967462816336,0.03519627745845888,0.6666666666666666,0.8333333333333334,0.8333333333333334,0.3333333333333333,-0.07774712466125992,-0.0745460909965585,0.06198374765209019,0.15961760497059188,0.5461898883040225
2026-05-01,DEFENSIVE,XLU,46.54999923706055,0.008012103279334548,0.004531702282718486,0.07381778259691929,0.044893378995531474,0.16739809998897925,-0.0943048950597587,0.03033507212054598,-0.01168526070420195,0.0035355317511662765,0.04900520058762692,0.5,0.6666666666666666,0.6666666666666666,0.16666666666666666,-0.0973215712375986,-0.07389672848968894,0.02297780600476183,0.21568855890759372,0.6890615336893571
2026-05-01,ENERGY,XLE,58.849998474121094,0.03481624018681351,-0.006751080605551185,0.10516429059382326,0.3355270692882881,0.4357159322839612,-0.10558767794802837,0.06168158011744995,0.2789484295885547,0.01642513154377312,0.20354414515338548,0.6666666666666666,1.0,0.16666666666666666,1.0,-0.10031201998692811,0.06619158741499524,0.3163842550928934,0.23867671885457228,0.7730865502906417
2026-05-01,FINANCIALS,XLF,51.91999816894531,0.009723843208963245,0.048253572553033086,-0.043125695263047104,-0.008592720491072514,0.04340835852635849,-0.0505830247894441,-0.08660840573942041,-0.06517136019080594,0.0304653830739674,-0.013382647107990975,1.0,0.8333333333333334,1.0,0.16666666666666666,-0.021807699560499067,-0.06557639106518205,0.024295323627060623,0.199007465960903,0.595823140270545
2026-05-01,HEALTHCARE,XLV,145.16000366210938,0.006797135775501673,-0.011238975028426412,-0.0795764537283119,0.006308517588279994,0.04785970505475334,-0.1100755723709036,-0.12305916420468521,-0.05027012211145343,-0.02152954546511132,-0.017103828547978317,0.3333333333333333,0.6666666666666666,0.3333333333333333,0.16666666666666666,-0.06541881668908638,-0.050979453885764525,0.052980200018867996,0.1589384979230361,0.580676319708969
2026-05-01,MARKET,SPY,720.6500244140625,0.009398579642141414,0.09883659734247718,0.04348271047637331,0.056578639699733424,0.27152588749526707,0.0,0.0,0.0,0.06238227049907308,0.0720883612998604,1.0,1.0,1.0,1.0,0.0044247985359290865,0.007981587287231473,0.028845318138180587,0.1728225397253043,0.6229731028004644
2026-05-01,MATERIALS,XLB,51.349998474121094,-0.010978422860676296,0.018647066644600363,-0.0031061901111579804,0.19878602945354218,0.20923109124236605,-0.08018953069787682,-0.04658890058753129,0.14220738975380876,0.015082906077985347,0.08855215754245527,0.5,0.8333333333333334,0.5,0.3333333333333333,-0.11074514824839808,-0.05249411430964277,0.15568777664253097,0.23467455809257498,0.5996104435789354
2026-05-01,NUCLEAR,URA,55.84000015258789,0.00958233169657463,0.1419222578763355,0.0705521532964184,0.01306243168823129,1.1609907052185324,0.043085660533858317,0.027069442820045087,-0.04351620801150213,0.08987996297714762,0.15251054292781263,1.0,0.6666666666666666,1.0,0.6666666666666666,-0.00979541994388422,-0.015285884919705117,-0.11869162931383848,0.37148119354203984,0.7016525220124674
2026-05-01,POWER_INDUSTRIALS,XLI,172.9600067138672,0.0028411056397976697,0.05611529707306495,-0.001270273537462896,0.1154392456926836,0.2851835663592346,-0.04272130026941223,-0.044752984013836206,0.05886060599295018,0.025355290848034562,0.08246983602964253,1.0,1.0,1.0,0.8333333333333334,0.04702615161685756,0.12443258354256698,0.26947103708938597,0.17883438887093617,0.6709474693725402
2026-05-01,SEMI,SOXX,465.75,0.00899045459621095,0.37142610667898346,0.3364035090791784,0.5193280657200625,1.4509288164598035,0.2725895093365063,0.29292079860280507,0.4627494260203291,0.24786328182691797,0.4857786389820118,1.0,1.0,1.0,1.0,0.16148105723297254,0.18443661982578383,0.5478159142864428,0.43645453827974423,0.8522943754200245
2026-05-08,AI_SOFTWARE,IGV,91.1500015258789,0.052175971554502265,0.2207044832068512,0.10124447532540137,-0.16742785229275214,-0.08566557033185762,0.13510713934005958,0.019293620734734063,-0.26676169333517374,0.09147300705282535,-0.08143622531930761,0.8333333333333334,0.16666666666666666,1.0,1.0,0.14347323108269736,0.023597891395938448,-0.2529189023782434,0.4485798876550418,1.0567150988440648
2026-05-08,COMMUNICATION_SERVICES,XLC,116.94000244140625,0.0018848630774697117,0.02623962767214616,0.020596967818444556,0.0430827027451528,0.20333404068921435,-0.05935771619464547,-0.061353886772222754,-0.0562511382972688,0.02119412400238918,0.01639231978575162,0.5,0.3333333333333333,0.5,0.6666666666666666,-0.05468636220073456,-0.027091187516449677,-0.07189016768289748,0.2060329854339138,0.6050669085386063
2026-05-08,CONSUMER_DISCRETIONARY,XLY,120.19999694824219,0.013234424101607134,0.06475327839592526,0.03460145147621696,0.019248678344714554,0.18768830367590494,-0.02084406547086637,-0.04734940311445035,-0.08008516269770705,0.05652679280209094,0.02520907048709553,0.5,0.5,0.6666666666666666,0.5,-0.03310220673977896,-0.11775154897765416,-0.16094252770203332,0.2159791710413763,0.7197448084718864
2026-05-08,CONSUMER_STAPLES,XLP,84.18000030517578,0.00011883255848954555,0.021973989295136498,-0.0595464384297818,0.09737975896046103,0.04041523291387228,-0.06362335457165513,-0.1414972930204491,-0.001954082081960573,0.011912637090697453,0.03404118046482618,0.6666666666666666,0.8333333333333334,0.8333333333333334,0.0,-0.07449929466467804,-0.1239008623854433,0.009230323406580995,0.15255945245337232,0.5719052475219965
2026-05-08,DEFENSIVE,XLU,44.720001220703125,-0.03931252516327599,-0.04770012579728067,-0.038279543640793,-0.002787378673150598,0.11465609200608862,-0.1332974696640723,-0.12023039823146031,-0.1021212197155722,-0.029619160277735146,0.006733909400384652,0.3333333333333333,0.6666666666666666,0.5,0.0,-0.10269615374850942,-0.1431578526853831,-0.03759079475679622,0.17509508137719085,0.7367468661863082
2026-05-08,ENERGY,XLE,55.70000076293945,-0.05352587583442048,-0.02177727245655192,0.024839049249673284,0.24413670300243173,0.35144972841743516,-0.10737461632334355,-0.057111805340994026,0.14480286196001013,-0.037614238490507046,0.13165669637544108,0.16666666666666666,1.0,0.16666666666666666,0.6666666666666666,-0.11476558617364363,-0.05145224110713118,0.18218428916601284,0.2693487881682605,0.7319444557974983
2026-05-08,FINANCIALS,XLF,51.2400016784668,-0.013097005286206609,0.009257459453720696,-0.007938041341715718,-0.02917766457838844,0.027677518075054586,-0.07633988441307094,-0.08988889593238303,-0.12851150562081004,0.017353009847722145,-0.02623036306553128,1.0,0.5,0.6666666666666666,0.3333333333333333,-0.07017433464085232,-0.06366210500617021,-0.029024650561760273,0.17347023768734196,0.6184576879975755
2026-05-08,HEALTHCARE,XLV,143.49000549316406,-0.011504533802800032,-0.02593165520833207,-0.08993462827713883,-0.018133255149528127,0.08147432479739658,-0.1115289990751237,-0.17188548286780614,-0.11746709619194973,-0.021767983974229965,-0.03044017845839231,0.3333333333333333,0.6666666666666666,0.3333333333333333,0.16666666666666666,-0.07777904142140712,-0.11275613678596329,-0.003208284811984763,0.15851937604867,0.6293006749398606
2026-05-08,MARKET,SPY,737.6199951171875,0.02354814421455509,0.08559734386679163,0.08195085459066731,0.0993338410424216,0.3070488712757866,0.0,0.0,0.0,0.07918540257706108,0.09262427334731327,1.0,1.0,1.0,1.0,0.008131445431151685,0.005617858849450708,0.03319583012744165,0.17284486165338486,0.5982472087781181
2026-05-08,MATERIALS,XLB,51.59000015258789,0.004673840031129695,-0.0071208417706715155,-0.032264137617615374,0.20228385774975166,0.22019871433510585,-0.09271818563746315,-0.11421499220828268,0.10295001670733006,0.023509584785505355,0.08889054066163182,0.6666666666666666,0.8333333333333334,0.0,0.3333333333333333,-0.122669684049791,-0.11276829803268147,0.13225632582786528,0.22160426952704013,0.6268170409977598
2026-05-08,NUCLEAR,URA,55.18000030517578,-0.011819481475798699,0.0828100725376375,0.06299365184696093,0.15391051144544798,1.0316642347269198,-0.0027872713291541285,-0.01895720274370638,0.054576670403026384,0.07523529380282468,0.12900834000115258,0.8333333333333334,0.6666666666666666,0.8333333333333334,0.8333333333333334,-0.059084135882570554,-0.05566911002581961,-0.06609213492954454,0.372814839593341,0.8551763904570349
2026-05-08,POWER_INDUSTRIALS,XLI,173.1999969482422,0.0013875475546900606,0.009794733173587034,-0.0055692784687418895,0.12958974029806036,0.2725001555474964,-0.0758026106932046,-0.0875201330594092,0.030255899255638763,0.029181925206391846,0.08000753047648024,0.8333333333333334,1.0,0.6666666666666666,0.6666666666666666,-0.037895715542882034,0.03710269935049317,0.22412337992349343,0.1784268698469094,0.6672650417779116
2026-05-08,SEMI,SOXX,520.2999877929688,0.11712289381206387,0.345835436054426,0.4670388045466425,0.7674433696680283,1.6827883945714777,0.2602380921876344,0.3850879499559752,0.6681095286256067,0.33396913087899516,0.6231552796866549,1.0,1.0,1.0,1.0,0.20846197404239195,0.3052583866658134,0.8032497320666666,0.4748019766708528,0.9249530115084703
2026-05-15,AI_SOFTWARE,IGV,91.77999877929688,0.00691165378904679,0.07874937475373511,0.13617232193892037,-0.14575580143578049,-0.12723473199757507,0.037870157046097086,0.06402577948676136,-0.24582573575529154,0.09402564981517059,-0.07090923297478935,0.8333333333333334,0.16666666666666666,0.6666666666666666,0.8333333333333334,0.004879969918491341,0.04659465182919559,-0.2513468140438004,0.4421231733645503,0.8629516572760877
2026-05-15,COMMUNICATION_SERVICES,XLC,116.08000183105469,-0.007354203800213455,-0.0253568151281095,-0.006164393851805561,0.042665947380547076,0.14049914740877933,-0.06623603283574753,-0.07831093630396457,-0.05740398693896398,0.014907119834357996,0.0070684897611277275,0.6666666666666666,0.3333333333333333,0.16666666666666666,0.3333333333333333,-0.06993712001186923,-0.05063878516833076,-0.08399093318334006,0.2029123947946583,0.6099614651775654
2026-05-15,CONSUMER_DISCRETIONARY,XLY,116.52999877929688,-0.030532431465248755,-0.03222327684417681,-0.00783310509025159,0.00939840692399696,0.07070335608540512,-0.07310249455181483,-0.0799796475424106,-0.0906715273955141,0.022390276229626638,-0.007075441202490151,0.5,0.3333333333333333,0.3333333333333333,0.3333333333333333,-0.0867195744490688,-0.1500125110955901,-0.17456859467153837,0.22601530720692659,0.6961873579765879
2026-05-15,CONSUMER_STAPLES,XLP,84.63999938964844,0.005464469978677,0.02643706438733484,-0.03697804098952784,0.095521577133858,0.031314727724877756,-0.014442153320303186,-0.10912458344168685,-0.004548357185653051,0.01883839169002033,0.039002478261361384,0.6666666666666666,0.6666666666666666,0.6666666666666666,0.5,-0.02707133598044346,-0.08992639368181353,0.005189220445148746,0.1507935807105742,0.5783166886049081
2026-05-15,DEFENSIVE,XLU,43.869998931884766,-0.019007206297321222,-0.04961007199084144,-0.05309740561074183,-0.011491710769625851,0.06765633411957506,-0.09048928969847947,-0.12524394806290085,-0.11156164508913691,-0.04209793057046074,-0.012834637636121249,0.3333333333333333,0.5,0.3333333333333333,0.16666666666666666,-0.04910343945987278,-0.12832838396946333,-0.05152941734399382,0.17826530190126966,0.7479784309167972
2026-05-15,ENERGY,XLE,59.439998626708984,0.06714538263090963,0.08033438989769448,0.0830903329053152,0.29189308400583847,0.39073458803011585,0.03945517219005645,0.010943790453156188,0.1918231496863274,0.021937945964567884,0.19731890540692354,0.6666666666666666,1.0,1.0,1.0,0.024844762052690556,0.017442124867538305,0.22766701990774685,0.3010879559423826,0.6223832426101682
2026-05-15,FINANCIALS,XLF,51.099998474121094,-0.0027323028836773178,-0.02536719098442175,-0.02648129472085592,-0.025738842119755634,-0.009497997228484545,-0.06624640869205978,-0.09862783717301493,-0.1258087764392667,0.013506785404412414,-0.028544841241903485,0.5,0.5,0.3333333333333333,0.3333333333333333,-0.06535173424555361,-0.0842950723265027,-0.037645910870375075,0.16930147078317803,0.6241398819176734
2026-05-15,HEALTHCARE,XLV,145.10000610351562,0.011220297921225253,-0.024865570378753254,-0.0747353696806844,-0.04432586212458656,0.09023976328869843,-0.06574478808639128,-0.1468819121328434,-0.1443957964440976,-0.005639916062909256,-0.02202956596394834,0.5,0.6666666666666666,0.5,0.16666666666666666,-0.009954849279509773,-0.06204606914082996,-0.029953967084443606,0.1633120956329451,0.6976206042531539
2026-05-15,MARKET,SPY,739.1699829101562,0.0021013364648858612,0.04087921770763803,0.07214654245215901,0.10006993431951106,0.24397503824455424,0.0,0.0,0.0,0.07098765434828214,0.09080039831104814,1.0,1.0,0.75,0.75,-0.007829784725124356,-0.003823240166758668,0.027247980066071154,0.17279000390164817,0.5791186725120504
2026-05-15,MATERIALS,XLB,50.29999923706055,-0.025004863572628544,-0.030454930580672945,-0.05022658408980207,0.15938691213675193,0.15565760996362954,-0.07133414828831097,-0.12237312654196109,0.05931697781724088,-0.0029534811315243825,0.05824279216150807,0.5,0.8333333333333334,0.3333333333333333,0.3333333333333333,-0.08887327706366616,-0.1181338496429788,0.10130865931140494,0.22655519795657617,0.5943779556184189
2026-05-15,NUCLEAR,URA,49.93000030517578,-0.09514316728823147,-0.10615825707808668,-0.08149375009999893,0.11575419676370458,0.8018766493988858,-0.1470374747857247,-0.15364029255215794,0.01568426244419352,-0.029241359411125933,0.016402293594086848,0.0,0.5,0.0,0.0,-0.1545038310922011,-0.16928959672937963,-0.07256082454956098,0.4144965622448513,0.8723959577057411
2026-05-15,POWER_INDUSTRIALS,XLI,171.39999389648438,-0.010392627502734397,-0.012160686284088618,-0.03289511917619925,0.12755739813395262,0.19209900787093726,-0.053039903991726645,-0.10504166162835826,0.02748746381444156,0.017603199027090177,0.06536714334802673,0.8333333333333334,1.0,0.5,0.5,-0.007649922246387515,0.027995189076726417,0.25944605113165864,0.1747298975084057,0.6379674798201559
2026-05-15,SEMI,SOXX,508.5199890136719,-0.022640782348017696,0.22325659586323132,0.41479564692970716,0.7625121599099154,1.3859615134587773,0.1823773781555933,0.34264910447754815,0.6624422255904043,0.24472509368334028,0.5542051409846807,1.0,1.0,1.0,1.0,0.17502452698334472,0.2545865017116217,0.791289788001873,0.4880790204091168,1.0479997842151558
2026-05-22,AI_SOFTWARE,IGV,94.01000213623047,0.02429726941156396,0.10340382046422181,0.1525070796609993,-0.06847003723828005,-0.07770036441904293,0.059002313196623524,0.06555242250385551,-0.19989043009043495,0.10764195416631783,-0.04468418252934525,0.8333333333333334,0.16666666666666666,0.6666666666666666,0.8333333333333334,0.026851060587929115,0.05697025632635536,-0.1967775382606849,0.44275266389157475,0.7497277694724978
2026-05-22,COMMUNICATION_SERVICES,XLC,115.45999908447266,-0.005341167615455333,-0.0006924167424334771,-0.02193988903286681,0.031814097498206406,0.15241038298204157,-0.04509392401003176,-0.1088945461900106,-0.09960629535394849,0.008595678299498255,0.0008256300423132856,0.5,0.3333333333333333,0.5,0.16666666666666666,-0.04665066789457467,-0.09997101301128773,-0.11676830150193619,0.20159924800074008,0.6782015193961303
2026-05-22,CONSUMER_DISCRETIONARY,XLY,119.18000030517578,0.022740938416191847,0.00412838363544088,0.019852812619433724,0.05702882754036165,0.13154525286852925,-0.040273123632157404,-0.06710184453771006,-0.07439156531179325,0.03806289054587242,0.014497534051494787,0.5,0.5,0.5,0.5,-0.04113788418444161,-0.13449447081255878,-0.14996448235479304,0.23056561821894672,0.7646119694703439
2026-05-22,CONSUMER_STAPLES,XLP,84.80000305175781,0.0018904024487615967,0.018863386176872332,-0.057882445959586803,0.08857511412996155,0.039215743106313594,-0.02553812109072595,-0.1448371031167306,-0.04284527872219335,0.02069068165073462,0.040079264722775676,0.5,0.6666666666666666,0.5,0.16666666666666666,-0.04969988452907822,-0.14540211587504545,-0.051880571170954536,0.13854414208322546,0.6157926771414851
2026-05-22,DEFENSIVE,XLU,45.349998474121094,0.03373602868179382,-0.017973188080764535,-0.049863840162184925,0.028927911267416784,0.11892424969147353,-0.06237469534836282,-0.1368184973193287,-0.10249248158473812,-0.006288788039071291,0.01901235578292626,0.6666666666666666,0.8333333333333334,0.6666666666666666,0.0,-0.026299648825774402,-0.1479421011196874,-0.07971100221154963,0.18160042514508715,0.7639286364157517
2026-05-22,ENERGY,XLE,59.4900016784668,0.0008412357488740696,0.04607003333550441,0.06384126656685152,0.330574880264918,0.4511526583355301,0.0016685260679061287,-0.02311339059029227,0.1991544874127631,0.01965962750200112,0.1883265157614371,0.3333333333333333,1.0,0.8333333333333334,1.0,-0.018956747295237258,-0.020170881428838827,0.23807585736244175,0.300183593151223,0.668236606794005
2026-05-22,FINANCIALS,XLF,51.939998626708984,0.01643835964130802,0.010112805839766148,0.009916358516565582,0.0052254783691079165,0.037762226143031485,-0.034288701427832136,-0.0770382986405782,-0.12619491448304698,0.023972850040477667,-0.012331618161871005,1.0,0.6666666666666666,0.6666666666666666,1.0,-0.01934313731625135,-0.007701328994653663,-0.010991254369780176,0.1678407112607813,0.6368552274566215
2026-05-22,HEALTHCARE,XLV,149.88999938964844,0.0330116683986601,0.03960332226335539,-0.06435703966913764,-0.03052843413796036,0.14999235538626832,-0.004798185004242894,-0.15131169682628143,-0.16194882699011526,0.027115177523781675,0.00793151674080339,1.0,0.8333333333333334,1.0,0.3333333333333333,0.04700311940927052,-0.06463085022614945,-0.04760496792307717,0.1739194175751373,0.7343957907789458
2026-05-22,MARKET,SPY,745.6400146484375,0.008753104005669199,0.044401507267598284,0.08695465715714379,0.1314203928521549,0.2875620063704807,0.0,0.0,0.0,0.06747066714979066,0.09621507554493092,1.0,1.0,1.0,1.0,0.00019025695879915094,0.004808870468920201,0.0360077094251286,0.17098586750689077,0.5863450366275916
2026-05-22,MATERIALS,XLB,50.290000915527344,-0.00019877379095145642,-0.03139440121153381,-0.05841600712971995,0.16479448301551836,0.17362900131489112,-0.07579590847913209,-0.14537066428686374,0.03337409016336346,-0.005320491311342046,0.05510508446181861,0.3333333333333333,0.8333333333333334,0.3333333333333333,0.3333333333333333,-0.08363662642106134,-0.15340283490532372,0.08600877175668953,0.22503727177765925,0.6544512085611836
2026-05-22,NUCLEAR,URA,48.959999084472656,-0.01942722240685779,-0.11480748745532943,-0.09900627627913283,0.17720603281666913,0.5381715112103622,-0.1592089947229277,-0.18596093343627662,0.045785639964514235,-0.047489370226368566,-0.008364913416926023,0.16666666666666666,0.3333333333333333,0.0,0.0,-0.15589354042089015,-0.1941433156718869,-0.05666547523968415,0.4152750128667342,0.9189054481144631
2026-05-22,POWER_INDUSTRIALS,XLI,171.77000427246094,0.002158753729011309,-0.004058659148186705,-0.030314977620471306,0.1479649713771518,0.21969752211267535,-0.04846016641578499,-0.1172696347776151,0.01654457852499691,0.01550724605519238,0.06413990575976602,0.6666666666666666,1.0,0.16666666666666666,0.5,-0.07457097472166195,-0.018578384504429685,0.23311091812123474,0.1749627573296793,0.6256880293259608
2026-05-22,SEMI,SOXX,537.3300170898438,0.0566546619574424,0.1640598136589828,0.5252490960762706,0.9840122723872302,1.6526956139719164,0.11965830639138453,0.4382944389191268,0.8525918795350753,0.2521059899457494,0.6067760695435758,1.0,1.0,1.0,1.0,0.1263345506445609,0.32074632288920385,0.9762842586645636,0.47595141209949016,1.1301603109364442
2026-05-29,AI_SOFTWARE,IGV,101.66000366210938,0.08137433626257384,0.173496558758097,0.1556212601050233,-0.02334511251103477,-0.01919920727905322,0.12377761774533602,0.030543216476115687,-0.13029716661430235,0.17199483666401294,0.03457842574022063,1.0,0.6666666666666666,1.0,0.8333333333333334,0.10966142525178324,0.05143969969002071,-0.11006507284654267,0.4448079640781681,0.7647181360529561
2026-05-29,COMMUNICATION_SERVICES,XLC,115.69000244140625,0.001992060962735076,-0.008824526803673294,-0.015068931183913059,0.0025999051334142376,0.1409270286044355,-0.05854346781643427,-0.14014697481282068,-0.10435214896985334,0.007559547111295251,0.0018683978251252675,0.6666666666666666,0.3333333333333333,0.16666666666666666,0.3333333333333333,-0.0672035999700627,-0.13211076721942883,-0.13391612176687495,0.20154938374579626,0.6795295582431145
2026-05-29,CONSUMER_DISCRETIONARY,XLY,120.87000274658203,0.0141802520312031,0.018882285636228735,0.05618664949319596,0.022329352234545352,0.13068289075113992,-0.03083665537653224,-0.06889139413571166,-0.08462270186872223,0.04087908852824884,0.02793835041048176,0.6666666666666666,0.5,0.6666666666666666,0.5,-0.026840579774370692,-0.12973828123848663,-0.15777193428439562,0.22563524801415052,0.7349836044868787
2026-05-29,CONSUMER_STAPLES,XLP,82.91000366210938,-0.02228772784943034,-0.014969639233054166,-0.03345762599707769,0.044601244714959964,0.0009658557199825335,-0.06468858024581514,-0.1585356696259853,-0.062350809388307615,-0.004000301865304978,0.01676108309290858,0.16666666666666666,0.3333333333333333,0.16666666666666666,0.16666666666666666,-0.09868359770229852,-0.17106268701136665,-0.08066807242746278,0.10945017477698135,0.6140434886938546
2026-05-29,DEFENSIVE,XLU,44.41999816894531,-0.02050717390225454,-0.04575727396402285,-0.04963635914010489,-0.019750645148119972,0.08447263578636877,-0.09547621497678382,-0.1747144027690125,-0.12670269925138755,-0.02617620467691728,-0.0026690558203552595,0.3333333333333333,0.6666666666666666,0.3333333333333333,0.16666666666666666,-0.059531609791906505,-0.15956299242803543,-0.08837870369065189,0.18149863082625697,0.7960173017684583
2026-05-29,ENERGY,XLE,56.290000915527344,-0.053790564341129166,-0.04350038445148796,-0.004949598387968379,0.24466562332197594,0.3808414512038778,-0.09321932546424894,-0.130027642016876,0.13771356921870836,-0.030168313255702017,0.11758576887784655,0.16666666666666666,1.0,0.0,0.16666666666666666,-0.10364640488088468,-0.11638041377369572,0.1795634065350585,0.32427322481415716,0.6787838942645408
2026-05-29,FINANCIALS,XLF,51.58000183105469,-0.006931012806557502,-0.006548465906803247,0.01997235796570207,-0.032814549782763214,0.012166459138947427,-0.05626740691956422,-0.10510568566320555,-0.1397666038860308,0.011888453863094561,-0.018248400470507686,0.8333333333333334,0.5,0.3333333333333333,1.0,-0.029461618531755367,-0.002824084088009604,-0.0306840784733373,0.16413083409778337,0.6699543703774535
2026-05-29,HEALTHCARE,XLV,149.47000122070312,-0.002802042635636437,0.029691357466662627,-0.021152559214744904,-0.051887047208846515,0.12688481535358132,-0.02002758354609835,-0.14623060284365252,-0.1588391013121141,0.021339700137535278,0.0032015032436345514,0.8333333333333334,0.8333333333333334,0.8333333333333334,0.5,0.0023050650789331883,-0.06992175352434073,-0.05587349478821942,0.14611456950170035,0.7420372824016068
2026-05-29,MARKET,SPY,756.47998046875,0.014537800557046898,0.049718941012760975,0.12507804362890762,0.10695205410326758,0.2834964313400852,0.0,0.0,0.0,0.06651323678240884,0.10762591648205833,1.0,1.0,1.0,1.0,0.0038927645579746595,0.016823246368949774,0.03232293041677414,0.15987407809165002,0.5886924865127572
2026-05-29,MATERIALS,XLB,51.150001525878906,0.017100827096744542,-0.003894780023079858,0.025872460885199455,0.14429531661858763,0.18485067628921215,-0.05361372103584083,-0.09920558274370816,0.03734326251532005,0.003413404235297346,0.070307632786208,0.3333333333333333,0.8333333333333334,0.3333333333333333,0.6666666666666666,-0.044751503003467884,-0.11698430739383582,0.06766946592550488,0.17884182344906496,0.6870550350306158
2026-05-29,NUCLEAR,URA,50.7599983215332,0.03676469098692059,-0.09097424457688252,0.04059039753557103,0.1210247281354151,0.5857544824482803,-0.1406931855896435,-0.08448764609333659,0.014072674032147514,-0.02070113359793524,0.022232930081487412,0.0,0.5,0.0,0.5,-0.13642042474167432,-0.1421974709643831,-0.0927582766553414,0.3620465134679258,0.993115044581748
2026-05-29,POWER_INDUSTRIALS,XLI,173.1300048828125,0.007917567541037895,0.000982875591734489,0.018771345154629637,0.12648839958745972,0.21222515056862012,-0.04873606542102649,-0.10630669847427798,0.01953634548419214,0.016659546053782837,0.06925486655588542,0.6666666666666666,1.0,0.16666666666666666,1.0,-0.09354025645983388,0.010140737203019187,0.17437874374939907,0.15238889052845075,0.6011353519264441
2026-05-29,SEMI,SOXX,569.0800170898438,0.0590884540044061,0.22185725623154862,0.7590800899858652,0.9177732554360658,1.7768127759857308,0.17213831521878764,0.6340020463569576,0.8108212013327982,0.2568077061053131,0.6619611699261687,1.0,1.0,1.0,1.0,0.22487147075770286,0.5623598305372416,1.016491466146513,0.39171335948303876,1.1661321800931852
2026-06-05,AI_SOFTWARE,IGV,95.8499984741211,-0.05715133758305957,0.05156332275987707,0.13849620732378365,-0.12433766420780279,-0.09558411551182266,0.051658232502945545,0.024860168334050137,-0.19996948786997437,0.08137684039551352,-0.021499461870504888,0.8333333333333334,0.5,0.8333333333333334,0.8333333333333334,0.042064636683762126,0.023234163900521538,-0.1728288167406601,0.4542481704700505,0.8227979714626992
2026-06-05,COMMUNICATION_SERVICES,XLC,111.66999816894531,-0.034748069734867215,-0.04506588132749112,-0.024290072987543043,-0.04661486564077699,0.07675247473475699,-0.04497097158442265,-0.13792611197727656,-0.12224668930294857,-0.03135708620593758,-0.03300321380635107,0.16666666666666666,0.16666666666666666,0.0,0.3333333333333333,-0.06168608775406755,-0.1391583776856393,-0.14273070425001794,0.20764065570996273,0.7568420793057083
2026-06-05,CONSUMER_DISCRETIONARY,XLY,114.86000061035156,-0.04972285926749864,-0.04442592739989848,0.03608154409144482,-0.04067487354914545,0.08271670454454738,-0.04433101765683001,-0.0775544948982887,-0.11630669721131703,-0.018634493459857793,-0.022963875805002254,0.0,0.16666666666666666,0.16666666666666666,0.3333333333333333,-0.04354068286298266,-0.14857326447866145,-0.18918353277701372,0.24230528291178033,0.7388555085227467
2026-06-05,CONSUMER_STAPLES,XLP,83.44000244140625,0.006392458761150577,-0.00879066121509664,-0.015340989557884988,0.06347187630695683,0.021422450088127043,-0.008695751472028168,-0.1289770285476185,-0.01215994735521475,0.0003716778921609709,0.022426877572470083,0.5,0.6666666666666666,0.3333333333333333,0.16666666666666666,-0.03352883093438334,-0.15095720939213372,-0.022616392525000268,0.10871756283625425,0.7374367029703186
2026-06-05,DEFENSIVE,XLU,44.349998474121094,-0.0015758599214251712,-0.008273764232607839,-0.0555792304351761,0.024249405440216476,0.0924990058013091,-0.008178854489539367,-0.1692152694249096,-0.051382418221955106,-0.025060473308926023,-0.005463256339342082,0.8333333333333334,0.6666666666666666,0.6666666666666666,0.3333333333333333,0.01932043713045034,-0.12784670489720482,-0.009667569867052861,0.18055239200635514,0.8668543117018447
2026-06-05,ENERGY,XLE,57.66999816894531,0.024515850612418566,0.0353679960327149,-0.0005199756256053512,0.25587980114394404,0.3828077121915543,0.03546290577578337,-0.11415601461533886,0.18024797748177246,0.002050293740042841,0.137938234562216,0.3333333333333333,1.0,1.0,0.16666666666666666,0.028008475658245418,-0.09894770978511193,0.2047619388204747,0.32569604625747967,0.6617895675880889
2026-06-05,FINANCIALS,XLF,52.29999923706055,0.013958848011757397,0.020686914985781568,0.06974841255846109,-0.025707918410391217,0.01989080503206786,0.02078182472885004,-0.04388762643127242,-0.1013397420725628,0.01705461897581162,-0.003743119696182906,1.0,0.8333333333333334,1.0,1.0,0.05260823292570919,0.07506128978813535,0.0016891764781735337,0.14465301739870307,0.7328761350880633
2026-06-05,HEALTHCARE,XLV,153.00999450683594,0.02368363723303757,0.0663460077303113,0.021496771246609203,-0.0016312149873451975,0.138636619638985,0.06644091747337977,-0.09213926774312431,-0.07726303864951678,0.03860926664077735,0.024283264903334656,1.0,1.0,1.0,0.8333333333333334,0.09579258701375111,-0.0087849166298124,0.040123792607465646,0.14902294050075804,0.861037435691008
2026-06-05,MARKET,SPY,737.5499877929688,-0.025023785380349883,-9.4909743068472e-05,0.11363603898973351,0.07563182366217158,0.2310144035793491,0.0,0.0,0.0,0.02487602764036434,0.07626477082622563,1.0,1.0,0.25,1.0,0.0002542437871021208,0.015686640512573513,0.026480864184940722,0.16843893683404232,0.6340042492929737
2026-06-05,MATERIALS,XLB,50.630001068115234,-0.0101661865542777,-0.018608239612972755,0.029274293181711153,0.14833297557027736,0.15356577289122586,-0.018513329869904283,-0.08436174580802236,0.07270115190810578,-0.010127451446234392,0.056944115687246555,0.3333333333333333,0.6666666666666666,0.3333333333333333,0.5,-0.030835886999645973,-0.10919334373162469,0.07968365723258296,0.17759647681044796,0.8294479550590917
2026-06-05,NUCLEAR,URA,45.310001373291016,-0.10736794973317032,-0.17886913514494818,-0.08074659095781322,-0.05446571150634372,0.3469085075915199,-0.1787742254018797,-0.19438262994754674,-0.1300975351685153,-0.12361460733690066,-0.08964877141802596,0.0,0.16666666666666666,0.0,0.0,-0.15275270331538124,-0.2273117762518629,-0.17840342249262606,0.42962970886086865,1.032769476003231
2026-06-05,POWER_INDUSTRIALS,XLI,174.17999267578125,0.00606473611364744,0.005658174046226483,0.05788034699405098,0.1267951262295106,0.20182157923263233,0.005753083789294955,-0.05575569199568253,0.05116330256733903,0.013906388020779037,0.07206985531014154,0.5,1.0,0.16666666666666666,1.0,-0.03516179692349105,0.0072113823428412065,0.18086603912709945,0.13286810681052263,0.6135260311238085
2026-06-05,SEMI,SOXX,539.77001953125,-0.051504176351998665,0.03742078069398014,0.629150089336588,0.7445702332878528,1.483528244346195,0.03751569043704861,0.5155140503468545,0.6689384096256812,0.13773039331471515,0.5431876983525123,1.0,1.0,0.8333333333333334,1.0,0.03754845793622084,0.3898693383892888,0.8703403067611157,0.44311925823604464,1.2757766781219788
2026-06-12,AI_SOFTWARE,IGV,90.69999694824219,-0.05372980289894713,-0.011767289664622482,0.0929027507282123,-0.159951876236058,-0.14651359919695717,-0.01525771426179856,-0.05076715633426576,-0.24794470270735303,0.011452693457131957,-0.06993440081956848,0.5,0.16666666666666666,0.3333333333333333,0.8333333333333334,-0.01728960882088802,-0.06948468096746145,-0.2264066625299166,0.4723707580205818,0.7797050364397727
2026-06-12,COMMUNICATION_SERVICES,XLC,111.6500015258789,-0.00017906907311082687,-0.03816333765762081,-0.0051679748169485284,-0.042042054033262444,0.0884187905334819,-0.04165376225479689,-0.1488378818794266,-0.13003488050455747,-0.03148853894593451,-0.032539672203499626,0.0,0.16666666666666666,0.16666666666666666,0.3333333333333333,-0.0519067346358815,-0.15496583609428377,-0.1362712693537468,0.20370001485694392,0.8604009405030696
2026-06-12,CONSUMER_DISCRETIONARY,XLY,116.5999984741211,0.015148858214551586,0.0006007010688877656,0.08223501750533235,-0.033968505201199206,0.1013506701536897,-0.0028897235282883127,-0.06143488955714571,-0.12196133167249423,-0.01090885759333804,-0.007961422143168306,0.5,0.16666666666666666,0.6666666666666666,0.6666666666666666,0.008736766926853434,-0.11829281663855958,-0.19057986826594617,0.23214877765040223,0.7788792286232767
2026-06-12,CONSUMER_STAPLES,XLP,85.81999969482422,0.02852345618145513,0.013941402571892025,0.05572639596848128,0.08058425677956538,0.06002965248654091,0.010450977974715947,-0.08794351109399678,-0.0074085696917296495,0.024080552683448442,0.049997848986533144,0.5,0.8333333333333334,0.5,0.8333333333333334,-0.01719124255346599,-0.11254098740312768,-0.020481591087571582,0.08194410815770198,0.780595371833546
2026-06-12,DEFENSIVE,XLU,44.529998779296875,0.00405863159794273,0.015044446398023936,-0.002687631410549396,0.0396917318600154,0.09383443332675534,0.011554021800847858,-0.14635753847302746,-0.04830109461127963,-0.01719306287663347,-0.0029890414624502704,0.8333333333333334,0.8333333333333334,1.0,0.8333333333333334,0.03493213288927862,-0.09750614892049819,-0.008648461628434337,0.1495612443238449,0.8167015076883962
2026-06-12,ENERGY,XLE,57.54999923706055,-0.0020807861226772584,-0.03179676031821399,-0.029674626462292575,0.26455727004126417,0.30646992585284893,-0.03528718491539007,-0.17334453352477064,0.17656444356996914,0.0029277412821797633,0.12785361638515735,0.5,1.0,0.16666666666666666,0.16666666666666666,-0.03708692303121317,-0.16382204293498806,0.18761654197649905,0.31986980218082706,0.7081893854739612
2026-06-12,FINANCIALS,XLF,53.34000015258789,0.01988529504203873,0.043835650594025166,0.08679702857789517,-0.029299373757923797,0.06765414591782326,0.04034522599684909,-0.05687287848458289,-0.11729220022921882,0.029650228768068,0.015937112890092697,1.0,1.0,1.0,1.0,0.0923147791794879,0.05471163040785051,-0.0072453490863129315,0.14745003345830596,0.7699130060603234
2026-06-12,HEALTHCARE,XLV,153.80999755859375,0.005228436575900108,0.06002750578014693,0.05834993202158634,-0.0016227444110202827,0.12987579550152129,0.05653708118297085,-0.08531997504089173,-0.08961557088231531,0.03910227825424739,0.026904400132622408,1.0,1.0,1.0,1.0,0.0695876493149239,0.017463677440511766,0.018878187545240826,0.13042809009549483,0.8636735346634066
2026-06-12,MARKET,SPY,741.75,0.005694545829495912,0.0034904245971760783,0.14366990706247806,0.08799282647129503,0.24246231155778886,0.0,0.0,0.0,0.018551572988715126,0.07867452660224394,1.0,1.0,1.0,1.0,0.02809723921987045,0.03221409792359231,0.03997633146210189,0.15462797085225863,0.707560302101456
2026-06-12,MATERIALS,XLB,52.18000030517578,0.030614244605194685,0.037375767328641896,0.11068541535988108,0.15570317921844246,0.19432368838017333,0.03388534273146582,-0.032984491702596985,0.06771035274714743,0.016658554411608018,0.08578831471675441,0.5,0.6666666666666666,0.6666666666666666,1.0,0.011066330075165146,-0.04528189231884187,0.07917232290996362,0.14920736121210973,0.8896356511990172
2026-06-12,NUCLEAR,URA,45.52000045776367,0.004634718122000336,-0.08832364951848326,-0.019810469340026948,-0.011509202781274652,0.2598947996692733,-0.09181407411565934,-0.163480376402505,-0.09950202925256968,-0.11375892445723745,-0.08762469922345861,0.0,0.0,0.0,0.0,-0.07963024525015162,-0.2016383669867229,-0.16579361817214563,0.4129073669374823,1.0177638659404598
2026-06-12,POWER_INDUSTRIALS,XLI,176.17999267578125,0.011482375037888515,0.027887975201351,0.08975069382800993,0.1240269650460426,0.23505082519406417,0.024397550604174922,-0.05391921323446813,0.036034138574747576,0.018193128922244117,0.08018291284256818,0.5,1.0,0.3333333333333333,1.0,-0.026922467376890285,-0.019172099454462743,0.17207368841707407,0.12258326867294159,0.6775602333074953
2026-06-12,SEMI,SOXX,596.25,0.10463712030134364,0.17252028018896515,0.793179099842066,0.9909509086642181,1.6984521265520947,0.16902985559178907,0.649509192779588,0.9029580821929231,0.19228299634429336,0.6631520840389984,0.8333333333333334,1.0,0.8333333333333334,1.0,0.18644595465639544,0.5411252139903328,1.1550503237319407,0.4503180905802508,1.4259887048382063
2026-06-19,AI_SOFTWARE,IGV,89.08999633789062,-0.017750834228476453,-0.05233491848250604,0.15866818890734247,-0.17325543270440158,-0.1524117988720023,-0.05381012845558686,-0.018987914497329283,-0.27045045580008087,-0.022224694784861776,-0.08112488037943366,0.0,0.16666666666666666,0.0,0.8333333333333334,-0.05459717531576288,-0.05691402793999071,-0.26168957284529465,0.4392350672856625,0.7689030264094594
2026-06-19,COMMUNICATION_SERVICES,XLC,109.44999694824219,-0.01970447422812427,-0.05205267784415479,0.02251491042696019,-0.06067627787942376,0.06427460954620967,-0.05352788781723561,-0.15514119297771156,-0.15787130097510305,-0.046851897088178496,-0.04997713727922348,0.16666666666666666,0.16666666666666666,0.16666666666666666,0.6666666666666666,-0.05387242270702145,-0.1316498269961501,-0.14871703683193502,0.18154561507524228,0.9742878213132162
2026-06-19,CONSUMER_DISCRETIONARY,XLY,117.16000366210938,0.004802788982133377,-0.016949124332051868,0.10862985734086283,-0.03848990456087531,0.11220816152589053,-0.018424334305132684,-0.06902624606380892,-0.1356849276565546,-0.009745309656702283,-0.0027397550996303144,0.3333333333333333,0.16666666666666666,0.3333333333333333,0.6666666666666666,-0.01690046345547454,-0.13242000974080104,-0.1822498091380826,0.22460462726794347,0.7276009703664766
2026-06-19,CONSUMER_STAPLES,XLP,83.30000305175781,-0.02936374565401434,-0.01768867860870793,0.018586503975905444,0.05737502338790068,0.028141279969881694,-0.019163888581788746,-0.1590695994287663,-0.03981999970777861,-0.007092176652814475,0.01823785542839307,0.3333333333333333,0.5,0.16666666666666666,0.5,-0.02803724698794341,-0.1827352427746877,-0.042737560862283995,0.1079859434302235,0.7743696447436975
2026-06-19,DEFENSIVE,XLU,44.7599983215332,0.005165047126461264,-0.013009926624905521,-0.018205786976896343,0.04996474783133609,0.10819507298642717,-0.014485136597986337,-0.1958618903815681,-0.0472302752643432,-0.007296698984330607,0.0010343245994479666,0.5,0.8333333333333334,0.16666666666666666,0.6666666666666666,-0.0087892611511316,-0.16175014083334294,-0.038455472354683495,0.14246441271348886,0.8210882493984581
2026-06-19,ENERGY,XLE,53.77000045776367,-0.06568199529814522,-0.09615063135514346,-0.1405051266395927,0.21844548280814613,0.2085861638388835,-0.09762584132822427,-0.31816123004426444,0.12125045971246684,-0.057741160546226244,0.04890724084171039,0.0,1.0,0.0,0.0,-0.1137630456806253,-0.3431845275887564,0.10792588546046673,0.31775552447988664,0.6544842941268588
2026-06-19,FINANCIALS,XLF,53.56999969482422,0.004311952410543274,0.031382385660615686,0.12047684911280965,-0.023158286911560855,0.06374104538459502,0.02990717568753487,-0.0571792542918621,-0.12035331000724014,0.028530836177779406,0.020429539563096677,1.0,1.0,1.0,1.0,0.06885536569479545,0.05123475714642086,-0.0015570555562292587,0.12753079819892502,0.8165858268058959
2026-06-19,HEALTHCARE,XLV,149.39999389648438,-0.028671762122805977,-0.0032691006415328516,0.042859134615947925,-0.03575583101605373,0.1266967346883352,-0.004744310614613667,-0.13479696878872383,-0.13295085411173302,0.007886300048912442,-0.004414865297659554,0.6666666666666666,0.6666666666666666,0.5,0.6666666666666666,-0.006656832285653762,-0.048109639242875056,-0.03023659567178281,0.14325924926351855,0.8741877488944156
2026-06-19,MARKET,SPY,746.739990234375,0.00672732084175931,0.0014752099730808155,0.17765610340467175,0.09719502309567929,0.25654565763867865,0.0,0.0,0.0,0.016017011595781172,0.08241579985701186,1.0,1.0,1.0,1.0,0.02020573950362492,0.028376019138075415,0.0439655621647963,0.13523081647885077,0.7752803466340236
2026-06-19,MATERIALS,XLB,51.810001373291016,-0.00709081889077845,0.03022470531103849,0.05929260958753302,0.14194407302223655,0.19902805996375816,0.028749495337957676,-0.11836349381713873,0.04474904992655726,0.009744711404770845,0.07475136176419483,0.6666666666666666,0.8333333333333334,0.5,0.8333333333333334,0.01482212484626333,-0.12498178963766055,0.06059930259287699,0.13303585371305918,0.8698599757175233
2026-06-19,NUCLEAR,URA,47.779998779296875,0.049648468778689336,-0.02410131387339043,0.02466218496331951,0.041185430699194336,0.29942883286553057,-0.025576523846471244,-0.15299391844135224,-0.05600959239648495,-0.06396319506547288,-0.045068477208571434,0.16666666666666666,0.3333333333333333,0.5,0.6666666666666666,-0.0029876058835741626,-0.1809796255106116,-0.11006388685250917,0.4257988569808347,1.0252302212252675
2026-06-19,POWER_INDUSTRIALS,XLI,180.91000366210938,0.02684760576095968,0.05321068383482497,0.13636939152031125,0.16072117896613247,0.2707031668660158,0.05173547386174415,-0.041286711884360505,0.06352615587045318,0.0398859841622099,0.10421905178200275,0.8333333333333334,1.0,0.8333333333333334,1.0,0.05491904180103441,0.015576926118053095,0.27096953215591557,0.11711901333259103,0.6621105410878942
2026-06-19,SEMI,SOXX,639.4500122070312,0.07245285066168772,0.19005079163502714,0.9767836975684336,1.132850863594232,1.8406113032440126,0.18857558166194632,0.7991275941637619,1.0356558404985527,0.21712831820267509,0.737157949714025,1.0,1.0,0.8333333333333334,1.0,0.2527764724474886,0.7961199305648493,1.2492710291030242,0.41426902868659304,1.3437138508703028
2026-06-26,AI_SOFTWARE,IGV,88.19999694824219,-0.009989891415787544,-0.13240218600232045,0.0978342166869699,-0.18408882337443255,-0.181666376441041,-0.09606283672127147,-0.01371903833049437,-0.24012160982194175,-0.03529594093541599,-0.08345308130951012,0.16666666666666666,0.16666666666666666,0.0,0.6666666666666666,-0.14374405618911984,-0.09653957795699365,-0.2632949883991327,0.4358429638409209,0.8369979069738916
2026-06-26,COMMUNICATION_SERVICES,XLC,106.18000030517578,-0.029876626169416443,-0.08220245427902917,-0.04941805545101474,-0.09994066960692938,-0.013930163407771645,-0.045863104997980186,-0.160971310468479,-0.15597345605443858,-0.06480649783739079,-0.07570706137629601,0.0,0.16666666666666666,0.0,0.3333333333333333,-0.05080080976388257,-0.1570705991866422,-0.16171536899705224,0.16608696874562437,1.2290756929840174
2026-06-26,CONSUMER_DISCRETIONARY,XLY,114.37000274658203,-0.023813595325361536,-0.05377678375360018,0.05751272429908161,-0.06292503165214114,0.04643400578855328,-0.017437434472551194,-0.05404053071838266,-0.11895781809965034,-0.028366544944674277,-0.025176041090662626,0.16666666666666666,0.16666666666666666,0.16666666666666666,0.6666666666666666,-0.026163263773870977,-0.09406779350371829,-0.17747697533100779,0.23176753614191145,0.8413386648498108
2026-06-26,CONSUMER_STAPLES,XLP,84.70999908447266,0.016926722461687804,0.02171023209333045,0.034436435655666786,0.08283261471910364,0.05164488982131776,0.05804958137437943,-0.07711681936179748,0.02679982827159444,0.007013764327244321,0.03378943393587064,0.5,0.5,0.5,0.5,0.04995105208105305,-0.1263170314904273,0.01137202235244992,0.11255989022019407,0.9522177946924268
2026-06-26,DEFENSIVE,XLU,46.20000076293945,0.032171637520225005,0.04007209967060654,-0.0030211348551456574,0.07994394766784496,0.13611212892653968,0.07641144895165553,-0.11457438987260993,0.023911161220335764,0.02454929841309683,0.031091789379901424,1.0,1.0,1.0,0.8333333333333334,0.09442608665644452,-0.06327927824285477,0.04879578572315646,0.15496087686792123,0.9504751858256452
2026-06-26,ENERGY,XLE,53.84000015258789,0.0013018354887164296,-0.043524617571353286,-0.09130801430231406,0.21809952993782122,0.26236807095819636,-0.007185268290304303,-0.20286126931977833,0.16206674349031203,-0.05455949570943863,0.04538869168214599,0.0,0.6666666666666666,0.0,0.0,-0.03558975450308477,-0.23639245513282647,0.1345940044402545,0.30422767475585305,0.7287552117884455
2026-06-26,FINANCIALS,XLF,53.56999969482422,0.0,0.03858080250341156,0.08156674773059014,-0.036857232585910116,0.031382385660615686,0.07492015178446054,-0.02998650728687413,-0.09289001903341931,0.026284534528148162,0.02076008728995271,1.0,1.0,0.8333333333333334,1.0,0.09518849542401425,0.05007147836691761,0.013473630216777074,0.11368370185586808,0.8925567644314008
2026-06-26,HEALTHCARE,XLV,160.33999633789062,0.07322625761943691,0.07272359020815933,0.09215992782710103,0.027491145160118524,0.19719260140663875,0.10906293948920831,-0.01939332719036324,-0.028541641287390673,0.07333398480809472,0.06440073794239498,1.0,1.0,1.0,1.0,0.14778852157764003,0.0971362013456885,0.10579644445735807,0.20088848275355695,1.0212805862921492
2026-06-26,MARKET,SPY,728.989990234375,-0.02376998718714518,-0.03633934928104898,0.11155325501746427,0.0560327864475092,0.18552312057399312,0.0,0.0,0.0,-0.010671065498362609,0.05419259057176329,0.5,1.0,0.5,1.0,0.02635328734093037,0.038863142593071553,0.06046453689936654,0.14728272841117235,0.9239650590318009
2026-06-26,MATERIALS,XLB,51.599998474121094,-0.004053327419485164,0.008797594033589817,0.023606400125194105,0.11906306204942974,0.1741949899296158,0.0451369433146388,-0.08794685489227017,0.06303027560192054,0.0062009770451212365,0.06697267042010169,0.5,0.8333333333333334,0.5,0.6666666666666666,0.03768880833768836,-0.12054122833413511,0.045390372155996374,0.12035517440620701,0.995501448800516
2026-06-26,NUCLEAR,URA,43.59000015258789,-0.087693569145182,-0.14125292368072606,-0.10858898175045761,-0.04991283483467057,0.14499607307625317,-0.10491357439967708,-0.22014223676792188,-0.10594562128217977,-0.12501505227256282,-0.12626029540398853,0.0,0.16666666666666666,0.16666666666666666,0.0,-0.04922709912071863,-0.203546934925683,-0.13406189239821717,0.45150315368911875,1.0598174692381177
2026-06-26,POWER_INDUSTRIALS,XLI,181.1999969482422,0.0016029698759745248,0.04661232506111279,0.10642970153913733,0.1525983665787789,0.23441654905614118,0.08295167434216177,-0.0051235534783269365,0.0965655801312697,0.03696919755727346,0.10127036666291866,0.6666666666666666,1.0,0.8333333333333334,1.0,0.07537809410701984,0.022568966753850523,0.2603991458398227,0.11099094695755686,0.7833890397576402
2026-06-26,SEMI,SOXX,589.9400024414062,-0.07742592668775394,0.036655627899633725,0.7371102967738226,0.9276564696436163,1.4698149582766091,0.07299497718068271,0.6255570417563583,0.8716236831961071,0.08684798031902696,0.5681416953468177,0.8333333333333334,1.0,0.8333333333333334,1.0,0.1563491933198287,0.723023982025917,1.1286655895759852,0.5038852242152876,1.5260510836470769
2026-07-03,AI_SOFTWARE,IGV,93.56999969482422,0.06088438698850829,-0.023787155092260703,0.2531137269230479,-0.08818946413504403,-0.15907250365990855,-0.033589936766139306,0.156978553091073,-0.17837206572458286,0.014155039131863001,-0.022213627987046847,0.5,0.3333333333333333,0.16666666666666666,1.0,-0.08693308609486823,0.07757367198273542,-0.21252460601821274,0.4067031962923646,0.7625798842196271
2026-07-03,COMMUNICATION_SERVICES,XLC,109.5999984741211,0.03220943830397216,-0.018536757667825143,-0.03817462563072227,-0.06244656079103439,0.01443907391127719,-0.028339539341703746,-0.13430979946269717,-0.15262916238057322,-0.029607608751160863,-0.044153414614189535,0.0,0.16666666666666666,0.0,0.3333333333333333,-0.02971020865014995,-0.14847394509365028,-0.15547797189861903,0.17597409185671292,1.298110984731502
2026-07-03,CONSUMER_DISCRETIONARY,XLY,117.12000274658203,0.024044766406916773,0.019676145953518187,0.037470133579622145,-0.010392866441886972,0.05890329724618226,0.009873364279639585,-0.05866504025235275,-0.10057546803142581,-0.0036749496316009767,-0.0011545103412125002,0.5,0.3333333333333333,0.8333333333333334,0.8333333333333334,0.02228935727135334,-0.0633881921985136,-0.15414999830623063,0.219490429615039,0.8740339389825627
2026-07-03,CONSUMER_STAPLES,XLP,84.98999786376953,0.0033053805019838123,0.01857616703033682,0.03180763663743136,0.09396312515074157,0.03419320452858132,0.008773385356458219,-0.06432753719454354,0.003780523561202731,0.008232860240763307,0.03498663204511998,0.5,0.5,0.6666666666666666,0.5,-0.0020289823929813453,-0.11037431273499952,-0.0070723861759955375,0.11237160466059737,0.8558956663051254
2026-07-03,DEFENSIVE,XLU,45.7599983215332,-0.00952386221082513,0.03179255684157156,-0.025553679436425614,0.059749837844446985,0.1182795789140827,0.02198977516769296,-0.12168885326840051,-0.03043276374509185,0.01573770320232115,0.019931651400781458,1.0,1.0,1.0,0.8333333333333334,0.04726419331876097,-0.03779861393734731,0.03654497388053157,0.15290549958685562,0.890457312887381
2026-07-03,ENERGY,XLE,53.220001220703125,-0.01151558191173152,-0.07716311929134867,-0.06533188436469173,0.16582693191221032,0.2230265877784514,-0.08696590096522727,-0.16146705819666662,0.07564433032267148,-0.05941816744888129,0.029739013311273377,0.0,0.5,0.0,0.0,-0.11167885157862045,-0.20068363179037776,0.03876407559284719,0.29588853592680375,0.7022151940723299
2026-07-03,FINANCIALS,XLF,55.619998931884766,0.03826767311440937,0.06347991860909286,0.09552882470733648,0.012561416764528488,0.045685286104812484,0.053677136935214254,-0.0006063491246384167,-0.07762118482501035,0.05705270635257298,0.058934383858792794,1.0,1.0,0.8333333333333334,1.0,0.03799553394594459,0.02218334490148773,-0.0014300143461660382,0.12641391458820214,0.8623723560305683
2026-07-03,HEALTHCARE,XLV,163.74000549316406,0.02120499708699297,0.07012620986564855,0.11153355649222063,0.05292271414726568,0.2084133246727975,0.060323428191769946,0.015398382660245735,-0.037259887442273154,0.08192760122471987,0.08190079718495369,1.0,1.0,1.0,1.0,0.08343344033584255,0.10836042986752865,0.08734497806671344,0.20249129674133556,0.9441824830260701
2026-07-03,MARKET,SPY,744.780029296875,0.02166015895146023,0.009802781673878602,0.0961351738319749,0.09018260158953884,0.1910000916493575,0.0,0.0,0.0,0.006545192074936201,0.07380599710191049,0.75,1.0,1.0,1.0,0.017977899208305337,0.027361305858140506,0.05054827665147643,0.13755072480597974,0.9285157238092082
2026-07-03,MATERIALS,XLB,52.0099983215332,0.007945733711944403,0.027256512429485902,0.0009622640096520474,0.12771031062571048,0.1384479973320083,0.0174537307556073,-0.09517290982232285,0.03752770903617164,0.014018021426875915,0.07124739832070826,0.6666666666666666,0.8333333333333334,0.6666666666666666,0.6666666666666666,0.04122812314373936,-0.1144961174297021,0.05380866037370946,0.10274527600751698,0.8813015343481814
2026-07-03,NUCLEAR,URA,43.22999954223633,-0.008258788921573057,-0.04590602003999922,-0.15168759185852565,-0.06144163583754758,0.14063318738174702,-0.05570880171387782,-0.24782276569050055,-0.15162423742708642,-0.11067682209553031,-0.13122118351194378,0.0,0.0,0.3333333333333333,0.0,-0.041207109691593934,-0.25723251291492266,-0.24170433482732237,0.43717341347285166,0.8545419397534081
2026-07-03,POWER_INDUSTRIALS,XLI,183.91000366210938,0.014955887193757844,0.05586181763389764,0.07223646852274346,0.16413475525908128,0.23082589958385036,0.046059035960019035,-0.02389870530923144,0.07395215366954244,0.045632371591681764,0.1124452460955716,0.5,1.0,0.8333333333333334,0.6666666666666666,0.031187053793750658,-0.049438302505267685,0.2034157300419576,0.07070995779805986,0.7880566990691885
2026-07-03,SEMI,SOXX,566.3200073242188,-0.04003796152055894,0.04918759255289018,0.46487324982757894,0.8053492394294617,1.3272787698157646,0.03938481087901158,0.36873807599560404,0.7151666378399228,0.02358519053302288,0.4761736739947544,0.8333333333333334,1.0,0.8333333333333334,1.0,0.0998264339751956,0.4064168092100986,0.8528682523523047,0.49149608907314346,1.4006368160932896
2026-07-10,AI_SOFTWARE,IGV,92.41000366210938,-0.012397093475453036,0.018853437391436634,0.0861542274718099,-0.11990472702752974,-0.14021212527113347,0.0010576676482196845,0.023053998454610536,-0.20761922879301786,-0.004653025092492102,-0.028646015761849997,0.3333333333333333,0.3333333333333333,0.5,0.5,-0.03254544921671748,-0.043032977624724265,-0.23177270889293702,0.3073028336163997,0.708878109080012
2026-07-10,COMMUNICATION_SERVICES,XLC,111.63999938964844,0.01861314729861996,-8.958473886044871e-05,-0.06263643308184941,-0.05317618588520001,0.05310817036097237,-0.017885354482077398,-0.12573666209904877,-0.14089068765068813,-0.00707958901912753,-0.02535271192032562,0.3333333333333333,0.3333333333333333,0.16666666666666666,0.16666666666666666,-0.012054423177207082,-0.13687635468126047,-0.1478202076733675,0.1480699338072502,1.3390509215746411
2026-07-10,CONSUMER_DISCRETIONARY,XLY,117.23999786376953,0.0010245484492272805,0.005488845609123105,-0.026326764404354774,-0.05763206805952015,0.0589351193759271,-0.012306924134093844,-0.08942699342155414,-0.14534656982500826,-0.0014734537384468727,0.00022926301841375007,0.3333333333333333,0.3333333333333333,0.6666666666666666,0.16666666666666666,-0.01207646245888827,-0.09658727483567969,-0.19881757684468956,0.16635880141603226,0.9559565156065063
2026-07-10,CONSUMER_STAPLES,XLP,84.12000274658203,-0.01023644121725964,-0.01980886686422012,0.02013101722701771,0.061451138758132906,0.0409603426307279,-0.03760463660743707,-0.04296921179018165,-0.02626336300735521,-0.002028667120780203,0.022496279621980086,0.3333333333333333,0.3333333333333333,0.16666666666666666,0.5,-0.05121091411997005,-0.09573338007191445,-0.04620358018843094,0.11557832422990466,0.8585500312004087
2026-07-10,DEFENSIVE,XLU,45.40999984741211,-0.00764856833389338,0.019761982758561558,-0.016247833675892998,0.06821928111932962,0.10151610741521666,0.001966213015344609,-0.07934806269309236,-0.019495220646158495,0.01052586346035489,0.011592323694206375,0.8333333333333334,0.8333333333333334,0.6666666666666666,0.8333333333333334,-0.00014685290200846154,-0.015561795206484985,0.017275757156453797,0.1497429484476862,0.9035129546429255
2026-07-10,ENERGY,XLE,55.08000183105469,0.0349492778596181,-0.042919156190279306,0.0010905374916723165,0.18020149972290933,0.2359475716003676,-0.060714925933496255,-0.062009691525527044,0.09248699795742121,-0.02001598555311268,0.060278343101015874,0.0,1.0,0.0,0.16666666666666666,-0.08691420741283362,-0.10512928801616396,0.04600466498373512,0.2987194754239654,0.6900156467721721
2026-07-10,FINANCIALS,XLF,55.709999084472656,0.0016181257518201875,0.04443192585498679,0.06255957963389669,-0.0003588813552477532,0.06805980152311442,0.026636156111769838,-0.0005406493833026715,-0.08807338312073587,0.051191564751799756,0.05964420327909514,1.0,1.0,0.8333333333333334,1.0,0.017537811466817026,0.04300422435098047,-0.0012740320627342427,0.11332320613055817,0.822236808032906
2026-07-10,HEALTHCARE,XLV,160.83999633789062,-0.017711060571538262,0.04570573363814545,0.08091393171507444,0.022439761198153052,0.18973291984073692,0.027909963894928502,0.017813702697875078,-0.06527474056733507,0.05186742914475917,0.059934309686245246,1.0,1.0,1.0,1.0,0.03689255544570128,0.10298025931304589,0.058394632612725816,0.21004425980708824,0.9766977033952866
2026-07-10,MARKET,SPY,754.9500122070312,0.013655015588639463,0.01779576974321695,0.06310022901719936,0.08771450176548812,0.2105930183735769,0.0,0.0,0.0,0.015581824243805054,0.08511534373114316,1.0,1.0,1.0,1.0,-0.006177147202048261,0.014240876877350261,0.0291367367340557,0.11003963555668218,0.8761241277986377
2026-07-10,MATERIALS,XLB,50.88999938964844,-0.02153430048124161,-0.02472213315413463,-0.019082530032468292,0.054496501441893885,0.11210667081037062,-0.04251790289735158,-0.08218275904966765,-0.03321800032359423,-0.006927518511405606,0.04497187347739118,0.5,0.8333333333333334,0.5,0.3333333333333333,-0.025570563663532147,-0.10570135278232169,-0.03917120848161815,0.11230636698011381,0.9228939362484839
2026-07-10,NUCLEAR,URA,42.970001220703125,-0.006014303129454834,-0.0560193148378062,-0.23075544663097902,-0.14589544727153614,0.14556126748839437,-0.07381508458102315,-0.2938556756481784,-0.23360994903702426,-0.09198484326292167,-0.133560153485611,0.0,0.0,0.16666666666666666,0.0,-0.038574850329089395,-0.26145839909177226,-0.2871891983869003,0.3632913264000977,0.6976217706072835
2026-07-10,POWER_INDUSTRIALS,XLI,181.9199981689453,-0.010820539685379105,0.03258034812004573,0.04846985146886196,0.12344844313794523,0.21118509896930027,0.014784578376828783,-0.014630377548337403,0.03573394137245711,0.029075684043111227,0.095849145779489,0.6666666666666666,1.0,0.6666666666666666,0.8333333333333334,0.011380407994747044,-0.03307953711260797,0.2230748131713091,0.0772270131957395,0.7478299613697972
2026-07-10,SEMI,SOXX,581.3400268554688,0.026522141787321818,-0.025006244267557598,0.398426881251154,0.7681733347949493,1.3615389006766692,-0.04280201401077455,0.33532665223395464,0.6804588330294612,0.029230066903263685,0.4861379806679931,1.0,1.0,0.3333333333333333,1.0,-0.01720066498342171,0.39354229086354225,0.7326003139288705,0.48272806420813447,1.094503302041851
2026-07-17,AI_SOFTWARE,IGV,92.80000305175781,0.004220315703854283,0.04164335914659012,0.08920195276688236,-0.05604714315603487,-0.1644155853434286,0.046263457510343775,0.048092089913461145,-0.13069365573082525,-0.002225605790881602,-0.019576734404199714,0.5,0.3333333333333333,0.8333333333333334,0.5,0.018491333339009985,-0.011474223678372567,-0.1659429459005383,0.3070850442170532,0.6898586319433263
2026-07-17,COMMUNICATION_SERVICES,XLC,110.6500015258789,-0.008867770236313022,0.010963952591101389,-0.04232299940194373,-0.03924630298626841,0.04200017875443218,0.015584050954855044,-0.08343286225536495,-0.11389281556105879,-0.010348175372913215,-0.0335421475413189,0.3333333333333333,0.3333333333333333,0.5,0.3333333333333333,-0.0015822417584442916,-0.10223270721620964,-0.11668876183647714,0.13758146386058212,1.317974685143711
2026-07-17,CONSUMER_DISCRETIONARY,XLY,115.44000244140625,-0.015353083036173665,-0.014680788382899213,-0.027382255734676786,-0.056091581677625846,0.039204243532665606,-0.010060690019145557,-0.068492118588098,-0.13073809425241623,-0.01280175293455732,-0.01535100376843379,0.16666666666666666,0.16666666666666666,0.3333333333333333,0.3333333333333333,-0.013609093387173254,-0.07385457897165337,-0.1929474688756941,0.16674702951016745,1.0481919369111303
2026-07-17,CONSUMER_STAPLES,XLP,85.19000244140625,0.012719919875034735,0.022689067471871605,0.02354918905946879,0.03751067845767864,0.05315864858701036,0.02730916583562526,-0.01756067379395243,-0.03713583411711174,0.009455885462315017,0.03327614437620241,0.5,0.5,0.3333333333333333,0.5,0.0007285504861916184,-0.07578019787532102,-0.0578139925381877,0.11683135419658666,0.922075377560828
2026-07-17,DEFENSIVE,XLU,45.16999816894531,-0.005285216456138664,0.00915996118826623,-0.021870985915027563,0.041023249696600095,0.07868652343750004,0.013780059552019885,-0.06298084876844878,-0.033623262878190285,0.004179435080312155,0.006206612997952998,1.0,1.0,0.8333333333333334,0.8333333333333334,0.04506979250094739,0.01017487455685756,0.0029684099151832863,0.14992718321393653,0.905584905966448
2026-07-17,ENERGY,XLE,57.68000030517578,0.04720403753972269,0.07271712505346573,0.014243034789945819,0.20947791918936765,0.3420195653676963,0.07733722341721938,-0.0268668280634754,0.13483140661457726,0.022640640389755884,0.10233324715301961,0.8333333333333334,1.0,0.8333333333333334,0.5,0.06673716673863062,-0.07324487402467332,0.08384993409443935,0.30697902064204496,0.7239265210996165
2026-07-17,FINANCIALS,XLF,56.2599983215332,0.009872540766453497,0.050214647041875615,0.0941268052302453,0.033431295751930934,0.07080314695819645,0.05483474540562927,0.05301694237682408,-0.041215216822859446,0.05160842160297907,0.06802334110192554,1.0,1.0,0.6666666666666666,1.0,0.037220960002641044,0.08989280826804502,0.0351871951130864,0.09892831720233584,0.9131908702981568
2026-07-17,HEALTHCARE,XLV,161.08999633789062,0.0015543397518786861,0.07824633814580984,0.11728398197477397,0.034352065339829485,0.22185983625967065,0.08286643650956349,0.07617411912135275,-0.040294447234960895,0.041514444865096145,0.0582726414884871,1.0,1.0,1.0,1.0,0.10751834192336274,0.15623806775729246,0.08753813790656755,0.19243574603429245,1.1152742118424213
2026-07-17,MARKET,SPY,743.2899780273438,-0.015444776463544141,-0.004620098363753655,0.04110986285342122,0.07464651257479038,0.18437483314726877,0.0,0.0,0.0,-0.0008656931362813758,0.06490175576823631,0.5,1.0,0.25,1.0,-0.009073429710961117,0.010758242828847187,0.018409847772741794,0.1181391806775665,0.8802599374001131
2026-07-17,MATERIALS,XLB,50.529998779296875,-0.007074093430325168,-0.024705704691488473,-0.02677194604524913,0.038003255187416096,0.12015070041257259,-0.020085606327734817,-0.06788180889867035,-0.036643257387374284,-0.01190874206368564,0.03380899219307398,0.3333333333333333,0.6666666666666666,0.5,0.16666666666666666,-0.03213368182138504,-0.10125310785773693,-0.07156621009034807,0.11274511977610813,0.928033867185762
2026-07-17,NUCLEAR,URA,38.72999954223633,-0.09867352939296514,-0.18940978376462247,-0.2997649867906369,-0.2880514989726263,-0.05375032363880172,-0.18478968540086882,-0.3408748496440581,-0.36269801154741665,-0.15210824366787645,-0.21384749990577034,0.0,0.0,0.0,0.0,-0.15815744897438636,-0.2991498711245098,-0.3717079724809164,0.39660900408573246,0.6949570723824664
2026-07-17,POWER_INDUSTRIALS,XLI,179.41000366210938,-0.013797243470203613,-0.008291415453186235,0.04023889599516739,0.07495512416485783,0.1845371432014018,-0.0036713170894325797,-0.0008709668582538299,0.00030861159006745353,0.011324649904152606,0.0759478738383943,0.3333333333333333,1.0,0.0,0.5,-0.048235138309888737,-0.07488846189902869,0.1299690137432363,0.0834596864733841,0.7932106944115145
2026-07-17,SEMI,SOXX,521.8099975585938,-0.10240139427329542,-0.18397061913003743,0.13043758808264783,0.5236662939780112,1.114902957056029,-0.17935052076628377,0.0893277252292266,0.44901978140322085,-0.07641143803353845,0.3129921463908145,0.0,1.0,0.0,0.8333333333333334,-0.15633731678850263,0.18426942399159763,0.48666569356507755,0.517900629343215,1.1722386779594745
2026-07-24,AI_SOFTWARE,IGV,87.9800033569336,-0.05193965017582958,-0.002494258491161805,0.015583587052028447,-0.09958034815993855,-0.21927410195346075,-0.016129565662129197,-0.009782357085115878,-0.17168982339377836,-0.05016892535522055,-0.06439585498865341,0.16666666666666666,0.3333333333333333,0.6666666666666666,0.5,-0.016597653164586057,-0.07861338262327476,-0.2099619931058765,0.33021174029351247,0.6228420429286106
2026-07-24,COMMUNICATION_SERVICES,XLC,106.30000305175781,-0.039313135238445596,0.0011301822022709018,-0.08927345836162548,-0.09114223765525009,-0.012265375033788883,-0.01250512496869649,-0.1146394024987698,-0.1632517128890899,-0.040864728871086387,-0.0697816641236354,0.0,0.0,0.3333333333333333,0.0,-0.025963863353777816,-0.1391134789594998,-0.16811350262223299,0.15221492678233292,1.222377638520061
2026-07-24,CONSUMER_DISCRETIONARY,XLY,109.41000366210938,-0.05223491555587512,-0.043368007041696854,-0.07772059179612723,-0.11142689756640711,-0.026904379972151893,-0.05700331421266425,-0.10308653593327155,-0.18353637280024693,-0.05863624671368228,-0.06522929662263843,0.16666666666666666,0.0,0.16666666666666666,0.16666666666666666,-0.057336973712210824,-0.11212722390267234,-0.2519247791381709,0.19656741588305288,1.085131352223395
2026-07-24,CONSUMER_STAPLES,XLP,84.12999725341797,-0.012442835516026096,-0.006846911076888507,-0.0004752395912740459,0.01471467298784046,0.032269904949913775,-0.0204822182478559,-0.02584118372841837,-0.057394802245999355,-0.0025017947725011203,0.019059633292153988,0.16666666666666666,0.3333333333333333,0.0,0.3333333333333333,-0.03496720586491814,-0.08014019064408674,-0.08029044296332509,0.11840332528317296,0.8752268273208972
2026-07-24,DEFENSIVE,XLU,46.290000915527344,0.02479527987565966,0.0019480552186503797,-0.005585356085810789,0.08764096385995734,0.09536210965585123,-0.011687251952317013,-0.030951300222955114,0.015531488626117529,0.02357159727377023,0.03086587199540891,0.6666666666666666,0.8333333333333334,0.5,0.6666666666666666,-0.008980859455908985,0.02813083323055282,0.0014751513321322924,0.15884209307044186,0.8690916771093034
2026-07-24,ENERGY,XLE,59.619998931884766,0.033633817899527685,0.1073551033231015,0.013084120267263577,0.21203497858023002,0.3690011475625661,0.0937197961521341,-0.012281823869880748,0.1399255033463902,0.05669872255950548,0.13042714281058387,1.0,1.0,1.0,0.5,0.11486256798138499,-0.03458856352215015,0.11449826568054877,0.30639106220834794,0.7520809179040087
2026-07-24,FINANCIALS,XLF,56.310001373291016,0.0008887851626309118,0.05114806223774404,0.08455322340460869,0.061051473470854045,0.05370514259608572,0.03751275506677665,0.059187279267464366,-0.01105800176298577,0.04239173808596308,0.06688142395667573,1.0,1.0,1.0,1.0,0.029104938736649655,0.09826203153276676,0.08128945780999634,0.09974199878540466,0.9494619665105596
2026-07-24,HEALTHCARE,XLV,162.57000732421875,0.009187479172969581,0.013908014452169049,0.11993664386117575,0.03232163915908459,0.19116363139961057,0.0002727072812016562,0.09457069972403143,-0.03978783607475522,0.03934385567660925,0.06462090655382191,1.0,1.0,0.6666666666666666,1.0,-0.0029745336865347007,0.15559148872086762,0.08257152961679366,0.1923352850572384,0.9941605624584362
2026-07-24,MARKET,SPY,738.9299926757812,-0.005865793271064512,0.013635307170967392,0.025365944137144325,0.07210947523383981,0.1598336540449421,0.0,0.0,0.0,-0.0066943647741745105,0.055836378527397645,0.25,1.0,0.5,1.0,-0.021459237072976256,0.008607684531164783,0.01411224752464385,0.11879946569470165,0.8403640991153037
2026-07-24,MATERIALS,XLB,51.2599983215332,0.014446854539316156,-0.006589150438801039,-0.001752680725652711,0.02581543064472891,0.10988409218013095,-0.02022445760976843,-0.027118624862797036,-0.046294044589110905,0.00048791791149693786,0.04483237163599618,0.3333333333333333,0.6666666666666666,0.3333333333333333,0.3333333333333333,-0.022602849754122373,-0.032100640910801635,-0.07262152678108524,0.11571442773912233,0.966190619676268
2026-07-24,NUCLEAR,URA,39.88999938964844,0.029950938836110552,-0.08488187084164966,-0.2856375486990441,-0.3001754493044134,-0.04637825380074423,-0.09851717801261706,-0.31100349283618844,-0.37228492453825324,-0.10708690557381806,-0.18474957791753488,0.16666666666666666,0.0,0.16666666666666666,0.0,-0.08049868157438062,-0.2469594132539418,-0.3385338531657187,0.40779669691325393,0.7131861986002327
2026-07-24,POWER_INDUSTRIALS,XLI,182.66000366210938,0.01811493190826119,0.008057432331437742,0.05608231135356734,0.11228840765031922,0.17852762880356,-0.005577874839529651,0.030716367216423013,0.04017893241647941,0.023150577923632287,0.09038217375968305,0.5,1.0,0.3333333333333333,0.3333333333333333,-0.0448254889358853,-0.06250375040039835,0.1512463462106325,0.08889529999152733,0.7668016116192963
2026-07-24,SEMI,SOXX,527.010009765625,0.009965336485235454,-0.10667185207877394,0.13152981162775101,0.5288504041934736,1.1818747388194182,-0.12030715924974134,0.10616386749060669,0.4567409289596338,-0.07025034039996092,0.306447973377066,0.16666666666666666,1.0,0.16666666666666666,1.0,-0.12044651502125013,0.23133642268139123,0.4948721052023992,0.517872293534906,1.0745326689243444
2026-07-31,AI_SOFTWARE,IGV,94.58000183105469,0.0750170291235952,0.010794080790045513,0.03763028247675848,0.047281634236459036,-0.12933808135506708,0.0077730545655316785,0.024872989775938326,-0.032288377360723874,0.02045662062718967,0.011550823786018238,0.6666666666666666,0.6666666666666666,0.6666666666666666,0.6666666666666666,0.03377989536404694,-0.012464811178183322,-0.05377449001241467,0.34940501108415956,0.6586690923936505
2026-07-31,COMMUNICATION_SERVICES,XLC,108.23999786376953,0.018250185854342238,-0.012408764865746713,-0.07439716432361054,-0.09860096424668052,0.01997733756424891,-0.015429791090260547,-0.0871544570244307,-0.17817097584386343,-0.016956252610918043,-0.05128780324599247,0.16666666666666666,0.16666666666666666,0.0,0.0,-0.037137838343298736,-0.12452016059912485,-0.19299602370290025,0.1605953762427539,1.1685463915219223
2026-07-31,CONSUMER_DISCRETIONARY,XLY,116.08999633789062,0.0610546792084119,-0.008794453419883164,-0.03419301759318116,-0.04192458453264747,0.07445970017386361,-0.011815479644396998,-0.04695031029400132,-0.12149459612983038,0.0015010456455133436,-0.007576357825755831,0.3333333333333333,0.16666666666666666,0.16666666666666666,0.16666666666666666,-0.04647796405835156,-0.06935237317292416,-0.20686941148451451,0.23961043800878015,1.134944890945045
2026-07-31,CONSUMER_STAPLES,XLP,85.05000305175781,0.010935526308988086,0.0007060264677787309,0.010335029026229847,0.01844091577216256,0.06100298361088874,-0.0023149997567351033,-0.002422263674590308,-0.06112909582502035,0.00810755415040143,0.028347597630244303,0.5,0.3333333333333333,0.5,0.3333333333333333,-0.009987300411992492,-0.043949186694194654,-0.08032700343758663,0.12053998817196149,0.9965154632598748
2026-07-31,DEFENSIVE,XLU,44.349998474121094,-0.041909751631815206,-0.030812934858623242,-0.008273764232607839,0.025433490731123554,0.033799461460799485,-0.033833961083137076,-0.021031056933427994,-0.05413652086605936,-0.0171527472313433,-0.011597324591602898,0.6666666666666666,0.6666666666666666,0.3333333333333333,0.6666666666666666,-0.014272458913874853,0.05339664406163119,-0.02202593889702061,0.1619239959562427,0.8897744327364099
2026-07-31,ENERGY,XLE,59.54999923706055,-0.0011740975524704433,0.11894020802643257,0.06912025891178675,0.16650343050013783,0.39151774237657744,0.11591918180191874,0.05636296621096659,0.08693341890295492,0.05534583069719545,0.12085677430435293,0.8333333333333334,1.0,1.0,0.8333333333333334,0.13239308087394766,0.03576463114784897,0.05782142310479366,0.27983934605541755,0.8353460671805014
2026-07-31,FINANCIALS,XLF,56.939998626708984,0.011188017013915141,0.023732465303366146,0.11124115459655748,0.06549401365910068,0.10778204156357463,0.02071143907885231,0.09848386189573732,-0.01407599793808223,0.0443873614348993,0.07686413648918089,0.6666666666666666,1.0,0.6666666666666666,1.0,0.017851101593134078,0.1121095331315981,0.0412928847354563,0.088987708844729,0.9961900329992597
2026-07-31,HEALTHCARE,XLV,162.5500030517578,-0.00012305020335667827,-0.007267634063050865,0.13283153410640702,0.050471741510560886,0.23960952489115317,-0.0102886602875647,0.12007424140558687,-0.029098270086622025,0.030872286435424945,0.061618639818921794,0.8333333333333334,1.0,0.16666666666666666,1.0,-0.027343227264643572,0.15507541585312687,0.09317129224674896,0.18778028035792063,1.002253310532693
2026-07-31,MARKET,SPY,747.030029296875,0.010961845778870494,0.003021026224513834,0.012757292700820155,0.07957001159718291,0.20155385784380142,0.0,0.0,0.0,0.004006497256699548,0.06475621007201737,0.5,1.0,0.5,0.75,-0.016143205584464942,0.0018112964243871266,0.018648677088615118,0.11072991159438916,0.9315630096317707
2026-07-31,MATERIALS,XLB,50.43000030517578,-0.016191924376414923,-0.030378736153569008,-0.022484974684651604,0.023543735267599786,0.16305349620166654,-0.03339976237808284,-0.03524226738547176,-0.056026276329583125,-0.01598078956887039,0.024820355519062032,0.3333333333333333,0.8333333333333334,0.16666666666666666,0.3333333333333333,-0.04581477793951757,-0.039117777714948565,-0.08163439842243463,0.11978662002823438,1.038287090638217
2026-07-31,NUCLEAR,URA,39.06999969482422,-0.020556523122860937,-0.09622946776457242,-0.2919536158255598,-0.28950721036032623,0.022239624462928154,-0.09925049398908625,-0.30471090852637994,-0.36907722195750914,-0.10564267297030294,-0.19640470491150375,0.3333333333333333,0.0,0.3333333333333333,0.0,-0.037959341258289016,-0.22348994097012032,-0.33676243484787133,0.406752904019352,0.7539285670459664
2026-07-31,POWER_INDUSTRIALS,XLI,179.83999633789062,-0.01543855944202921,-0.0221304292489517,0.0383371795995624,0.08704058077842691,0.2010150243122617,-0.025151455473465534,0.025579886898742243,0.007470569181244002,0.0028215324764675476,0.06956894793107304,0.3333333333333333,0.8333333333333334,0.16666666666666666,0.3333333333333333,-0.02564277897879798,-0.034082618667964915,0.10658640407147707,0.09820658808034069,0.8340601229721724
2026-07-31,SEMI,SOXX,504.8900146484375,-0.04197262804747259,-0.10847222750619245,-0.02961747742854648,0.4579556235799809,1.1281824437615167,-0.11149325373070629,-0.042374770129366635,0.37838561198279796,-0.1041473616714742,0.23560621032260354,0.0,1.0,0.16666666666666666,0.3333333333333333,-0.11071025825604865,0.007536331442592655,0.36409180764208565,0.469902277637167,1.2097110520956833
2026-08-07,AI_SOFTWARE,IGV,102.69000244140625,0.08574752012416109,0.11124335431134669,0.11887125525404096,0.2453311130431839,-0.0633037944529854,0.08699009613195274,0.07275192188872448,0.12567049615876424,0.10672833626945843,0.10206647001970004,0.8333333333333334,0.8333333333333334,1.0,0.8333333333333334,0.16109421654810774,0.11105517073156117,0.14705381047425234,0.3886871288928672,0.700864306066213
2026-08-07,COMMUNICATION_SERVICES,XLC,111.25,0.02780859382516665,-0.003493366103373474,-0.04160925012806582,-0.03895993480479498,0.03363377161534831,-0.027746624282767418,-0.0877285834933823,-0.15862055168921463,0.014471611014042596,-0.02414421030269942,0.5,0.3333333333333333,0.3333333333333333,0.16666666666666666,-0.03669869840453038,-0.10524360591455334,-0.16660974654491797,0.17539317790842168,1.0466784523985364
2026-08-07,CONSUMER_DISCRETIONARY,XLY,119.86000061035156,0.03247484185879368,0.022347345567392596,0.028576348287461917,0.01584882431086343,0.07123068428080148,-0.001905912612001348,-0.017542985077854567,-0.10381179257355622,0.03492638831626427,0.024675436255707783,0.5,0.5,0.5,0.5,-0.03721780579078271,-0.0411163632804834,-0.19718677252568628,0.240521417902125,1.0366106942022455
2026-08-07,CONSUMER_STAPLES,XLP,85.12000274658203,0.0008230416497647663,0.011887778974670082,0.005671117206934806,-0.03206731426580489,0.03200775075412876,-0.012365479204723862,-0.04044821615838168,-0.15172793115022454,0.00630122480341222,0.02645115651006069,0.3333333333333333,0.3333333333333333,0.6666666666666666,0.5,-0.011849645508657747,-0.07956647955938316,-0.18630502060235318,0.12011119058313516,0.9564232556898157
2026-08-07,DEFENSIVE,XLU,43.61000061035156,-0.016685409001791274,-0.03963882940121011,-0.0059265632063700835,0.005997742684712648,0.012067775723422436,-0.06389208758060405,-0.05204589657168657,-0.113662874199707,-0.031814015064002055,-0.0275799418392928,0.6666666666666666,0.6666666666666666,0.6666666666666666,0.8333333333333334,-0.016707569213791868,0.01920704461534854,-0.09931109212889982,0.1607346284846126,1.0057431431812498
2026-08-07,ENERGY,XLE,57.5,-0.034424840693948244,0.043936058251561105,-0.0326379318898109,0.07981220657277,0.35405627677822693,0.01968280007216716,-0.07875726525512738,-0.03984841031164965,0.016835255827739593,0.07547245317368323,1.0,1.0,1.0,0.0,0.04065723707819017,-0.08919906601892097,-0.058976355715324315,0.25409637019461884,0.869324626134581
2026-08-07,FINANCIALS,XLF,57.599998474121094,0.011591146177206246,0.03392567619293341,0.12720156935605065,0.06155547836171604,0.11089682100704179,0.009672418013539463,0.08108223599073416,-0.0581051385227036,0.04495481194079276,0.0866591592914625,0.8333333333333334,1.0,0.6666666666666666,1.0,-0.0026730109144566896,0.11300310599965073,-0.012251706780467645,0.08504680152148776,0.9985480483527492
2026-08-07,HEALTHCARE,XLV,165.67999267578125,0.019255549463304655,0.03009199482772207,0.14183311996268055,0.05053570238173899,0.27289480650200715,0.0058387366483281244,0.09571378659736407,-0.06912491450268066,0.04003059822915356,0.07828776427164419,0.8333333333333334,1.0,0.5,1.0,-0.019630339875399732,0.0909956845221318,0.02674973321887956,0.1886183624496844,0.9816802237340769
2026-08-07,MARKET,SPY,773.260009765625,0.035112350829374694,0.024253258179393944,0.046119333365316484,0.11966061688441965,0.21356605457492117,0.0,0.0,0.0,0.036921028392949085,0.09857224257220731,1.0,1.0,0.75,1.0,-0.0075854092209542145,0.01494382630588964,0.013256001778859217,0.1314356190359138,0.9884093444766783
2026-08-07,MATERIALS,XLB,52.86000061035156,0.04818560956713669,0.03871096962724363,0.050894660280726756,0.026208548491720718,0.19660444874450045,0.014457711447849686,0.004775326915410272,-0.09345206839269893,0.028004685415668806,0.06875864156330791,0.8333333333333334,1.0,0.8333333333333334,0.8333333333333334,0.04256998928131043,0.02374422371627925,-0.063037582613034,0.14656665355003423,1.0332133166074082
2026-08-07,NUCLEAR,URA,44.90999984741211,0.14947530581530932,0.045147744277332924,-0.10054076561348013,-0.13899539917962067,0.12415516870462517,0.02089448609793898,-0.14666009897879662,-0.2586560160640403,0.041995356088448066,-0.07141196088875523,0.8333333333333334,0.0,0.8333333333333334,0.3333333333333333,0.0072253270740832804,-0.11280181856444123,-0.2641051845428452,0.5165162402228288,0.9049429238989909
2026-08-07,POWER_INDUSTRIALS,XLI,185.17999267578125,0.029693040739711796,0.0179199348045751,0.08039672852975244,0.06929206898897267,0.22773977609045004,-0.0063333233748188444,0.03427739516443595,-0.05036854789544698,0.025706325522402595,0.09641756773579768,0.8333333333333334,1.0,0.8333333333333334,0.6666666666666666,-0.0027133397292396686,-0.021093561938380096,0.0396539451167239,0.10698952968940136,0.8822148821760691
2026-08-07,SEMI,SOXX,543.27001953125,0.07601656552771607,-0.06548664390123549,0.06833562351202649,0.5588362007065515,1.2368758202062633,-0.08973990208062943,0.022216290146710005,0.43917558382213184,-0.03161289312531701,0.310552034867428,0.16666666666666666,1.0,0.16666666666666666,0.8333333333333334,-0.08600934565109215,0.062051409258377245,0.4570790397933435,0.4923262131386974,1.16881372357925
2026-08-14,AI_SOFTWARE,IGV,104.08000183105469,0.013535878436087723,0.1215517069865355,0.10711625854695472,0.25746050564535583,-0.046100254341119196,0.07708716447267272,0.06594355911570693,0.11871459166593712,0.11184703720155009,0.1186045610277735,1.0,0.8333333333333334,1.0,0.8333333333333334,0.16121927921782875,0.11516218311414443,0.1364204672195552,0.38755337780069843,0.8051816347622891
2026-08-14,COMMUNICATION_SERVICES,XLC,112.94999694824219,0.015280871444873556,0.020786221334351707,-0.021739149109070266,-0.014225910776436423,0.01318616385937843,-0.023678321179511075,-0.06291184854031806,-0.15297182475585513,0.028772826155019082,-0.009414754863317443,0.6666666666666666,0.3333333333333333,0.5,0.16666666666666666,-0.026484992260774016,-0.08762402001666236,-0.15521796926203443,0.17944477392784236,0.938846402008693
2026-08-14,CONSUMER_DISCRETIONARY,XLY,118.19999694824219,-0.013849521555617361,0.02390847581830946,-0.008222884329788238,0.017386784625240015,0.03213412865043597,-0.02055606669555332,-0.04939558376103603,-0.1213591293541787,0.017658321545822808,0.010425865494982034,0.3333333333333333,0.3333333333333333,0.5,0.16666666666666666,-0.055321589223769195,-0.08414593125606773,-0.2215563886454973,0.238275758435,0.9118953528015491
2026-08-14,CONSUMER_STAPLES,XLP,86.08999633789062,0.011395601033947766,0.010564548311914779,0.015212184430529518,-0.03820808531693187,0.049622041714241893,-0.033899994201948,-0.025960515000718276,-0.17695399929635058,0.014590061570864288,0.035220782396736316,0.8333333333333334,0.5,0.8333333333333334,0.5,-0.026623423077695607,-0.05440407858763008,-0.1999736055815913,0.1222058847122008,0.897850269927308
2026-08-14,DEFENSIVE,XLU,44.310001373291016,0.016051381635920015,-0.0190391151320779,-0.022932682157057904,-0.04709674466040825,0.03503854127264394,-0.06350365764594068,-0.0641053815883057,-0.18584265863982696,-0.016185932000409742,-0.011676501767013292,0.6666666666666666,0.6666666666666666,0.6666666666666666,0.8333333333333334,-0.028031465619687463,0.008346123567069689,-0.12817159335285894,0.14664742552343515,1.0490156987255466
2026-08-14,ENERGY,XLE,61.90999984741211,0.07669564952021068,0.07333563661331599,0.040679073805124144,0.13909846523529779,0.4471716132299912,0.02887109409945321,-0.0004936256261236505,0.00035255125587907443,0.08667415071897522,0.14874973331218388,1.0,1.0,1.0,0.8333333333333334,0.04507399012540984,-0.014549800575792526,-0.01685652873108486,0.3027687705555434,0.8146605886161846
2026-08-14,FINANCIALS,XLF,58.15999984741211,0.009722246321631767,0.0337718020363269,0.1197535884705363,0.12604062205634992,0.10865422917299594,-0.010692740477535878,0.0785808890392885,-0.012705291923068796,0.044015230357715485,0.09444685032011457,0.8333333333333334,1.0,0.8333333333333334,1.0,-0.019357751038881987,0.09157283625400052,0.03861569183707211,0.08381743959081117,0.8636402426389789
2026-08-14,HEALTHCARE,XLV,167.3699951171875,0.010200401473420051,0.03898441195643465,0.11661882579703486,0.061520879437370946,0.22876431148540566,-0.005480130557428131,0.07544612636578707,-0.07722503454204777,0.04125319163094732,0.08553700959704158,0.8333333333333334,1.0,0.6666666666666666,1.0,-0.034924633371449465,0.06484459824708262,-2.1408650307234527e-05,0.1821404813395398,0.876755663316693
2026-08-14,MARKET,SPY,776.3400268554688,0.00398315838262131,0.04446454251386278,0.041172699431247795,0.1387459139794187,0.20654610206048662,0.0,0.0,0.0,0.03566409658824021,0.09883565175537856,1.0,1.0,1.0,1.0,-8.968443289725236e-05,0.010937577791210185,0.014158157206161204,0.130980133195116,0.9372951415499752
2026-08-14,MATERIALS,XLB,52.540000915527344,-0.00605372098239354,0.03977839273279393,0.04474050425609155,-0.01444382738563299,0.16716653621924382,-0.004686149781068849,0.0035678048248437566,-0.1531897413650517,0.01800006281083011,0.05714287962095255,0.8333333333333334,1.0,0.8333333333333334,0.8333333333333334,0.04905752878960373,0.021033348308738136,-0.12852967158865344,0.14792273842770387,1.060701711601833
2026-08-14,NUCLEAR,URA,44.93000030517578,0.000445345309098677,0.16008264488044088,-0.0823120681098003,-0.13446348608656955,0.1517560173893877,0.1156181023665781,-0.12348476754104809,-0.27320940006598826,0.04337932322281168,-0.06960851868349716,0.8333333333333334,0.0,1.0,0.16666666666666666,0.08601137083736143,-0.09744027500881497,-0.25193431848209213,0.5158138676455026,0.9174878134327824
2026-08-14,POWER_INDUSTRIALS,XLI,186.50999450683594,0.007182211273673023,0.039574107908153744,0.08581236460234631,0.07085029837297685,0.23976330417488745,-0.0048904346057090375,0.04463966517109852,-0.06789561560644186,0.026065598371782572,0.09889524433776087,1.0,1.0,1.0,0.8333333333333334,0.014159735703672424,0.017843929444936586,0.01184378295657007,0.10652151491674072,0.8230644290211351
2026-08-14,SEMI,SOXX,550.4199829101562,0.013160975429999722,0.054828357995095445,0.024361128922607334,0.5519651982932667,1.2165752523980116,0.010363815481232663,-0.01681157050864046,0.413219284313848,-0.020726998883152326,0.3076088826235006,0.3333333333333333,1.0,0.8333333333333334,1.0,0.019567220146339936,0.0664667361019375,0.43222920165006373,0.48003937131963587,1.0367249903330698
2026-08-21,AI_SOFTWARE,IGV,103.37000274658203,-0.0068216667177345425,0.17492610596082203,0.016820765521081693,0.2796484811667854,-0.03806063998451681,0.1386710096825765,0.004606311109942585,0.1689918824724772,0.08951591481450638,0.1121900630675492,1.0,0.8333333333333334,1.0,0.8333333333333334,0.23847527449843262,0.03428147467033612,0.18753799302436946,0.35247335885363346,0.7692731059165423
2026-08-21,COMMUNICATION_SERVICES,XLC,111.4000015258789,-0.013722846075627126,0.047977406657626176,-0.037081863817058136,-0.0462328885683847,0.0008085883501864899,0.011722310379380652,-0.049296318228197245,-0.15688948726269292,0.014886230057697514,-0.023023397998607975,0.6666666666666666,0.3333333333333333,0.8333333333333334,0.16666666666666666,0.02017225427412811,-0.062437922580156346,-0.14911275660999604,0.1809561172244312,0.8366690612764184
2026-08-21,CONSUMER_DISCRETIONARY,XLY,118.0199966430664,-0.0015228452607710663,0.0786947508707454,-0.023579101834646177,0.004853126518814754,0.012612557295736737,0.042439654592499876,-0.035793556245785285,-0.10580347217549346,0.014867842493492267,0.008332252644081883,0.5,0.3333333333333333,0.8333333333333334,0.16666666666666666,0.023890380768690433,-0.06637074285817281,-0.20380645074383985,0.2360314553371453,0.8468364974076229
2026-08-21,CONSUMER_STAPLES,XLP,85.98999786376953,-0.0011615574210110946,0.022108649364968258,0.03714864389841699,-0.02161794901665104,0.04268214612542964,-0.014146446913277266,0.02493418948727788,-0.13227454771095926,0.013208563979829613,0.031311712736092456,0.6666666666666666,0.3333333333333333,0.6666666666666666,0.5,-0.015899988098223534,0.001113723535628978,-0.1616172354595345,0.11017609181730115,0.9809965460672092
2026-08-21,DEFENSIVE,XLU,42.77000045776367,-0.03475515386590844,-0.07604235014354765,-0.037145379990924376,-0.07684008704063483,-0.005811250519289213,-0.11229744642179318,-0.049359834402063485,-0.18749668573494305,-0.04665312797610033,-0.04516862137017341,0.6666666666666666,0.6666666666666666,0.6666666666666666,0.8333333333333334,-0.013715904554759831,0.07585090844531438,-0.08225981867563158,0.15783881511734646,1.0686836138995284
2026-08-21,ENERGY,XLE,63.63999938964844,0.02794378204652248,0.06742704679274625,0.1305737849454116,0.15962095756267547,0.44406625437582226,0.031171950514500724,0.1183593305342725,0.04896435886836725,0.10522566884682094,0.1712712715186513,1.0,1.0,1.0,0.8333333333333334,0.03231690744350139,0.10759441180622602,0.043415173755207204,0.27541667049948243,0.8017876517443259
2026-08-21,FINANCIALS,XLF,57.47999954223633,-0.011691889734522398,0.02077780394976636,0.11438537227095336,0.09506568306734509,0.07298861059709671,-0.015477292328479164,0.10217091785981425,-0.015590915626963131,0.02419728802631349,0.07909718158992107,0.5,1.0,0.16666666666666666,1.0,-0.040107764057998686,0.08831369191633076,0.01903898664629944,0.08868244066120388,0.8889413983792575
2026-08-21,HEALTHCARE,XLV,174.6199951171875,0.04331720267377537,0.0741218382855644,0.16826114732780795,0.11350584722374113,0.26380543845468885,0.037866742007318877,0.15604669291666884,0.002849248529432913,0.07247265127713765,0.12838968311746224,0.8333333333333334,1.0,0.8333333333333334,1.0,0.007478624202786406,0.1596818646026004,0.09651966205679256,0.19240446038737494,0.9913142757848685
2026-08-21,MARKET,SPY,765.719970703125,-0.01367964523916132,0.036255096278245524,0.012214454411139108,0.11065659869430822,0.18659244952050824,0.0,0.0,0.0,0.018240575795573033,0.08021897113108856,1.0,1.0,1.0,0.75,0.0005100429103673809,0.005992604430278492,0.01490535360538714,0.1329152628310066,0.9260722632699308
2026-08-21,MATERIALS,XLB,53.540000915527344,0.019033117293008495,0.044479178085270465,0.046725304366594056,0.010951696395038901,0.16164028505695605,0.008224081807024941,0.03451084995545495,-0.09970490229926932,0.03464937453214256,0.07178874612729214,0.8333333333333334,1.0,0.8333333333333334,0.8333333333333334,0.08852133246943301,0.09228942041410572,-0.05933264711800975,0.14879349020593347,1.0425568875593445
2026-08-21,NUCLEAR,URA,46.06999969482422,0.025372788379819156,0.1549260566491637,-0.09239556307706598,-0.15250185471757904,0.16810348121121277,0.11867096037091818,-0.10461001748820509,-0.26315845341188726,0.0684880648113324,-0.046653361859591236,0.8333333333333334,0.0,0.6666666666666666,0.16666666666666666,0.05180731401089933,-0.0895069810790375,-0.2634453963498218,0.5120050437009076,0.9122775079549559
2026-08-21,POWER_INDUSTRIALS,XLI,180.25,-0.03356385551020158,-0.013193931970829742,0.04112513669717077,0.01704002903156243,0.17702756117539908,-0.049449028249075266,0.028910682286031664,-0.09361656966274579,-0.010588483500964752,0.05761276212457522,0.16666666666666666,0.8333333333333334,0.3333333333333333,0.5,-0.04739021042732892,-0.01757077154776913,-0.05152461877337446,0.1357829292125913,0.8570511022192037
2026-08-21,SEMI,SOXX,520.0499877929688,-0.05517604022407874,-0.013206621968625543,-0.08615665253474247,0.4468742130322789,1.0877995721976759,-0.04946171824687107,-0.09837110694588158,0.3362176143379707,-0.062043498840045896,0.21870196032534994,0.3333333333333333,1.0,0.5,0.3333333333333333,-0.03289487110177042,-0.021728399585844677,0.35265567043751256,0.47701935119571914,1.0070012787723785
2026-08-28,AI_SOFTWARE,IGV,109.5,0.059301510017814696,0.15775003045143143,0.14241003383598727,0.3424053010870367,0.012950985621096534,0.12787178538266142,0.09929432870510335,0.2208875143288338,0.12982106772271873,0.17543186598243654,1.0,0.8333333333333334,1.0,0.8333333333333334,0.1857954377422866,0.1229341389086898,0.2378717033803904,0.34257952260010144,0.6863944627307378
2026-08-28,COMMUNICATION_SERVICES,XLC,112.98999786376953,0.014272857415726925,0.043883962432984536,0.011820540131353807,-0.04286323640135592,0.014363932874478236,0.01400571736421452,-0.03129516499953011,-0.16438102315955883,0.026062460741908433,-0.00931590528394266,0.5,0.3333333333333333,0.8333333333333334,0.5,0.031609030590025754,-0.03912698451420891,-0.17741286432495249,0.16845308924213342,0.6924645378912789
2026-08-28,CONSUMER_DISCRETIONARY,XLY,117.20999908447266,-0.006863223026886356,0.009647711102704903,0.020459676664056126,0.002995023723199264,0.011564652680826404,-0.020230533966065112,-0.022656028466827793,-0.11852276303500364,0.007859248613408143,0.0004587795670336625,0.3333333333333333,0.3333333333333333,0.3333333333333333,0.5,-0.0241196253470974,-0.05543165055360918,-0.2183052470266683,0.2100675052281611,0.7171975897973779
2026-08-28,CONSUMER_STAPLES,XLP,85.44999694824219,-0.006279810779654227,0.004703043881620461,0.024089099329154706,-0.050661094098039205,0.05781131764688996,-0.025175201187149554,-0.019026605801729213,-0.1721788808562421,0.004301599784077181,0.02252053814793209,0.6666666666666666,0.3333333333333333,0.5,0.3333333333333333,-0.03745063066628777,-0.04855556847963266,-0.20805814392664526,0.11156316553932336,0.7817638559087426
2026-08-28,DEFENSIVE,XLU,42.72999954223633,-0.0009352563736080288,-0.03652759836801478,-0.03652759836801478,-0.10475591971408871,0.013519916909089158,-0.0664058434367848,-0.0796433034988987,-0.2262737064722916,-0.04321541226533654,-0.04534500089352311,0.6666666666666666,0.6666666666666666,0.6666666666666666,0.6666666666666666,-0.01563415693286187,0.018043022348367854,-0.1296552869940863,0.15787039678803474,1.0223831163015729
2026-08-28,ENERGY,XLE,62.68000030517578,-0.015084838052792482,0.05256089182562573,0.08687363092250466,0.12088702356189596,0.3868790956614159,0.022682646756855718,0.043757925791620744,-0.0006307631963069493,0.07196607221098206,0.1441427358133931,1.0,1.0,1.0,1.0,0.03219315188254165,0.038156891496530565,-0.0041037432688829645,0.27851349114032925,0.8009857620215888
2026-08-28,FINANCIALS,XLF,58.099998474121094,0.010786341976728675,0.020372319553727314,0.11089864859788712,0.1296908055486452,0.07612514665457981,-0.009505925515042701,0.0677829434670032,0.008173018790442299,0.026955355857284147,0.08745493843095375,0.5,1.0,0.8333333333333334,0.8333333333333334,-0.02058176590035199,0.0370876354491696,0.07460587897768549,0.0881106227476325,0.8114704678242809
2026-08-28,HEALTHCARE,XLV,171.16000366210938,-0.019814405863178064,0.052968320201200125,0.11861976215195913,0.06841452511018575,0.24543413216867793,0.02309007513243011,0.07550405702107521,-0.05310326164801715,0.037358508985212424,0.1030820656484781,0.6666666666666666,1.0,0.8333333333333334,0.8333333333333334,0.007910552871439713,0.06429802102524314,0.02893879535981007,0.20242025727688767,0.8510923615524874
2026-08-28,MARKET,SPY,769.3499755859375,0.004740642822048002,0.029878245068770015,0.04311570513088392,0.1215177867582029,0.19269822516896684,0.0,0.0,0.0,0.020000920223947505,0.08113345873551014,0.75,1.0,1.0,1.0,-0.0015636374972259337,-0.00032029502653729836,0.005805444678862237,0.11889063141867134,0.7844697828963608
2026-08-28,MATERIALS,XLB,53.18000030517578,-0.006723955999170639,0.054531032785216205,0.050365379878817285,-0.004306301121389633,0.15257912892618664,0.02465278771644619,0.007249674747933366,-0.12582408787959254,0.02497881197544971,0.05927815333912134,0.8333333333333334,1.0,1.0,0.8333333333333334,0.09023638899085717,0.07768886485834885,-0.09897519588593982,0.14740979475324895,0.9618395438375827
2026-08-28,NUCLEAR,URA,45.56999969482422,-0.010853049778860147,0.16636805863249293,0.005738210409467426,-0.16139124830948326,0.12048197065374922,0.13648981356372292,-0.03737749472141649,-0.28290903506768617,0.06233680977443257,-0.05893772454533419,0.8333333333333334,0.0,0.6666666666666666,0.6666666666666666,0.04404711614058917,-0.04443348330114729,-0.3015917653380382,0.4580291411362532,1.0453898684603753
2026-08-28,POWER_INDUSTRIALS,XLI,177.13999938964844,-0.017253817533157023,-0.015013328532154313,0.016993953601645462,0.0,0.16531810927525825,-0.04489157360092433,-0.026121751529238457,-0.1215177867582029,-0.02564327972129743,0.03518755355233649,0.0,0.8333333333333334,0.0,0.3333333333333333,-0.07435356162550923,-0.0734581280959954,-0.10683338099703786,0.14224549851237658,0.8503336277450628
2026-08-28,SEMI,SOXX,508.6199951171875,-0.0219786423306898,0.00738770892774987,-0.057709808412690244,0.4437536767447987,1.0732919449369955,-0.022490536141020145,-0.10082551354357416,0.3222358899865958,-0.06048948127891218,0.17553995772196895,0.16666666666666666,1.0,0.8333333333333334,0.5,0.0013697909949613174,-0.03175877857755895,0.34942372485865364,0.4674157429353495,0.7396050836194049
2026-09-04,AI_SOFTWARE,IGV,104.56999969482422,-0.04502283383722172,0.018307500328385684,0.15292175538326558,0.18870067345428665,-0.03301275859971897,0.02227771382119159,0.1145799927389699,0.04323234178425017,0.06103188830619266,0.12236601442017525,1.0,0.8333333333333334,0.8333333333333334,0.8333333333333334,0.03292592248538608,0.16343752170848672,0.07567350650862507,0.33505833212069397,0.7015994376895338
2026-09-04,COMMUNICATION_SERVICES,XLC,112.02999877929688,-0.008496319166499289,0.007011224982443887,0.003403468412222832,-0.046228506278726766,-0.023192986358757328,0.010981438475249794,-0.03493829423207284,-0.19169683794876324,0.011968738923620492,-0.017009097739255852,0.6666666666666666,0.3333333333333333,0.8333333333333334,0.5,0.018579239128076724,-0.03520798284758303,-0.1970313007326765,0.16966757283789208,0.6336668805083888
2026-09-04,CONSUMER_DISCRETIONARY,XLY,114.91000366210938,-0.019622860168317935,-0.04129815554009508,-0.014493952265246413,0.004106966189062922,-0.022500077718514144,-0.037327942047289175,-0.052835714909542086,-0.14136136548097356,-0.01237641889033625,-0.018477718288247513,0.16666666666666666,0.16666666666666666,0.16666666666666666,0.16666666666666666,-0.04047614882239564,-0.09326818355359946,-0.23563100663508738,0.21229694672479207,0.6433981693290345
2026-09-04,CONSUMER_STAPLES,XLP,84.58000183105469,-0.010181335848548523,-0.006343995513428569,-0.014448821582136562,-0.013989239511761453,0.04587608456127401,-0.002373782020622661,-0.052790584226432236,-0.15945757118179793,-0.005771626969484078,0.010534882690046876,0.16666666666666666,0.3333333333333333,0.3333333333333333,0.16666666666666666,-0.008716907254067615,-0.07139880957004542,-0.19070889665348198,0.09626509407360913,0.7806429745084876
2026-09-04,DEFENSIVE,XLU,43.08000183105469,0.00819102018647122,-0.012153147715642798,-0.03256224989874301,-0.07830551382068685,0.03222717625573779,-0.00818293422283689,-0.07090401254303869,-0.22377384549072332,-0.028592002446058085,-0.0363224119206953,0.5,0.6666666666666666,0.6666666666666666,0.5,0.019667768348129982,0.004175190024526043,-0.10017662730211473,0.158958991439753,1.04126829510414
2026-09-04,ENERGY,XLE,64.05999755859375,0.022016548288114945,0.11408691406250004,0.1131189992673527,0.1324022963439191,0.4665750254356815,0.11805712755530595,0.07477723662305702,-0.013066035326117387,0.07674719646455896,0.15936779221140918,1.0,1.0,1.0,1.0,0.1206435869029292,0.06780910765706942,-0.008755703582365512,0.27905148863740614,0.7956114701024962
2026-09-04,FINANCIALS,XLF,58.099998474121094,0.0,0.008680555785511856,0.08923881342175544,0.1489024881300831,0.09478045615642694,0.012650769278317764,0.05089705077745976,0.0034341564600466334,0.018797772598847295,0.08503314979013821,0.6666666666666666,1.0,0.5,0.8333333333333334,0.0035011470805439613,0.01935397134488572,0.09768767344738927,0.08605839535953884,0.827538558982855
2026-09-04,HEALTHCARE,XLV,171.4499969482422,0.0016942818411320726,0.03482619825890643,0.11468694928578027,0.12278978634397308,0.24329227365261796,0.038796411751712334,0.0763451866414846,-0.022678545326063393,0.03216600003143477,0.10249965959443719,0.6666666666666666,1.0,0.6666666666666666,0.8333333333333334,0.046126603603926696,0.06712897041196324,0.05908834039644021,0.20292550910320448,0.7270846180018767
2026-09-04,MARKET,SPY,770.1900024414062,0.0010918657075786875,-0.003970213492805907,0.038341762644295674,0.14546833167003648,0.18996046916462817,0.0,0.0,0.0,0.015567311169608855,0.07902353207306412,0.75,1.0,0.0,0.75,-0.004268804577075347,-0.018288019026781344,0.011856089028725925,0.11890214563430627,0.7148706585980532
2026-09-04,MATERIALS,XLB,52.439998626708984,-0.01391503712335962,-0.007945553893170532,0.004982719816262859,0.051744845262231776,0.14049584925590586,-0.003975340400364624,-0.033359042828032814,-0.0937234864078047,0.00908249270413819,0.04052777985973366,0.5,0.6666666666666666,0.3333333333333333,0.8333333333333334,0.010730964052453626,0.024945923041199747,-0.06511036620549737,0.13870916996627747,0.9558802803055775
2026-09-04,NUCLEAR,URA,46.060001373291016,0.010752725076766945,0.025606803157118607,0.011862937392287387,-0.0557605058235523,0.13086181907582795,0.029577016649924515,-0.026478825252008287,-0.20122883749358877,0.06761238997543217,-0.04920162162686992,0.6666666666666666,0.16666666666666666,0.6666666666666666,0.6666666666666666,0.012386742686599525,-0.01873829680909515,-0.24219175985738217,0.4583541500887349,0.9747935467403785
2026-09-04,POWER_INDUSTRIALS,XLI,175.27000427246094,-0.010556594352663096,-0.05351543792676905,-0.0051651063750181025,0.03136402115147918,0.1612668970902651,-0.04954522443396314,-0.043506869019313776,-0.1141043105185573,-0.03277428479452138,0.021040381133522024,0.0,0.8333333333333334,0.0,0.3333333333333333,-0.06621040064133775,-0.06346435096246587,-0.04402000017507599,0.14239378847180106,0.8810513788081153
2026-09-04,SEMI,SOXX,519.8599853515625,0.02209899402752602,-0.04309097380320448,-0.12811742498689727,0.6069363223975301,1.1042703053221583,-0.03912076031039857,-0.16645918763119294,0.46146799072749367,-0.027133476297987236,0.1862253150524038,0.3333333333333333,1.0,0.3333333333333333,0.3333333333333333,-0.004614983283086053,-0.10749213228090466,0.534748767513383,0.40495344001839095,0.700590061897975
