,macro_score,rates_credit_score,market_score,semi_score,pre_crash_risk,shock_soxx,shock_spy,shock_vix,shock_credit,soxx_below_200d,shock_risk_accel,shock_count,current_stress,pre_crash_risk_mom_1w,pre_crash_risk_mom_4w,current_stress_mom_1w,current_stress_mom_4w,semi_score_mom_1w,semi_score_mom_4w,SOXL_close,SOXX_close,soxl_bh_return
2016-01-01,14.800000000000011,19.32,,,,False,False,False,False,False,False,0,,,,,,,,,,
2016-01-08,14.800000000000011,19.8,60.0,,,False,False,False,False,False,False,0,,,,,,,,1.3106670379638672,27.116666793823242,
2016-01-15,14.800000000000011,20.173333333333332,60.0,,,False,False,False,False,False,False,0,,,,,,,,1.1339999437332153,25.886667251586914,-0.13479174276413153
2016-01-22,14.800000000000011,20.52,35.0,,,False,False,False,False,False,False,0,,,,,,,,1.2786669731140137,26.969999313354492,0.12757234264451833
2016-01-29,16.0,7.548214285714286,35.0,,,False,False,False,False,False,False,0,,,,,,,,1.3673330545425415,27.676666259765625,0.06934259138061116
2016-02-05,16.0,7.595833333333334,35.0,,,False,False,False,False,False,False,0,,,,,,,,1.1886670589447021,26.47333335876465,-0.130667502701172
2016-02-12,16.0,7.471428571428572,60.0,,,False,False,False,False,False,False,0,,,,,,,,1.0959999561309814,25.816667556762695,-0.07795883810895754
2016-02-19,16.0,7.461904761904763,35.0,,,False,False,False,False,False,False,0,,,,,,,,1.2953330278396606,27.350000381469727,0.18187324788985415
2016-02-26,16.599999999999994,9.054761904761905,35.0,,,False,False,False,False,False,False,0,,,,,,,,1.4179999828338623,28.22333335876465,0.09469916412058454
2016-03-04,16.599999999999994,15.109523809523807,10.0,,,False,False,False,False,False,False,0,,,,,,,,1.6066670417785645,29.43000030517578,0.13305152413870447
2016-03-11,16.599999999999994,21.377380952380953,10.0,,,False,False,False,False,False,False,0,,,,,,,,1.6653330326080322,29.799999237060547,0.036514093650993784
2016-03-18,16.599999999999994,17.591666666666672,10.0,,,False,False,False,False,False,False,0,,,,,,,,1.7873330116271973,30.523332595825195,0.07325860751594182
2016-03-25,16.599999999999994,17.56547619047619,10.0,,,False,False,False,False,False,False,0,,,,,,,,1.7153329849243164,30.046667098999023,-0.04028349850559276
2016-04-01,18.0,10.836904761904766,19.95252628620705,,,False,False,False,False,False,False,0,,,,,,,,1.8359999656677246,30.75,0.07034609711579254
2016-04-08,18.0,6.680952380952381,16.631573196035973,,,False,False,False,False,False,False,0,,,,,,,,1.7480000257492065,30.270000457763672,-0.047930251396553714
2016-04-15,18.0,9.509523809523811,19.25704637573628,,,False,False,False,False,False,False,0,,,,,,,,1.76466703414917,30.39666748046875,0.009534901690187114
2016-04-22,18.0,13.865476190476196,20.06133927489646,,,False,False,False,False,False,False,0,,,,,,,,1.7286670207977295,30.190000534057617,-0.020400456661104793
2016-04-29,22.0,15.18571428571429,21.92097412077699,,,False,False,False,False,False,False,0,,,,,,,,1.5466669797897339,29.126667022705078,-0.10528345761117597
2016-05-06,22.0,17.6952380952381,19.96783825952786,,,False,False,False,False,False,False,0,,,,,,,,1.4886670112609863,28.793333053588867,-0.0374999720603284
2016-05-13,22.0,12.63333333333333,25.27653181844618,,,False,False,False,False,False,False,0,,,,,,,,1.4600000381469727,28.610000610351562,-0.019256806859534792
2016-05-20,22.0,13.313095238095238,24.529474324379414,,,False,False,False,False,False,False,0,,,,,,,,1.6833330392837524,30.049999237060547,0.1529678050010419
2016-05-27,10.599999999999994,19.422619047619047,26.06794815734463,,,False,False,False,False,False,False,0,,,,,,,,1.9306670427322388,31.47333335876465,0.14693111682387316
2016-06-03,10.599999999999994,11.05,24.523797251441344,,,False,False,False,False,False,False,0,,,,,,,,2.0133330821990967,31.92333221435547,0.042817346356040176
2016-06-10,10.599999999999994,10.785714285714288,28.17923316928256,,,False,False,False,False,False,False,0,,,,,,,,1.9559999704360962,31.649999618530273,-0.028476714692621807
2016-06-17,10.599999999999994,6.842857142857147,32.67073406900054,,,False,False,False,False,False,False,0,,,,,,,,1.8746670484542847,31.203332901000977,-0.041581249085437366
2016-06-24,10.599999999999994,6.90952380952381,43.85227576935235,,,False,False,False,False,False,False,0,,,,,,,,1.7466670274734497,30.553333282470703,-0.06827880240727258
2016-07-01,13.0,6.957142857142859,26.26207192001869,,,False,False,False,False,False,False,0,,,,,,,,1.7979999780654907,30.956666946411133,0.029389087779537526
2016-07-08,13.0,10.200000000000001,25.722724579208787,32.415706676579305,14.792356001486898,False,False,False,False,False,False,0,20.630639853880695,,,,,,,1.9266669750213623,31.656667709350586,0.07156117826781472
2016-07-15,13.0,11.627380952380948,23.927101156392656,18.380470232277357,13.258022915793983,False,False,False,False,False,False,0,16.83599968247143,-1.5343330856929143,,-3.794640171409263,,-14.035236444301948,,2.117332935333252,32.6966667175293,0.09896155525776607
2016-07-22,13.0,11.99166666666667,20.997151221583664,19.057872770143163,13.505347582188143,False,False,False,False,False,False,0,15.36000772589965,0.24732466639416018,,-1.4759919565717823,,0.677402537865806,,2.2793331146240234,33.516666412353516,0.07651143407225836
2016-07-29,20.0,13.078571428571431,21.999449524403186,15.275275943727618,16.522719962987715,False,False,False,False,False,False,0,15.154752427167276,3.0173723807995714,,-0.20525529873237325,,-3.7825968264155456,,2.50333309173584,34.66666793823242,0.09827434861304396
2016-08-05,20.0,27.05833333333334,21.68438309784198,10.13835422140853,21.344086466544617,False,False,False,False,False,False,0,13.954081548094797,4.821366503556902,6.5517304650577195,-1.2006708790724794,-6.676558305785898,-5.136921722319087,-22.277352455170774,2.569999933242798,34.96333312988281,0.026631230868573885
2016-08-12,20.0,11.102380952380955,25.631732457825446,1.8354318742479512,13.716267162089574,False,False,False,False,False,False,0,14.464539226653587,-7.627819304455043,0.4582442462955907,0.5104576785587902,-2.3714604558178447,-8.302922347160578,-16.545038358029405,2.634666919708252,35.26333236694336,0.02516225219658197
2016-08-19,20.0,15.620238095238095,24.87027359608186,4.4100713993191825,15.909605947993116,False,False,False,False,False,False,0,14.56066475770886,2.193338785903542,2.4042583658049725,0.09612553105527333,-0.7993429681907891,2.5746395250712313,-14.64780137082398,2.814666986465454,36.04999923706055,0.06831985683303543
2016-08-26,20.400000000000006,25.36309523809524,19.22246644951771,6.224709568000896,20.25894453043823,False,False,False,False,False,False,0,11.817298460834921,4.349338582445116,3.736224567450517,-2.7433662968739387,-3.3374539663323546,1.8146381686817135,-9.05056637572672,2.8626670837402344,36.25,0.017053561755473234
2016-09-02,20.400000000000006,15.053571428571429,25.081613073933497,8.51146344484299,16.478148088155024,False,False,False,False,False,False,0,15.497179879632021,-3.780796442283208,-4.865938378389593,3.6798814187971,1.5430983315372249,2.286753876842094,-1.6268907765655403,2.927999973297119,36.54999923706055,0.02282238473623832
2016-09-09,20.400000000000006,23.423809523809528,22.479637782479276,12.425569016417503,20.41335916198644,False,False,False,False,False,False,0,14.848914583647103,3.9352110738314146,6.697091999896864,-0.6482652959849187,0.384375356993516,3.914105571574513,10.590137142169553,2.5153329372406006,34.84333419799805,-0.14093819665982732
2016-09-16,20.400000000000006,22.17738095238095,17.527748913534825,11.312571969301883,19.747838176347663,False,False,False,False,False,False,0,11.902776296304532,-0.6655209856387749,3.8382322283545474,-2.9461382873425705,-2.657888461404328,-1.1129970471156199,6.902500569982701,2.8480000495910645,36.31999969482422,0.13225569761568434
2016-09-23,20.400000000000006,15.036904761904763,14.9393745296148,10.075098982549424,16.70602675214432,False,False,False,False,False,False,0,10.231675787798025,-3.041811424203342,-3.55291777829391,-1.6711005085065072,-1.5856226730368963,-1.2374729867524596,3.850389414548528,2.875999927520752,36.44333267211914,0.009831417641199769
2016-09-30,17.599999999999994,14.876190476190478,13.605773464103223,10.458877497132544,15.439307815046071,False,False,False,False,False,False,0,9.574950904683282,-1.2667189370982506,-1.0388402731089528,-0.6567248831147428,-5.922228974948739,0.3837785145831205,1.9474140522895542,3.2073330879211426,37.663333892822266,0.1152062478270004
2016-10-07,17.599999999999994,16.508333333333336,19.028125910762157,8.232574520639734,15.758219511429294,False,False,False,False,False,False,0,12.111984155047134,0.31891169638322303,-4.655139650557144,2.5370332503638515,-2.736930428599969,-2.2263029764928106,-4.19299449577777,3.2260000705718994,37.75,0.005820094807445164
2016-10-14,17.599999999999994,17.870238095238097,26.07753165660182,11.767130301778836,16.83316478336206,False,False,False,False,False,False,0,16.696068471486768,1.0749452719327675,-2.914673392985602,4.584084316439634,4.793292175182236,3.534555781139103,0.4545583324769531,2.9086670875549316,36.4900016784668,-0.09836732054401709
2016-10-21,17.599999999999994,19.364285714285714,27.435409838093882,9.873877685578972,17.14679593855113,False,False,False,False,False,False,0,17.06425094806743,0.3136311551890678,0.44076918640680773,0.3681824765806603,6.832575160269403,-1.8932526161998648,-0.2012212969704521,2.958667039871216,36.72999954223633,0.017189987994918665
2016-10-28,25.599999999999994,28.509523809523817,27.842301491851924,7.131014660061342,23.993461722818726,False,False,False,False,False,False,0,16.73946875253083,6.846665784267596,8.554153907772655,-0.32478219553659926,7.164517847847547,-2.7428630255176296,-3.3278628370712022,3.003999948501587,36.91999816894531,0.015322071736853626
2016-11-04,25.599999999999994,16.957142857142863,37.223178660065486,7.5875806053490855,19.440994233659506,False,False,False,False,False,False,0,21.990264384105835,-4.55246748915922,3.682774722230212,5.250795631575006,9.878280229058701,0.4565659452877435,-0.6449939152906481,2.8359999656677246,36.253334045410156,-0.055925428000643485
2016-11-11,25.599999999999994,31.842857142857138,26.134195918487706,4.311208848645153,24.903824184439625,False,False,False,False,False,False,0,15.236049524897268,5.462829950780119,8.070659401077563,-6.754214859208567,-1.4600189465895,-3.2763717567039325,-7.4559214531336835,3.183332920074463,37.76333236694336,0.12247283448924873
2016-11-18,25.599999999999994,47.094047619047615,20.991117196768297,4.7664134299377,31.072581062109702,False,False,False,False,False,False,0,12.498397144210104,6.168756877670077,13.925785123558573,-2.737652380687164,-4.565853803857324,0.4552045812925467,-5.107464255641272,3.609999895095825,39.40999984741211,0.13403152787782613
2016-11-25,25.599999999999994,41.68452380952381,18.28745719863511,6.7488257630451365,29.20613338826629,False,False,False,False,False,False,0,11.407866611858339,-1.8664476738434104,5.212671665447566,-1.0905305323517656,-5.331602140672491,1.9824123331074368,-0.3821888970162055,3.8359999656677246,40.21666717529297,0.06260389948457346
2016-12-02,12.400000000000006,47.06190476190477,24.1850105927887,13.031755445525786,26.35952522159078,False,False,False,False,False,False,0,15.908106915138942,-2.8466081666755123,6.918530987931273,4.500240303280604,-6.0821574689668925,6.282929682480649,5.4441748401767,3.2873330116271973,38.31666564941406,-0.14303101119684758
2016-12-09,12.400000000000006,31.689880952380964,21.503606659133172,7.969345940834199,19.45135427207752,False,False,False,False,False,False,0,13.420852850690085,-6.908170949513259,-5.452469912362105,-2.487254064448857,-1.8151966742071828,-5.062409504691587,3.6581370921890457,3.8213329315185547,40.34333419799805,0.16244168692451177
2016-12-16,12.400000000000006,32.961904761904776,18.929610549360877,5.891530401278923,19.648491464953754,False,False,False,False,False,False,0,11.58959188240427,0.19713719287623377,-11.424089597155948,-1.8312609682858163,-0.9088052618058349,-2.0778155395552753,1.1251169713412237,3.9226670265197754,40.72999954223633,0.026517996944315447
2016-12-23,12.400000000000006,22.895238095238103,23.325900106274275,1.6413484935328078,14.984297512125165,False,False,False,False,False,False,0,13.157514757157415,-4.6641939528285885,-14.221835876141126,1.5679228747531457,1.7496481452990764,-4.250181907746116,-5.107477269512328,4.092667102813721,41.84333419799805,0.04333788087151791
2016-12-30,1.6363636363636336,14.079761904761911,23.27594695653838,4.349683195752654,7.020720877631298,False,False,False,False,False,False,0,13.67170746524664,-7.963576634493867,-19.33880434395948,0.5141927080892259,-2.2363994498923017,2.708334702219846,-8.682072249773132,3.8066670894622803,40.90666580200195,-0.06988108394030257
2017-01-06,1.6363636363636336,9.441666666666661,24.364698757956,7.759041105130149,5.676886468799823,False,False,False,False,False,False,0,14.95239253790183,-1.3438344088314755,-13.774467803277698,1.2806850726551886,1.531539687211744,3.409357909377495,-0.2103048357040498,3.8313329219818115,40.99333190917969,0.00647964004727708
2017-01-13,2.051991094188975,5.804761904761909,24.017454637734453,8.547804271685948,4.527471395042695,False,False,False,False,False,False,0,14.91916090509114,-1.1494150737571278,-15.121020069911058,-0.03323163281068986,3.3295690226868704,0.7887631665557988,2.6562738704070243,4.022666931152344,41.689998626708984,0.049939280419296406
2017-01-20,2.051991094188975,10.39047619047619,24.54557412795459,9.440995700874149,6.495735823706638,False,False,False,False,False,False,0,15.388264910549857,1.968264428663943,-8.488561688418528,0.46910400545871767,2.2307501533924423,0.8931914291882013,7.799647207341341,4.0873332023620605,41.926666259765625,0.016075472395919332
2017-01-27,1.779263821461705,13.63809523809524,21.301949413506794,7.978551504255985,7.45268954053426,False,False,False,False,False,False,0,13.311782478279934,0.9569537168276225,0.4319686629029622,-2.0764824322699234,-0.35992498696670694,-1.462444196618164,3.628868308503331,4.5193328857421875,43.39666748046875,0.10569230889482539
2017-02-03,0.9785951018039378,15.957142857142863,22.88618416675237,8.981171471951061,8.170400659461576,False,False,False,False,False,False,0,14.383635586104015,0.7177111189273155,2.4935141906617533,1.0718531078240812,-0.5687569517978144,1.0026199676950762,1.2221303668209123,4.543333053588867,43.5,0.005310555441135234
2017-02-10,0.9785951018039378,13.313095238095238,25.741707111273612,9.465645183677722,7.185452668601526,False,False,False,False,False,False,0,16.051067947936033,-0.98494799086005,2.657981273558831,1.6674323618320184,1.1319070428448939,0.4844737117266611,0.9178409119917745,4.531332969665527,43.48666763305664,-0.002641251209585138
2017-02-17,3.046770067157002,11.285714285714286,25.464085045889135,14.905838192657889,8.121207973405049,False,False,False,False,False,False,0,16.986414413770603,0.9357553048035232,1.6254721496984113,0.93534646583457,1.5981495032207462,5.440193008980167,5.46484249178374,4.71999979019165,44.09000015258789,0.04163605318548225
2017-02-24,3.046770067157002,7.482142857142858,24.406034608233064,15.114272878956518,6.6310446049212715,False,False,False,False,False,False,0,16.44617361031949,-1.4901633684837776,-0.8216449356129889,-0.5402408034511126,3.134391132039557,0.20843468629862905,7.135721374700533,4.6706671714782715,43.96666717529297,-0.010451826463190539
2017-03-03,4.146770067157004,12.679761904761909,26.878899960864352,15.487392522211975,9.261060170457212,False,False,False,False,False,False,0,17.88087348291779,2.63001556553594,1.0906595109956356,1.4346998725982978,3.4972378968137736,0.3731196432554569,6.506221050260914,4.677332878112793,44.02333450317383,0.0014271422881995122
2017-03-10,4.481809620437599,24.9577380952381,26.64048357947614,8.22440568672194,13.233570420300452,False,False,False,False,False,False,0,16.297147106056265,3.972510249843241,6.048117751698927,-1.5837263768615237,0.2460791581202315,-7.262986835490034,-1.2412394969557816,4.939332962036133,44.84000015258789,0.056014846655312533
2017-03-17,5.5524674915291605,18.566666666666674,26.438726877009003,9.358597987156509,11.329066735928267,False,False,False,False,False,False,0,16.413019379786256,-1.9045036843721856,3.2078587625232178,0.1158722737299911,-0.5733950339843474,1.1341923004345684,-5.54724020550138,5.136666774749756,45.4466667175293,0.0399515105036119
2017-03-24,5.4966275659823935,19.371428571428567,24.383966830456522,8.46231442361972,11.491400996806464,False,False,False,False,False,False,0,15.103644641475032,0.1623342608781968,4.860356391885192,-1.3093747383112238,-1.3425289688444586,-0.8962835635367892,-6.651958455336798,5.108666896820068,45.293331146240234,-0.005450981961167112
2017-03-31,6.035136882752575,10.158333333333328,22.88412173427195,11.00474106126808,8.429856089762202,False,False,False,False,False,False,0,14.78721516610319,-3.0615449070442615,-0.8312040806950094,-0.31642947537184263,-3.093658316814599,2.5424266376483597,-4.482651460943895,5.221333026885986,45.630001068115234,0.022053919807542677
2017-04-07,5.196627565982389,6.37142857142857,26.414714129332847,13.367768449055871,6.892219100621884,False,False,False,False,False,False,0,17.201646460944243,-1.537636989140318,-6.3413513196785685,2.4144312948410533,0.9044993548879781,2.363027387787792,5.143362762333931,5.027332782745361,45.063331604003906,-0.037155309408855475
2017-04-14,3.535383064516127,5.700000000000001,32.86313688910519,14.136329842824479,5.99137185545593,False,False,False,False,False,False,0,20.901991257572753,-0.9008472451659539,-5.337694880472337,3.70034479662851,4.488971877786497,0.7685613937686071,4.7777318556679695,4.451333045959473,43.3033332824707,-0.11457362416166583
2017-04-21,3.535383064516127,7.87500000000001,29.584891995769848,9.727392825392329,6.2000313028411105,False,False,False,False,False,False,0,18.217169162751883,0.20865944738518039,-5.291369693965353,-2.68482209482087,3.113524521276851,-4.40893701743215,1.2650784017726089,4.915332794189453,44.78666687011719,0.1042383806017746
2017-04-28,3.5990373660157373,9.594047619047622,32.43448946041292,10.054337396701838,6.965336471831407,False,False,False,False,False,False,0,19.849836682567478,0.7653051689902961,-1.4645196179307955,1.6326675198155947,5.062621516464288,0.32694457130950916,-0.9504036645662417,5.0960001945495605,45.369998931884766,0.036755883665431366
2017-05-05,4.508271778012573,14.213095238095242,31.831409698377627,7.842526627307683,8.890339389439907,False,False,False,False,False,False,0,19.075780659569233,1.9250029176085004,1.998120288818023,-0.7740560229982449,1.87413419862499,-2.2118107693941553,-5.525241821748189,5.173999786376953,45.63999938964844,0.015306041767976675
2017-05-12,5.133370436260403,21.81428571428571,28.886638444761125,9.110886180408752,12.402363909092777,False,False,False,False,False,False,0,17.709828380700372,3.5120245196528703,6.410992053636847,-1.3659522788688605,-3.1921628768723807,1.2683595531010692,-5.025443662415727,5.714000225067139,47.186668395996094,0.10436808291179234
2017-05-19,4.111474447612961,12.754761904761898,23.141074419189387,10.62180884257487,8.545339589716821,False,False,False,False,False,False,0,14.85195269906914,-3.857024319375956,2.345308286875711,-2.857875681631233,-3.365216463682744,1.5109226621661183,0.8944160171825413,5.922667026519775,47.89666748046875,0.03651851474160295
2017-05-26,3.9478201461133566,13.42857142857143,23.460532421831978,9.76505774901193,8.612706299531373,False,False,False,False,False,False,0,14.856304381809975,0.06736670981455184,1.6473698276999666,0.0043516827408360825,-4.9935323007575025,-0.8567510935629397,-0.28927964768990755,6.332666873931885,49.0099983215332,0.06922554409631054
2017-06-02,5.141190311859223,5.289285714285708,21.674990421845568,5.283903698173663,5.221835480776984,False,False,False,False,False,False,0,12.978025471649795,-3.3908708187543892,-3.668503908662923,-1.87827891016018,-6.097755187919438,-4.481154050838267,-2.5586229291340192,6.665999889373779,49.883331298828125,0.052637067775354485
2017-06-09,6.164079025355667,7.919047619047617,25.654339072411616,9.584021648221652,7.379057856262344,False,False,False,False,False,False,0,16.026690819470723,2.15722237548536,-5.023306052830433,3.0486653478209274,-1.6831375612296497,4.300117950047989,0.4731354678129005,6.392000198364258,49.29999923706055,-0.041104064739980295
2017-06-16,5.996172059984218,11.710714285714289,29.431714387057752,11.592411166575554,9.121424816264948,False,False,False,False,False,False,0,18.505925146196873,1.7423669600026042,0.5760852265481269,2.47923432672615,3.6539724471277335,2.0083895183539013,0.9706023240006836,5.980000019073486,48.253334045410156,-0.06445559551080804
2017-06-23,6.734925019731655,7.297619047619047,29.20417544348249,14.115892433940395,8.067147743017923,False,False,False,False,False,False,0,18.885474980703453,-1.0542770732470252,-0.5455585565134502,0.3795498345065802,4.029170598893478,2.5234812673648417,4.350834684928465,6.3293328285217285,49.21333312988281,0.058416857580941395
2017-06-30,7.4439621152328295,24.090476190476195,34.912169570001296,18.371819425734447,15.741746341905419,False,False,False,False,False,False,0,22.876057148647604,7.674598598887496,10.519910861128434,3.990582167944151,9.898031676997809,4.255926991794052,13.087915727560784,5.433332920074463,46.733333587646484,-0.14156308930534378
2017-07-07,7.728097868981849,25.65119047619049,32.52559409112831,13.676222219785103,15.789553564485795,False,False,False,False,False,False,0,20.624321194077595,0.04780722258037606,8.41049570822345,-2.251735954570009,4.597630374606872,-4.695597205949344,4.092200571563451,5.724667072296143,47.619998931884766,0.05361978669580347
2017-07-14,8.52367797947909,20.631547619047623,28.499003794384763,10.994826442037724,13.737498104690298,False,False,False,False,False,False,0,17.873417375319168,-2.052055459795497,4.6160732884253495,-2.7509038187584274,-0.6325077708777052,-2.6813957777473796,-0.5975847245378301,6.557332992553711,49.85333251953125,0.1454522873980144
2017-07-21,8.17018428098913,16.451190476190487,27.75909797644802,11.195616242449848,11.93640155328878,False,False,False,False,False,False,0,17.506627135536384,-1.8010965514015176,3.869253810270857,-0.3667902397827838,-1.3788478451670692,0.20078980041212446,-2.9202761914905473,6.593999862670898,49.97999954223633,0.005591735261702535
2017-07-28,8.091827890419435,12.592857142857145,29.860498122153864,20.804122051421718,11.799083715544862,False,False,False,False,False,False,0,20.584098377468973,-0.13731783774391815,-3.9426626263605566,3.0774712419325887,-2.2919587711786313,9.60850580897187,2.432302625687271,6.354000091552734,49.37666702270508,-0.036396690342203386
2017-08-04,6.824013459773632,8.19166666666666,33.8414178502147,29.742190603259864,10.808801314053778,False,False,False,False,False,False,0,24.561217938270055,-0.9902824014910845,-4.980752250432017,3.977119560801082,3.9368967441924596,8.938068551838146,16.06596838347476,6.113999843597412,48.776668548583984,-0.03777152100995218
2017-08-11,6.490221543162717,7.345238095238093,34.5173389123441,26.729807400753483,9.868166042631483,False,False,True,False,False,False,1,30.580497881939955,-0.9406352714222947,-3.869332062058815,6.0192799436699005,12.707080506620787,-3.0123832025063813,15.73498095871576,5.871333122253418,48.20000076293945,-0.039690338166775585
2017-08-18,6.490221543162717,10.60714285714285,35.1269957237468,17.519627906736684,9.791401023290865,False,False,False,False,False,False,0,22.823773229408083,-0.07676501934061797,-2.1450005299979154,-7.756724652531872,5.317146093871699,-9.2101794940168,6.324011664286836,5.945333003997803,48.45000076293945,0.012603591076089993
2017-08-25,5.075254034668262,7.315476190476192,38.25540678761751,17.883340942251536,7.892555933128925,False,False,False,False,False,False,0,24.61714192163994,-1.8988450901619398,-3.906527782415937,1.7933686922318586,4.033043544170969,0.3637130355148521,-2.920781109170182,6.075333118438721,48.86000061035156,0.021865909672932116
2017-09-01,2.4976239366383064,8.871428571428579,33.64565879987385,16.140288673156572,7.093545501032155,False,False,False,False,False,False,0,21.733170074561933,-0.7990104320967699,-3.7152558130216224,-2.8839718470780085,-2.8280478637081217,-1.7430522690949637,-13.601901930103292,6.757332801818848,50.63666534423828,0.1122571668227128
2017-09-08,4.158375634517773,10.908333333333335,32.71207207748641,18.871678449018262,9.06535413621907,False,False,False,False,False,False,0,21.76597533242118,1.9718086351869157,-0.802811906412412,0.03280525785924837,-8.814522549518774,2.7313897758616896,-7.858128951735221,6.297999858856201,49.52000045776367,-0.06797548033138301
2017-09-15,5.760046222735808,12.211904761904771,31.253514874523695,15.13041511241938,9.74634497185593,False,False,False,False,False,False,0,20.215516203471907,0.6809908356368588,-0.045056051434935185,-1.5504591289492744,-2.608257025936176,-3.741263336598882,-2.389212794317304,7.227333068847656,51.880001068115234,0.1475600557031822
2017-09-22,6.592055467282973,14.719047619047616,29.814826124101867,18.121179613555594,11.572220949929726,False,False,False,False,False,False,0,20.022390290967145,1.825875978073796,3.6796650168008007,-0.19312591250476174,-4.594751630672796,2.990764501136214,0.23783867130405767,7.285999774932861,52.040000915527344,0.008117338100561478
2017-09-29,8.326065289614336,21.18095238095238,27.95766343649147,13.210902190337693,14.200745661258058,False,False,False,False,False,False,0,18.018895328137848,2.628524711328332,7.1072001602259025,-2.003494962829297,-3.714274746424085,-4.9102774232179005,-2.929386482818879,7.684000015258789,52.856666564941406,0.05462534348343362
2017-10-06,6.4020439115990255,30.93690476190477,27.90157917905113,11.174696376050267,16.93188612138901,False,False,False,False,False,False,0,17.580807823688176,2.731140460130952,7.866531985169939,-0.4380875044496726,-4.185167508733006,-2.0362058142874258,-7.6969820729679945,8.066666603088379,53.73666763305664,0.04980044079511914
2017-10-13,4.946027733641489,17.066666666666663,26.15969553464728,6.994072739315154,10.101490057702609,False,False,False,False,False,False,0,15.786647091919036,-6.8303960636864005,0.35514508584667936,-1.7941607317691393,-4.428869111552871,-4.180623636735113,-8.136342373104226,8.640000343322754,55.0,0.07107443116774781
2017-10-20,4.406556247922658,19.58928571428573,24.516158972456697,8.605929605168484,11.10955403805476,False,False,False,False,False,False,0,15.205073355884883,1.0080639803521514,-0.46266691187496534,-0.5815737360341533,-4.817316935082262,1.6118568658533299,-9.51525000838711,8.879332542419434,55.543331146240234,0.02770048490584176
2017-10-27,0.8125435366703037,16.719047619047625,22.036109727968554,7.779226988941434,8.220147687461903,False,False,False,False,False,False,0,13.675705748170992,-2.889406350592857,-5.980597973796154,-1.5293676077138905,-4.343189579966856,-0.8267026162270499,-5.431675201396259,9.557332992553711,56.96333312988281,0.07635714136116101
2017-11-03,0.8125435366703037,12.992857142857135,19.86102540018756,6.169574418603279,6.488223611434982,False,False,False,False,False,False,0,12.157478853823816,-1.731924076026921,-10.443662509954027,-1.5182268943471762,-5.423328969864359,-1.609652570338155,-5.005121957446988,10.429332733154297,58.66666793823242,0.09123881539755674
2017-11-10,0.8125435366703037,21.77619047619048,20.513622162201607,8.255701402818449,10.314475992400595,False,False,False,False,False,False,0,12.933632469774574,3.826252380965613,0.21298593469798632,0.7761536159507578,-2.853014622144462,2.08612698421517,1.261628663503295,10.481332778930664,58.82666778564453,0.004985941776606939
2017-11-17,1.1059931607468128,12.417857142857137,20.614237321577768,9.067233197568468,6.824924759114191,False,False,False,False,False,False,0,13.151277166381467,-3.489551233286404,-4.284629278940569,0.217644696606893,-2.053796189503416,0.8115317947500191,0.4613035923999842,10.57800006866455,59.02333450317383,0.009222805131061662
2017-11-24,1.3724624427601373,10.658333333333328,20.084004694796683,8.82310690814438,6.204407468797049,False,False,False,False,False,False,0,12.810823963767053,-0.6205172903171423,-2.0157402186648543,-0.34045320261441425,-0.8648817844039396,-0.24412628942408787,1.0438799192029462,11.420000076293945,60.58333206176758,0.07959916828925628
2017-12-01,2.22905015556546,15.702976190476196,25.746626033676698,27.02316178489856,11.337737313929718,False,False,False,False,False,False,0,19.565276675501895,5.133329845132669,4.849513702494736,6.754452711734842,7.407797821678079,18.20005487675418,20.85358736629528,9.380666732788086,56.89666748046875,-0.17857559806318934
2017-12-08,1.8559931607468128,12.791666666666671,29.9408282644413,27.186042350208915,10.029769941534072,False,False,False,False,False,False,0,21.9046640154845,-1.3079673723956464,-0.28470605086652334,2.339387339982604,8.971031545709925,0.16288056531035622,18.930340947390466,8.916666984558105,56.00666809082031,-0.049463408246683604
2017-12-15,1.5262223893300466,13.335714285714293,30.2956658433298,22.445328494117597,9.387885063601878,False,False,False,False,False,False,0,21.15168191265491,-0.6418848779321937,2.562960304487687,-0.7529821028295878,8.000404746273444,-4.740713856091318,13.378095296549128,9.169333457946777,56.599998474121094,0.028336425911861474
2017-12-22,1.5262223893300466,20.405952380952392,29.41320792571812,24.829560998836307,12.573615177404925,False,False,False,False,False,False,0,21.14317655891223,3.1857301138030465,6.369207708607876,-0.00850535374268091,8.332352595145178,2.3842325047187103,16.006454090691925,9.600666999816895,57.41999816894531,0.04704088294403719
2017-12-29,3.2561373020035758,15.153571428571434,31.44826182704773,18.78208616868916,10.344003282633558,False,False,False,False,False,False,0,21.052961238614085,-2.2296118947713666,-0.9937340312961602,-0.09021532029814594,1.4876845631121896,-6.047474830147149,-8.2410756162094,9.19333267211914,56.60333251953125,-0.04242771129396772
2018-01-05,3.6323128505929176,17.26785714285715,25.047432655888777,13.433452046018367,10.556701446812427,False,False,False,False,False,False,0,16.4627783699425,0.21269816417886922,0.5269315052783554,-4.590182868671583,-5.441885645541998,-5.348634122670791,-13.752590304190548,10.821999549865723,59.83000183105469,0.17715739610792958
2018-01-12,4.092095835199276,24.16785714285714,26.042382788302234,28.24483611188068,15.745311399764633,False,False,False,False,False,False,0,19.972277755942365,5.188609952952206,6.357426336162755,3.509499385999863,-1.1794041567125468,14.811384065862313,5.7995076177630835,10.696666717529297,59.663333892822266,-0.011581300826978946
2018-01-19,3.9244329760057317,21.042857142857148,22.884324053467196,23.082703068214443,13.645543156577604,False,False,False,False,False,False,0,17.202918843049847,-2.099768243187029,1.0719279791726795,-2.7693589128925176,-3.9402577158623835,-5.162133043666238,-1.7468579306218643,11.940667152404785,61.936668395996094,0.1162979522243941
2018-01-26,2.9496456943219096,27.661309523809532,24.789286846216612,16.66994118823305,14.89235555020363,False,False,False,False,False,False,0,16.96809600306575,1.2468123936260262,4.548352267570072,-0.2348228399840977,-4.084865235548335,-6.412761879981392,-2.112144980456108,12.075332641601562,62.31999969482422,0.011277886526604775
2018-02-02,2.7346882379851376,32.8095238095238,27.46208357212378,20.736152210620197,17.464842062495862,False,False,True,False,False,False,1,25.501376406792122,2.5724865122922314,6.908140615683434,8.533280403726373,9.03859803684962,4.066211022387147,7.302700164601831,10.468667030334473,59.540000915527344,-0.13305352812657556
2018-02-09,2.7346882379851376,31.84404761904763,48.70990735956629,23.31935407358181,17.466131865749634,False,True,True,False,False,False,2,43.95431986247782,0.0012898032537727033,1.7208204659850015,18.452943455685695,23.982042106535452,2.5832018629616122,-4.92548203829887,8.895999908447266,56.70000076293945,-0.15022610971675543
2018-02-16,2.830934906287751,28.470238095238102,35.81618562550992,17.927823543428143,15.35118947743895,False,False,False,False,False,False,0,23.284466802716082,-2.114942388310684,1.7056463208613462,-20.669853059761735,6.081547959666235,-5.391530530153666,-5.154879524786299,10.230667114257812,59.56666564941406,0.15003003816841365
2018-02-23,2.830934906287751,31.676190476190477,25.755604887044992,13.696971987005965,15.998942696356576,False,False,False,False,False,False,0,16.904977085275938,0.6477532189176252,1.106587146152945,-6.379489717440144,-0.06311891778981149,-4.230851556422179,-2.9729692012270856,10.988666534423828,61.06999969482422,0.07409090841296573
2018-03-02,0.830934906287751,19.390476190476196,31.039998602839773,17.224420844276104,10.713774310661382,False,False,False,False,False,False,0,20.516883400417097,-5.285168385695194,-6.75106775183448,3.611906315141159,-4.9844930063750255,3.527448857270139,-3.511731366344094,11.272000312805176,61.68333435058594,0.02578418204736277
2018-03-09,1.063643374290336,18.622619047619047,18.03281509616503,6.011048705283908,8.829344443270857,False,False,False,False,False,False,0,11.12025804394755,-1.8844298673905246,-8.636787422478777,-9.396625356469547,-32.834061818530266,-11.213372138992195,-17.3083053682979,13.013333320617676,64.75,0.15448305176449617
2018-03-16,1.4519644239146652,15.808928571428575,21.821887758489336,14.719907058597414,9.184941478122642,False,False,False,False,False,False,0,14.946019678888618,0.35559703485178495,-6.166247999316308,3.8257616349410686,-8.338447123827464,8.708858353313506,-3.2079164848307293,12.739333152770996,64.34333038330078,-0.021055340787480392
2018-03-23,1.8010271259185424,14.225595238095238,38.81129032722782,22.707380260209092,9.906807340932804,False,True,True,False,False,False,2,38.38768573201712,0.7218658628101622,-6.092135355423771,23.4416660531285,21.48270864674118,7.987473201611678,9.010408273203128,10.214667320251465,59.84000015258789,-0.19817880592677484
2018-03-30,1.9419127109217749,11.730357142857152,37.92846808467846,28.92478987547388,9.904722058378741,False,False,False,False,False,False,0,26.64561542166793,-0.0020852825540629283,-0.8090522522826404,-11.742070310349188,6.128732021250833,6.217409615264788,11.700369031197777,10.187999725341797,60.016666412353516,-0.002610715951247622
2018-04-06,2.17462117892436,11.909523809523806,43.75158171786083,39.81086616513963,11.71401897909643,False,False,False,False,False,True,1,38.27554317785139,1.8092969207176886,2.8846745358255728,11.62992775618346,27.15528513390384,10.886076289665748,33.79981745985572,8.708666801452637,57.18000030517578,-0.14520347111999266
2018-04-13,3.11823321694282,15.39821428571428,33.691411671538454,35.23209499535854,12.847304911213762,False,False,False,False,False,False,0,25.57669541841786,1.1332859321173316,3.6623634330911194,-12.69884775943353,10.630675739529241,-4.578771169781092,20.512187936761123,10.037332534790039,60.07666778564453,0.15256821320983094
2018-04-20,3.7581815039499284,22.606547619047625,37.4777941369099,48.334001041641976,17.983900880642814,False,False,False,False,False,False,0,30.279586983628842,5.136595969429052,8.07709353971001,4.702891565210983,-8.108098748388276,13.101906046283439,25.626620781432884,8.682000160217285,57.40666580200195,-0.13502913945264694
2018-04-27,3.5437018659408714,27.46369047619047,37.24473956493678,54.947567724762465,20.82227718886395,False,False,False,False,False,False,0,31.474120305667725,2.838376308221136,10.917555130485209,1.1945333220388825,4.828504883999795,6.613566683120489,26.022777849288584,8.406000137329102,56.86333465576172,-0.03178991220857985
2018-05-04,2.2056281749260087,25.393452380952397,36.06174017223183,54.44126531766366,19.316103428747212,False,False,False,False,False,False,0,30.72221015826024,-1.506173760116738,7.602084449650782,-0.7519101474074859,-7.55333301959115,-0.5063024070988078,14.630399152524028,9.1813325881958,58.59333419799805,0.09223559816798321
2018-05-11,2.0892739409247163,25.609523809523825,30.598061112311196,50.14961402263928,18.706424900621542,False,False,False,False,False,False,0,26.858856416299016,-0.60967852812567,5.85911998940778,-3.863353741961223,1.2821609978811566,-4.29165129502438,14.91751902728074,10.333333015441895,61.06666564941406,0.12547202883459319
2018-05-18,2.7194833594738483,24.416071428571435,31.25860593584902,53.76005931659052,19.05420498068038,False,False,False,False,False,False,0,27.944245128035064,0.34778008005883976,1.0703041000375677,1.085388711736048,-2.3353418555937786,3.610445293951244,5.426058274948545,10.204000473022461,60.866668701171875,-0.012516052877243222
2018-05-25,4.112719098999339,17.3952380952381,29.245780472531465,49.517400972932755,16.236428978584854,False,False,False,False,False,False,0,25.988659454478857,-2.8177760020955276,-4.585848210279096,-1.9555856735562074,-5.4854608511888685,-4.242658343657766,-5.430166751829709,11.254667282104492,62.90666580200195,0.10296616624624866
2018-06-01,5.300200169165926,14.55595238095238,28.72165147333666,29.62721530829874,12.65155332475043,False,False,False,False,False,False,0,21.72235137199491,-3.5848756538344233,-6.664550103996781,-4.266308082483945,-8.999858786265328,-19.890185664634014,-24.814050009364916,11.751999855041504,63.900001525878906,0.04418900714442242
2018-06-08,6.027105772396611,15.683333333333332,28.781278222145474,30.26053410248301,13.52461104628426,False,False,False,False,False,False,0,21.881809842676617,0.8730577215338293,-5.181813854337282,0.15945847068170593,-4.977046573622399,0.6333187941842695,-19.889079920156266,11.785332679748535,63.96666717529297,0.002836353396714175
2018-06-15,7.426269648214,11.829166666666664,33.81911285765345,32.307733965980795,12.919648103260084,False,False,False,False,False,False,0,25.06205886490556,-0.6049629430241765,-6.134556877420298,3.180249022228942,-2.8821862631295048,2.0471998634977844,-21.452325350609726,12.015999794006348,64.40333557128906,0.019572388877420632
2018-06-22,6.699364044983315,15.323809523809523,34.59034467715526,38.77801062122733,14.960939222950401,False,False,False,False,False,False,0,26.78029169668086,2.0412911196903174,-1.275489755634453,1.7182328317752997,0.7916322422020023,6.470276655246536,-10.739390351705424,10.733332633972168,62.10333251953125,-0.10674660303123351
2018-06-29,6.5993640449833135,14.845238095238095,39.39645196848563,41.693466016211254,15.161828960769418,False,False,False,False,False,False,0,30.006741785909348,0.20088973781901664,2.510275636018987,3.2264500892284893,8.284390413914437,2.9154553949839226,12.066250707912513,9.433333396911621,59.413333892822266,-0.12111794923283259
2018-07-06,6.902241379662759,12.024999999999991,36.51437049331074,51.319463628433155,15.613928165113212,False,False,False,False,False,False,0,30.346796497007542,0.4520992043437939,2.0893171188289514,0.34005471109819396,8.464986654330925,9.625997612221902,21.058929525950145,10.167332649230957,61.00666809082031,0.07780910749530379
2018-07-13,6.237594437614918,12.783333333333335,35.14331802799969,44.856246641279,14.648687826451898,False,False,False,False,False,False,0,28.30007424365563,-0.9652403386613138,1.7290397231918142,-2.0467222533519127,3.2380153787500703,-6.463216987154155,12.548512675298205,9.934666633605957,60.63999938964844,-0.02288368283520248
2018-07-20,5.866638393762682,16.37857142857143,34.504435754721,49.099759730120766,16.556379808139894,False,False,False,False,False,False,0,28.797391611120705,1.9076919816879965,1.5954405851894933,0.49731736746507593,2.0170999144398465,4.243513088841766,10.321749108893435,10.325332641601562,61.473331451416016,0.03932351455801264
2018-07-27,5.289732790531995,24.427380952380947,33.84018312999308,47.652482220722675,19.29920446980018,False,False,False,False,False,False,0,28.14259716564073,2.7428246616602863,4.137375509030763,-0.6547944454799755,-1.8641446202686183,-1.4472775093980914,5.959016204511421,10.590666770935059,62.03333282470703,0.025697392863106794
2018-08-03,4.683978121173081,26.40416666666667,36.88122502914606,41.11221117252896,18.836288497073898,False,False,False,False,False,False,0,28.507116000536126,-0.4629159727262824,3.2223603319606866,0.3645188348953958,-1.8396804964714164,-6.540271048193716,-10.207252455904197,10.800000190734863,62.47999954223633,0.01976583951959454
2018-08-10,4.683978121173081,20.86309523809524,37.008401767999395,44.27627257833707,17.094469136516544,False,False,False,False,False,False,0,29.209875488067084,-1.7418193605573542,2.445781310064646,0.7027594875309582,0.9098012444114545,3.1640614058081127,-0.579974062941929,10.170000076293945,61.31666564941406,-0.058333342899510754
2018-08-17,4.955374721841867,16.41130952380953,39.883518527978694,63.81372983095559,18.36650190899599,False,False,False,False,True,False,1,40.9486811565794,1.2720327724794451,1.8101221008560948,11.738805668512313,12.151289545458692,19.537457252618516,14.713970100834821,9.470666885375977,59.90666580200195,-0.0687643250414619
2018-08-24,4.893561535028677,11.433928571428577,39.154273686065245,61.74850647308117,16.037950090296512,False,False,False,False,False,False,0,33.88455182195212,-2.328551818699477,-3.2612543795036686,-7.064129334627275,5.741954656311393,-2.065223357874416,14.096024252358497,10.611332893371582,62.266666412353516,0.12044199440241665
2018-08-31,5.991410072033839,13.395238095238094,33.05344565457009,63.745094198656105,17.61599390030888,False,False,False,False,False,False,0,30.928413949744773,1.5780438100123675,-1.2202945967650187,-2.95613787220735,2.421297949208647,1.9965877255749334,22.632883026127146,11.199999809265137,63.439998626708984,0.05547530379159693
2018-09-07,5.743561535028679,21.32142857142857,37.835820764994985,76.77186043419724,22.628953184463917,False,False,False,False,False,False,0,36.16407350758669,5.012959284155038,5.534484047947373,5.23565955784192,6.954198019519609,13.026766235541132,32.495587855860165,10.260666847229004,61.6966667175293,-0.08386901589579265
2018-09-14,4.793157355934157,24.257738095238103,35.04446341403266,80.28983353677465,23.903491078781812,False,False,False,False,False,False,0,35.33242158507289,1.2745378943178949,5.536989169785823,-0.8316519225137995,-5.616259571506504,3.5179731025774146,16.476103705819064,10.608667373657227,62.42333221435547,0.03391597559979287
2018-09-21,4.793157355934157,32.23928571428572,36.35283667554636,76.92179736897765,26.59090470123131,False,False,False,False,False,False,0,35.37841964534603,2.6874136224494976,10.552954610934798,0.04599806027313491,1.4938678233939058,-3.368036167797001,15.173290895896479,10.740667343139648,62.76333236694336,0.012442653241272916
2018-09-28,2.893157355934158,27.9375,37.4038027087392,73.25715718968151,23.465494388622595,False,False,False,False,False,False,0,35.22352292774286,-3.1254103126087145,5.849500488313716,-0.15489671760316526,4.29510897799809,-3.6646401792961427,9.512062991025402,10.307332992553711,61.68333435058594,-0.04034519799765701
2018-10-05,3.4603842466904586,36.15416666666668,41.05045460794977,70.60889697190999,26.610174123463878,False,False,False,False,True,False,1,42.949529428754374,3.144679734841283,3.981220938999961,7.726006501011511,6.7854559211676815,-2.648260217771522,-6.162963462287252,9.170000076293945,59.41666793823242,-0.11034211440354214
2018-10-12,3.9015607172786924,28.667261904761904,55.56670961280858,79.20088117263383,25.102739260575248,False,False,False,False,True,False,1,52.65186652157149,-1.5074348628886298,1.1992481817934362,9.702337092817118,17.3194449364986,8.591984200723843,-1.0889523641408232,7.834000110626221,56.54666519165039,-0.14569247050733602
2018-10-19,2.628701757652326,29.35178571428572,57.28435468879133,79.48761970490455,24.846773032393518,False,False,False,False,True,False,1,53.65391901981614,-0.2559662281817303,-1.7441316688377917,1.0020524982446517,18.275499374470115,0.2867385322707179,2.565822335926896,7.285999774932861,55.393333435058594,-0.06995153535293408
2018-10-26,4.085004278660741,24.223809523809532,65.69235258997892,84.42306113373292,24.191234904981084,False,False,False,False,True,False,1,59.26540615123499,-0.6555381274124343,0.7257405163584885,5.611487131418848,24.04188322349213,4.935441428828369,11.165903944051408,5.928667068481445,52.043331146240234,-0.18629326768870558
2018-11-02,4.463155539164942,22.35714285714286,52.56157380858964,79.14746842363733,22.82339739902697,False,False,False,False,True,False,1,50.98835927945177,-1.367837505954114,-3.7867767244369084,-8.27704687178322,8.038829850697397,-5.27559271009558,8.53857145172735,7.283332824707031,56.01333236694336,0.22849415232428738
2018-11-09,4.904332009753175,24.830357142857142,45.63603789898508,87.06850840376025,25.199368522095824,False,False,False,False,True,False,1,48.76352252519385,2.3759711230688545,0.09662926152057594,-2.2248367542579217,-3.8883439963776425,7.921039980122913,7.86762723112642,7.0980000495910645,55.5533332824707,-0.025446149390189632
2018-11-16,6.4435578806871225,15.053571428571432,52.84538470561743,90.11820368712651,22.438760170806752,False,False,False,False,True,False,1,53.33860232551489,-2.760608351289072,-2.4080128615867658,4.575079800321042,-0.3153166943012522,3.049695283366262,10.630583982221964,6.870666980743408,55.19333267211914,-0.03202776377280436
2018-11-23,6.9477595613593905,25.636309523809526,56.1875131096929,94.67587115395519,27.582396285228814,False,False,False,False,True,False,1,56.088306441122135,5.143636114422062,3.3911613802477305,2.749704115607244,-3.1770997101128557,4.557667466828676,10.25281002022227,6.170000076293945,53.400001525878906,-0.10197945940521347
2018-11-30,8.8212889731241,17.36309523809524,48.82486198663023,93.12527807176963,24.883609843909383,False,False,False,False,True,False,1,51.728729707000554,-2.698786441319431,2.0602124448824135,-4.359576734121582,0.7403704275487826,-1.5505930821855571,13.977809648132293,7.125999927520752,56.08333206176758,0.15494324787772684
2018-12-07,9.703641914300565,16.54404761904762,58.47029007217986,96.19934154475393,25.414159140767392,False,False,False,False,True,False,1,57.648527848649714,0.530549296858009,0.214790618671568,5.91979814164916,8.885005323455864,3.0740634729843066,9.130833140993687,5.745999813079834,52.4900016784668,-0.19365704862153177
2018-12-14,7.333146666731873,17.920833333333338,58.30904901439645,94.72383888164671,24.676825165609685,False,False,False,False,True,False,1,57.264744734247394,-0.737333975157707,2.238064994802933,-0.3837831144023198,3.9261424087325025,-1.4755026631072212,4.605635194520204,6.026000022888184,53.383331298828125,0.04872958909100111
2018-12-21,6.828944986059606,17.107142857142858,73.5687050805573,94.52026027563117,24.093921427928642,False,True,False,False,True,False,2,71.86683984943275,-0.5829037376810433,-3.4884748573001723,14.602095115185357,15.778533408310615,-0.20357860601554023,-0.155610878324012,4.897333145141602,49.793331146240234,-0.1872995143477657
2018-12-28,5.253238339764722,17.020833333333332,64.47698228460149,89.34491269053336,22.574027489807463,False,False,False,False,True,False,1,59.5813227946375,-1.5198939381211787,-2.30958235410192,-12.28551705479525,7.852593087636947,-5.175347585097811,-3.7803653812362654,5.451333045959473,51.939998626708984,0.1131227720065291
2019-01-04,8.21630515681899,17.670833333333327,56.7676943567308,89.8619613419853,24.244964855199672,False,False,False,False,True,False,1,55.444624164599006,1.6709373653922093,-1.1691942855677198,-4.136698630038495,-2.203903684050708,0.5170486514519439,-6.337380202768628,5.294666767120361,51.80666732788086,-0.02873907675760745
2019-01-11,9.132533712436034,18.37738095238095,45.7019228065425,84.64571186332456,24.15744933104728,False,False,False,False,True,False,1,48.31519991626329,-0.08751552415239061,-0.5193758345624033,-7.129424248335717,-8.949544817984105,-5.2162494786607425,-10.07812701832215,6.283999919891357,54.94333267211914,0.18685465890218245
2019-01-18,7.746849838909029,24.65119047619048,35.66868725079801,86.51219297224505,26.32338756382201,False,False,False,False,True,False,1,43.17021658238792,2.165938232774728,2.229466135893368,-5.144983333875366,-28.696623267044828,1.8664811089204818,-8.008067303386127,6.499332904815674,55.616668701171875,0.03426686627456843
2019-01-25,6.512636045510331,24.61964285714285,35.18534652742387,78.71028119653374,24.58508554281685,False,False,False,False,True,False,1,41.34399682938988,-1.7383020210051612,2.0110580530093856,-1.8262197529980426,-18.23732596524762,-7.801911775711304,-10.63463149399962,7.261332988739014,57.93000030517578,0.1172428147754574
2019-02-01,12.536002591400651,24.00714285714286,31.76651420732451,78.04351961838384,26.950586251745015,False,False,False,False,True,False,1,39.33028673770525,2.3655007089281668,2.705621396545343,-2.0137100916846293,-16.114337426893755,-0.6667615781499023,-11.818441723601467,7.343332767486572,58.253334045410156,0.011292661949909855
2019-02-08,12.153574305286625,19.65416666666667,31.277844300939737,74.58374012219106,24.518336122374308,False,False,False,False,False,False,0,32.11956238995507,-2.4322501293707077,0.36088679132702595,-7.21072434775018,-16.195637526308218,-3.4597794961927804,-10.061971741133505,7.588666915893555,58.983333587646484,0.03340910131340191
2019-02-15,12.128920047504032,18.115476190476194,27.392249685794148,63.06380419560794,22.163775126908483,False,False,False,False,False,False,0,27.678498166308373,-2.3545609954658246,-4.159612436913527,-4.441064223646698,-15.49171841607955,-11.519935926583116,-23.448388776637103,8.453332901000977,61.1966667175293,0.11394174954450587
2019-02-22,11.65544437063852,18.88214285714286,24.284307837864965,66.8768430905169,22.829333573222012,False,False,False,False,False,False,0,26.731737928929114,0.6655584463135291,-1.7557519695948365,-0.9467602373792587,-14.612258900460766,3.8130388949089564,-11.833438106016843,8.703332901000977,61.83333206176758,0.02957413400463582
2019-03-01,9.390556900726375,24.615476190476187,24.460786476581607,70.55855241649834,24.655723943992093,False,False,False,False,False,False,0,27.565143045419553,1.8263903707700813,-2.294862307752922,0.8334051164904395,-11.765143692285697,3.681709325981444,-7.484967201885496,8.670000076293945,61.790000915527344,-0.0038298919604922155
2019-03-08,9.09999999999998,21.682142857142864,32.21976396275562,64.61621624035928,22.460289578911027,False,False,False,False,False,False,0,30.64411342758745,-2.1954343650810664,-2.0580465434632806,3.0789703821678955,-1.4754489623676221,-5.942336176139065,-9.96752388183178,7.842667102813721,59.836666107177734,-0.09542479425604278
2019-03-15,9.09999999999998,19.97321428571428,26.213052111907572,56.835072873095434,20.60954664525002,False,False,False,False,False,False,0,25.784193236168253,-1.8507429336610066,-1.5542284816584626,-4.859920191419196,-1.8943049301401196,-7.781143367263844,-6.228731322512509,9.185999870300293,63.150001525878906,0.17128519544130882
2019-03-22,9.159386341141515,14.32857142857143,27.296180076510545,54.55415838556189,18.036276182776536,False,False,False,False,False,False,0,25.92373071919318,-2.5732704624734843,-4.793057390445476,0.1395374830249274,-0.8080072097359334,-2.2809144875335434,-12.322684704955009,9.298666954040527,63.439998626708984,0.012265086580776519
2019-03-29,6.799999999999976,13.28154761904762,26.02725761050082,55.72657211549091,16.731604864942675,False,False,False,False,False,False,0,25.460306108873635,-1.3046713178338614,-7.924119079049419,-0.46342461031954585,-2.1048369365459187,1.1724137299290192,-14.831980301007434,9.169333457946777,63.18000030517578,-0.013908821203403865
2019-04-05,5.299999999999981,16.904761904761905,20.978932433128744,42.25496054919775,15.485148844284415,False,False,False,False,False,False,0,19.98940494806036,-1.2464560206582593,-6.975140734626612,-5.470901160813273,-10.654708479527088,-13.471611566293163,-22.36125569116153,10.830666542053223,66.91000366210938,0.18118362602099713
2019-04-12,5.299999999999981,19.322023809523817,18.799963819972007,39.57967506829983,16.050760784054493,False,False,False,False,False,False,0,18.25591511464457,0.5656119397700774,-4.558785861195528,-1.733489833415792,-7.528278121523684,-2.6752854808979194,-17.255397804795606,11.233332633972168,67.75333404541016,0.03717832973210622
2019-04-19,5.299999999999981,27.427380952380954,18.507024721605404,31.06861344025808,18.016244396991084,False,False,False,False,False,False,0,16.392586284934588,1.9654836129365911,-0.020031785785452172,-1.8633288297099817,-9.531144434258593,-8.511061628041748,-23.48554494530381,12.613332748413086,70.5633316040039,0.12284868252431891
2019-04-26,6.665685926976228,24.444047619047613,19.897264178253053,24.085601285533436,16.390017907588366,False,False,False,False,False,False,0,15.760615555145867,-1.6262264894027183,-0.3415869573543091,-0.6319707297887209,-9.699690553727768,-6.983012154724644,-31.640970829957475,12.329333305358887,70.05000305175781,-0.022515813125593587
2019-05-03,3.505636299184685,22.94464285714286,19.38612276546292,33.46285378613829,15.774821545410997,False,False,False,False,False,False,0,17.354938278232265,-0.6151963621773682,0.28967270112658206,1.5943227230863979,-2.6344666698280967,9.377252500604854,-8.792106763059458,12.890000343322754,71.18333435058594,0.045474238069318496
2019-05-10,5.356043956043953,17.57202380952381,29.82462916967185,38.08247791187234,15.151400990810156,False,False,False,False,False,False,0,24.020041625693988,-0.6234205546008411,-0.8993597932443365,6.665103347461724,5.764126511049419,4.619624125734049,-1.4971971564274895,10.72599983215332,67.06666564941406,-0.1678821143158793
2019-05-17,6.315776980705044,14.861904761904766,37.963778872208024,42.85299297797996,15.21481049277617,False,False,False,False,False,False,0,29.450676975310408,0.06340950196601369,-2.801433904214914,5.43063534961642,13.05809069037582,4.77051506610762,11.784379537721879,9.03266716003418,63.60333251953125,-0.15787177872621616
2019-05-24,5.869126856635564,14.884523809523815,45.464761642776125,49.604437582741255,16.035582246706717,False,False,False,False,True,False,1,41.17650642007512,0.820771753930547,-0.3544356608816486,11.725829444764713,25.415890864929253,6.751444604761296,25.51883629720782,7.325333118438721,59.526668548583984,-0.1890177077651778
2019-05-31,4.34151253547285,15.442857142857145,52.02810268051292,57.83329092271185,16.805817136512417,False,False,False,False,True,True,2,52.68211465882448,0.7702348898056997,1.0309955911014193,11.50560823874936,35.32717638059222,8.228853339970598,24.370437136573564,7.066667079925537,58.84000015258789,-0.03531116391991662
2019-06-07,4.213898214310146,15.51904761904762,37.33890520894176,41.48759216092271,14.327012068197021,False,False,False,False,False,False,0,28.833916297102512,-2.4788050683153955,-0.8243889226131351,-23.84819836172197,4.813874671408524,-16.345698761789144,3.4051142490503707,8.464667320251465,62.663333892822266,0.19783021111851484
2019-06-14,5.104572846508333,13.423809523809524,37.72196184054211,46.43513751585515,14.631852217830833,False,False,False,False,False,False,0,30.03410651546919,0.30484014963381156,-0.5829582749453373,1.2001902183666786,0.5834295401587823,4.947545354932444,3.5821445378751946,8.016667366027832,61.65999984741211,-0.052925878510524105
2019-06-21,5.2321871676710385,14.085714285714285,32.014065759248844,35.155502181602046,13.262095266977989,False,False,False,False,False,False,0,24.638836603907272,-1.3697569508528442,-2.7734869797287285,-5.395269911561918,-16.53766981616785,-11.279635334253108,-14.44893540113921,8.95533275604248,63.88666534423828,0.11708922762498841
2019-06-28,6.897873094647293,16.87142857142857,29.96947447964245,27.02327230423203,13.906105166797513,False,False,False,False,False,False,0,21.887865424649753,0.6440098998195243,-2.899711969714904,-2.750971179257519,-30.79424923417473,-8.132229877370015,-30.810018618479823,9.88599967956543,66.13666534423828,0.10392320965348767
2019-07-05,7.089294576391354,21.245238095238104,29.428428621250983,31.915997693901517,16.475677451556578,False,False,False,False,False,False,0,22.568835280468345,2.569572284759065,2.148665383359557,0.6809698558185922,-6.265081016634166,4.8927253896694864,-9.571594467021193,9.918000221252441,66.2699966430664,0.0032369555658753324
2019-07-12,6.387415809996455,21.921428571428585,27.238195202802167,30.641935393891572,16.239198852153574,False,False,False,False,False,False,0,21.10939444031951,-0.23647859940300364,1.6073466343227416,-1.4594408401488366,-8.924712075149682,-1.2740623000099447,-15.793202121963581,10.767999649047852,68.10333251953125,0.08570270304834415
2019-07-19,5.175235766678311,19.795238095238098,25.358344472473636,24.435908049140608,13.91233754047157,False,False,False,False,False,False,0,18.834271069688626,-2.326861311682004,0.650242273493582,-2.275123370630883,-5.804565534218646,-6.206027344750964,-10.719594132461438,11.169333457946777,69.08000183105469,0.037270971580539936
2019-07-26,1.7194619444917443,23.20595238095238,20.648020742304283,31.283595578105484,14.748678164118061,False,False,False,False,False,False,0,17.613130523888454,0.8363406236464908,0.8425729973205485,-1.2211405458001714,-4.274734900761299,6.847687528964876,4.260323273873453,12.703332901000977,72.22333526611328,0.1373402852399206
2019-08-02,0.7999999999999972,16.744047619047624,30.987684619782208,38.58656105857022,12.845603206404581,False,False,False,False,False,False,0,24.76053875259426,-1.9030749577134802,-3.630074245151997,7.147408228705807,2.1917034721259157,7.302965480464735,6.670563364668702,10.291333198547363,67.47000122070312,-0.18987140786207035
2019-08-09,0.7999999999999972,15.623809523809525,31.6191729577562,44.99301873447956,13.358476619695743,False,False,False,False,False,False,0,26.389148873661824,0.5128734132911621,-2.880722232457831,1.6286101210675632,5.279754433342315,6.406457675909344,14.35108334058799,9.704000473022461,66.4366683959961,-0.05707061604105923
2019-08-16,0.862186906201411,15.72857142857143,34.567708596894356,44.052081577828005,13.287224915893407,False,False,False,False,False,False,0,27.8226560438575,-0.0712517038023357,-0.6251126245781631,1.433507170195675,8.988384974168873,-0.9409371566515574,19.616173528687398,9.899999618530273,67.04666900634766,0.020197767513789655
2019-08-23,1.1731214372084917,15.833333333333332,39.623616010712674,46.188885681620434,13.78957083232022,False,False,False,False,False,False,0,31.03076594221606,0.5023459164268118,-0.959107331797842,3.208109898358561,13.417635418327606,2.1368041037924286,14.90529010351495,9.211999893188477,65.60333251953125,-0.06949492442949567
2019-08-30,5.908429780618416,15.938095238095238,35.32813448495091,37.68531117401231,14.686828172618231,False,False,False,False,False,False,0,26.967536201525462,0.8972573402980117,1.84122496621365,-4.063229740690598,2.206997448931201,-8.503574507608121,-0.901249884557906,10.329999923706055,68.24333190917969,0.1213634437126132
2019-09-06,6.343738124028336,16.229761904761908,22.162930391447013,22.238770413008403,12.682402479668776,False,False,False,False,False,False,0,16.637365797897537,-2.0044256929494555,-0.6760741400269676,-10.330170403627925,-9.751783075764287,-15.44654076100391,-22.75424832147116,11.629332542419434,71.23332977294922,0.12578244223715562
2019-09-13,6.032803593021244,41.61785714285715,19.4496686421158,27.02100436842921,23.415055129266804,False,False,False,False,False,False,0,16.101518626849533,10.732652649598029,10.127830213373397,-0.5358471710480046,-11.721137417007967,4.782233955420807,-17.031077209398795,12.47933292388916,72.90666961669922,0.07309107193979059
2019-09-20,5.908429780618416,35.37976190476191,26.532890884056506,34.04607771436049,21.917609820337127,False,False,False,False,False,False,0,21.40230552910318,-1.4974453089296773,8.128038988016907,5.300786902253648,-9.62846041311288,7.025073345931283,-12.142807967259941,11.494000434875488,70.92333221435547,-0.07895714418576427
2019-09-27,4.084055968215585,37.29285714285715,28.80017488389557,39.64097935530827,22.701114946136116,False,False,False,False,False,False,0,23.768292057204217,0.7835051257989889,8.014286773517885,2.365986528101036,-3.199244144321245,5.594901640947775,1.9556681812959553,11.0,69.85333251953125,-0.042978981745691924
2019-10-04,4.084055968215585,22.935714285714287,29.369154762198892,43.67241333825938,17.562972900721636,False,False,False,False,False,False,0,24.887517786861267,-5.1381420454144795,4.880570421052861,1.1192257296570496,8.25015198896373,4.031433982951114,21.43364292525098,11.654000282287598,71.163330078125,0.05945457111705443
2019-10-11,4.208429780618413,15.977380952380958,29.70429959102141,40.22941769947459,14.31915843715186,False,False,False,False,False,False,0,24.383248314956695,-3.2438144635697768,-9.095896692114945,-0.5042694719045713,8.281729688107163,-3.4429956387847938,13.208413331045378,11.929332733154297,72.01667022705078,0.023625574412003747
2019-10-18,4.830298842632574,23.802380952380958,31.264182319882323,46.66848284429615,18.694859286781465,False,False,False,False,False,False,0,26.528996844794506,4.375700849629606,-3.2227505335556614,2.1457485298378103,5.126691315691325,6.439065144821562,12.622405129935657,11.87399959564209,71.9000015258789,-0.004638410106411417
2019-10-25,4.768111936431161,25.6702380952381,24.390409365498417,31.448525689922718,17.13102446297767,False,False,False,False,False,False,0,19.704430289008677,-1.563834823803795,-5.570090483158445,-6.824566555785829,-4.06386176819554,-15.219957154373432,-8.19245366538555,13.142666816711426,74.56666564941406,0.10684413544488858
2019-11-01,3.6181119364311622,32.4202380952381,20.423665834726688,33.56061339976444,19.63033761945393,False,False,False,False,False,False,0,17.94513888905257,2.4993131564762585,2.0673647187322928,-1.7592913999561084,-6.942378897808698,2.112087709841724,-10.11179993849494,14.129332542419434,76.5,0.0750734793378025
2019-11-08,3.8649068322981326,28.663095238095238,17.656851190825837,23.80680538344522,16.77546697728904,False,False,False,False,False,False,0,14.472629231643257,-2.85487064216489,2.4563085401371794,-3.4725096574093115,-9.910619083313438,-9.753808016319223,-16.42261231602937,15.33133316040039,78.586669921875,0.08507129507867983
2019-11-15,4.28738638312468,24.91666666666667,17.226975918300344,15.082276621585407,14.158332032310586,False,False,False,False,False,False,0,12.491292079382273,-2.617134944978453,-4.5365272544708795,-1.9813371522609842,-14.037704765412233,-8.724528761859812,-31.586206222710743,15.473333358764648,78.96333312988281,0.009262090705264514
2019-11-22,5.134418683941363,18.833333333333336,23.01442604451437,9.171100840066828,11.219486867116972,False,False,False,False,False,False,0,14.492154492496269,-2.938845165193614,-5.911537595860699,2.000862413113996,-5.212275796512408,-5.91117578151858,-22.27742484985589,14.11400032043457,76.55999755859375,-0.08785004541766062
2019-11-29,4.852642345721103,22.610714285714288,23.141788577595463,4.166274281111322,11.852915912026909,False,False,False,False,False,False,0,13.56123857389977,0.6334290449099367,-7.77742170742702,-0.930915918596499,-4.383900315152799,-5.004826558955505,-29.39433911865312,14.762666702270508,77.82333374023438,0.04595907376428099
2019-12-06,5.8959427207637285,16.390476190476193,25.700723987100524,8.976386952549824,10.555822743416629,False,False,False,False,False,False,0,15.930675583415253,-1.2970931686102798,-6.21964423387241,2.369437009515483,1.458046351771996,4.810112671438501,-14.830418430895396,14.933333396911621,78.12999725341797,0.01156069550868244
2019-12-13,7.123354926696212,19.494047619047617,20.694722445180087,4.209768241507308,11.63459400085844,False,False,False,False,False,False,0,12.22405099315051,1.0787712574418116,-2.5237380314521456,-3.7066245902647434,-0.26724108623176335,-4.766618711042516,-10.872508380078099,16.81999969482422,81.50333404541016,0.12633926048304667
2019-12-20,7.96825597565571,25.64166666666666,15.996342918420115,4.77721040971713,14.558963417169304,False,False,False,False,False,False,0,9.75343068707449,2.9243694163108636,3.339476550052332,-2.47062030607602,-4.738723805421779,0.5674421682098219,-4.393890430349698,18.486000061035156,83.77333068847656,0.09904877505578025
2019-12-27,7.270591468325339,24.52738095238095,17.619682482640144,8.175327253023411,14.309017629652294,False,False,False,False,False,False,0,11.325890816056763,-0.24994578751701013,2.456101717625385,1.5724601289822733,-2.235347757843007,3.3981168433062816,4.009052971912089,18.590667724609375,84.1066665649414,0.005661996279813897
2020-01-03,8.632653715658654,19.4797619047619,19.862657487405293,7.4035821079213395,12.787136250139355,False,False,False,False,False,False,0,12.40517803965718,-1.521881379512939,2.231313506722726,1.0792872236004172,-3.525497543758073,-0.7717451451020718,-1.5728048446284841,18.41266632080078,83.836669921875,-0.00957477194716172
2020-01-10,6.626740396267288,21.13214285714286,19.849551816887853,13.714757777209895,13.492103987758908,False,False,False,False,False,False,0,13.660205054730298,0.7049677376195529,1.8575099869004674,1.255027015073118,1.4361540615797885,6.311175669288556,9.504989535702588,18.72333335876465,84.45333099365234,0.016872463365770418
2020-01-17,5.892618693074329,18.03928571428572,18.313847942734423,14.805217472011424,12.08817531839945,False,False,False,False,False,False,0,13.033659862906218,-1.4039286693594573,-2.4707880987698534,-0.6265451918240803,3.280229175831728,1.0904596948015293,10.028007062294295,20.207332611083984,86.7066650390625,0.07925935109330595
2020-01-24,5.347439490651318,13.785714285714292,19.74939902960018,18.904544088912886,10.756315098415742,False,False,False,False,False,False,0,14.643078284062678,-1.3318602199837084,-3.5527025312365517,1.6094184211564606,3.3171874680059155,4.099326616901461,10.729216835889474,20.408666610717773,86.96666717529297,0.00996341296046932
2020-01-31,3.519640091913659,12.938095238095238,37.72512626550188,19.96274736823114,9.753488241833914,False,False,False,False,False,False,0,24.74136891967226,-1.0028268565818284,-3.033648008305441,10.098290635609583,12.336190880015081,1.0582032793182528,12.559165260309799,16.24066734313965,81.0199966430664,-0.20422692707368084
2020-02-07,3.037873614831022,12.966666666666667,26.08970995500809,9.828079089509327,8.027921656767026,False,False,False,False,False,False,0,16.314956293156317,-1.725566585066888,-5.464182330991882,-8.426412626515944,2.6547512384260195,-10.134668278721811,-3.8866786877005683,18.266000747680664,84.4433364868164,0.12470752351174497
2020-02-14,4.298955895803425,13.233333333333334,19.74676807127223,9.537692696930492,8.658517390984448,False,False,False,False,False,False,0,12.768260978585825,0.6305957342174224,-3.4296579274150023,-3.546695314570492,-0.26539888432039227,-0.29038639257883503,-5.267524775080933,21.03933334350586,88.5,0.1518303121813538
2020-02-21,4.298955895803425,15.966666666666667,24.035535942936825,11.095724320320418,9.985555467826272,False,False,False,False,False,False,0,15.438689632679338,1.3270380768418235,-0.7707596305894704,2.670428654093513,0.79561134861666,1.558031623389926,-7.808819768592468,18.89666748046875,85.6433334350586,-0.10184095798351323
2020-02-28,4.695850305741314,14.795238095238098,64.93829181400064,20.75447715226821,11.144399448519062,True,True,True,False,False,False,3,58.616955928154,1.1588439806927902,1.3909112066851481,43.17826629547466,33.87558700848174,9.65875283194779,0.7917297840370701,13.666666984558105,77.26333618164062,-0.27676840381068657
2020-03-06,3.6927447156791895,16.13809523809524,68.42818033791222,28.768016372431436,12.432175673158447,False,False,False,False,False,True,1,49.639102460338016,1.2877762246393853,4.4042540163914214,-8.977853467815983,33.324146167181695,8.013539220163228,18.93993728292211,13.240667343139648,76.96333312988281,-0.031170704744601707
2020-03-13,4.065415523132596,16.261904761904763,87.62821680457607,42.79324764908543,14.753186037534388,True,True,False,False,True,True,4,81.75416877233394,2.3210103643759403,6.094668646549939,32.115066311995925,68.98590779374811,14.025231276653994,33.25555495215494,8.661333084106445,69.8066635131836,-0.34585373534105757
2020-03-20,6.877539965750138,25.35238095238096,93.10138848586872,56.786165730355876,21.753770225093326,True,True,False,False,True,True,4,87.56299681329898,7.000584187558939,11.768214757267055,5.8088280409650395,72.12430718061964,13.992918081270446,45.69044141003546,4.263332843780518,58.88666534423828,-0.5077740571363387
2020-03-27,24.985925058917843,17.457142857142863,88.60841410171278,36.12652786816193,23.645502599594465,False,False,False,False,True,True,2,68.45993332957443,1.8917323745011387,12.501103151075403,-19.103063483724554,9.842977401420427,-20.659637862193946,15.372050715893721,6.0960001945495605,67.42666625976562,0.42986729348204533
2020-04-03,36.98592505891786,30.101190476190478,89.7763812718118,45.5401739394631,35.515168557908694,False,False,False,False,True,True,2,70.98504448738912,11.86966595831423,23.082992884750247,2.525111157814692,21.3459420270511,9.413646071301173,16.772157567031666,5.435332775115967,65.32666778564453,-0.10837719789187295
2020-04-10,36.98592505891786,21.90952380952381,80.28067421578419,38.41835095837934,31.170228444079466,False,False,False,False,True,False,1,58.08804101035717,-4.344940113829228,16.41704240654508,-12.897003477031944,-23.666127761976767,-7.12182298108376,-4.3748966907060876,7.210000038146973,72.52999877929688,0.32650572402039213
2020-04-17,35.45000000000002,21.776190476190475,69.95324735884778,31.412798961160995,29.374896034650348,False,False,False,False,False,False,0,44.756845839598476,-1.7953324094291183,7.621125809557022,-13.331195170758697,-42.806150973700504,-7.0055519972183475,-25.37336676919488,8.564000129699707,77.13333129882812,0.18779474124673134
2020-04-24,35.45000000000002,24.090476190476192,67.88330907793889,44.63987988227173,32.28467245853125,False,False,False,False,False,False,0,46.26379596932074,2.909776423880899,8.639169858936782,1.506950129722263,-22.196137360253687,13.227080921110733,8.513352014109799,8.333999633789062,76.91000366210938,-0.02685666656087604
2020-05-01,59.1,29.917857142857148,69.2653847280562,51.543114953234024,46.293610100127964,False,False,False,False,True,False,1,54.65458459107772,14.008937641596717,10.77844154221927,8.390788621756982,-16.330459896311396,6.903235070962296,6.002941013770922,7.406667232513428,74.52666473388672,-0.11127099136360552
2020-05-08,59.1,23.680952380952384,54.548705867187344,41.15882630214778,42.24120489770313,False,False,False,False,False,False,0,38.2335534873826,-4.052405202424836,11.070976453623661,-16.42103110369512,-19.854487522974573,-10.384288651086244,2.7404753437684377,9.26533317565918,80.34666442871094,0.25094497765292734
2020-05-15,59.1,20.97857142857143,67.49528518865178,50.06305895613383,42.49588741484865,False,False,False,False,False,False,0,47.13501864498525,0.25468251714552537,13.120991380198305,8.901465157602651,2.3781728053867752,8.90423265398605,18.650259994972835,8.099332809448242,77.0566635131836,-0.12584548705427234
2020-05-22,59.1,25.683333333333337,52.86833223401145,40.0667753786219,42.87834964012662,False,False,False,False,False,False,0,37.09093780443068,0.382462225277969,10.593677181595375,-10.044080840554571,-9.172858164890059,-9.996283577511932,-4.57310450364983,9.505999565124512,81.5566635131836,0.1736768680545302
2020-05-29,58.85,21.189285714285717,44.48943534334062,39.13457759482135,40.8284009249375,False,False,False,False,False,False,0,32.29610495780161,-2.0499487151891245,-5.465209175190466,-4.79483284662907,-22.35847963327611,-0.9321977838005466,-12.408537358412673,10.27400016784668,83.95333099365234,0.0807911464187101
2020-06-05,58.85,29.615476190476198,17.534898566458235,29.284393033747868,42.72134943125266,False,False,False,False,False,False,0,15.501072818301605,1.8929485063151645,0.48014453354953446,-16.795032139500005,-22.732480669080996,-9.850184561073483,-11.874433268399912,12.934000015258789,90.73666381835938,0.25890595716912634
2020-06-12,58.85,21.159523809523808,37.771300693826326,42.76798471465097,41.36150723100717,False,False,False,False,False,False,0,29.327812324534676,-1.3598422002454953,-1.1343801838414862,13.826739506233071,-17.807206320450575,13.483591680903103,-7.295074241482858,10.95199966430664,86.32333374023438,-0.15323955068918338
2020-06-19,58.85,19.80238095238095,37.15766063999085,41.71286024495506,40.66038141769564,False,False,False,False,False,False,0,28.779285400985984,-0.7011258133115277,-2.217968222430983,-0.5485269235486925,-8.311652403444697,-1.0551244696959117,1.6460848663331618,12.066666603088379,89.09333038330078,0.10177748109457285
2020-06-26,37.95,21.71785714285715,41.193758295461066,42.833282111857535,32.18963517392149,False,False,False,False,False,False,0,31.223223484875092,-8.470746243774151,-8.63876575101601,2.4439380838891083,-1.0728814729265181,1.1204218669024755,3.698704517036184,11.223999977111816,87.05999755859375,-0.06983425113948938
2020-07-03,37.95,9.885714285714286,34.72136391868123,40.758126682577135,27.145504716672285,False,False,False,False,False,False,0,27.248375491790107,-5.044130457249203,-15.575844714580377,-3.9748479930849854,11.747302673488502,-2.0751554292804,11.473733648829267,12.470000267028809,90.22333526611328,0.11101214294884687
2020-07-10,37.95,13.769047619047623,31.29457849363068,38.436387691203215,28.35057720129953,False,False,False,False,False,False,0,24.89929570973752,1.2050724846272445,-13.010930029707637,-2.3490797820525877,-4.428516614797157,-2.3217389913739197,-4.331597023447756,13.906000137329102,93.66666412353516,0.1151563624338594
2020-07-17,37.95,13.266666666666671,27.480392650904232,42.45923625435066,28.753052104819268,False,False,False,False,False,False,0,23.60606320886746,0.4024749035197388,-11.90732931287637,-1.293232500870058,-5.173222192118523,4.022848563147441,0.7463760093955969,13.856666564941406,93.6066665649414,-0.0035476464763770643
2020-07-24,37.95,18.648809523809522,30.16265914994314,43.94795831465718,31.129217556722388,False,False,False,False,False,False,0,25.379054195400162,2.3761654519031197,-1.0604176171991,1.772990986532701,-5.84416928947493,1.4887220603065217,1.114676202799643,13.231332778930664,92.35333251953125,-0.04512873158057307
2020-07-31,40.75,15.92261904761905,23.58722063800266,30.44413246456826,29.27316748873286,False,False,False,False,False,False,0,19.061797843815114,-1.8560500679895284,2.1276627720605745,-6.317256351585048,-8.186577647974993,-13.50382585008892,-10.313994218008876,15.100666999816895,96.79666900634766,0.14128087110490672
2020-08-07,40.75,18.349999999999998,14.212352348254745,38.76102852474786,31.49165427871218,False,False,False,False,False,False,0,15.568999496489681,2.2184867899793197,3.1410770774126497,-3.492798347325433,-9.330296213247838,8.316896060179598,0.3246408335446418,16.029333114624023,98.73332977294922,0.061498350689965564
2020-08-14,40.75,19.332142857142856,17.39965588476926,45.830751594748605,32.94496988206944,False,False,False,False,False,False,0,18.735961055572815,1.4533156033572574,4.191917777250168,3.166961559083134,-4.870102153294646,7.069723070000748,3.3715153403979485,16.453332901000977,99.7933349609375,0.026451492607020954
2020-08-21,40.75,18.844047619047625,24.904559379497385,47.7784563173065,33.04188749521503,False,False,False,False,False,False,0,23.253198922184865,0.09691761314559244,1.912669938492641,4.517237866612049,-2.125855273215297,1.9477047225578943,3.830498002649321,16.392667770385742,99.59666442871094,-0.003687102849024848
2020-08-28,39.95,24.74166666666667,33.56392508401845,43.50758040848547,34.40030372793949,False,False,False,False,False,False,0,27.16167487790724,1.3584162327244584,5.127136239206628,3.908475955722377,8.099877034092128,-4.270875908821033,13.063447943917208,17.856666564941406,102.63666534423828,0.08930814770738293
2020-09-04,39.95,24.63333333333334,38.471030590892845,43.40984322232444,34.342309816682004,False,False,False,False,False,False,0,29.841035469455953,-0.05799391125748343,2.850655537969825,2.6793605915487113,14.272035972966272,-0.09773718616102656,4.648814697576583,16.527332305908203,100.41999816894531,-0.07444470412205206
2020-09-11,40.06531069827034,14.598809523809527,38.28896430012681,39.518574686775345,29.796699826761767,False,False,False,False,False,False,0,28.962645302424814,-4.545609989920237,-3.1482700553076697,-0.8783901670311387,10.226684246851999,-3.891268535549095,-6.31217690797326,14.657333374023438,96.97333526611328,-0.11314584212821066
2020-09-18,39.95,19.761904761904763,32.72634163223957,21.09716951927119,29.046837332652586,False,False,False,False,False,False,0,22.218921801586003,-0.7498624941091805,-3.9950501625624426,-6.7437235008388114,-1.034277120598862,-18.421405167504155,-26.68128679803531,15.081999778747559,98.06666564941406,0.028972964855717764
2020-09-25,39.95,16.37142857142857,36.93534767899398,30.273841376471477,29.067147635042154,False,False,False,False,False,False,0,26.369209498740986,0.02031030238956788,-5.333156092897333,4.150287697154983,-0.7924653791662557,9.176671857200287,-13.23373903201399,15.45533275604248,98.41666412353516,0.024753546132588733
2020-10-02,36.8,17.35714285714286,30.102567653504927,29.156747273032753,27.876369233812056,False,False,False,False,False,False,0,22.387761664034265,-1.190778401230098,-6.465940582869948,-3.981447834706721,-7.453273805421688,-1.117094103438724,-14.253095949291687,16.32933235168457,100.5999984741211,0.056550034181592546
2020-10-09,36.8,22.385714285714293,24.739248281206322,27.20906509565762,29.59564547863436,False,False,False,False,False,False,0,19.048399573795002,1.7192762448223036,-0.20105434812740697,-3.3393620902392627,-9.914245728629812,-1.9476821773751318,-12.309509591117724,20.342666625976562,108.40333557128906,0.2457745477804527
2020-10-16,36.8,19.046428571428578,25.958014106428067,26.701868614000567,28.183851720671516,False,False,False,False,False,False,0,19.617281481335553,-1.411793757962844,-0.8629856119810704,0.5688819075405505,-2.60164032025045,-0.5071964816570542,5.604699094729376,20.404666900634766,108.55999755859375,0.0030477948539466837
2020-10-23,36.8,24.30357142857143,25.357324684123554,25.14381613114044,30.053000991099637,False,False,False,False,False,False,0,18.975291802496045,1.869149270428121,0.9858533560574827,-0.6419896788395079,-7.393917696244941,-1.558052482860127,-5.130025245331037,19.3700008392334,106.77999877929688,-0.05070732428222979
2020-10-30,36.1,26.496428571428577,39.63618242743453,18.145584729092015,29.565409137935234,False,True,False,False,False,False,1,31.679017280907395,-0.48759185316440323,1.6890399041231774,12.70372547841135,9.29125561687313,-6.998231402048425,-11.011162543940738,16.59666633605957,101.82666778564453,-0.14317678797186817
2020-11-06,36.1,21.25,18.507469059779726,15.791029377268789,27.11365440659032,False,False,False,False,False,False,0,13.337313858332609,-2.451754731344913,-2.481991072044039,-18.34170342257479,-5.711085715462394,-2.354555351823226,-11.418035718388833,23.492666244506836,114.43333435058594,0.41550512427091024
2020-11-13,36.1,24.652380952380955,11.746800222207264,11.964546518565276,27.900634358737175,False,False,False,False,False,False,0,8.85364942592705,0.7869799521468543,-0.28321736193434077,-4.483664432405558,-10.763632055408502,-3.8264828587035122,-14.73732209543529,22.73466682434082,113.63333129882812,-0.03226536367889932
2020-11-20,36.1,14.829761904761908,10.13293033210105,8.74032903384455,23.48795411698145,False,False,False,False,False,False,0,7.321177489424488,-4.4126802417557265,-6.565046874118188,-1.5324719365025627,-11.654114313071556,-3.224217484720727,-16.40348709729589,23.997333526611328,115.79000091552734,0.05553926574013546
2020-11-27,38.8391156462585,13.338095238095239,9.47664022719263,8.450435434496237,24.08040545122886,False,False,False,False,False,False,0,6.9022392118551945,0.5924513342474107,-5.485003686706374,-0.4189382775692936,-24.7767780690522,-0.2898935993483125,-9.695149294595778,26.083999633789062,119.22333526611328,0.08695408199680887
2020-12-04,38.55,20.105952380952385,7.0,4.969471713806567,26.13530170945194,False,False,False,False,False,False,0,4.843894342761314,2.0548962582230814,-0.97835269713838,-2.0583448690938804,-8.493419515571293,-3.4809637206896697,-10.821557663462222,31.154666900634766,126.47000122070312,0.19439761302086467
2020-12-11,40.87754932255764,15.017857142857146,10.792889517341715,5.259785146056281,25.19100782420224,False,False,False,False,False,False,0,6.9880462637492,-0.9442938852496994,-2.7096265345349337,2.144151920987886,-1.8656031621778508,0.2903134322497136,-6.704761372508996,28.163333892822266,122.55000305175781,-0.09601556702092529
2020-12-18,43.41047064416449,20.136904761904763,9.38198433134527,7.023662430325782,28.643023059184795,False,False,False,False,False,False,0,6.564823868305055,3.4520152349825537,5.155068942203346,-0.42322239544414497,-0.756353621119433,1.7638772842695012,-1.7166666035187674,30.139333724975586,124.94667053222656,0.07016214201319837
2020-12-25,43.786985975754696,18.391666666666662,10.711974398232812,7.30299263344087,28.156259250772408,False,False,False,False,False,False,0,7.352184445716221,-0.48676380841238753,4.075853799543548,0.7873605774111656,0.44994523386102614,0.27933020311508816,-1.1474428010553668,29.65399932861328,124.37333679199219,-0.01610302340426728
2021-01-01,42.50310197290231,12.842857142857143,12.575088209918182,5.3150702214762635,25.060799278170336,False,False,False,False,False,False,0,7.979312559750253,-3.0954599726020717,-1.074502431281605,0.6271281140340328,3.1354182169889393,-1.9879224119646066,0.34559850766969635,31.09866714477539,126.3933334350586,0.04871746978048064
2021-01-08,41.30509864511528,21.455952380952382,9.90300874877952,6.670451061848117,28.170243001960046,False,False,False,False,False,False,0,6.78074502419836,3.1094437237897097,2.979235177757804,-1.1985675355518932,-0.2073012395508398,1.3553808403718532,1.410665915791836,35.78666687011719,132.9199981689453,0.15074600154139994
2021-01-15,41.373555978131684,17.525000000000006,8.120138890915733,6.14471531382845,26.549807487233526,False,False,False,False,False,False,0,5.695019452769344,-1.6204355147265197,-2.0932155719512693,-1.0857255714290162,-0.869804415535711,-0.5257357480196667,-0.8789471164973319,37.82400131225586,135.35667419433594,0.05692998595071441
2021-01-22,41.86987164250059,19.210714285714293,7.829529613341356,4.9626128300213574,27.27011987791419,False,False,False,False,False,False,0,5.2987638533420185,0.7203123906806645,-0.8861393728582172,-0.3962555994273256,-2.053420592374202,-1.1821024838070926,-2.3403798034195127,40.790000915527344,139.11666870117188,0.07841580743363696
2021-01-29,43.1648443071072,20.066666666666674,24.57737172678542,8.997394270925675,28.800455745503765,False,False,True,False,False,False,1,21.567033303917118,1.5303358675895744,3.739656467333429,16.268269450575097,13.587720744166864,4.034781440904317,3.682324049449411,33.400665283203125,130.47332763671875,-0.18115556426750057
2021-02-05,43.1648443071072,14.352380952380953,15.852095831538964,8.554716663858436,26.44833981872939,False,False,False,False,False,False,0,10.429596040118119,-2.352115926774374,-1.7219031832306548,-11.137437263798999,3.6488510159197585,-0.4426776070672389,1.884265602010319,36.7226676940918,135.20333862304688,0.09945916893335882
2021-02-12,41.82992631328739,15.886904761904757,12.367627798869044,5.437584503546515,25.993866421273207,False,False,False,False,False,False,0,7.889712190087279,-0.45447339745618365,-0.5559410659603188,-2.53988385003084,2.1946927373179346,-3.117132160311921,-0.7071308102819351,45.77199935913086,145.72000122070312,0.24642359156535298
2021-02-19,41.111124316615175,27.689285714285717,12.312247113453022,7.441204724021493,30.69190093679434,False,False,False,False,False,False,0,8.259976857203462,4.698034515521133,3.42178105888015,0.37026466711618333,2.9612130038614435,2.0036202204749785,2.478591894000136,45.798667907714844,145.89666748046875,0.0005826389267975518
2021-02-26,40.55103399096744,33.8845238095238,22.169564920753857,11.313719437224774,33.498832735328584,False,False,False,False,False,False,0,14.456004593859577,2.8069317985342437,4.698376989824819,6.196027736656115,-7.111028710057541,3.872514713203281,2.3163251662991,38.71066665649414,138.97000122070312,-0.15476435396555976
2021-03-05,38.6,36.59761904761904,19.03074334393702,15.148207962633622,34.28127881344266,False,False,False,False,False,False,0,13.496550431692086,0.7824460781140772,7.83293899471327,-0.959454162167491,3.066954391573967,3.8344885254088474,6.593491298775186,32.75,132.20333862304688,-0.15397995362330386
2021-03-12,38.6,40.29166666666667,19.547874544563943,11.219301059875583,35.16956182564801,False,False,False,False,False,False,0,12.995191211485286,0.8882830122053491,9.175695404374803,-0.5013592202067993,5.105479021398008,-3.9289069027580386,5.7817165563290684,33.41999816894531,134.3866729736328,0.020457959357108813
2021-03-19,38.6,32.458333333333336,17.235843040465124,10.869280016266552,31.983725335773318,False,False,False,False,False,False,0,11.65356967550913,-3.185836489874692,1.291824398978978,-1.3416215359761559,3.3935928183056685,-0.35002104360903097,3.428075292245059,34.75,136.586669921875,0.03979658599414759
2021-03-26,34.55,20.517857142857146,15.85107798946073,12.145101156280322,25.576408030584908,False,False,False,False,False,False,0,11.147113125459466,-6.4073173051884105,-7.922424704743676,-0.5064565500496645,-3.3088914684001107,1.27582114001377,0.8313817190555479,37.689998626708984,140.44332885742188,0.08460427702759676
2021-04-02,7.549999999999997,16.272619047619052,9.923409332119078,10.852537023205231,11.534428172528404,False,False,False,False,False,False,0,7.628382537306539,-14.041979858056504,-22.746850640914257,-3.518730588152927,-5.868167894385547,-1.292564133075091,-4.2956709394283905,42.40999984741211,146.52667236328125,0.12523219402184593
2021-04-09,7.549999999999997,10.848809523809525,16.547200957769178,12.207590531753924,9.568162389286897,False,False,False,False,False,False,0,11.542478633123833,-1.9662657832415071,-25.601399436361113,3.9140960958172943,-1.452712578361453,1.3550535085486928,0.9882894718783408,44.47999954223633,148.93333435058594,0.04880923608280874
2021-04-16,10.555184519288854,5.1476190476190435,16.099636253936026,11.346743617605295,8.510892195368395,False,False,False,False,False,False,0,11.124148663185874,-1.0572701939185016,-23.472833140404923,-0.41832996993795923,-0.5294210123232563,-0.8608469141486292,0.47746360133874255,42.75,147.22666931152344,-0.03889387500091124
2021-04-23,10.555184519288854,7.384523809523811,14.442590065804016,12.181880204526717,9.530924588168517,False,False,False,False,False,False,0,10.379800577097553,1.0200323928001218,-16.04548344241639,-0.7443480860883209,-0.7673125483619128,0.835136586921422,0.03677904824639455,40.150001525878906,144.4499969482422,-0.06081867775721861
2021-04-30,9.59298939733759,8.84523809523809,22.163387579954723,10.603335884602481,9.445440849587524,False,False,False,False,False,False,0,14.310530345895595,-0.08548373858099367,-2.0889873229408806,3.9307297687980416,6.682147808589056,-1.5785443199242355,-0.24920113860274995,36.900001525878906,140.67666625976562,-0.08094644773313875
2021-05-07,9.59298939733759,8.627380952380955,20.754746365704904,20.916973468493158,10.905343630028272,False,False,False,False,False,False,0,15.598505194836331,1.459902780440748,1.3371812407413746,1.2879748489407365,4.056026561712498,10.313637583890676,8.709382936739233,36.93000030517578,140.75999450683594,0.0008129750150778214
2021-05-14,16.18665189717131,13.15119047619048,30.939795408913554,24.955215649518138,16.287751891631,False,False,False,False,False,False,0,22.007930604806084,5.382408261602729,7.776859696262605,6.409425409969753,10.88378194162021,4.03824218102498,13.608472031912843,31.93000030517578,134.88999938964844,-0.13539127968269327
2021-05-21,16.18665189717131,13.167857142857143,30.43592016168821,26.028717335767574,16.45544381123508,False,False,False,False,False,False,0,21.94549955608203,0.16769191960408136,6.924519223066564,-0.06243104872405425,11.565698978984477,1.0735016862494362,13.846837131240857,34.13999938964844,138.01333618164062,0.0692138760836285
2021-05-28,20.71255695171628,8.853571428571433,20.81162564739655,22.88943779567411,16.295494869052018,False,False,False,False,False,False,0,16.024281665202924,-0.159948942183064,6.850054019464494,-5.921217890879106,1.7137513193073293,-3.139279540093465,12.286101911071627,38.779998779296875,144.22666931152344,0.1359109394435234
2021-06-04,24.02438037227183,11.209523809523818,20.52159544729379,30.810586530642656,19.91636867092825,False,False,False,False,False,False,0,17.448994802140117,3.6208738018762325,9.011025040899979,1.4247131369371928,1.8504896073037855,7.921148734968547,9.893613062149498,39.7400016784668,145.6666717529297,0.02475510390377922
2021-06-11,24.02438037227183,5.5571428571428605,24.20808820306828,29.252298697391268,17.42167311498816,False,False,False,False,False,False,0,19.16490825116581,-2.4946955559400905,1.1339212233571594,1.7159134490256918,-2.8430223536402757,-1.5582878332513879,4.29708304787313,39.4900016784668,145.1999969482422,-0.006290890524432546
2021-06-18,27.557690255753567,4.450000000000003,33.87020322826143,30.7207882741076,18.789078856205244,False,False,False,False,False,False,0,24.772769430365308,1.367405741217084,2.333635044970162,5.6078611791994994,2.827269874283278,1.4684895767163333,4.692070938340027,37.31999969482422,142.7433319091797,-0.05495066830614603
2021-06-25,27.557690255753567,9.916666666666671,26.04233685770258,25.989886332926492,20.266110231694746,False,False,False,False,False,False,0,19.521262538321718,1.4770313754895028,3.9706153626427287,-5.25150689204359,3.496980873118794,-4.730901941181109,3.100448537252383,40.65999984741211,146.60333251953125,0.08949625348070689
2021-07-02,28.278825548798793,5.508333333333327,23.449485332342306,27.733597953279652,19.088844523284735,False,False,False,False,False,False,0,18.4439365234442,-1.1772657084100118,-0.8275241476435156,-1.0773260148775172,0.9949417213040839,1.7437116203531602,-3.0769885773630037,43.31999969482422,150.14666748046875,0.06542055724039586
2021-07-09,28.278825548798793,6.430952380952384,25.443543397776978,37.53227846908062,20.927694219702502,False,False,False,False,False,False,0,21.500404562593467,1.8388496964177676,3.5060211047143426,3.056468039149266,2.335496311427658,9.79868051580097,8.279979771689355,41.77000045776367,148.10000610351562,-0.035780222714215215
2021-07-16,28.646668646194478,6.997619047619053,36.44470326754918,55.09669818197602,23.95455323713154,False,False,False,False,False,False,0,31.063926433547255,3.0268590174290395,5.165474380926298,9.563521870953789,6.291157003181947,17.5644197128954,24.375909907868422,36.7599983215332,142.25,-0.11994259232284188
2021-07-23,28.646668646194478,3.957142857142857,27.507187952668108,51.357926197429364,22.17754696325906,False,False,False,False,False,False,0,25.400538613453335,-1.7770062738724803,1.911436731564315,-5.66338782009392,5.879276075131617,-3.738771984546659,25.368039864502872,41.54999923706055,148.3433380126953,0.13030470985417497
2021-07-30,33.136359980837426,4.66666666666667,29.473390805247305,37.414569210705025,22.390214039649265,False,False,False,False,False,False,0,23.693278785027026,0.2126670763902041,3.301369516364531,-1.7072598284263094,5.249342261582825,-13.94335698672434,9.680971257425373,44.38999938964844,152.30332946777344,0.06835138880230707
2021-08-06,33.418353518485524,9.232142857142856,22.315383183792353,34.708523156920236,23.937394699713664,False,False,False,False,False,False,0,19.21516538246984,1.5471806600643987,3.009700480011162,-4.4781134025571845,-2.285239180123625,-2.706046053784789,-2.8237553121603867,46.630001068115234,155.2566680908203,0.050461854229922665
2021-08-13,34.40533090025386,11.029761904761905,26.872160819762197,64.75055951698036,29.606887594566054,False,False,False,False,False,False,0,27.72980035426528,5.6694928948523895,5.652334357434512,8.514634971795438,-3.334126079281976,30.042036360060123,9.653861335004336,43.47999954223633,151.72000122070312,-0.06755310859370367
2021-08-20,33.70034705613362,11.12976190476191,36.99036967240323,67.4648036802754,29.7367814892062,False,False,False,False,False,False,0,33.83766405587686,0.12989389464014778,7.55923452594714,6.107863701611578,8.437125442423522,2.714244163295035,16.10687748284603,40.43000030517578,148.57666015625,-0.07014717730384945
2021-08-27,36.35134048900902,15.853571428571428,26.376426799493135,55.48477841882894,31.02224855430697,False,False,False,False,False,False,0,25.603990423487012,1.285467065100768,8.632034514657704,-8.233673632389845,1.9107116384599863,-11.980025261446457,18.070209208123913,47.29999923706055,157.0066680908203,0.1699232965626587
2021-09-03,38.493162087728884,13.469047619047622,26.7824686594275,50.19900149445228,30.23939221126489,False,False,False,False,False,False,0,24.770158061575586,-0.7828563430420807,6.301997511551225,-0.8338323619114263,5.5549926791057445,-5.2857769243766555,15.490478337532046,47.2400016784668,156.9600067138672,-0.0012684473480232272
2021-09-10,38.493162087728884,13.530952380952385,31.575071851825925,48.11955989507192,29.95223787611974,False,False,False,False,False,False,0,26.990201497518647,-0.28715433514515,0.3453502815536851,2.2200434359430616,-0.7395988567466318,-2.0794415993803597,-16.630999621908437,46.59000015258789,156.15333557128906,-0.013759557637255448
2021-09-17,38.493162087728884,15.85119047619048,33.07981320689371,49.19965955724762,31.042348063541333,False,False,False,False,False,False,0,28.033829175241067,1.090110187421594,1.3055665743351312,1.0436276777224194,-5.80383488063579,1.080099662175698,-18.265144123027774,46.75,156.3333282470703,0.003434210064135801
2021-09-24,38.826632651747005,23.171428571428578,26.77158466063818,53.86745973657319,34.82067508234356,False,False,False,False,False,False,0,25.49786351066564,3.77832701880223,3.798426528036593,-2.5359656645754285,-0.10612691282137376,4.6678001793255675,-1.6173186822557497,47.95000076293945,157.60000610351562,0.025668465517421524
2021-10-01,38.65954602379226,19.715476190476192,37.66084976868271,67.3390892923693,35.38384958075239,False,False,False,False,False,False,0,34.18128523124935,0.5631744984088272,5.144457369487501,8.68342172058371,9.411127169673762,13.471629555796106,17.140087797917012,40.06999969482422,148.72000122070312,-0.16433787158989344
2021-10-08,37.80734347130152,25.580952380952386,35.24442989968474,69.49029650730832,37.66922999056289,False,False,False,False,False,False,0,33.28249574628828,2.2853804098105,7.716992114443151,-0.8987894849610711,6.292294248769629,2.1512072149390207,21.370736612236392,39.33000183105469,147.85333251953125,-0.018467628385460566
2021-10-15,37.510925192174305,17.814285714285713,27.251967696887935,66.31275011585333,33.95254313957072,False,False,False,False,False,False,0,28.251132256459034,-3.7166868509921684,2.910195076029389,-5.031363489829243,0.21730308121796682,-3.1775463914549817,17.113090558605712,41.84000015258789,151.39666748046875,0.06381892206146111
2021-10-22,37.510925192174305,16.47857142857143,27.48333333065618,62.47373104454593,32.8424045645889,False,False,False,False,False,False,0,27.610579540770086,-1.1101385749818249,-1.978270517754666,-0.6405527156889477,2.1127160301044476,-3.839019071307405,8.60627130797274,44.04999923706055,153.97332763671875,0.052820245612163585
2021-10-29,38.24093065174078,11.011904761904763,27.61889241887978,58.80718294578239,30.434258139912615,False,False,False,False,False,False,0,26.951827419540358,-2.408146424676282,-4.949591440839775,-0.6587521212297283,-7.22945781170899,-3.666548098763542,-8.531906346586908,47.650001525878906,158.2100067138672,0.08172536552031473
2021-11-05,38.24093065174078,5.180952380952379,15.596800348013906,47.917367206007114,26.46840482656537,False,False,False,False,False,False,0,18.16171363260907,-3.965853313347246,-11.200825163997521,-8.790113786931286,-15.120782113679205,-10.889815739775273,-21.5729293013012,60.90999984741211,172.09666442871094,0.2782790744367898
2021-11-12,38.24093065174078,9.905952380952385,12.094250078312538,35.820375820820054,26.543856118787318,False,False,False,False,False,False,0,13.815912707235906,0.07545129222194902,-7.408687020783404,-4.345800925373165,-14.435219549223127,-12.09699138518706,-30.49237429503328,63.349998474121094,174.5500030517578,0.04005908114958978
2021-11-19,38.24093065174078,6.810714285714286,15.532727082286623,35.791107187108445,25.301370585635333,False,False,False,False,False,False,0,15.701221332679333,-1.242485533151985,-7.541033978953564,1.885308625443427,-11.909358208090753,-0.029268633711609482,-26.682623857437484,68.61000061035156,179.23666381835938,0.08303081709432414
2021-11-26,40.39093065174079,9.089285714285717,31.63584582938216,44.049698158817556,28.419087802820275,False,False,True,False,False,False,1,32.4596548379237,3.1177172171849428,-2.0151703370923393,16.75843350524437,5.507827418383343,8.258590971709111,-14.757484786964831,61.369998931884766,172.913330078125,-0.10552399962192183
2021-12-03,42.842006691499094,7.723809523809525,37.852359611168296,42.210048650564936,28.699934118283142,False,False,False,False,False,False,0,29.260807516255554,0.28084631546286687,2.2315292917177736,-3.198847321668147,11.099093883646482,-1.83964950825262,-5.707318555442178,62.93000030517578,174.81333923339844,0.025419608936648075
2021-12-10,42.842006691499094,16.025,24.769118103062674,35.12718878357113,30.95798132871026,False,False,False,False,False,False,0,20.648452713398697,2.2580472104271188,4.414125209922943,-8.612354802856856,6.832540006162791,-7.082859866993807,-0.6931870372489257,67.5999984741211,179.69667053222656,0.07420940960270772
2021-12-17,42.842006691499094,13.347619047619053,32.488344055373325,37.381582083710576,30.225187942778803,False,False,False,False,False,False,0,25.344905647197447,-0.7327933859314584,4.92381735714347,4.696452933798749,9.643684314518113,2.254393300139448,1.5904748966021316,58.959999084472656,171.89999389648438,-0.12781064474366866
2021-12-24,42.842006691499094,17.56904761904762,21.194076481560867,31.08130877313984,30.968718374764613,False,False,False,False,False,False,0,17.873003819486446,0.7435304319858105,2.5496305719443377,-7.471901827711001,-14.586651018437255,-6.300273310570738,-12.968389385677717,67.41000366210938,180.27000427246094,0.1433175832572573
2021-12-31,43.58416741631554,20.395238095238096,19.696657508541126,31.864398651941347,32.55063037322844,False,False,False,False,False,False,0,17.20604136008589,1.5819119984638235,3.8506962549452943,-0.6669624594005548,-12.054766156169663,0.7830898788015084,-10.345649998623589,68.01000213623047,180.77333068847656,0.008900733444973108
2022-01-07,44.95163232135269,29.94404761904762,30.07796281181479,32.309179296134545,37.05223048664794,False,False,False,False,False,False,0,23.004715405725044,4.5016001134195065,6.094249157937682,5.798674045639153,2.3562626923263466,0.44478064419319807,-2.8180094874365835,59.7400016784668,173.74667358398438,-0.12159976765179448
2022-01-14,46.31909722638986,35.279761904761905,27.744340385216415,13.962517367138485,37.049876118850975,False,False,False,False,False,False,0,18.051890685296726,-0.002354367796968404,6.824688176072172,-4.952824720428318,-7.29301496190072,-18.34666192899606,-23.41906471657209,64.4800033569336,178.3866729736328,0.07934384910095038
2022-01-21,48.16220209839646,33.182142857142864,48.59010445942753,45.46641273163054,41.76580999688014,True,True,True,False,False,True,4,60.817839999011255,4.715933878029162,10.797091622115524,42.76594931371453,42.94483617952481,31.503895364492056,14.385103958490703,43.709999084472656,157.54666137695312,-0.3221154341057819
2022-01-28,52.34549958711808,33.60595238095238,56.61026837208927,55.62929403936036,45.34224987248814,False,False,False,False,True,True,2,54.76150641252117,3.5764398756080027,12.791619499259703,-6.056333586490084,37.55546505243528,10.162881307729819,23.764895387419013,38.40999984741211,151.67666625976562,-0.1212537027698839
2022-02-04,52.46440957886045,26.167857142857144,46.88618494628634,55.26670665747717,42.366133166251636,False,False,False,False,False,False,0,36.84074305195293,-2.9761167062365033,5.313902679603693,-17.920763360568245,13.836027646227883,-0.36258738188318773,22.957527361342628,43.459999084472656,158.94000244140625,0.13147615873788632
2022-02-11,50.08620974401322,22.55476190476191,51.74328007165014,37.70931633238814,37.217096596568936,False,False,False,False,True,False,1,42.25066730588521,-5.1490365696827,0.16722047771796156,5.409924253932282,24.198776620588482,-17.55739032508903,23.746798965249656,39.540000915527344,154.67333984375,-0.09019784287905896
2022-02-18,49.372749793559045,22.40952380952382,50.98780971373539,33.97788873550627,36.27823024123704,False,False,False,False,True,False,1,41.08887308965572,-0.9388663553318963,-5.487579755643097,-1.161794216229488,-19.728966909355535,-3.731427596881872,-11.488523996124272,39.630001068115234,155.52333068847656,0.002276179830652092
2022-02-25,48.42146985962015,23.53452380952382,48.547852140210885,41.983013572344255,37.50092299649023,False,False,False,False,False,False,0,35.09792139158484,1.2226927552531919,-7.841326875997908,-5.99095169807088,-19.66358502093633,8.005124836837986,-13.646280467016105,41.779998779296875,159.02000427246094,0.054251770205261174
2022-03-04,49.25400495458299,11.695238095238102,59.98880808808599,52.52563625157928,34.721242905394476,False,False,False,False,True,False,1,49.74897169876316,-2.7796800910957558,-7.64489026085716,14.651050307178316,12.90822864681023,10.542622679235023,-2.7410704058978936,34.77000045776367,149.7866668701172,-0.1677835932586682
2022-03-11,49.96746490503716,17.095238095238095,63.90268755672477,60.021948082148555,38.32674665768424,False,False,False,False,True,False,1,53.40086777262834,3.6055037522897635,1.1096500611153033,3.6518960738651813,11.15020046674313,7.496311830569276,22.312631749760413,30.690000534057617,144.8000030517578,-0.11734253293042585
2022-03-18,48.95672997522709,21.009523809523813,41.384324205893016,51.349956118771914,38.13683143047751,False,False,False,False,True,False,1,39.28136953699554,-0.1899152272067326,1.858601189240467,-14.119498235632797,-1.8075035526601795,-8.671991963376641,17.372067383265644,39.16999816894531,158.07666015625,0.27631142024507915
2022-03-25,48.6,32.490476190476194,40.27486359346697,51.1698228217875,42.541663899458605,False,False,False,False,False,False,0,32.385139540764335,4.404832468981098,5.040740902968373,-6.896229996231206,-2.7127818508205053,-0.18013329698441538,9.186809249443243,42.0099983215332,161.77333068847656,0.07250447498972545
2022-04-01,50.66132485781198,48.83333333333334,46.45528858870249,50.64914198062148,49.92830081644195,False,False,False,False,True,False,1,41.930237119910664,7.386636916983342,15.207057911047471,9.54509757914633,-7.818734578852492,-0.5206808411660191,-1.8764942709577994,36.290000915527344,154.70333862304688,-0.1361580012983229
2022-04-08,50.3,59.004761904761914,55.728541044776236,59.308664111548595,55.13320437863706,False,False,False,False,True,False,1,48.76243039693665,5.204903562195113,16.80645772095282,6.832193277025986,-4.638437375691687,8.659522130927115,-0.7132839705999601,28.290000915527344,142.93333435058594,-0.22044639840659397
2022-04-15,50.3,57.42619047619048,56.88832798669264,64.36010232675085,55.25949153948881,False,False,False,False,True,True,2,56.660600858031124,0.12628716085175284,17.122660109011306,7.898170461094473,17.379231321035583,5.0514382152022534,13.010146207978934,25.610000610351562,138.6300048828125,-0.09473312896588937
2022-04-22,50.48172640080767,41.90357142857143,60.178838205786434,63.963781903619925,49.072772737335015,False,False,False,False,True,False,1,52.141117393906526,-6.186718802153798,6.53110883787641,-4.519483464124598,19.75597785314219,-0.3963204231309234,12.793959081832426,24.450000762939453,136.85000610351562,-0.04529479967849892
2022-04-29,47.4,47.37380952380952,70.79009154983251,66.61839829082068,50.27228355314691,False,False,False,False,True,False,1,58.50823001057202,1.1995108158118981,0.34398273670496593,6.367112616665494,16.577992890661356,2.654616387200754,15.9692563101992,22.239999771118164,133.5933380126953,-0.09038858580205611
2022-05-06,47.64287400910777,44.39166666666667,70.25675060792612,73.07971807578845,50.157917682133444,False,False,False,False,True,False,1,59.50715644951706,-0.11436587101346873,-4.975286696503616,0.9989264389450412,10.744726052580411,6.46131978496777,13.771053964239854,23.350000381469727,136.36666870117188,0.04991009989995843
2022-05-13,47.4,30.08095238095239,67.14121600402434,74.53689180121444,44.54291472256312,False,False,False,False,True,False,1,58.08504716245628,-5.615002959570326,-10.716576816925695,-1.4221092870607848,1.4244463044251532,1.4571737254259887,10.17678947446359,22.489999771118164,135.8333282470703,-0.036830860655319264
2022-05-20,48.31727535247154,24.047619047619047,67.9039209141951,79.96198855887246,43.356119811490686,False,False,False,False,True,False,1,59.5895542145818,-1.1867949110724325,-5.716652925844329,1.5045070521255255,7.448436820675276,5.425096757658025,15.998206655252538,20.360000610351562,132.31666564941406,-0.09470872309665224
2022-05-27,51.83957873280109,15.666666666666673,56.32142367628604,74.8651390572831,40.82424795501962,False,False,False,False,True,False,1,52.19981083341395,-2.5318718564710636,-9.44803559812729,-7.389743381167854,-6.308419177158072,-5.096849501589361,8.246740766462423,25.260000228881836,142.77999877929688,0.24066795047338974
2022-06-03,50.8,10.019047619047617,53.64526586798912,79.22847980131444,38.75189101781621,False,False,False,False,True,False,1,51.6005921876569,-2.072356937203409,-11.406026664317231,-0.5992186457570483,-7.9065642618601615,4.363340744031333,6.148761725525986,23.93000030517578,140.336669921875,-0.05265241138776222
2022-06-10,51.351677166695055,26.604761904761904,67.47310424217225,85.24570599180858,46.537015385688825,False,True,False,False,True,False,2,66.65934853155646,7.785124367872612,1.9941006631257068,15.05875634389956,8.574301369100183,6.017226190494142,10.70881419059414,18.809999465942383,129.76666259765625,-0.2139574080208433
2022-06-17,50.8,46.25416666666666,76.5593022595246,86.39097880915575,54.32031348804003,True,True,False,False,True,False,3,78.13581200456969,7.783298102351203,10.964193676549343,11.476463473013226,18.546257789987884,1.145272817347177,6.428990250283292,13.699999809265137,118.01333618164062,-0.27166399796711715
2022-06-24,50.98499486125385,48.0720238095238,70.12947251333865,91.45397440464734,55.890153372070856,False,False,False,False,True,True,2,69.36200476326573,1.5698398840308272,15.065905417051233,-8.773807241303956,17.16219392985178,5.062995595491586,16.58883534736424,15.8100004196167,124.30000305175781,0.15401464523558572
2022-07-01,55.98663926002056,29.19761904761905,72.21869036875722,96.12455471958656,51.29171849399486,True,False,False,False,True,True,3,77.69519064673379,-4.598434878075999,12.539827476178644,8.333185883468062,26.09459845907689,4.670580314939215,16.89607491827212,11.600000381469727,112.413330078125,-0.2662871553705525
2022-07-08,56.04830421377184,31.933333333333326,67.16831279524773,92.78041939487882,51.912133138762485,False,False,False,False,True,False,1,61.748655916362026,0.620414644767628,5.37511775307366,-15.946534730371766,-4.910692615194435,-3.344135324707736,7.534713403070242,13.90999984741211,119.51667022705078,0.1991378784463198
2022-07-15,56.10996916752313,17.7077380952381,65.30675299214572,93.57198862934885,46.368379657882976,False,False,False,False,True,False,1,60.883111871549914,-5.543753480879509,-7.951933830157053,-0.8655440448121112,-17.252700133019772,0.7915692344700318,7.181009820193097,15.109999656677246,123.11666870117188,0.0862688585498721
2022-07-22,56.2332990750257,17.271428571428572,58.02687616351575,80.64062771534041,44.309650169634054,False,False,False,False,True,False,1,54.29290743300175,-2.0587294882489218,-11.580503202436802,-6.590204438548163,-15.069097330263979,-12.931360914008437,-10.813346689306925,17.649999618530273,130.2566680908203,0.1681005969269218
2022-07-29,56.03828365878726,18.527380952380955,52.01400644696174,73.55719548510525,43.66175935017244,False,False,False,False,True,False,1,49.56914264285001,-0.6478908194616153,-7.629959143822418,-4.7237647901517406,-28.12604800388378,-7.083432230235161,-22.5673592344813,19.829999923706055,135.77667236328125,0.12351276783525011
2022-08-05,56.90159301130524,19.052380952380954,50.27304299664624,73.60234886567693,44.26702156589128,False,False,False,False,True,False,1,48.62064342129082,0.6052622157188381,-7.645111572871208,-0.9484992215591888,-13.128012495071204,0.045153380571676394,-19.17807052920189,21.559999465942383,139.73333740234375,0.08724153045347083
2022-08-12,57.456577595066804,24.615476190476187,47.19965497388873,77.92780247889517,47.39082076580482,False,False,False,False,True,False,1,47.79537073141783,3.1237991999135417,1.0224411079218427,-0.825272689872989,-13.087741140132081,4.325453613218244,-15.644186150453677,21.600000381469727,140.5833282470703,0.00185533007969374
2022-08-19,57.70323741007194,31.503571428571437,52.75379263089904,86.34864059853378,51.520181495741014,False,False,False,False,True,False,1,52.53431406670123,4.129360729936195,7.21053132610696,4.738943335283395,-1.7585933663005235,8.420838119638603,5.708012883193362,19.170000076293945,135.63333129882812,-0.1125000121416867
2022-08-26,53.98324768756424,48.43333333333334,64.75827816772355,90.14851584296781,57.18807216918242,False,False,False,False,True,True,2,66.14675616084152,5.667890673441406,13.52631281900998,13.612442094140292,16.57761351799151,3.799875244434034,16.591320357862557,15.979999542236328,128.59666442871094,-0.16640586965893878
2022-09-02,52.87327852004111,49.79821428571429,72.278803111881,87.58255777565404,56.84964471465232,False,False,False,False,True,True,2,69.76985326666536,-0.33842745453009826,12.582623148761044,3.6230971058238453,21.149209845374543,-2.5659580673137725,13.980208909977108,12.859999656677246,119.61666870117188,-0.19524405350029517
2022-09-09,51.76330935251798,60.551785714285735,56.25101552946937,81.20009566412728,59.69421784396648,False,False,False,False,True,False,1,53.42807767403362,2.8445731293141563,12.303397078161659,-16.34177559263175,5.632706942615783,-6.382462111526763,3.272293185232101,14.649999618530273,125.19667053222656,0.1391912915739164
2022-09-16,50.9,66.04107142857143,66.90959305834858,91.55335635028133,63.05443202397077,False,True,False,False,True,False,2,67.610947452148,3.3602141800042915,11.534250528229755,14.18286977811438,15.076633385446769,10.353260686154059,5.204715751747557,12.0600004196167,118.0566635131836,-0.1767917587955139
2022-09-23,50.9,73.3797619047619,70.72599515666022,90.25628031442447,65.79534680906843,False,False,False,False,True,False,1,63.20055339904802,2.740914785097665,8.607274639886015,-4.410394053099978,-2.9462027617935007,-1.2970760358568612,0.10776447145666168,10.029999732971191,111.25333404541016,-0.16832509253843186
2022-09-30,50.7,75.87738095238096,76.0236938473451,86.08142375945204,66.0781659448702,False,False,False,False,True,False,1,65.27931636793022,0.2828191358017591,9.228521230217872,2.0787629688822022,-4.490536898735144,-4.174856554972436,-1.501134016202002,8.859999656677246,106.24333190917969,-0.11665006056259941
2022-10-07,50.7,72.77261904761905,76.47960704269371,80.699378738744,64.02895442985923,False,False,False,False,True,False,1,64.45365962123034,-2.049211515010967,4.334736585892749,-0.8256567466998774,11.025581947196727,-5.382045020708034,-0.5007169253832728,9.210000038146973,108.61666870117188,0.039503430590536404
2022-10-14,51.48119349005425,69.16130952380954,82.1366651915955,83.57346942085339,63.367081293176234,True,False,False,False,True,False,2,74.3898597395482,-0.661873136682992,0.31264926920546543,9.936200118317856,6.778912287400203,2.874090682109383,-7.979886929427948,6.929999828338623,99.55999755859375,-0.24755702501246457
2022-10-21,51.28589511754069,65.74107142857143,73.83672057685013,79.70346342275987,61.33060088773587,False,False,False,False,True,False,1,62.80088900181955,-2.036480405440365,-4.464745921332565,-11.588970737728651,-0.39966439722847014,-3.870005998093518,-10.552816891664605,8.579999923706055,107.1500015258789,0.2380952577545732
2022-10-28,51.417088607594934,41.27916666666667,63.79072195284908,78.94761361298514,51.49149858203215,False,False,False,False,True,False,1,57.12441979666403,-9.839102305703719,-14.586667362838043,-5.67646920515552,-8.154896571266192,-0.7558498097747304,-7.1338101464668995,9.5,111.25,0.10722611707163732
2022-11-04,52.85198915009043,47.0017857142857,58.67973269142233,76.5168955537801,54.06164373632199,False,False,False,False,True,False,1,53.827232091038304,2.5701451542898397,-9.967310693537236,-3.297187705625724,-10.62642753019204,-2.4307180592050344,-4.1824831849639,8.989999771118164,109.66666412353516,-0.053684234619140625
2022-11-11,52.65669077757687,28.1875,37.24287425651831,64.37024318876959,44.626047328225035,False,False,False,False,True,False,1,39.607629478838994,-9.435596408096956,-18.7410339649512,-14.21960261219931,-34.782230260709206,-12.14665236501051,-19.203226232083793,13.220000267028809,126.0566635131836,0.47052287025637174
2022-11-18,53.37278481012659,24.39107142857143,39.70764264796159,68.77443422092468,44.09034686912424,False,False,False,False,True,False,1,41.84409030056381,-0.535700459100795,-17.24025401861163,2.236460821724819,-20.956798701255735,4.404191032155083,-10.929029201835192,12.489999771118164,124.23332977294922,-0.05521940099587541
2022-11-25,54.54457504520798,23.320238095238096,34.79724153729478,75.22099842648463,45.156303772411526,False,False,False,False,True,False,1,40.43268253080905,1.0659569032872867,-6.335194809620624,-1.41140776975476,-16.691737265854975,6.446564205559952,-3.72661518650051,12.859999656677246,125.63666534423828,0.029623690339424025
2022-12-02,56.60027124773961,21.99404761904762,34.52549015477494,74.27658814013583,45.40922933012225,False,False,False,False,True,False,1,40.09433721315338,0.252925557710725,-8.652414406199739,-0.3383453176556728,-13.732894877884924,-0.9444102863487984,-2.240307413644274,13.029999732971191,126.96333312988281,0.01321929088899143
2022-12-09,56.925768535262215,22.97321428571429,39.557735953516136,62.6447724090189,44.20259741650655,False,False,False,False,True,False,1,40.53570925623765,-1.206631913615702,-0.42344991171848534,0.4413720430842716,0.9280797773986578,-11.63181573111693,-1.7254707797506939,12.319999694824219,124.83000183105469,-0.0544896433382408
2022-12-16,56.8606690777577,23.113690476190477,40.98035465121282,54.929367272297384,43.072182366311765,False,False,False,False,True,False,1,39.77506851262653,-1.1304150501947845,-1.0181645028124748,-0.7606407436111198,-2.069021787937281,-7.715405136721515,-13.845066948627291,11.109999656677246,120.63999938964844,-0.0982142912434737
2022-12-23,56.40497287522605,40.538690476190474,45.01930546716278,66.22161792518723,51.530956673106,False,False,False,False,True,False,1,44.25494159197698,8.458774306794233,6.374652900694471,4.4798730793504475,3.8222590611679266,11.292250652889848,-8.999380501297395,9.770000457763672,116.2933349609375,-0.12061199282830026
2022-12-30,54.594575045207975,62.83571428571429,46.225940615184776,51.064876819581436,57.36157600756652,False,False,False,False,True,False,1,41.88724270226792,5.830619334460522,11.952346677444268,-2.367698889709061,1.7929054891145384,-15.156741105605796,-23.211711320554393,9.670000076293945,115.99333190917969,-0.010235453099724512
2023-01-06,53.72408367602362,32.33452380952381,34.11565434672223,51.10441170995424,44.77530893451329,False,False,False,False,True,False,1,35.234492232688076,-12.586267073053229,0.5727115180067415,-6.652750469579843,-5.301217023549576,0.03953489037280633,-11.540360699064657,10.869999885559082,121.22333526611328,0.12409511890356062
2023-01-13,53.788449848024335,31.017261904761916,26.669420575822382,50.80355026215005,44.232239732838224,False,False,False,False,False,False,0,24.82889136913232,-0.5430692016750669,1.160057366526459,-10.405600863555755,-14.94617714349421,-0.3008614478041949,-4.125817010147337,12.949999809265137,128.73666381835938,0.19135234090198638
2023-01-20,52.68337758895382,20.38630952380953,28.021032040486155,54.38645748016332,40.02001234657753,False,False,False,False,False,False,0,26.288859118300053,-4.212227386260693,-11.510944326528467,1.4599677491677312,-17.966082473676927,3.5829072180132755,-11.83516044502391,12.789999961853027,128.50999450683594,-0.012355200754337936
2023-01-27,48.46828357169002,21.418452380952385,23.912723436489635,48.4225991082599,37.64149842588045,False,False,False,False,False,False,0,22.83651771172128,-2.378513920697081,-19.72007758168607,-3.452341406578771,-19.050724990546637,-5.96385837190342,-2.642277711321533,14.979999542236328,135.6999969482422,0.17122748920368336
2023-02-03,48.25100902814657,25.756547619047616,22.58621792345376,48.352040832447344,39.2683792351521,False,False,False,False,False,False,0,22.092828024389036,1.626880809271654,-5.506929699361187,-0.743689687332246,-13.14166420829904,-0.07055827581255869,-2.7523708775068982,16.93000030517578,142.02999877929688,0.13017361966142915
2023-02-10,47.86435557107929,41.3327380952381,25.474036457814343,50.366515114816245,45.62703251230335,False,False,False,False,False,False,0,24.08402307476114,6.358653277151248,1.3947927794651278,1.9911950503721059,-0.7448682943711802,2.0144742823689015,-0.4370351473338019,15.800000190734863,139.17666625976562,-0.0667454278837466
2023-02-17,48.870293398533,47.29047619047619,26.726500470064245,42.90374163904516,47.3433837513871,False,False,False,False,False,False,0,23.280323586344366,1.7163512390837496,7.323371404809571,-0.8036994884167754,-3.008535531955687,-7.462773475771087,-11.482715841118164,15.5,138.63999938964844,-0.018987353614766667
2023-02-24,49.68761788333915,56.879166666666684,32.006426928804636,36.70052172300278,50.616172972619715,False,False,False,False,False,False,0,24.94363915544311,3.272789221232614,12.974674546739266,1.6633155690987422,2.1071214437218266,-6.203219916042379,-11.722077385257123,14.3100004196167,135.42666625976562,-0.07677416647634194
2023-03-03,49.12771568285015,47.89464285714287,28.425873445832902,28.718470360345144,45.57309975419149,False,False,False,False,False,False,0,21.377924467277126,-5.043073218428226,6.304720519039385,-3.5657146881659827,-0.71490355711191,-7.982051362657636,-19.6335704721022,15.680000305175781,139.8633270263672,0.09573723587604044
2023-03-10,50.07078239608802,26.226190476190478,39.874221378215076,33.30598042968833,38.018225333169056,False,False,False,False,False,False,0,28.59201784395596,-7.554874421022433,-7.6088071791342955,7.214093376678836,4.50799476919482,4.587510069343189,-17.060534685127912,14.050000190734863,134.96665954589844,-0.1039540869079495
2023-03-17,50.196524624519725,22.67440476190476,43.499923585578976,20.67789381749853,34.75988205842056,False,False,False,False,False,False,0,28.060536735568142,-3.2583432747484977,-12.583501692966543,-0.531481108387819,4.780213149223776,-12.628086612189804,-22.22584782154663,16.1299991607666,141.81333923339844,0.14804262930924184
2023-03-24,51.01384910932588,22.398809523809526,38.73273412762082,12.550409625032911,33.798317352475394,False,False,False,False,False,False,0,23.813085695198037,-0.9615647059451646,-16.81785562014432,-4.247451040370105,-1.1305534602450713,-8.127484192465618,-24.150112097969867,16.56999969482422,143.14999389648438,0.027278397827064982
2023-03-31,54.40217124366942,20.436904761904763,33.40196193333598,10.336429862594237,34.20620344380228,False,False,False,False,False,False,0,20.43836503585364,0.4078860913268869,-11.366896310389208,-3.3747206593443977,-0.9395594314234863,-2.213979762438674,-18.382040497750907,18.299999237060547,148.22332763671875,0.10440552649959955
2023-04-07,53.58484675886328,22.163095238095238,43.24071740288006,20.199171085685343,36.008294799579375,False,False,False,False,False,False,0,27.822228788721105,1.802091355777094,-2.0099305335896815,7.383863752867466,-0.7697890552348561,9.862741223091106,-13.10680934400299,15.65999984741211,140.97332763671875,-0.1442622677438149
2023-04-14,53.088841663436384,32.6702380952381,37.01256515970106,11.055860115599428,38.61645300398152,False,False,False,False,False,False,0,22.56808286095547,2.6081582044021445,3.8565709455609607,-5.254145927765634,-5.492453874612671,-9.143310970085915,-9.6220337018991,15.579999923706055,141.03334045410156,-0.005108552010572032
2023-04-21,52.64874386392538,38.699404761904766,39.98626734565405,18.508514071133547,41.947973754198365,False,False,False,False,False,False,0,25.694149854336437,3.3315207502168462,8.149656401722972,3.1260669933809666,1.8810641591384005,7.452653955534119,5.958104446100636,14.859999656677246,138.93666076660156,-0.046213111075390834
2023-04-28,50.243368741404595,30.59285714285715,43.128335629014636,18.47636795308529,37.618113983737715,False,False,False,False,False,False,0,27.41585818657511,-4.329859770460651,3.411910539935434,1.7217083322386735,6.977493150721472,-0.03214611804825651,8.139938090491054,14.229999542236328,137.3800048828125,-0.04239570181671115
2023-05-05,49.6614862663351,34.166071428571435,43.163097902204186,24.345465344746408,39.66591719299133,False,False,False,False,False,False,0,28.608796915161587,2.0478032092536154,3.6576223934119554,1.1929387285864763,0.786568126440482,5.869097391661118,4.146294259061065,14.470000267028809,138.3000030517578,0.016865828005133032
2023-05-12,48.81456834241324,29.294047619047618,45.97845073962434,43.420788032458674,40.19729300657381,False,False,False,False,False,False,0,33.97230551328513,0.5313758135824784,1.5808400025922893,5.363508598123541,11.404222652329658,19.075322687712266,32.364927916859244,14.020000457763672,136.8800048828125,-0.031098811400197546
2023-05-19,48.26908335413883,39.78095238095239,37.178073310598165,22.279676585180827,40.97541994952056,False,False,False,False,False,False,0,24.903875637865156,0.7781269429467486,-0.9725538046778084,-9.068429875419973,-0.7902742164712819,-21.141111447277847,3.7711625140472798,17.389999389648438,147.5800018310547,0.24037081468272037
2023-05-26,51.268802390124236,51.67083333333334,28.18761963756119,8.690205991273807,45.042825307580316,False,False,False,False,False,False,0,17.241231998913417,4.067405358059759,7.424711323842601,-7.662643638951739,-10.174626187661694,-13.58947059390702,-9.786161961811484,22.8799991607666,163.22332763671875,0.31569867531945617
2023-06-02,51.78789637476851,45.410119047619055,28.109106673325567,10.624802938070994,43.0623214284041,False,False,False,False,False,False,0,17.584969257943264,-1.9805038791762186,3.396404235412767,0.3437372590298473,-11.023827657218323,1.9345969467971873,-13.720662406675414,22.020000457763672,161.25332641601562,-0.03758735727917373
2023-06-09,53.51209125503276,45.83750000000001,24.69626605835792,15.510359244304006,44.74199495141035,False,False,False,False,False,False,0,16.68501818095766,1.679673523006251,4.5447019448365396,-0.8999510769856052,-17.28728733232747,4.885556306233012,-27.910428788154668,22.399999618530273,162.2866668701172,0.017257000584331328
2023-06-16,51.6731672122124,31.85416666666666,18.36249469605032,8.297640294445966,37.239237956329134,False,False,False,False,False,False,0,11.75890014171687,-7.502756995081214,-3.7361819931914226,-4.926118039240789,-13.144975496148286,-7.21271894985804,-13.982036290734861,25.239999771118164,169.1666717529297,0.1267857232568217
2023-06-23,53.57572708009018,25.17440476190477,27.588755310004814,6.029747166240631,35.08330116573858,False,False,False,False,False,False,0,16.379764853750775,-2.1559367905905518,-9.959524141841733,4.620864712033905,-0.8614671451626421,-2.267893128205335,-2.660458825033176,21.889999389648438,161.57333374023438,-0.13272584832996281
2023-06-30,51.28501275218322,33.56488095238097,17.587794324963777,8.183708309807624,37.73176436590598,False,False,False,False,False,False,0,11.310028540691603,2.6484632001673987,-5.330557062498116,-5.069736313059172,-6.274940717251662,2.1539611435669936,-2.44109462826337,24.829999923706055,169.086669921875,0.13430793129432028
2023-07-07,52.547192768698494,46.90059523809523,21.227820800656154,18.10727212525157,45.12256565994015,False,False,False,False,False,False,0,15.2967558654112,7.390801294034169,0.38057070852980246,3.986727324719597,-1.3882623155464593,9.923563815443945,2.5969128809475635,22.959999084472656,164.7866668701172,-0.07531215646311962
2023-07-14,46.225809163302024,32.422023809523814,17.099940977431938,18.441215358188643,36.53660595102373,False,False,False,False,False,False,0,13.093210609225295,-8.58595970891642,-0.7026320053054036,-2.2035452561859046,1.3343104675084252,0.33394323293707373,10.143575063742677,26.229999542236328,172.7100067138672,0.14242162840394457
2023-07-21,44.442159287166604,31.530357142857145,16.18818274733085,22.87694491705465,36.04265627392603,False,False,False,False,False,False,0,13.4788894944429,-0.493949677097703,0.9593551081874452,0.3856788852176045,-2.900875359307875,4.435729558866008,16.84719775081402,24.920000076293945,170.22332763671875,-0.04994279408327795
2023-07-28,36.95280526261128,34.227380952380955,15.003163028337964,17.85498277602965,32.9979621655319,False,False,False,False,False,False,0,11.82273622079181,-3.0446941083941255,-4.733802200374079,-1.656153273651089,0.512707680100208,-5.021962141025,9.671274466222027,28.149999618530273,177.69667053222656,0.1296147484890653
2023-08-04,39.05852818436793,31.01250000000001,16.663653545291083,25.241582609595216,33.76757507440485,False,False,False,False,False,False,0,14.21332597182914,0.7696129088729506,-11.354990585535297,2.3905897510373286,-1.0834298935820605,7.386599833565565,7.134310484343647,24.8799991607666,171.00332641601562,-0.11616342813770886
2023-08-11,40.58730165148558,48.49285714285713,25.777213661538802,30.38257892785838,42.21881543949012,False,False,False,False,False,False,0,20.253983299418017,8.451240365085269,5.682209488466391,6.040657327588878,7.160772690192722,5.140996318263163,11.941363569669736,21.139999389648438,162.22999572753906,-0.15032153927946224
2023-08-18,41.51926272717151,61.40357142857143,32.58054529951451,27.672929322744437,47.39603619706742,False,False,False,False,False,True,1,29.70388577928187,5.177220757577295,11.35337992314139,9.449902479863852,16.22499628483897,-2.709649605113942,4.7959844056897865,20.149999618530273,160.22999572753906,-0.046830643316051135
2023-08-25,41.03185369993946,51.49404761904761,31.02117471024608,25.212368174963302,42.8438084388363,False,False,False,False,False,False,0,22.104119725628006,-4.552227758231119,9.845846273304396,-7.5997660536538625,10.281383504836196,-2.460561147781135,7.357385398933651,20.65999984741211,161.90333557128906,0.025310185535330376
2023-09-01,40.77506301062091,42.00714285714286,24.937128519825546,17.29543373820163,37.74595055836681,False,False,False,False,False,False,0,17.174507433544377,-5.0978578804694905,3.9783754839619547,-4.929612292083629,2.9611814617152383,-7.916934436761672,-7.946148871393586,24.020000457763672,170.6666717529297,0.16263313819784164
2023-09-08,38.94624527663076,36.8077380952381,33.21511853591424,20.124204218347437,35.26753624533119,False,False,False,False,False,False,0,22.29315603842232,-2.478414313035614,-6.9512791941589285,5.118648604877944,2.0391727390043037,2.8287704801458062,-10.258374709510942,21.5,164.64332580566406,-0.10491258991417562
2023-09-15,39.84968951945259,32.9154761904762,32.67440165959299,33.47317405521742,36.11952686822676,False,False,False,False,False,False,0,24.66555572381963,0.8519906228955634,-11.27650932884066,2.3723996853973084,-5.038330055462239,13.348969836869983,5.800244732472983,19.790000915527344,160.39666748046875,-0.07953484113826303
2023-09-22,39.84968951945259,44.84702380952383,42.29291103259977,35.41047708322461,41.1827413700469,False,False,False,False,False,False,0,30.343196484574797,5.063214501820141,-1.6610670687894,5.6776407607551675,8.23907675894679,1.937303028007193,10.198108908261311,17.84000015258789,155.35333251953125,-0.09853464743447649
2023-09-29,38.41627925148112,59.45952380952383,41.11868163286894,34.032435909473264,46.176000573397026,False,False,False,False,False,True,1,35.671762079972574,4.993259203350128,8.430050015030218,5.328565595397777,18.497254646428196,-1.378041173751349,16.737002171271634,18.8700008392334,157.88333129882812,0.05773546400424756
2023-10-06,39.916279251481114,73.19940476190477,43.079636582546264,23.24946406700144,50.72950717797863,False,False,False,False,False,True,1,34.59369293380074,4.553506604581607,15.46197093264744,-1.0780691461718348,12.300536895378418,-10.782971842471824,3.1252598486540037,19.469999313354492,160.06333923339844,0.031796420107921275
2023-10-13,37.944372506180954,60.27541666666667,49.277930785569865,26.117031802199175,45.102689064777984,False,False,False,False,False,False,0,32.32626829250326,-5.626818113200649,8.983162196551227,-2.267424641297481,7.660712568683628,2.867567735197735,-7.356142253018245,18.979999542236328,158.89666748046875,-0.02516691260395021
2023-10-20,39.75743750724398,67.73583333333335,55.98427869523217,30.585176561855622,49.572956695871476,False,False,False,False,True,False,1,43.15838859474882,4.470267631093492,8.390215325824578,10.832120302245563,12.815192110174024,4.468144759656447,-4.825300521368991,16.639999389648438,152.42999267578125,-0.12328768224575937
2023-10-27,41.75743750724398,56.17583333333334,60.50854332012649,33.440383082145935,46.27723767391502,False,False,False,False,True,False,1,46.217775442498755,-3.295719021956458,0.10123710051799151,3.059386847749934,10.546013362526182,2.855206520290313,-0.5920528273273291,15.100000381469727,148.11000061035156,-0.09254802071307333
2023-11-03,47.31324719619385,39.345,41.6620648865552,25.85599703297982,40.907360793234204,False,False,False,False,False,False,0,28.085335094201326,-5.369876880680813,-9.822146384744428,-18.13244034829743,-6.508357839599412,-7.584386049166117,2.606532965978378,18.3799991607666,158.4199981689453,0.2172184567175237
2023-11-10,47.68059413496936,43.59291666666668,38.60850461127612,17.135068004962996,41.46369422814734,False,False,False,False,False,False,0,24.661691137194463,0.5563334349131352,-3.638994836630644,-3.4236439570068633,-7.664577155308795,-8.720929028016823,-8.98196379723618,20.600000381469727,164.92333984375,0.12078353221266047
2023-11-17,47.55559555168557,31.46416666666667,29.62914822628765,29.986655117790328,38.48368293259372,False,False,False,False,False,False,0,22.293362548016272,-2.9800112955536164,-11.089273763277752,-2.3683285891781907,-20.86502604673255,12.851587112827332,-0.5985214440652946,23.1299991607666,171.8699951171875,0.12281547244885882
2023-11-24,47.49437106188965,31.547083333333337,30.66488595969015,48.717401498644236,41.29891053598031,False,False,False,False,False,False,0,26.60916757755843,2.815227603386589,-4.978327137934706,4.315805029542158,-19.608607864940325,18.73074638085391,15.2770184164983,23.09000015258789,171.81333923339844,-0.001729312997406307
2023-12-01,47.514097471294306,30.81083333333334,26.026391650177302,43.65914117202005,40.25454837121878,False,False,False,False,False,False,0,23.046343642001528,-1.0443621647615302,-0.6528124220154226,-3.562823935556903,-5.038991452199799,-5.058260326624186,17.80314413904023,23.06999969482422,172.02000427246094,-0.0008661956531615944
2023-12-08,47.45287298149839,30.800000000000004,25.43532040523576,41.851614210469116,39.95153497324465,False,False,False,False,False,False,0,22.359749064973492,-0.3030133979741336,-1.5121592549026914,-0.6865945770280355,-2.301942072220971,-1.8075269615509342,24.71654620550612,23.700000762939453,173.95333862304688,0.027308239117860733
2023-12-15,45.26917339829362,28.202083333333338,11.435998148435178,33.49096387044947,36.67560594313289,False,False,False,False,False,False,0,12.987991755729244,-3.2759290301117616,-1.8080769894608366,-9.371757309244249,-9.305370792287029,-8.360650340019646,3.504308752659142,30.56999969482422,189.77667236328125,0.28987336332189617
2023-12-22,45.02427543910994,22.204583333333336,13.641369444192453,27.020936840402364,33.195897806993166,False,False,False,False,False,False,0,12.906940562386323,-3.4797081361397204,-8.103012728987146,-0.08105119334292077,-13.702227015172108,-6.470027030047106,-21.696464658241872,30.510000228881836,189.9633331298828,-0.0019626910873846715
2023-12-29,40.15453815327112,22.175833333333337,11.125873578802464,28.717392179133967,31.247484329175432,False,False,False,False,False,False,0,11.86270890416815,-1.9484134778177342,-9.00706404204335,-1.0442316582181732,-11.183634737833378,1.696455338731603,-14.941748992886083,31.399999618530273,192.03334045410156,0.029170743460235515
2024-01-05,41.65453815327113,31.366249999999997,19.95331570394552,32.12882970438111,36.11036662462918,False,False,False,False,False,False,0,17.40008957804626,4.862882295453748,-3.8411683486154686,5.5373806738781095,-4.959659486927233,3.4114375252471447,-9.722784506088004,25.93000030517578,180.6133270263672,-0.1742038019047124
2024-01-12,41.58309800402732,37.40625000000001,18.233259233598247,35.06612680171351,38.93481312206933,False,False,False,False,False,False,0,17.041517938821737,2.8244464974401495,2.2592071789364425,-0.35857163922452173,4.053526183092494,2.9372970973323973,1.575162931264039,28.100000381469727,185.79666137695312,0.08368685116678543
2024-01-19,42.47607465980712,44.22208333333335,11.794588589092207,17.826835494406605,39.47709225440754,False,False,False,False,False,False,0,10.052390822882035,0.5422791323382086,6.2811944474143715,-6.989127115939702,-2.8545497395042876,-17.239291307306903,-9.194101345995758,34.86000061035156,200.41000366210938,0.24056939989722048
2024-01-26,38.58986532458788,39.76875000000001,13.40665077087359,32.94074926664335,38.21405178606106,False,False,False,False,False,False,0,13.961807777309145,-1.2630404683464747,6.966567456885631,3.90941695442711,2.0990988731409956,15.113913772236746,4.223357087509385,34.0099983215332,199.2566680908203,-0.024383312505334653
2024-02-02,36.07886237711431,28.57250000000001,15.10949480479,28.936149877353103,32.004910551304405,False,False,False,False,False,False,0,14.097452118105121,-6.2091412347566575,-4.105456073324774,0.13564434079597554,-3.3026374599411383,-4.004599389290249,-3.192679827028009,33.650001525878906,198.82333374023438,-0.010585028327577684
2024-02-09,36.842653041895076,39.55083333333334,15.214517378675964,10.035776030000402,33.90489360668618,False,False,False,False,False,False,0,10.37513976427186,1.8999830553817745,-5.029919515383149,-3.72231235383326,-6.666378174549877,-18.9003738473527,-25.030350771713106,39.31999969482422,209.80999755859375,0.16849919500255406
2024-02-16,36.96428773605497,36.18541666666666,14.106084934796254,13.449476405036954,33.125517608646945,False,False,False,False,False,False,0,10.448241995145331,-0.7793759980392352,-6.351574645760593,0.07310223087347012,0.3958511722632956,3.4137003750365515,-4.3773590893696515,38.33000183105469,208.3733367919922,-0.02517797231569785
2024-02-23,35.56400485062357,33.17583333333333,16.700886913130155,10.09891009417986,30.78897203024092,False,False,False,False,False,False,0,11.205269821057557,-2.3365455784060245,-7.425079755820143,0.7570278259122265,-2.756537956251588,-3.3505663108570936,-22.84183917246349,40.16999816894531,212.1566619873047,0.048004076441235055
2024-03-01,38.71884990838074,33.37208333333335,12.50687212206548,7.6673482039732725,31.92241802270066,False,False,False,False,False,False,0,8.412249307930669,1.133445992459741,-0.08249252860374412,-2.793020513126889,-5.685202810174452,-2.431561890206588,-21.26880167337983,48.33000183105469,226.6133270263672,0.203136769580879
2024-03-08,38.71884990838074,26.112916666666663,16.222269868411132,3.175141062805755,28.344920284858862,False,False,False,False,False,False,0,9.557276640187274,-3.5774977378417994,-5.559973321827318,1.1450273322566051,-0.8178631240845871,-4.492207141167517,-6.860634967194647,48.95000076293945,228.1300048828125,0.012828448342544485
2024-03-15,39.02814010661481,29.405416666666664,19.90682566731332,6.756650432569522,30.338327279528762,False,False,False,False,False,False,0,12.300084203536231,1.9934069946699005,-2.7871903291181823,2.7428075633489577,1.8518422083909005,3.581509369763767,-6.692825972467432,42.7400016784668,218.75999450683594,-0.12686412640823308
2024-03-22,39.72828154933051,28.279583333333335,21.065030061928066,0.0,29.189560030532064,False,False,False,False,False,False,0,11.585766534060438,-1.1487672489966982,-1.599411999708856,-0.7143176694757933,0.3804967130028807,-6.756650432569522,-10.09891009417986,46.43000030517578,225.4499969482422,0.08633594950390644
2024-03-29,36.63001319644067,29.14916666666666,17.36694647135741,0.0,28.14317260506497,False,False,False,False,False,False,0,9.551820559246575,-1.0463874254670955,-3.7792454176356927,-2.0339459748138626,1.1395712513159069,0.0,-7.6673482039732725,46.529998779296875,225.9199981689453,0.0021537470054666663
2024-04-05,40.48897518157258,41.63833333333334,18.394121355424826,0.8271096059676899,34.999438605936156,False,False,False,False,False,False,0,10.282188666677193,6.856266000871187,6.654518321077294,0.7303681074306176,0.7249120264899194,0.8271096059676899,-2.348031456838065,43.619998931884766,221.6300048828125,-0.06254029494423474
2024-04-12,39.91836963961397,37.07208333333335,23.574089076213856,1.4860789974056927,33.015011520770486,False,False,False,False,False,False,0,13.26296479139876,-1.9844270851656702,2.6766842412417233,2.980776124721567,0.9628805878625286,0.6589693914380028,-5.270571435163829,41.5099983215332,218.07000732421875,-0.04837232145847725
2024-04-19,41.106337776414826,47.49958333333335,38.86555449653948,5.303011094341958,38.293136996871304,True,False,False,False,False,False,1,28.68665719196511,5.2781254761008185,9.10357696633924,15.42369240056635,17.10089065790467,3.8169320969362652,5.303011094341958,30.790000915527344,198.38999938964844,-0.25825097180128986
2024-04-26,38.35833703038285,50.32666666666668,21.090507239214787,0.0,37.39191833033895,False,False,False,False,False,False,0,11.599778981568134,-0.9012186665323512,9.248745725273984,-17.086878210396975,2.0479584223215586,-5.303011094341958,0.0,39.79999923706055,216.89999389648438,0.29262741323887
2024-05-03,42.4523746792563,35.76541666666668,22.854027208610415,1.909529455662441,33.69616469068138,False,False,False,False,False,False,0,12.951620855868217,-3.6957536396575748,-1.3032739152547776,1.3518418743000833,2.669432189191024,1.909529455662441,1.082419849694751,38.970001220703125,216.1699981689453,-0.020854221916279614
2024-05-10,43.49319100578691,31.27166666666667,21.255235113102692,6.896656676300288,33.11510112071582,False,False,False,False,False,False,0,13.06971064746654,-0.5810635699655577,0.10008959994533484,0.11808979159832234,-0.1932541439322204,4.987127220637847,5.410577678894596,41.029998779296875,220.24000549316406,0.05286111095884083
2024-05-17,43.53825686735817,24.94666666666667,22.32345891383293,6.862459703215613,30.600251212460186,False,False,False,False,False,False,0,13.650394343251236,-2.514849908255634,-7.692885784411118,0.5806836957846961,-15.036262848713875,-0.03419697308467473,1.5594486088736552,45.400001525878906,228.24000549316406,0.10650750369476181
2024-05-24,43.9668282959296,24.62166666666667,23.93556280207714,0.7124901589816055,29.740612923682228,False,False,False,False,False,False,0,13.30705757293875,-0.8596382887779583,-7.651305406656725,-0.34333677031248655,1.7072785913706152,-6.149969544234008,0.7124901589816055,51.439998626708984,238.55999755859375,0.13303957924730825
2024-05-31,48.10907897866949,29.965833333333343,23.52001357470747,4.315583651916855,34.28275642152214,False,False,False,False,False,False,0,13.79912419647248,4.542143497839909,0.5865917308407589,0.49206662353373076,0.8475033406042627,3.6030934929352494,2.4060541962544137,48.59000015258789,234.00999450683594,-0.05540432640372006
2024-06-07,46.42540550928174,27.642083333333336,22.88089731715967,1.0879437684655064,32.11145737777994,False,False,False,False,False,False,0,12.80208227813092,-2.171299043742195,-1.0036437429358784,-0.9970419183415604,-0.26762836933562006,-3.2276398834513484,-5.8087129078347814,51.869998931884766,240.02000427246094,0.0675035762296079
2024-06-14,46.93738381870662,24.344583333333336,22.185058968346635,4.123695830220983,31.478210426284463,False,False,False,False,False,False,0,13.026521598634845,-0.6332469514954795,0.8779592138242762,0.2244393205039259,-0.6238727446163903,3.0357520617554767,-2.73876387299463,60.099998474121094,252.0399932861328,0.15866588995006325
2024-06-21,48.160417622002015,24.591666666666665,24.37309515461618,4.583097953005369,32.19631928951838,False,False,False,False,False,False,0,14.321821925639975,0.7181088632339154,2.45570636583615,1.2953003270051298,1.014764352701226,0.4594021227843861,3.8706077940237638,58.20000076293945,249.77999877929688,-0.03161393942463697
2024-06-28,48.26082737052612,25.970000000000002,25.59451401539028,6.229555359131401,33.03980562060647,False,False,False,False,False,False,0,15.322893780290935,0.8434863310880942,-1.242950800915665,1.0010718546509594,1.5237695838184546,1.6464574061260313,1.9139717072145457,55.36000061035156,246.6300048828125,-0.04879725284121206
2024-07-05,50.43349596233859,26.44166666666668,25.780457521078862,0.0,33.27173984971904,False,False,False,False,False,False,0,14.179251636593376,0.2319342291125679,1.160282471939098,-1.1436421436975586,1.3771693584624565,-6.229555359131401,-1.0879437684655064,60.810001373291016,254.75999450683594,0.09844654448794166
2024-07-12,48.3547299142591,29.544166666666666,21.717405918143854,0.06529797531549449,33.58708982438059,False,False,False,False,False,False,0,11.95763285004222,0.3153499746615509,2.1088793980961285,-2.221618786551156,-1.0688887485926255,0.06529797531549449,-4.058397854905489,63.939998626708984,259.8900146484375,0.05147175107272273
2024-07-19,48.46658282125926,29.940416666666675,29.871662058085704,27.72168496501545,37.94438168098566,True,False,False,False,False,False,1,28.223751124950226,4.357291856605066,5.748062391467279,16.266118274908006,13.901929199310251,27.656386989699953,23.138587012010078,47.0,236.44000244140625,-0.2649358615974824
2024-07-26,49.61118958191833,26.42375000000001,31.325503339861616,31.434600971695325,37.60972545761755,False,False,False,False,False,False,0,23.515947031262954,-0.33465622336810696,4.569919837011078,-4.7078040936872725,8.193053250972019,3.712916006679876,25.205045612563925,41.91999816894531,229.3699951171875,-0.10808514534158908
2024-08-02,51.90642050917169,29.787500000000005,48.968052493781244,48.7572874183724,42.58648234188312,True,False,False,True,True,True,4,61.68388635525417,4.976756884265569,9.31474249216408,38.16793932399121,47.50463471866079,17.322686446677075,48.7572874183724,29.34000015258789,206.80999755859375,-0.3000953856356986
2024-08-09,51.90282963000479,24.500833333333347,48.00397715692604,50.534972322488784,40.73685251520881,False,False,False,False,True,True,2,49.009181900807086,-1.8496298266743096,7.149762690828219,-12.674704454447081,37.05154905076486,1.7776849041163842,50.46967434717329,31.010000228881836,211.77999877929688,0.05691888437657844
2024-08-16,50.55419209142056,23.943750000000005,33.194498489851895,36.19505462239971,37.756144634499215,False,False,False,False,False,False,0,25.495985093898486,-2.980707880709595,-0.18823704648644224,-23.5131968069086,-2.7277660310517398,-14.339917700089075,8.47336965738426,39.72999954223633,231.22999572753906,0.281199588809836
2024-08-23,49.63470402500755,23.48416666666667,30.27084611963366,44.26888083681314,38.369615603442035,False,False,False,False,False,False,0,25.502741533161142,0.6134709689428206,0.7598901458244853,0.006756439262655789,1.9867945018981885,8.07382621441343,12.834279865117814,40.400001525878906,233.38999938964844,0.016863880980675816
2024-08-30,48.11789610611741,31.18583333333334,27.986122630600434,60.670348773360615,43.22793889709026,False,False,False,False,False,False,0,27.526437201502365,4.858323293648226,0.6414565552071423,2.0236956683412224,-34.1574491537518,16.401467936547476,11.913061354988216,38.790000915527344,231.13999938964844,-0.03985149875106442
2024-09-06,49.6465777403793,23.368750000000002,44.968662303502256,77.37126443224334,43.29414964800719,True,False,False,False,True,False,2,52.707017153374906,0.0662107509169303,2.5572971327983822,25.18057995187254,3.6978352525678204,16.70091565888272,26.836292109754552,25.959999084472656,203.92999267578125,-0.33075538871459353
2024-09-13,47.230838657262794,23.2825,31.528837220744844,63.8863144455664,40.149824562603214,False,False,False,False,False,False,0,30.118123360522947,-3.1443250854039775,2.3936799281039995,-22.58889379285196,4.622138266624461,-13.484949986676938,27.69125982316669,33.43000030517578,222.85000610351562,0.28775044237852554
2024-09-20,47.230838657262794,26.440833333333345,27.99381814337991,75.12134807252275,43.09841293998001,False,False,False,False,False,False,0,30.420869593363506,2.948588377376794,4.728797336537973,0.30274623284055835,4.918128060202363,11.235033626956351,30.85246723570961,33.54999923706055,223.6699981689453,0.00358955820488549
2024-09-27,45.43620746940006,24.562499999999996,23.474947765987512,63.93630063106143,39.86173845588924,False,False,False,False,False,False,0,25.698481397505418,-3.23667448409077,-3.3662004412010234,-4.722388195858088,-1.8279558039969466,-11.185047441461322,3.265951857700813,37.65999984741211,232.67999267578125,0.12250374676049192
2024-10-04,42.145028983331116,31.47208333333333,30.984433156563405,67.45661041789174,41.672587938516095,False,False,False,False,False,False,0,30.532760319688222,1.8108494826268569,-1.6215617094910968,4.834278922182804,-22.174256833686684,3.5203097868303104,-9.914654014351598,36.68000030517578,231.0800018310547,-0.02602229278297974
2024-10-11,43.920402829974456,38.42041666666667,29.772057090954753,63.685760894940955,44.68521207439631,False,False,False,False,False,False,0,29.111783579013306,3.012624135880216,4.535387511793097,-1.4209767406749165,-1.0063397815096415,-3.7708495229507832,-0.20055355062544322,38.66999816894531,235.4600067138672,0.05425294021845284
2024-10-18,44.13828849733264,36.868750000000006,34.42076240750969,56.44878167207861,43.07704707461148,False,False,False,False,False,False,0,30.221175658546052,-1.608164999784833,-0.021365865368530024,1.1093920795327463,-0.19969393481745357,-7.236979222862345,-18.67256640044414,35.27000045776367,229.36000061035156,-0.08792339984934561
2024-10-25,44.48190924184426,44.866666666666674,34.31501106564275,64.20744582000333,47.59464269849709,False,False,False,False,False,False,0,31.71474525010418,4.517595623885612,7.732904242607852,1.4935695915581277,6.016263852598762,7.758664147924719,0.271145188941901,35.279998779296875,229.5800018310547,0.00028347948407825285
2024-11-01,41.97855499617282,40.69583333333335,40.769183703928555,68.247280522528,45.405775159990306,False,False,False,False,True,False,1,42.32250714166631,-2.188867538506784,3.7331872214742106,10.607761891562127,11.789746821978085,4.039834702524672,0.7906701046362627,30.829999923706055,220.5800018310547,-0.12613375877445276
2024-11-08,39.859560405017874,33.19958333333334,28.614942544683633,65.71755439301879,41.0742686745442,False,False,False,False,False,False,0,28.881729278179755,-4.331506485446106,-3.610943399852111,-13.440777863486552,-0.23005430083355094,-2.529726129509214,2.031793498077832,35.40999984741211,231.36000061035156,0.1485565986065529
2024-11-15,39.9724837646487,40.22083333333333,40.241701973137914,75.55616181974416,45.40937530038687,True,False,False,False,True,False,2,49.74416844917469,4.33510662584267,2.3323282257753917,20.862439170994932,19.522992790628635,9.838607426725375,19.107380147665552,26.65999984741211,211.2100067138672,-0.24710533854010963
2024-11-22,39.9724837646487,30.50541666666667,35.86936264681279,80.42298850489006,42.25323263649209,False,False,False,False,True,False,1,42.06274715672505,-3.1561426638947765,-5.3414100620049965,-7.681421292449635,10.348001906620873,4.866826685145895,16.215542684886728,28.489999771118164,216.1699981689453,0.06864215807126839
2024-11-29,39.68081240453744,19.17833333333333,34.070151987929165,81.45128005017713,37.74539092290175,False,False,False,False,True,False,1,41.27883960339647,-4.507841713590345,-7.660384237088557,-0.7839075533285822,-1.0436675382698368,1.0282915452870753,13.203999527649131,28.059999465942383,215.39999389648438,-0.015093025925949521
2024-12-06,39.73965516360904,20.45791666666668,35.77210425513242,83.26627015947253,38.55595201421161,False,False,False,False,True,False,1,42.577911372217336,0.8105610913098644,-2.5183166603325873,1.2990717688208662,13.696182094037582,1.814990109295394,17.54871576645374,29.610000610351562,219.8300018310547,0.05523881589130042
2024-12-13,40.23941567363113,22.669583333333353,35.920855156800336,87.5826255409196,40.312964217605284,False,False,False,False,True,False,1,43.52299544442411,1.7570122033936713,-5.096411082781586,0.9450840722067753,-6.221173004750575,4.316355381447067,12.026463721175432,30.700000762939453,223.3000030517578,0.03681189227016879
2024-12-20,41.90239473283114,30.31875,50.64155878735683,87.50337416493443,44.10908375451418,False,False,False,False,True,False,1,51.60353216603315,3.796119536908897,1.8558511180220876,8.080536721609036,9.540785009308095,-0.07925137598516585,7.080385660044371,27.299999237060547,214.82000732421875,-0.11074923261836966
2024-12-27,39.844426619252374,43.830833333333345,41.80297575445505,84.68032809194018,48.164374525787935,False,False,False,False,True,False,1,46.17770228333832,4.055290771273754,10.418983602886186,-5.425829882694828,4.89886267994185,-2.823046072994245,3.2290480417630505,29.690000534057617,221.63999938964844,0.08754583750143752
2025-01-03,40.045461795597184,43.854166666666664,41.32697427870753,84.74593454619504,48.27401465661466,False,False,False,False,True,False,1,45.929022762528156,0.10964013082672608,9.718062642403048,-0.24867952081016398,3.3511113903108196,0.065606454254862,1.4796643867225185,29.81999969482422,222.47000122070312,0.004378550300714101
2025-01-10,39.045134891380116,39.51499999999999,48.85668011319572,87.57471853698043,46.51251848166811,False,False,False,False,True,False,1,50.63611776965374,-1.7614961749465508,6.199554264062826,4.707095007125581,7.113122325229625,2.8287839907853822,-0.007907003939166657,28.059999465942383,218.1999969482422,-0.059020799694619486
2025-01-17,39.725618169393286,25.850000000000016,33.24794800115485,70.97222731598605,38.862362273624896,False,False,False,False,False,False,0,32.48081686383238,-7.650156208043214,-5.246721480889285,-18.155300905821356,-19.122715302200767,-16.60249122099438,-16.53114684894838,32.4900016784668,229.74000549316406,0.15787606189733894
2025-01-24,39.965938596629606,23.697499999999994,32.73451103188308,69.53205251895672,37.89348024632683,False,False,False,False,False,False,0,31.91039157132704,-0.9688820272980649,-10.270894279461103,-0.570425292505341,-14.26731071201128,-1.4401747970293286,-15.148275572983465,32.650001525878906,230.63999938964844,0.00492458723134348
2025-01-31,41.27608351692528,22.901666666666674,39.158247442188944,62.94711664591445,37.17697174617022,False,False,False,False,True,False,1,40.37645942238681,-0.716508500156614,-11.097042910444443,8.466067851059769,-5.552563340141347,-6.584935873042269,-21.798817900280596,27.020000457763672,218.1300048828125,-0.17243494042880236
2025-02-07,37.6172050122524,17.76291666666667,38.339690259148746,63.98902571313192,33.631262779150035,False,False,False,False,True,False,1,40.1346347851582,-3.5457089670201825,-12.881255702518075,-0.24182463722861058,-10.501482984495539,1.0419090672174747,-23.585692823848504,26.329999923706055,216.8699951171875,-0.025536658858914207
2025-02-14,37.97825772358007,19.063333333333336,37.79480308102343,74.4802878500714,35.88759248645508,False,False,False,False,True,False,1,41.93319926457717,2.256329707305042,-2.9747697871698193,1.798564479418971,9.452382400744789,10.491262136939483,3.5080605340853594,28.549999237060547,223.07000732421875,0.08431444435196256
2025-02-21,37.97825772358007,17.809166666666673,41.70324318635077,68.46986945583203,34.484363060652505,False,False,False,False,True,False,1,42.88075764365933,-1.4032294258025715,-3.409117185674326,0.9475583790821602,10.97036607233229,-6.01041839423938,-1.0621830631246922,28.809999465942383,223.97999572753906,0.009106838382830107
2025-02-28,42.7181460189864,17.20666666666667,45.87912706291789,72.64947478376497,37.003253592775295,False,False,False,False,True,False,1,46.013414841357836,2.5188905321227892,-0.17371815339492258,3.1326571976985065,5.636955418971027,4.179605327932947,9.702358137850524,22.729999542236328,208.52000427246094,-0.21103783534926823
2025-03-07,41.45846644622273,19.581250000000004,48.02137386190515,57.62763694794979,35.132955442992696,False,False,False,False,True,False,1,44.18728301363779,-1.8702981497825988,1.501692663842661,-1.8261318277200473,4.05264822847959,-15.021837835815184,-6.361388765182134,20.8799991607666,203.85000610351562,-0.08139025159380675
2025-03-14,39.9276532146494,24.394583333333333,48.60715547861315,58.93921365263388,36.56615932782065,False,False,False,False,True,False,1,44.77177824376401,1.4332038848279538,0.6785668413655728,0.5844952301262225,2.838578979186842,1.311576704684093,-15.541074197437524,19.799999237060547,201.1199951171875,-0.051724136356066874
2025-03-21,41.08683043007154,23.990000000000002,48.34535276638723,63.19022188990844,37.56360697701846,False,False,False,False,True,False,1,45.47798839949466,0.9974476491978095,3.0792439163659537,0.7062101557306519,2.5972307558353336,4.2510082372745615,-5.279647565923582,19.280000686645508,199.3800048828125,-0.02626255406322109
2025-03-28,43.9154686143172,30.166666666666657,54.865025350473395,81.30777179212167,44.02479331192765,False,False,False,False,True,False,1,52.6873183011847,6.461186334909193,7.021539719152358,7.20932990169004,6.673903459826867,18.117549902213227,8.658297008356698,16.030000686645508,188.67999267578125,-0.16856845872682702
2025-04-04,42.23678620808462,37.18625000000001,80.0,91.16940892005917,47.55646513164696,True,True,True,True,True,True,6,87.23388178401183,3.531671819719307,12.423509688654264,34.546563482827125,43.04659877037404,9.861637127937499,33.54177197210938,8.729999542236328,157.6300048828125,-0.45539618413683314
2025-04-11,42.29686631489369,53.874166666666675,78.85172633473519,89.28851529604195,53.97653380277512,False,False,False,False,True,True,2,73.72615254331275,6.420068671128163,17.410374474954473,-13.507729240699078,28.95437429954874,-1.8808936240172187,30.34930164340807,10.229999542236328,172.25999450683594,0.17182131485149554
2025-04-18,39.68098948430966,50.084583333333335,71.3284023314354,87.7299170009465,51.04976615141466,False,False,False,False,True,True,2,69.27660468247876,-2.926767651360464,13.4861591743962,-4.449547860833988,23.7986162829841,-1.5585982950954502,24.539695111038057,9.199999809265137,166.5500030517578,-0.10068424037739776
2025-04-25,39.68098948430966,38.35333333333335,55.81252044041286,81.43952508107556,45.41370736343402,False,False,False,False,True,False,1,53.234791258442186,-5.636058787980637,1.3889140515063687,-16.041813424036576,0.547472957257483,-6.290391919870942,0.13175328895388816,12.34000015258789,184.80999755859375,0.3413043922197174
2025-05-02,44.10816060382761,48.45666666666667,49.592078551768275,76.13752124154914,50.65196712462147,False,False,False,False,True,False,1,48.75314745178238,5.23825976118745,3.095501992974512,-4.481643806659804,-38.480734332229446,-5.302003839526421,-15.031887678510031,13.289999961853027,190.02999877929688,0.0769853968815315
2025-05-09,44.40338776472642,32.27000000000001,45.03611193765149,76.4710911079693,44.36018816032228,False,False,False,False,True,False,1,46.314079787302184,-6.291778964299191,-9.616345642452842,-2.4390676644801985,-27.412072756010566,0.33356986642016295,-12.81742418807265,14.109999656677246,193.94000244140625,0.06170050392610271
2025-05-16,44.68012710787953,30.16875,30.653249573465885,51.22676632144254,39.857572146762166,False,False,False,False,True,False,1,33.35464052969475,-4.5026160135601145,-11.192194004652492,-12.959439257607436,-35.921964152784014,-25.24432478652676,-36.50315067950396,18.389999389648438,213.1300048828125,0.30333095939841326
2025-05-23,43.94205920563253,38.480000000000004,42.87528448417861,59.70373022629969,44.12148617647959,False,False,False,False,True,False,1,41.772152511558176,4.2639140297174265,-1.2922211869544284,8.417511981863427,-11.46263874688401,8.47696390485715,-21.735794854775868,15.729999542236328,202.55999755859375,-0.14464382467078274
2025-05-30,44.38815123514636,30.448749999999997,43.59857380234705,56.88209762466573,40.68648269951572,False,False,False,False,True,False,1,41.60563511622402,-3.435003476963871,-9.96548442510575,-0.16651739533415366,-7.1475123355583605,-2.821632601633958,-19.255423616883405,16.170000076293945,204.94000244140625,0.027972062737585013
2025-06-06,43.818985107156706,34.45583333333333,32.98583417748932,48.33468065219892,40.751078729383686,False,False,False,False,False,False,0,27.809144928058913,0.06459602986796398,-3.609109430938595,-13.796490188165109,-18.50493485924327,-8.547416972466813,-28.13641045577038,19.18000030517578,217.33999633789062,0.18614719942361968
2025-06-13,45.215973394165786,28.514583333333352,38.15964488250555,42.76489234395741,38.16775521230156,False,False,False,False,False,False,0,29.54078315416954,-2.5833235170821283,-1.6898169344606089,1.7316382261106256,-3.8138573755252096,-5.569788308241506,-8.461873977485126,20.040000915527344,220.9600067138672,0.044838404414388355
2025-06-20,46.26316150017743,23.898750000000003,34.644806616094584,31.062150818998074,35.03724529792956,False,False,False,False,False,False,0,25.267073802651637,-3.1305099143719985,-9.084240878550034,-4.273709351517901,-16.505078708906538,-11.70274152495934,-28.641579407301617,21.209999084472656,225.11000061035156,0.05838313949570617
2025-06-27,41.30268208176592,24.74,25.358412666960266,26.60771711048077,32.47336450336678,False,False,False,False,False,False,0,19.268670388924303,-2.5638807945627775,-8.21311819614894,-5.998403413727335,-22.33696472729972,-4.454433708517303,-30.274380514184962,25.110000610351562,238.86000061035156,0.18387561028864008
2025-07-04,35.86739323655773,19.255833333333346,17.85193281736544,27.90294657542915,28.028102276098693,False,False,False,False,False,False,0,15.399152364636825,-4.445262227268088,-12.722976453284993,-3.869518024287478,-12.409992563422088,1.295229464948381,-20.431734076769768,26.43000030517578,243.33999633789062,0.0525686842986397
2025-07-11,34.8202051305461,23.72166666666666,21.501367943153788,28.201826707775105,29.388032981578675,False,False,False,False,False,False,0,17.466117710289605,1.3599307054799823,-8.779722230722882,2.066965345652781,-12.074665443879933,0.29888013234595334,-14.563065636182309,27.290000915527344,246.1699981689453,0.03253880440489998
2025-07-18,34.9046579699715,24.70041666666668,20.447408323094827,41.58933515779816,31.825663026823577,False,False,False,False,False,False,0,19.56394160926179,2.4376300452449016,-3.211582271105982,2.097823898972184,-5.703132193389848,13.387508450023056,10.527184338800087,27.329999923706055,246.72999572753906,0.001465701972767297
2025-07-25,33.04299022595082,24.685833333333346,20.67204682117972,44.47532495174499,31.414977677772956,False,False,False,False,False,False,0,20.264690741997846,-0.4106853490506204,-1.058386825593825,0.7007491327360569,0.9960203530735434,2.885989793946827,17.867607841264217,25.600000381469727,241.5399932861328,-0.0633003859153225
2025-08-01,32.75248929755561,24.459166666666672,34.830666120978506,33.94760121697146,29.614427033112413,False,False,False,False,False,False,0,25.94638660993247,-1.800550644660543,1.5863247570137204,5.681695867934625,10.547234245295646,-10.52772373477353,6.044654641542305,24.079999923706055,237.24000549316406,-0.05937501699663672
2025-08-08,32.75248929755561,18.651666666666664,29.46320652000023,28.131450844931223,26.419004477306377,False,False,False,False,False,False,0,21.831053754986375,-3.1954225558060365,-2.9690285042722984,-4.115332854946097,4.364936044696769,-5.816150372040234,-0.07037586284388198,25.709999084472656,242.8699951171875,0.06769099526291589
2025-08-15,33.206759486713636,19.88208333333333,23.542258203080042,35.727958331971344,28.25506885215017,False,False,False,False,False,False,0,20.093833678088295,1.8360643748437937,-3.5705941746734062,-1.7372200768980797,0.5298920688265056,7.596507487040121,-5.861376825826817,27.3700008392334,248.32000732421875,0.06456638715958918
2025-08-22,34.07941624172333,19.58708333333333,19.95870628786921,39.81699886061053,29.14312047120041,False,False,False,False,False,False,0,18.94068823045017,0.8880516190502412,-2.2718572065725446,-1.1531454476381242,-1.3240025115476755,4.089040528639188,-4.658326091134455,27.450000762939453,249.08999633789062,0.002922905416625987
2025-08-29,36.49716475714042,23.099166666666672,24.951550420855668,27.362845608707712,29.767817648686012,False,False,False,False,False,False,0,19.195921853212162,0.6246971774856007,0.15339061557359912,0.2552336227619918,-6.750464756720309,-12.45415325190282,-6.584755608263745,26.040000915527344,245.32000732421875,-0.051366113232163
2025-09-05,37.07893592714684,18.44875000000001,25.422294637641116,21.386886256809387,27.27305410573749,False,False,False,False,False,False,0,18.259639302064492,-2.4947635429485224,0.8540496284311132,-0.93628255114767,-3.571414452921882,-5.975959351898325,-6.744564588121836,26.450000762939453,247.0500030517578,0.015745001267170933
2025-09-12,38.389372280581114,16.480000000000004,25.091333653133315,15.86958082406343,26.24765464987102,False,False,False,False,False,False,0,16.974149674036013,-1.02539945586647,-2.0074142022791506,-1.285489628028479,-3.1196840040522815,-5.517305432745957,-19.858377507907914,29.299999237060547,255.63999938964844,0.10775041179259182
2025-09-19,39.99701663105962,18.523750000000003,21.549551316362354,5.100253514534952,26.173195511157076,False,False,False,False,False,False,0,12.872303926906287,-0.07445913871394438,-2.969924960043336,-4.101845747129726,-6.068384303543883,-10.769327309528478,-34.716745346075584,33.02000045776367,265.8599853515625,0.1269625023060692
2025-09-26,40.96524546105316,19.76166666666666,21.981604848974655,0.0,26.339027124140586,False,False,False,False,False,False,0,12.089882666936061,0.16583161298351,-3.428790524545427,-0.782421259970226,-7.106039186276101,-5.100253514534952,-27.362845608707712,34.02000045776367,268.8299865722656,0.03028467553412395
2025-10-03,44.88125405408185,23.18083333333334,19.44977325198014,0.0,29.46889765767017,False,False,False,False,False,False,0,10.697375288589077,3.1298705335295836,2.195843551932679,-1.3925073783469841,-7.562264013475415,0.0,-21.386886256809387,38.22999954223633,279.9599914550781,0.12375070628524631
2025-10-10,43.368649012065035,26.70625000000001,28.418003915375593,0.0,30.19839205542927,False,False,False,False,False,False,0,15.629902153456577,0.7294943977591011,3.9507374055582503,4.9325268648675,-1.3442475205794366,0.0,-15.86958082406343,34.209999084472656,271.989990234375,-0.10515303442058355
2025-10-17,43.10661001262564,22.825416666666666,21.609271661424827,0.0,28.528141172348207,False,False,False,False,False,False,0,11.885099413783657,-1.6702508830810636,2.354945661191131,-3.74480273967292,-0.9872045131226308,0.0,-5.100253514534952,40.290000915527344,288.1700134277344,0.1777258694465822
2025-10-24,43.80473541663339,17.127083333333335,14.828005757444059,0.0,26.562964270818362,False,False,False,False,False,False,0,8.155403166594233,-1.9651769015298441,0.22393714667777687,-3.7296962471894233,-3.934479500341828,0.0,0.0,43.13999938964844,295.8599853515625,0.0707371161419541
2025-10-31,44.133481982338935,21.415416666666676,15.508783526960014,0.0,28.426233558719193,False,False,False,False,False,False,0,8.529830939828008,1.863269287900831,-1.0426640989509757,0.37442777323377463,-2.1675443487610693,0.0,0.0,47.779998779296875,306.54998779296875,0.10755677921409101
2025-11-07,45.16511355787263,30.09208333333335,22.09451342388128,0.0,32.36113443437603,False,False,False,False,False,False,0,12.151982383134706,3.934900875656833,2.1627423789467564,3.6221514433066986,-3.4779197703218703,0.0,0.0,41.7400016784668,294.3800048828125,-0.12641266754169977
2025-11-14,43.48980701050807,32.56833333333335,27.928314697045494,5.017771671941224,33.35041223885315,False,False,False,False,False,False,0,16.364127417763267,0.9892778044771262,4.822271066504946,4.212145034628561,4.479028003979611,5.017771671941224,5.017771671941224,38.86000061035156,288.5199890136719,-0.0689985853450743
2025-11-21,42.974949232024045,30.631666666666675,33.69286866680076,6.900871884134853,32.62652460369772,False,False,False,False,False,False,0,19.911252143567392,-0.7238876351554353,6.063560332879355,3.5471247258041245,11.755848976973159,1.8831002121936287,6.900871884134853,31.729999542236328,270.8299865722656,-0.18347918054885304
2025-11-28,43.65762337752484,20.657083333333325,18.631500981923093,4.992743924741879,28.65767544193079,False,False,False,False,False,False,0,11.245874325006078,-3.9688491617669257,0.2314418832115983,-8.665377818561314,2.71604338517807,-1.9081279593929743,4.992743924741879,41.2599983215332,296.739990234375,0.3003466409323876
2025-12-05,56.42857142857147,24.83749999999999,14.994240081061578,5.146831551174571,36.09988187553335,False,False,False,False,False,False,0,9.276198354818783,7.442206433602557,3.7387474411573223,-1.9696759701872946,-2.8757840283159233,0.15408762643269203,5.146831551174571,46.5,309.3999938964844,0.12699956111564092
2025-12-12,57.010342598577935,22.22375,15.945275310043852,8.58739377228852,35.83226323520335,False,False,False,False,False,False,0,10.487380174981823,-0.2676186403299994,2.4818509963501967,1.2111818201630395,-5.876747242781445,3.4405622211139493,3.5696221003472957,41.709999084472656,299.4800109863281,-0.10301077237693212
2025-12-19,47.03410198284348,23.59000000000001,17.83372165962034,9.411254067955966,32.01303400247297,False,False,False,False,False,False,0,11.690797726382382,-3.819229232730379,-0.613490601224747,1.203417551400559,-8.22045441718501,0.8238602956674459,2.510382183821113,41.720001220703125,299.80999755859375,0.00023980188084427034
2025-12-26,45.90957063184154,24.61125,19.413222599331373,12.690537640746346,32.40738743044064,False,False,False,False,False,False,0,13.215379957781526,0.3943534279676726,3.7497119885098513,1.524582231399144,1.9695056327754479,3.27928357279038,7.697793716004467,44.209999084472656,306.0400085449219,0.05968355203532205
2026-01-02,45.65064789158518,21.381666666666685,16.31344116706262,12.1169689639894,30.913003562478416,False,False,False,False,False,False,0,11.395786434682321,-1.4943838679622274,-5.186878313054933,-1.8195935230992042,2.1195880798635383,-0.5735686767569455,6.97013741281483,47.2400016784668,313.69000244140625,0.06853659029046066
2026-01-09,45.65064789158518,17.72666666666667,12.393366890683717,11.309956285063185,29.329951660639477,False,False,False,False,False,False,0,9.078343046888683,-1.5830519018389388,-6.502311574563873,-2.317443387793638,-1.4090371280931393,-0.8070126789262151,2.7225625127746653,53.95000076293945,328.7799987792969,0.14204061909530474
2026-01-16,45.45651878287228,19.372083333333336,8.47295332075537,9.083214826256382,29.56674900956432,False,False,False,False,False,False,0,6.4767672916667305,0.23679734892484205,-2.4462849929086516,-2.601575755221953,-5.214030434715651,-2.226741458806803,-0.32803924169958343,60.75,342.4700012207031,0.1260426161426813
2026-01-23,45.45651878287228,19.881666666666685,7.803743370504794,8.003048822239071,29.608557442295066,False,False,False,False,False,False,0,5.892668618225452,0.04180843273074686,-2.7988299881455774,-0.5840986734412787,-7.322711339556074,-1.080166004017311,-4.6874888185072745,61.599998474121094,344.7099914550781,0.01399174442997686
2026-01-30,45.03714762651303,19.143333333333327,10.068890476808695,8.255484586809569,29.16237245328563,False,False,False,False,False,False,0,7.188986679606696,-0.44618498900943493,-1.7506311091927849,1.2963180613812444,-4.206799755075625,0.25243576457049777,-3.8614843771798313,61.790000915527344,346.29998779296875,0.003084455294038335
2026-02-06,44.977899323050366,18.919999999999998,8.235234863684294,9.380729166895561,29.215164070407003,False,False,False,False,False,False,0,6.4055250084054745,0.052791617121371814,-0.1147875902324742,-0.7834616712012217,-2.672818038483209,1.125244580085992,-1.9292271181676242,61.75,348.510009765625,-0.0006473687479310319
2026-02-13,45.615037217414766,17.16708333333334,15.386504709874222,8.929218565824579,28.73298286604367,False,False,False,False,False,False,0,10.248421303595737,-0.4821812043633322,-0.8337661435206485,3.842896295190263,3.771654011929007,-0.4515106010709822,-0.15399626043180348,64.58999633789062,354.6600036621094,0.04599184352859309
2026-02-20,45.489754461194124,18.354166666666664,14.58632868313368,8.038116340051989,29.01777362521182,False,False,False,False,False,False,0,9.630104043733922,0.2847907591681498,-0.5907838170832456,-0.618317259861815,3.7374354255084707,-0.89110222577259,0.035067517812917615,67.11000061035156,359.42999267578125,0.03901539580956159
2026-02-27,43.52357933047814,21.042500000000004,17.779837118110223,8.923738454173439,29.341171466841182,False,False,False,False,False,False,0,11.563658105795312,0.3233978416293617,0.17879901355555106,1.9335540620613898,4.374671426188616,0.8856221141214498,0.6682538673638696,62.77000045776367,352.2900085449219,-0.0646699465521754
2026-03-06,41.75028950583324,20.80666666666668,33.150999522007034,12.357085000372305,28.963859694347473,True,False,False,False,False,False,1,26.95446673717833,-0.37731177249370873,-0.2513043760595295,15.390808631383017,20.548941728772853,3.433346546198866,2.9763558334767435,47.88999938964844,323.510009765625,-0.23705593371992417
2026-03-13,40.68538607795783,32.58333333333334,33.53144089475585,13.472926296061786,33.36269601282363,False,False,False,False,False,False,0,21.13687775132808,4.39883631847616,4.629713146779963,-5.81758898585025,10.888456447732342,1.1158412956894814,4.543707730237207,50.720001220703125,331.32000732421875,0.05909379551310656
2026-03-20,40.69007399563131,35.77125,34.25499398719238,16.032944878232314,35.02397502976894,False,False,False,False,False,False,0,22.04683566860227,1.6612790169453078,6.006201404557121,0.9099579172741912,12.416731624868348,2.560018582170528,7.994828538180325,51.13999938964844,332.510009765625,0.008280720797259722
2026-03-27,42.34007399563131,44.53791666666668,46.020626581856945,18.951768004345602,39.710965165352604,False,False,False,False,False,True,1,35.35169822089044,4.686990135583663,10.369793698511423,13.30486255228817,23.78804011509513,2.9188231261132884,10.028029550172164,46.61000061035156,323.4800109863281,-0.08858034480567123
2026-04-03,37.26741325045955,32.65791666666667,30.910937570380895,18.756296585605043,32.64694711721422,False,False,False,False,False,False,0,20.752274980830503,-7.0640180481383865,3.6830874228667447,-14.599423240059938,-6.202191756347826,-0.19547141874055995,6.399211585232738,52.75,339.6099853515625,0.13173137329427131
2026-04-10,37.580620141011146,20.206249999999994,22.69698456689553,8.212484061169548,26.22565167263045,False,False,False,False,False,False,0,14.125838324026452,-6.4212954445837696,-7.137044340193185,-6.626436656804051,-7.011039427301627,-10.543812524435495,-5.260442234892238,76.38999938964844,386.6000061035156,0.44815164719712675
2026-04-17,41.60233566655599,16.020833333333336,14.605148971135593,7.362140206906288,26.233705414319473,False,False,False,False,False,False,0,9.505259975505835,0.008053741689025173,-8.790269615449468,-4.620578348520617,-12.541575693096435,-0.8503438542632598,-8.670804671326026,94.68000030517578,415.7099914550781,0.23942925856346853
2026-04-24,41.34270264461745,16.022083333333324,19.897105877786593,6.720135359175672,26.021069827287533,False,False,False,False,False,False,0,12.28743530461776,-0.21263558703194008,-13.689895338065071,2.7821753291119258,-23.064262916272682,-0.6420048477306155,-12.231632645169931,128.32000732421875,461.6000061035156,0.3553021431201242
2026-05-01,42.86553519633803,19.81125,18.658513707469744,9.530605678119734,28.64358169007008,False,False,False,False,False,False,0,12.168303674732307,2.6225118627825452,-4.003365427144139,-0.11913162988545345,-8.583971306098196,2.810470318944062,-9.225690907485308,130.39999389648438,465.75,0.01620937074146389
2026-05-08,42.86553519633803,20.01458333333334,21.27859727513843,7.111311003229532,28.36202082216988,False,False,False,False,False,False,0,13.125490701972044,-0.28156086790019685,2.1363691495394335,0.9571870272397369,-1.0003476220544076,-2.4192946748902022,-1.1011730579400156,176.94000244140625,520.2999877929688,0.35690192272452714
2026-05-15,45.33867429017858,31.337500000000013,27.958947876039037,6.304705254858873,33.883109218809196,False,False,False,False,False,False,0,16.638362382793247,5.521088396639314,7.649403804489722,3.5128716808212026,7.133102407287412,-0.806605748370659,-1.0574349520474149,164.17999267578125,508.5199890136719,-0.07211489538579885
2026-05-22,45.08533157378167,31.26833333333335,21.268446114087226,6.553050527740558,33.778690120696176,False,False,False,False,False,False,0,13.008255468296086,-0.10441909811301997,7.7576202934086425,-3.6301069144971603,0.7208201636783258,0.24834527288168484,-0.16708483143511454,190.55999755859375,537.3300170898438,0.1606773423050829
2026-05-29,46.36300755050845,24.04958333333335,19.211037437629912,6.281414032387562,31.425398835920276,False,False,False,False,False,False,0,11.822353397173964,-2.3532912847758993,2.781817145850198,-1.185902071122122,-0.34595027755834273,-0.27163649535299594,-3.2491916457321723,224.33999633789062,569.0800170898438,0.17726699838411863
2026-06-05,46.511765697417026,28.900416666666665,22.573603151438043,7.024834051679261,33.54418633825622,False,False,False,False,False,False,0,13.820448543626776,2.118787502335941,5.182165516086336,1.9980951464528118,0.6949578416547322,0.7434200192916993,-0.0864769515502708,182.5399932861328,539.77001953125,-0.18632434578808033
2026-06-12,47.190023261668905,17.87541666666667,16.07288491610977,6.312250834938726,29.332514759658487,False,False,False,False,False,False,0,10.102536870848121,-4.211671578597731,-4.550594459150709,-3.717911672778655,-6.535825511945125,-0.7125832167405353,0.007545580079852954,234.67999267578125,596.25,0.2856360321429321
2026-06-19,50.47440763114185,21.16291666666667,19.86187732950599,6.661951619786614,32.177942843648495,False,False,False,False,False,False,0,12.256422855185619,2.845428083990008,-1.600747277047681,2.1538859843374976,-0.7518326131104676,0.34970078484788836,0.10890109204605647,279.2900085449219,639.4500122070312,0.1900887048806541
2026-06-26,50.72806273066625,23.53083333333334,23.99026416584907,8.91071503585054,33.576568817510726,False,False,False,False,False,False,0,14.976788298387097,1.3986259738622309,2.1511699815904493,2.7203654432014783,3.1544349012131327,2.248763416063926,2.6293010034629782,215.60000610351562,589.9400024414062,-0.22804253819614229
2026-07-03,47.64885803574312,20.160833333333343,16.05516309376955,9.170345647436074,30.881871296533152,False,False,False,False,False,False,0,10.664408831060468,-2.6946975209775736,-2.6623150417230654,-4.312379467326629,-3.156039712566308,0.2596306115855338,2.1455115957568127,181.47000122070312,566.3200073242188,-0.15830243003994038
2026-07-10,46.824478962288836,25.583333333333325,15.227111308671876,6.930530864332664,32.343928496013206,False,False,False,False,False,False,0,9.761017392636067,1.4620571994800535,3.0114137363547187,-0.9033914384244017,-0.34151947821205475,-2.2398147831034096,0.6182800293939383,192.25999450683594,581.3400268554688,0.05945882632694799
2026-07-17,42.51915321844001,25.18708333333333,26.224803323264368,7.712336124724543,30.36530270034002,True,False,False,False,False,False,1,22.216109052740315,-1.9786257956731852,-1.8126401433084744,12.455091660104248,9.959686197554696,0.781805260391879,1.050384504937929,135.47000122070312,521.8099975585938,-0.29538122806985523
2026-07-24,40.806981296650335,33.766250000000014,24.152458877326524,7.399241952485956,32.97952787636555,False,False,False,False,False,False,0,14.76370077302678,2.6142251760255313,-0.597040941145174,-7.452408279713534,-0.21308752536031683,-0.3130941722385874,-1.5114730833645842,136.80999755859375,527.010009765625,0.009891461768775978
2026-07-31,36.33950422202923,32.16375000000001,24.40304942083573,8.584756076507592,30.505990311389297,False,False,False,False,False,False,0,15.13862839676117,-2.4735375649762545,-0.37588098514385493,0.3749276237343899,4.474219565700702,1.185514124021636,-0.585589570928482,114.72000122070312,504.8900146484375,-0.16146478131782582
2026-08-07,34.71267667226704,24.524166666666694,14.302110155343609,6.234860329669318,26.365600218637248,False,False,False,False,False,False,0,9.11313265137285,-4.14039009275205,-5.978328277375958,-6.025495745388321,-0.6478847412632174,-2.349895746838274,-0.6956705346633463,140.25,543.27001953125,0.22254182799546163
2026-08-14,34.18796689243936,26.240416666666675,16.44216524357494,6.141691796453423,26.802005537732395,False,False,False,False,False,False,0,10.271529243256904,0.43640531909514735,-3.5632971626076255,1.1583965918840544,-11.944579809483411,-0.09316853321589491,-1.5706443282711202,144.9499969482422,550.4199829101562,0.03351156469334904
2026-08-21,35.35092453780907,21.675833333333326,23.658462650897604,10.783034161498705,26.195704499572216,False,False,False,False,False,False,0,15.168761290293425,-0.6063010381601792,-6.783823376793336,4.897232047036521,0.4050605172666444,4.641342365045282,3.383792209012749,120.5999984741211,520.0499877929688,-0.16798895472081887
2026-08-28,37.17086413762009,18.949166666666677,27.80117587555563,11.180030287529913,25.9835600717252,False,False,False,False,False,False,0,17.52665278906158,-0.21214442784701504,-4.5224302396640965,2.3578914987681543,2.3880243923004087,0.39699612603120826,2.5952742110223213,111.33999633789062,508.6199951171875,-0.07678277158699565
2026-09-04,37.62312544415275,22.904583333333342,32.76522048511244,5.000021101732092,26.842242948461887,False,False,False,False,False,False,0,19.02087548715826,0.8586828767366868,0.47664272982463984,1.4942226980966815,9.907742835785411,-6.180009185797821,-1.2348392279372256,117.27999877929688,519.8599853515625,0.053350122478715845
2026-09-11,37.30008165377228,29.74166666666667,32.77826641707548,8.510591800018648,29.95829218086699,False,False,False,False,False,False,0,19.730164889395244,3.1160492324051035,3.156286643134596,0.7092894022369833,9.45863564613834,3.510570698286556,2.3689000035652255,121.81999969482422,527.0700073242188,0.03871078583545118
2026-09-18,36.939824055309415,31.530000000000012,37.78370843615974,14.300094045925956,31.379934931778138,False,False,False,False,False,False,0,23.64105844907305,1.421642750911147,5.184230432205922,3.910893559677806,8.472297158779625,5.7895022459073076,3.517059884427251,123.66999816894531,533.0700073242188,0.015186328014739736
2026-09-25,36.552171506852844,39.400833333333345,31.054577895569366,5.546099060696862,33.04072537052165,False,False,False,False,False,False,0,18.189237654702524,1.6607904387435113,7.057165298796448,-5.451820794370526,0.6625848656409445,-8.753994985229095,-5.6339312268330515,151.4499969482422,572.6799926757812,0.2246300573348976
2026-10-02,36.0387863537256,48.10916666666666,28.26947728229625,5.093806950937465,36.22519156848381,False,False,False,False,False,False,0,16.56697389545043,3.184466197962159,9.38294862002192,-1.6222637592520925,-2.4539015917078295,-0.45229210975939704,0.09378584920537225,163.7100067138672,588.9000244140625,0.08095087495983799
